hospital_id,medicine_id,batch_no,quantity_available,manufacture_date,expiry_date,last_updated
DEMO-01,MED-001,BATCH-0223998,3190,2026-06-28,2029-06-27,2026-06-29
DEMO-01,MED-002,BATCH-0223999,304,2026-06-27,2028-06-26,2026-06-29
DEMO-01,MED-003,BATCH-0222644,317,2026-06-20,2029-06-19,2026-06-29
DEMO-01,MED-004,BATCH-0224000,379,2026-06-29,2028-06-28,2026-06-29
DEMO-01,MED-005,BATCH-0224793,59,2026-06-01,2028-05-31,2026-06-29
DEMO-01,MED-006,BATCH-0224001,861,2026-06-27,2028-06-26,2026-06-29
DEMO-01,MED-007,BATCH-0224002,458,2026-06-28,2028-06-27,2026-06-29
DEMO-01,MED-008,BATCH-0224003,698,2026-06-29,2029-06-28,2026-06-29
DEMO-01,MED-009,BATCH-0222647,317,2026-06-20,2028-06-19,2026-06-29
DEMO-01,MED-010,BATCH-0224794,224,2026-05-18,2029-05-17,2026-06-29
DEMO-01,MED-011,BATCH-0224004,1285,2026-06-28,2029-06-27,2026-06-29
DEMO-01,MED-012,BATCH-0224795,421,2026-04-27,2029-04-26,2026-06-29
DEMO-01,MED-013,BATCH-0224005,776,2026-06-29,2028-06-28,2026-06-29
DEMO-01,MED-014,BATCH-0224006,1245,2026-06-27,2028-06-26,2026-06-29
DEMO-01,MED-015,BATCH-0224007,608,2026-06-29,2028-06-28,2026-06-29
DEMO-01,MED-016,BATCH-0224796,19,2026-04-13,2028-04-12,2026-06-29
DEMO-01,MED-017,BATCH-0219998,142,2026-06-07,2029-06-06,2026-06-29
DEMO-01,MED-018,BATCH-0224008,321,2026-06-28,2028-06-27,2026-06-29
DEMO-01,MED-019,BATCH-0224009,256,2026-06-27,2028-06-26,2026-06-29
DEMO-01,MED-020,BATCH-0222649,100,2026-06-20,2028-06-19,2026-06-29
DEMO-01,MED-021,BATCH-0224797,50,2026-05-18,2029-05-17,2026-06-29
DEMO-01,MED-022,BATCH-0224798,94,2026-05-18,2029-05-17,2026-06-29
DEMO-01,MED-023,BATCH-0221356,1456,2026-06-13,2029-06-12,2026-06-29
DEMO-01,MED-024,BATCH-0222650,62,2026-06-21,2028-06-20,2026-06-29
DEMO-01,MED-025,BATCH-0224010,1071,2026-06-28,2029-06-27,2026-06-29
DEMO-01,MED-026,BATCH-0224799,149,2026-04-13,2029-04-12,2026-06-29
DEMO-01,MED-027,BATCH-0224011,613,2026-06-29,2029-06-28,2026-06-29
DEMO-01,MED-028,BATCH-0222651,54,2026-06-22,2029-06-21,2026-06-29
DEMO-01,MED-028,BATCH-0224012,560,2026-06-28,2029-06-27,2026-06-29
DEMO-01,MED-029,BATCH-0224800,86,2026-04-13,2029-04-12,2026-06-29
DEMO-01,MED-030,BATCH-0224013,302,2026-06-28,2029-06-27,2026-06-29
DEMO-01,MED-031,BATCH-0222653,1011,2026-06-22,2031-06-22,2026-06-29
DEMO-01,MED-032,BATCH-0222654,1687,2026-06-22,2031-06-22,2026-06-29
DEMO-01,MED-033,BATCH-0224014,1037,2026-06-27,2031-06-27,2026-06-29
DEMO-01,MED-034,BATCH-0224801,6,2026-05-18,2028-05-17,2026-06-29
DEMO-01,MED-035,BATCH-0220004,21,2026-06-07,2028-06-06,2026-06-29
DEMO-01,MED-035,BATCH-0222655,95,2026-06-21,2028-06-20,2026-06-29
DEMO-01,MED-036,BATCH-0224015,1767,2026-06-29,2028-06-28,2026-06-29
DEMO-01,MED-037,BATCH-0222656,89,2026-06-21,2029-06-20,2026-06-29
DEMO-01,MED-038,BATCH-0224802,5,2026-06-01,2028-05-31,2026-06-29
DEMO-01,MED-039,BATCH-0224016,278,2026-06-27,2029-06-26,2026-06-29
DEMO-01,MED-040,BATCH-0222657,87,2026-06-22,2029-06-21,2026-06-29
DEMO-01,MED-041,BATCH-0222658,14,2026-06-22,2028-06-21,2026-06-29
DEMO-01,MED-042,BATCH-0222659,3,2026-06-20,2028-06-19,2026-06-29
DEMO-01,MED-042,BATCH-0224017,22,2026-06-29,2028-06-28,2026-06-29
DEMO-01,MED-043,BATCH-0224018,12,2026-06-27,2028-06-26,2026-06-29
DEMO-01,MED-044,BATCH-0222660,7,2026-06-21,2028-06-20,2026-06-29
DEMO-01,MED-045,BATCH-0222661,49,2026-06-20,2028-06-19,2026-06-29
DEMO-01,MED-046,BATCH-0221362,4,2026-06-13,2027-12-12,2026-06-29
DEMO-01,MED-047,BATCH-0224803,117,2026-06-01,2029-05-31,2026-06-29
DEMO-01,MED-048,BATCH-0222662,121,2026-06-20,2028-06-19,2026-06-29
DEMO-01,MED-049,BATCH-0222663,207,2026-06-21,2028-06-20,2026-06-29
DEMO-01,MED-050,BATCH-0222664,33,2026-06-22,2028-06-21,2026-06-29
DEMO-01,MED-050,BATCH-0224019,300,2026-06-29,2028-06-28,2026-06-29
DEMO-01,MED-051,BATCH-0221363,26,2026-06-13,2028-06-12,2026-06-29
DEMO-01,MED-051,BATCH-0224020,290,2026-06-29,2028-06-28,2026-06-29
DEMO-01,MED-052,BATCH-0222665,37,2026-06-22,2028-06-21,2026-06-29
DEMO-01,MED-052,BATCH-0224021,491,2026-06-27,2028-06-26,2026-06-29
DEMO-01,MED-053,BATCH-0222666,173,2026-06-22,2028-06-21,2026-06-29
DEMO-01,MED-054,BATCH-0222667,283,2026-06-22,2028-06-21,2026-06-29
DEMO-01,MED-055,BATCH-0224022,155,2026-06-29,2029-06-28,2026-06-29
DEMO-01,MED-056,BATCH-0224804,3,2026-05-25,2029-05-24,2026-06-29
DEMO-01,MED-057,BATCH-0222668,56,2026-06-22,2028-06-21,2026-06-29
DEMO-01,MED-059,BATCH-0224024,98,2026-06-27,2028-06-26,2026-06-29
DEMO-01,MED-060,BATCH-0224025,25,2026-06-29,2028-06-28,2026-06-29
DEMO-01,MED-061,BATCH-0224805,6,2026-06-01,2028-05-31,2026-06-29
DEMO-01,MED-062,BATCH-0224806,21,2026-06-15,2029-06-14,2026-06-29
DEMO-01,MED-063,BATCH-0224807,6,2026-05-18,2028-05-17,2026-06-29
DEMO-01,MED-065,BATCH-0224808,7,2026-06-15,2026-07-15,2026-06-29
DEMO-01,MED-066,BATCH-0224809,4,2026-05-11,2026-06-10,2026-06-29
DEMO-01,MED-067,BATCH-0221367,94,2026-06-14,2029-06-13,2026-06-29
DEMO-01,MED-067,BATCH-0224026,331,2026-06-28,2029-06-27,2026-06-29
DEMO-01,MED-068,BATCH-0224027,139,2026-06-27,2029-06-26,2026-06-29
DEMO-01,MED-069,BATCH-0221369,19,2026-06-15,2029-06-14,2026-06-29
DEMO-01,MED-069,BATCH-0224028,110,2026-06-28,2029-06-27,2026-06-29
DEMO-01,MED-070,BATCH-0220024,10,2026-06-06,2028-06-05,2026-06-29
DEMO-01,MED-070,BATCH-0224029,450,2026-06-27,2028-06-26,2026-06-29
DEMO-01,MED-071,BATCH-0224030,120,2026-06-28,2028-06-27,2026-06-29
DEMO-01,MED-072,BATCH-0224031,157,2026-06-28,2028-06-27,2026-06-29
DEMO-02,MED-001,BATCH-0224032,3930,2026-06-29,2029-06-28,2026-06-29
DEMO-02,MED-002,BATCH-0222673,245,2026-06-20,2028-06-19,2026-06-29
DEMO-02,MED-003,BATCH-0224810,103,2026-04-27,2029-04-26,2026-06-29
DEMO-02,MED-004,BATCH-0224811,8,2026-05-04,2028-05-03,2026-06-29
DEMO-02,MED-005,BATCH-0224033,1722,2026-06-27,2028-06-26,2026-06-29
DEMO-02,MED-006,BATCH-0222675,211,2026-06-21,2028-06-20,2026-06-29
DEMO-02,MED-006,BATCH-0224034,920,2026-06-27,2028-06-26,2026-06-29
DEMO-02,MED-007,BATCH-0222676,170,2026-06-22,2028-06-21,2026-06-29
DEMO-02,MED-008,BATCH-0224035,689,2026-06-29,2029-06-28,2026-06-29
DEMO-02,MED-009,BATCH-0224036,795,2026-06-29,2028-06-28,2026-06-29
DEMO-02,MED-010,BATCH-0224037,1316,2026-06-29,2029-06-28,2026-06-29
DEMO-02,MED-011,BATCH-0222678,109,2026-06-21,2029-06-20,2026-06-29
DEMO-02,MED-011,BATCH-0224038,2400,2026-06-27,2029-06-26,2026-06-29
DEMO-02,MED-012,BATCH-0224812,167,2026-05-11,2029-05-10,2026-06-29
DEMO-02,MED-013,BATCH-0222680,197,2026-06-20,2028-06-19,2026-06-29
DEMO-02,MED-013,BATCH-0224039,1146,2026-06-29,2028-06-28,2026-06-29
DEMO-02,MED-014,BATCH-0222681,873,2026-06-21,2028-06-20,2026-06-29
DEMO-02,MED-015,BATCH-0222682,210,2026-06-22,2028-06-21,2026-06-29
DEMO-02,MED-015,BATCH-0224040,923,2026-06-27,2028-06-26,2026-06-29
DEMO-02,MED-016,BATCH-0222683,212,2026-06-21,2028-06-20,2026-06-29
DEMO-02,MED-017,BATCH-0222684,100,2026-06-20,2029-06-19,2026-06-29
DEMO-02,MED-018,BATCH-0222685,57,2026-06-22,2028-06-21,2026-06-29
DEMO-02,MED-019,BATCH-0224041,395,2026-06-28,2028-06-27,2026-06-29
DEMO-02,MED-020,BATCH-0222686,342,2026-06-22,2028-06-21,2026-06-29
DEMO-02,MED-021,BATCH-0222687,545,2026-06-20,2029-06-19,2026-06-29
DEMO-02,MED-022,BATCH-0222688,868,2026-06-21,2029-06-20,2026-06-29
DEMO-02,MED-023,BATCH-0222689,1185,2026-06-21,2029-06-20,2026-06-29
DEMO-02,MED-024,BATCH-0222690,85,2026-06-21,2028-06-20,2026-06-29
DEMO-02,MED-025,BATCH-0221382,481,2026-06-14,2029-06-13,2026-06-29
DEMO-02,MED-026,BATCH-0222691,573,2026-06-21,2029-06-20,2026-06-29
DEMO-02,MED-027,BATCH-0222692,151,2026-06-21,2029-06-20,2026-06-29
DEMO-02,MED-028,BATCH-0224042,195,2026-06-29,2029-06-28,2026-06-29
DEMO-02,MED-029,BATCH-0224813,76,2026-05-11,2029-05-10,2026-06-29
DEMO-02,MED-030,BATCH-0221384,59,2026-06-15,2029-06-14,2026-06-29
DEMO-02,MED-030,BATCH-0224043,542,2026-06-29,2029-06-28,2026-06-29
DEMO-02,MED-031,BATCH-0222694,2346,2026-06-22,2031-06-22,2026-06-29
DEMO-02,MED-032,BATCH-0222695,2568,2026-06-22,2031-06-22,2026-06-29
DEMO-02,MED-033,BATCH-0222696,998,2026-06-22,2031-06-22,2026-06-29
DEMO-02,MED-034,BATCH-0222697,99,2026-06-20,2028-06-19,2026-06-29
DEMO-02,MED-035,BATCH-0222698,96,2026-06-22,2028-06-21,2026-06-29
DEMO-02,MED-036,BATCH-0224814,104,2026-04-20,2028-04-19,2026-06-29
DEMO-02,MED-037,BATCH-0224044,438,2026-06-29,2029-06-28,2026-06-29
DEMO-02,MED-038,BATCH-0222699,243,2026-06-22,2028-06-21,2026-06-29
DEMO-02,MED-039,BATCH-0222700,156,2026-06-20,2029-06-19,2026-06-29
DEMO-02,MED-040,BATCH-0224815,9,2026-04-13,2029-04-12,2026-06-29
DEMO-02,MED-041,BATCH-0222701,22,2026-06-20,2028-06-19,2026-06-29
DEMO-02,MED-041,BATCH-0224045,42,2026-06-28,2028-06-27,2026-06-29
DEMO-02,MED-042,BATCH-0222702,15,2026-06-21,2028-06-20,2026-06-29
DEMO-02,MED-043,BATCH-0221388,5,2026-06-15,2028-06-14,2026-06-29
DEMO-02,MED-043,BATCH-0224046,22,2026-06-28,2028-06-27,2026-06-29
DEMO-02,MED-044,BATCH-0221389,5,2026-06-13,2028-06-12,2026-06-29
DEMO-02,MED-044,BATCH-0224047,23,2026-06-29,2028-06-28,2026-06-29
DEMO-02,MED-045,BATCH-0224816,25,2026-05-04,2028-05-03,2026-06-29
DEMO-02,MED-046,BATCH-0224048,13,2026-06-29,2027-12-28,2026-06-29
DEMO-02,MED-047,BATCH-0224049,1222,2026-06-29,2029-06-28,2026-06-29
DEMO-02,MED-048,BATCH-0222703,276,2026-06-20,2028-06-19,2026-06-29
DEMO-02,MED-049,BATCH-0224817,170,2026-05-11,2028-05-10,2026-06-29
DEMO-02,MED-050,BATCH-0222704,190,2026-06-22,2028-06-21,2026-06-29
DEMO-02,MED-051,BATCH-0222705,127,2026-06-21,2028-06-20,2026-06-29
DEMO-02,MED-052,BATCH-0222706,335,2026-06-21,2028-06-20,2026-06-29
DEMO-02,MED-053,BATCH-0222707,241,2026-06-21,2028-06-20,2026-06-29
DEMO-02,MED-054,BATCH-0222708,161,2026-06-21,2028-06-20,2026-06-29
DEMO-02,MED-055,BATCH-0224818,8,2026-05-11,2029-05-10,2026-06-29
DEMO-02,MED-056,BATCH-0222709,14,2026-06-22,2029-06-21,2026-06-29
DEMO-02,MED-057,BATCH-0224050,121,2026-06-29,2028-06-28,2026-06-29
DEMO-02,MED-058,BATCH-0221394,32,2026-06-15,2028-06-14,2026-06-29
DEMO-02,MED-058,BATCH-0224051,100,2026-06-29,2028-06-28,2026-06-29
DEMO-02,MED-059,BATCH-0222710,30,2026-06-22,2028-06-21,2026-06-29
DEMO-02,MED-060,BATCH-0224052,35,2026-06-29,2028-06-28,2026-06-29
DEMO-02,MED-061,BATCH-0222712,47,2026-06-21,2028-06-20,2026-06-29
DEMO-02,MED-063,BATCH-0224053,110,2026-06-28,2028-06-27,2026-06-29
DEMO-02,MED-064,BATCH-0218819,128,2026-06-01,2031-06-01,2026-06-29
DEMO-02,MED-064,BATCH-0222713,720,2026-06-20,2031-06-20,2026-06-29
DEMO-02,MED-065,BATCH-0222714,82,2026-06-20,2026-07-20,2026-06-29
DEMO-02,MED-066,BATCH-0224054,121,2026-06-28,2026-07-28,2026-06-29
DEMO-02,MED-067,BATCH-0224055,424,2026-06-27,2029-06-26,2026-06-29
DEMO-02,MED-068,BATCH-0222715,39,2026-06-21,2029-06-20,2026-06-29
DEMO-02,MED-069,BATCH-0224056,205,2026-06-28,2029-06-27,2026-06-29
DEMO-02,MED-070,BATCH-0224819,139,2026-05-25,2028-05-24,2026-06-29
DEMO-02,MED-071,BATCH-0222716,80,2026-06-22,2028-06-21,2026-06-29
DEMO-02,MED-072,BATCH-0222717,1,2026-06-22,2028-06-21,2026-06-29
DEMO-03,MED-001,BATCH-0222718,101,2026-06-22,2029-06-21,2026-06-29
DEMO-03,MED-002,BATCH-0224057,36,2026-06-29,2028-06-28,2026-06-29
DEMO-03,MED-003,BATCH-0221400,25,2026-06-14,2029-06-13,2026-06-29
DEMO-03,MED-004,BATCH-0224058,117,2026-06-27,2028-06-26,2026-06-29
DEMO-03,MED-005,BATCH-0224059,304,2026-06-29,2028-06-28,2026-06-29
DEMO-03,MED-006,BATCH-0224060,139,2026-06-27,2028-06-26,2026-06-29
DEMO-03,MED-007,BATCH-0222720,3,2026-06-21,2028-06-20,2026-06-29
DEMO-03,MED-007,BATCH-0224061,96,2026-06-27,2028-06-26,2026-06-29
DEMO-03,MED-008,BATCH-0224062,174,2026-06-27,2029-06-26,2026-06-29
DEMO-03,MED-009,BATCH-0222721,16,2026-06-20,2028-06-19,2026-06-29
DEMO-03,MED-010,BATCH-0224063,232,2026-06-27,2029-06-26,2026-06-29
DEMO-03,MED-011,BATCH-0222722,75,2026-06-20,2029-06-19,2026-06-29
DEMO-03,MED-012,BATCH-0222723,110,2026-06-21,2029-06-20,2026-06-29
DEMO-03,MED-013,BATCH-0224064,139,2026-06-28,2028-06-27,2026-06-29
DEMO-03,MED-014,BATCH-0224065,244,2026-06-27,2028-06-26,2026-06-29
DEMO-03,MED-015,BATCH-0222725,65,2026-06-22,2028-06-21,2026-06-29
DEMO-03,MED-016,BATCH-0224066,43,2026-06-29,2028-06-28,2026-06-29
DEMO-03,MED-017,BATCH-0148463,244,2025-04-20,2028-04-19,2026-06-29
DEMO-03,MED-018,BATCH-0222726,5,2026-06-20,2028-06-19,2026-06-29
DEMO-03,MED-018,BATCH-0224067,26,2026-06-29,2028-06-28,2026-06-29
DEMO-03,MED-019,BATCH-0222727,22,2026-06-20,2028-06-19,2026-06-29
DEMO-03,MED-021,BATCH-0218833,9,2026-06-01,2029-05-31,2026-06-29
DEMO-03,MED-021,BATCH-0224068,300,2026-06-29,2029-06-28,2026-06-29
DEMO-03,MED-022,BATCH-0221407,76,2026-06-15,2029-06-14,2026-06-29
DEMO-03,MED-023,BATCH-0220075,88,2026-06-08,2029-06-07,2026-06-29
DEMO-03,MED-025,BATCH-0218834,64,2026-05-31,2029-05-30,2026-06-29
DEMO-03,MED-025,BATCH-0224069,200,2026-06-27,2029-06-26,2026-06-29
DEMO-03,MED-026,BATCH-0218835,61,2026-05-30,2029-05-29,2026-06-29
DEMO-03,MED-027,BATCH-0224070,180,2026-06-28,2029-06-27,2026-06-29
DEMO-03,MED-028,BATCH-0224071,32,2026-06-27,2029-06-26,2026-06-29
DEMO-03,MED-029,BATCH-0224072,180,2026-06-28,2029-06-27,2026-06-29
DEMO-03,MED-030,BATCH-0221410,3,2026-06-14,2029-06-13,2026-06-29
DEMO-03,MED-030,BATCH-0224073,27,2026-06-29,2029-06-28,2026-06-29
DEMO-03,MED-031,BATCH-0222729,111,2026-06-21,2031-06-21,2026-06-29
DEMO-03,MED-032,BATCH-0224074,293,2026-06-28,2031-06-28,2026-06-29
DEMO-03,MED-033,BATCH-0222730,113,2026-06-21,2031-06-21,2026-06-29
DEMO-03,MED-034,BATCH-0220080,2,2026-06-08,2028-06-07,2026-06-29
DEMO-03,MED-034,BATCH-0224075,20,2026-06-27,2028-06-26,2026-06-29
DEMO-03,MED-035,BATCH-0221411,2,2026-06-14,2028-06-13,2026-06-29
DEMO-03,MED-036,BATCH-0221412,180,2026-06-15,2028-06-14,2026-06-29
DEMO-03,MED-037,BATCH-0224076,20,2026-06-29,2029-06-28,2026-06-29
DEMO-03,MED-038,BATCH-0221414,2,2026-06-13,2028-06-12,2026-06-29
DEMO-03,MED-039,BATCH-0224077,37,2026-06-28,2029-06-27,2026-06-29
DEMO-03,MED-041,BATCH-0222731,22,2026-06-20,2028-06-19,2026-06-29
DEMO-03,MED-042,BATCH-0222732,53,2026-06-22,2028-06-21,2026-06-29
DEMO-03,MED-043,BATCH-0222733,50,2026-06-22,2028-06-21,2026-06-29
DEMO-03,MED-044,BATCH-0224078,79,2026-06-29,2028-06-28,2026-06-29
DEMO-03,MED-045,BATCH-0224079,331,2026-06-28,2028-06-27,2026-06-29
DEMO-03,MED-047,BATCH-0222735,71,2026-06-22,2029-06-21,2026-06-29
DEMO-03,MED-048,BATCH-0222736,9,2026-06-20,2028-06-19,2026-06-29
DEMO-03,MED-048,BATCH-0224080,17,2026-06-27,2028-06-26,2026-06-29
DEMO-03,MED-049,BATCH-0216678,140,2026-05-17,2028-05-16,2026-06-29
DEMO-03,MED-050,BATCH-0220087,5,2026-06-06,2028-06-05,2026-06-29
DEMO-03,MED-050,BATCH-0222737,20,2026-06-22,2028-06-21,2026-06-29
DEMO-03,MED-051,BATCH-0224081,37,2026-06-27,2028-06-26,2026-06-29
DEMO-03,MED-052,BATCH-0222738,2,2026-06-22,2028-06-21,2026-06-29
DEMO-03,MED-052,BATCH-0224082,28,2026-06-28,2028-06-27,2026-06-29
DEMO-03,MED-053,BATCH-0218848,1,2026-06-01,2028-05-31,2026-06-29
DEMO-03,MED-053,BATCH-0222739,30,2026-06-20,2028-06-19,2026-06-29
DEMO-03,MED-055,BATCH-0222741,15,2026-06-21,2029-06-20,2026-06-29
DEMO-03,MED-056,BATCH-0224083,7,2026-06-29,2029-06-28,2026-06-29
DEMO-03,MED-057,BATCH-0224084,13,2026-06-27,2028-06-26,2026-06-29
DEMO-03,MED-058,BATCH-0222742,10,2026-06-22,2028-06-21,2026-06-29
DEMO-03,MED-059,BATCH-0224085,10,2026-06-27,2028-06-26,2026-06-29
DEMO-03,MED-060,BATCH-0224086,5,2026-06-27,2028-06-26,2026-06-29
DEMO-03,MED-061,BATCH-0224087,18,2026-06-27,2028-06-26,2026-06-29
DEMO-03,MED-062,BATCH-0222743,12,2026-06-20,2029-06-19,2026-06-29
DEMO-03,MED-063,BATCH-0224088,7,2026-06-27,2028-06-26,2026-06-29
DEMO-03,MED-064,BATCH-0224089,33,2026-06-27,2031-06-27,2026-06-29
DEMO-03,MED-065,BATCH-0224090,56,2026-06-27,2026-07-27,2026-06-29
DEMO-03,MED-067,BATCH-0224091,27,2026-06-27,2029-06-26,2026-06-29
DEMO-03,MED-068,BATCH-0224092,6,2026-06-28,2029-06-27,2026-06-29
DEMO-03,MED-069,BATCH-0222744,4,2026-06-22,2029-06-21,2026-06-29
DEMO-03,MED-070,BATCH-0218855,21,2026-06-01,2028-05-31,2026-06-29
DEMO-03,MED-070,BATCH-0221430,150,2026-06-14,2028-06-13,2026-06-29
DEMO-03,MED-071,BATCH-0224093,35,2026-06-28,2028-06-27,2026-06-29
DEMO-03,MED-072,BATCH-0222745,15,2026-06-20,2028-06-19,2026-06-29
DEMO-03,MED-072,BATCH-0224094,28,2026-06-27,2028-06-26,2026-06-29
DEMO-04,MED-001,BATCH-0224820,108,2026-04-20,2029-04-19,2026-06-29
DEMO-04,MED-002,BATCH-0224095,480,2026-06-29,2028-06-28,2026-06-29
DEMO-04,MED-003,BATCH-0221432,293,2026-06-13,2029-06-12,2026-06-29
DEMO-04,MED-004,BATCH-0221433,48,2026-06-13,2028-06-12,2026-06-29
DEMO-04,MED-006,BATCH-0222747,61,2026-06-22,2028-06-21,2026-06-29
DEMO-04,MED-006,BATCH-0224096,490,2026-06-27,2028-06-26,2026-06-29
DEMO-04,MED-007,BATCH-0222748,49,2026-06-20,2028-06-19,2026-06-29
DEMO-04,MED-007,BATCH-0224097,360,2026-06-29,2028-06-28,2026-06-29
DEMO-04,MED-008,BATCH-0222749,8,2026-06-22,2029-06-21,2026-06-29
DEMO-04,MED-009,BATCH-0222750,18,2026-06-22,2028-06-21,2026-06-29
DEMO-04,MED-010,BATCH-0224098,888,2026-06-28,2029-06-27,2026-06-29
DEMO-04,MED-011,BATCH-0224099,1326,2026-06-28,2029-06-27,2026-06-29
DEMO-04,MED-012,BATCH-0224100,429,2026-06-27,2029-06-26,2026-06-29
DEMO-04,MED-013,BATCH-0222752,76,2026-06-20,2028-06-19,2026-06-29
DEMO-04,MED-014,BATCH-0222753,150,2026-06-20,2028-06-19,2026-06-29
DEMO-04,MED-015,BATCH-0224101,157,2026-06-27,2028-06-26,2026-06-29
DEMO-04,MED-016,BATCH-0222754,42,2026-06-21,2028-06-20,2026-06-29
DEMO-04,MED-017,BATCH-0188331,26,2025-11-22,2028-11-21,2026-06-29
DEMO-04,MED-017,BATCH-0220103,300,2026-06-06,2029-06-05,2026-06-29
DEMO-04,MED-018,BATCH-0222755,203,2026-06-22,2028-06-21,2026-06-29
DEMO-04,MED-019,BATCH-0224821,7,2026-06-01,2028-05-31,2026-06-29
DEMO-04,MED-021,BATCH-0222758,153,2026-06-20,2029-06-19,2026-06-29
DEMO-04,MED-022,BATCH-0220106,37,2026-06-08,2029-06-07,2026-06-29
DEMO-04,MED-022,BATCH-0224102,200,2026-06-29,2029-06-28,2026-06-29
DEMO-04,MED-023,BATCH-0224103,160,2026-06-28,2029-06-27,2026-06-29
DEMO-04,MED-024,BATCH-0221442,2,2026-06-13,2028-06-12,2026-06-29
DEMO-04,MED-024,BATCH-0222759,16,2026-06-22,2028-06-21,2026-06-29
DEMO-04,MED-025,BATCH-0222760,157,2026-06-20,2029-06-19,2026-06-29
DEMO-04,MED-026,BATCH-0221443,35,2026-06-14,2029-06-13,2026-06-29
DEMO-04,MED-027,BATCH-0224104,473,2026-06-27,2029-06-26,2026-06-29
DEMO-04,MED-028,BATCH-0224105,102,2026-06-29,2029-06-28,2026-06-29
DEMO-04,MED-029,BATCH-0222761,71,2026-06-20,2029-06-19,2026-06-29
DEMO-04,MED-030,BATCH-0222762,53,2026-06-20,2029-06-19,2026-06-29
DEMO-04,MED-031,BATCH-0222763,184,2026-06-22,2031-06-22,2026-06-29
DEMO-04,MED-032,BATCH-0222764,268,2026-06-22,2031-06-22,2026-06-29
DEMO-04,MED-033,BATCH-0224822,41,2026-04-20,2031-04-20,2026-06-29
DEMO-04,MED-034,BATCH-0224106,216,2026-06-29,2028-06-28,2026-06-29
DEMO-04,MED-035,BATCH-0222765,4,2026-06-22,2028-06-21,2026-06-29
DEMO-04,MED-035,BATCH-0224107,88,2026-06-27,2028-06-26,2026-06-29
DEMO-04,MED-036,BATCH-0220113,163,2026-06-06,2028-06-05,2026-06-29
DEMO-04,MED-037,BATCH-0222766,63,2026-06-21,2029-06-20,2026-06-29
DEMO-04,MED-038,BATCH-0224108,359,2026-06-29,2028-06-28,2026-06-29
DEMO-04,MED-039,BATCH-0222767,34,2026-06-20,2029-06-19,2026-06-29
DEMO-04,MED-040,BATCH-0221449,11,2026-06-15,2029-06-14,2026-06-29
DEMO-04,MED-041,BATCH-0222768,20,2026-06-21,2028-06-20,2026-06-29
DEMO-04,MED-041,BATCH-0224109,55,2026-06-28,2028-06-27,2026-06-29
DEMO-04,MED-042,BATCH-0224110,30,2026-06-27,2028-06-26,2026-06-29
DEMO-04,MED-043,BATCH-0222769,11,2026-06-21,2028-06-20,2026-06-29
DEMO-04,MED-044,BATCH-0222770,7,2026-06-20,2028-06-19,2026-06-29
DEMO-04,MED-044,BATCH-0224111,28,2026-06-27,2028-06-26,2026-06-29
DEMO-04,MED-045,BATCH-0222771,97,2026-06-21,2028-06-20,2026-06-29
DEMO-04,MED-046,BATCH-0222772,9,2026-06-20,2027-12-19,2026-06-29
DEMO-04,MED-048,BATCH-0224112,1196,2026-06-28,2028-06-27,2026-06-29
DEMO-04,MED-049,BATCH-0224113,1557,2026-06-29,2028-06-28,2026-06-29
DEMO-04,MED-050,BATCH-0221453,24,2026-06-14,2028-06-13,2026-06-29
DEMO-04,MED-050,BATCH-0224114,390,2026-06-29,2028-06-28,2026-06-29
DEMO-04,MED-051,BATCH-0224115,368,2026-06-27,2028-06-26,2026-06-29
DEMO-04,MED-052,BATCH-0222774,520,2026-06-22,2028-06-21,2026-06-29
DEMO-04,MED-053,BATCH-0221455,8,2026-06-15,2028-06-14,2026-06-29
DEMO-04,MED-053,BATCH-0224116,40,2026-06-29,2028-06-28,2026-06-29
DEMO-04,MED-055,BATCH-0221456,6,2026-06-15,2029-06-14,2026-06-29
DEMO-04,MED-056,BATCH-0224117,2,2026-06-28,2029-06-27,2026-06-29
DEMO-04,MED-057,BATCH-0222775,47,2026-06-20,2028-06-19,2026-06-29
DEMO-04,MED-057,BATCH-0224118,116,2026-06-27,2028-06-26,2026-06-29
DEMO-04,MED-058,BATCH-0222776,23,2026-06-20,2028-06-19,2026-06-29
DEMO-04,MED-059,BATCH-0224119,57,2026-06-27,2028-06-26,2026-06-29
DEMO-04,MED-060,BATCH-0222777,2,2026-06-21,2028-06-20,2026-06-29
DEMO-04,MED-060,BATCH-0224120,15,2026-06-27,2028-06-26,2026-06-29
DEMO-04,MED-061,BATCH-0221461,4,2026-06-14,2028-06-13,2026-06-29
DEMO-04,MED-062,BATCH-0221462,11,2026-06-13,2029-06-12,2026-06-29
DEMO-04,MED-063,BATCH-0222778,6,2026-06-21,2028-06-20,2026-06-29
DEMO-04,MED-063,BATCH-0224121,17,2026-06-28,2028-06-27,2026-06-29
DEMO-04,MED-064,BATCH-0224122,91,2026-06-29,2031-06-29,2026-06-29
DEMO-04,MED-065,BATCH-0222780,13,2026-06-22,2026-07-22,2026-06-29
DEMO-04,MED-066,BATCH-0222781,17,2026-06-22,2026-07-22,2026-06-29
DEMO-04,MED-067,BATCH-0224123,118,2026-06-27,2029-06-26,2026-06-29
DEMO-04,MED-068,BATCH-0222782,12,2026-06-22,2029-06-21,2026-06-29
DEMO-04,MED-069,BATCH-0221464,5,2026-06-13,2029-06-12,2026-06-29
DEMO-04,MED-069,BATCH-0224124,55,2026-06-29,2029-06-28,2026-06-29
DEMO-04,MED-070,BATCH-0222783,237,2026-06-21,2028-06-20,2026-06-29
DEMO-04,MED-071,BATCH-0224125,25,2026-06-28,2028-06-27,2026-06-29
DEMO-04,MED-072,BATCH-0222784,41,2026-06-20,2028-06-19,2026-06-29
DEMO-04,MED-072,BATCH-0224126,156,2026-06-27,2028-06-26,2026-06-29
DEMO-05,MED-001,BATCH-0222785,258,2026-06-22,2029-06-21,2026-06-29
DEMO-05,MED-002,BATCH-0222786,41,2026-06-20,2028-06-19,2026-06-29
DEMO-05,MED-003,BATCH-0222787,356,2026-06-20,2029-06-19,2026-06-29
DEMO-05,MED-004,BATCH-0222788,63,2026-06-22,2028-06-21,2026-06-29
DEMO-05,MED-005,BATCH-0222789,623,2026-06-22,2028-06-21,2026-06-29
DEMO-05,MED-006,BATCH-0222790,138,2026-06-22,2028-06-21,2026-06-29
DEMO-05,MED-006,BATCH-0224127,530,2026-06-28,2028-06-27,2026-06-29
DEMO-05,MED-007,BATCH-0222791,137,2026-06-22,2028-06-21,2026-06-29
DEMO-05,MED-008,BATCH-0224128,601,2026-06-29,2029-06-28,2026-06-29
DEMO-05,MED-009,BATCH-0224129,444,2026-06-28,2028-06-27,2026-06-29
DEMO-05,MED-011,BATCH-0224130,326,2026-06-27,2029-06-26,2026-06-29
DEMO-05,MED-013,BATCH-0224131,739,2026-06-28,2028-06-27,2026-06-29
DEMO-05,MED-014,BATCH-0224132,1158,2026-06-28,2028-06-27,2026-06-29
DEMO-05,MED-015,BATCH-0224133,696,2026-06-28,2028-06-27,2026-06-29
DEMO-05,MED-016,BATCH-0221474,2,2026-06-13,2028-06-12,2026-06-29
DEMO-05,MED-016,BATCH-0224134,72,2026-06-27,2028-06-26,2026-06-29
DEMO-05,MED-017,BATCH-0195181,74,2026-01-03,2029-01-02,2026-06-29
DEMO-05,MED-017,BATCH-0224135,300,2026-06-27,2029-06-26,2026-06-29
DEMO-05,MED-018,BATCH-0224136,102,2026-06-28,2028-06-27,2026-06-29
DEMO-05,MED-020,BATCH-0224137,307,2026-06-28,2028-06-27,2026-06-29
DEMO-05,MED-021,BATCH-0224138,338,2026-06-29,2029-06-28,2026-06-29
DEMO-05,MED-022,BATCH-0224139,344,2026-06-29,2029-06-28,2026-06-29
DEMO-05,MED-023,BATCH-0224140,495,2026-06-28,2029-06-27,2026-06-29
DEMO-05,MED-024,BATCH-0221479,8,2026-06-13,2028-06-12,2026-06-29
DEMO-05,MED-025,BATCH-0221480,68,2026-06-14,2029-06-13,2026-06-29
DEMO-05,MED-026,BATCH-0224141,426,2026-06-28,2029-06-27,2026-06-29
DEMO-05,MED-027,BATCH-0224142,193,2026-06-27,2029-06-26,2026-06-29
DEMO-05,MED-028,BATCH-0222796,19,2026-06-20,2029-06-19,2026-06-29
DEMO-05,MED-029,BATCH-0222797,55,2026-06-21,2029-06-20,2026-06-29
DEMO-05,MED-030,BATCH-0221483,9,2026-06-15,2029-06-14,2026-06-29
DEMO-05,MED-030,BATCH-0224143,109,2026-06-29,2029-06-28,2026-06-29
DEMO-05,MED-031,BATCH-0222798,209,2026-06-21,2031-06-21,2026-06-29
DEMO-05,MED-032,BATCH-0222799,231,2026-06-22,2031-06-22,2026-06-29
DEMO-05,MED-032,BATCH-0224144,900,2026-06-27,2031-06-27,2026-06-29
DEMO-05,MED-033,BATCH-0224145,278,2026-06-29,2031-06-29,2026-06-29
DEMO-05,MED-034,BATCH-0224146,149,2026-06-29,2028-06-28,2026-06-29
DEMO-05,MED-035,BATCH-0222800,20,2026-06-22,2028-06-21,2026-06-29
DEMO-05,MED-036,BATCH-0224147,7489,2026-06-28,2028-06-27,2026-06-29
DEMO-05,MED-037,BATCH-0222801,29,2026-06-21,2029-06-20,2026-06-29
DEMO-05,MED-038,BATCH-0222802,40,2026-06-22,2028-06-21,2026-06-29
DEMO-05,MED-039,BATCH-0224148,64,2026-06-28,2029-06-27,2026-06-29
DEMO-05,MED-040,BATCH-0224149,163,2026-06-27,2029-06-26,2026-06-29
DEMO-05,MED-041,BATCH-0221488,2,2026-06-15,2028-06-14,2026-06-29
DEMO-05,MED-041,BATCH-0224150,20,2026-06-29,2028-06-28,2026-06-29
DEMO-05,MED-042,BATCH-0221489,5,2026-06-15,2028-06-14,2026-06-29
DEMO-05,MED-042,BATCH-0224151,10,2026-06-29,2028-06-28,2026-06-29
DEMO-05,MED-043,BATCH-0224152,5,2026-06-29,2028-06-28,2026-06-29
DEMO-05,MED-044,BATCH-0224153,9,2026-06-28,2028-06-27,2026-06-29
DEMO-05,MED-045,BATCH-0221491,1,2026-06-13,2028-06-12,2026-06-29
DEMO-05,MED-045,BATCH-0224154,40,2026-06-27,2028-06-26,2026-06-29
DEMO-05,MED-046,BATCH-0224155,3,2026-06-28,2027-12-27,2026-06-29
DEMO-05,MED-047,BATCH-0222803,357,2026-06-20,2029-06-19,2026-06-29
DEMO-05,MED-048,BATCH-0224156,187,2026-06-27,2028-06-26,2026-06-29
DEMO-05,MED-050,BATCH-0222805,43,2026-06-22,2028-06-21,2026-06-29
DEMO-05,MED-051,BATCH-0224157,179,2026-06-29,2028-06-28,2026-06-29
DEMO-05,MED-052,BATCH-0222806,75,2026-06-20,2028-06-19,2026-06-29
DEMO-05,MED-053,BATCH-0222807,655,2026-06-20,2028-06-19,2026-06-29
DEMO-05,MED-055,BATCH-0224158,805,2026-06-29,2029-06-28,2026-06-29
DEMO-05,MED-056,BATCH-0224159,554,2026-06-29,2029-06-28,2026-06-29
DEMO-05,MED-057,BATCH-0222809,88,2026-06-21,2028-06-20,2026-06-29
DEMO-05,MED-058,BATCH-0222810,40,2026-06-20,2028-06-19,2026-06-29
DEMO-05,MED-059,BATCH-0224160,55,2026-06-28,2028-06-27,2026-06-29
DEMO-05,MED-060,BATCH-0222811,12,2026-06-20,2028-06-19,2026-06-29
DEMO-05,MED-061,BATCH-0224161,38,2026-06-27,2028-06-26,2026-06-29
DEMO-05,MED-062,BATCH-0221499,16,2026-06-13,2029-06-12,2026-06-29
DEMO-05,MED-064,BATCH-0222812,42,2026-06-22,2031-06-22,2026-06-29
DEMO-05,MED-065,BATCH-0224162,88,2026-06-28,2026-07-28,2026-06-29
DEMO-05,MED-066,BATCH-0222813,60,2026-06-21,2026-07-21,2026-06-29
DEMO-05,MED-067,BATCH-0222814,48,2026-06-20,2029-06-19,2026-06-29
DEMO-05,MED-067,BATCH-0224163,412,2026-06-28,2029-06-27,2026-06-29
DEMO-05,MED-068,BATCH-0222815,75,2026-06-21,2029-06-20,2026-06-29
DEMO-05,MED-069,BATCH-0222816,82,2026-06-22,2029-06-21,2026-06-29
DEMO-05,MED-070,BATCH-0220166,11,2026-06-08,2028-06-07,2026-06-29
DEMO-05,MED-070,BATCH-0224164,300,2026-06-28,2028-06-27,2026-06-29
DEMO-05,MED-071,BATCH-0222817,47,2026-06-20,2028-06-19,2026-06-29
DEMO-05,MED-072,BATCH-0222818,22,2026-06-21,2028-06-20,2026-06-29
DEMO-05,MED-072,BATCH-0224165,120,2026-06-27,2028-06-26,2026-06-29
DEMO-06,MED-001,BATCH-0223525,1615,2026-06-22,2029-06-21,2026-06-29
DEMO-06,MED-002,BATCH-0223526,170,2026-06-22,2028-06-21,2026-06-29
DEMO-06,MED-002,BATCH-0224823,434,2026-06-29,2028-06-28,2026-06-29
DEMO-06,MED-003,BATCH-0223527,849,2026-06-22,2029-06-21,2026-06-29
DEMO-06,MED-004,BATCH-0223528,229,2026-06-22,2028-06-21,2026-06-29
DEMO-06,MED-005,BATCH-0223529,613,2026-06-22,2028-06-21,2026-06-29
DEMO-06,MED-006,BATCH-0223530,249,2026-06-22,2028-06-21,2026-06-29
DEMO-06,MED-006,BATCH-0224824,420,2026-06-29,2028-06-28,2026-06-29
DEMO-06,MED-007,BATCH-0223531,261,2026-06-22,2028-06-21,2026-06-29
DEMO-06,MED-008,BATCH-0223532,248,2026-06-22,2029-06-21,2026-06-29
DEMO-06,MED-008,BATCH-0224825,380,2026-06-29,2029-06-28,2026-06-29
DEMO-06,MED-009,BATCH-0223533,309,2026-06-22,2028-06-21,2026-06-29
DEMO-06,MED-009,BATCH-0224826,346,2026-06-29,2028-06-28,2026-06-29
DEMO-06,MED-010,BATCH-0224827,121,2026-04-27,2029-04-26,2026-06-29
DEMO-06,MED-011,BATCH-0223535,181,2026-06-22,2029-06-21,2026-06-29
DEMO-06,MED-011,BATCH-0224828,1450,2026-06-29,2029-06-28,2026-06-29
DEMO-06,MED-012,BATCH-0223536,82,2026-06-22,2029-06-21,2026-06-29
DEMO-06,MED-012,BATCH-0224829,900,2026-06-29,2029-06-28,2026-06-29
DEMO-06,MED-013,BATCH-0222175,78,2026-06-15,2028-06-14,2026-06-29
DEMO-06,MED-013,BATCH-0223537,409,2026-06-22,2028-06-21,2026-06-29
DEMO-06,MED-014,BATCH-0222176,23,2026-06-15,2028-06-14,2026-06-29
DEMO-06,MED-014,BATCH-0223538,593,2026-06-22,2028-06-21,2026-06-29
DEMO-06,MED-015,BATCH-0222177,145,2026-06-15,2028-06-14,2026-06-29
DEMO-06,MED-015,BATCH-0224830,531,2026-06-29,2028-06-28,2026-06-29
DEMO-06,MED-016,BATCH-0223539,51,2026-06-22,2028-06-21,2026-06-29
DEMO-06,MED-016,BATCH-0224831,240,2026-06-29,2028-06-28,2026-06-29
DEMO-06,MED-017,BATCH-0220894,189,2026-06-08,2029-06-07,2026-06-29
DEMO-06,MED-018,BATCH-0223540,127,2026-06-22,2028-06-21,2026-06-29
DEMO-06,MED-018,BATCH-0224832,131,2026-06-29,2028-06-28,2026-06-29
DEMO-06,MED-019,BATCH-0222178,16,2026-06-15,2028-06-14,2026-06-29
DEMO-06,MED-019,BATCH-0224833,260,2026-06-29,2028-06-28,2026-06-29
DEMO-06,MED-020,BATCH-0223541,189,2026-06-22,2028-06-21,2026-06-29
DEMO-06,MED-021,BATCH-0223542,720,2026-06-22,2029-06-21,2026-06-29
DEMO-06,MED-022,BATCH-0222179,399,2026-06-15,2029-06-14,2026-06-29
DEMO-06,MED-022,BATCH-0224834,600,2026-06-29,2029-06-28,2026-06-29
DEMO-06,MED-023,BATCH-0222180,184,2026-06-15,2029-06-14,2026-06-29
DEMO-06,MED-023,BATCH-0224835,1200,2026-06-29,2029-06-28,2026-06-29
DEMO-06,MED-024,BATCH-0223543,117,2026-06-22,2028-06-21,2026-06-29
DEMO-06,MED-025,BATCH-0223544,461,2026-06-22,2029-06-21,2026-06-29
DEMO-06,MED-026,BATCH-0222181,309,2026-06-15,2029-06-14,2026-06-29
DEMO-06,MED-026,BATCH-0224836,900,2026-06-29,2029-06-28,2026-06-29
DEMO-06,MED-027,BATCH-0223545,658,2026-06-22,2029-06-21,2026-06-29
DEMO-06,MED-028,BATCH-0224837,9,2026-04-13,2029-04-12,2026-06-29
DEMO-06,MED-029,BATCH-0224838,161,2026-04-13,2029-04-12,2026-06-29
DEMO-06,MED-030,BATCH-0222185,52,2026-06-15,2029-06-14,2026-06-29
DEMO-06,MED-030,BATCH-0223546,175,2026-06-22,2029-06-21,2026-06-29
DEMO-06,MED-031,BATCH-0224839,1900,2026-06-29,2031-06-29,2026-06-29
DEMO-06,MED-032,BATCH-0222187,646,2026-06-15,2031-06-15,2026-06-29
DEMO-06,MED-032,BATCH-0224840,1900,2026-06-29,2031-06-29,2026-06-29
DEMO-06,MED-033,BATCH-0223548,452,2026-06-22,2031-06-22,2026-06-29
DEMO-06,MED-033,BATCH-0224841,500,2026-06-29,2031-06-29,2026-06-29
DEMO-06,MED-034,BATCH-0224842,8,2026-05-25,2028-05-24,2026-06-29
DEMO-06,MED-035,BATCH-0222188,20,2026-06-15,2028-06-14,2026-06-29
DEMO-06,MED-035,BATCH-0224843,62,2026-06-29,2028-06-28,2026-06-29
DEMO-06,MED-036,BATCH-0224844,408,2026-06-08,2028-06-07,2026-06-29
DEMO-06,MED-037,BATCH-0223551,139,2026-06-22,2029-06-21,2026-06-29
DEMO-06,MED-038,BATCH-0222191,58,2026-06-15,2028-06-14,2026-06-29
DEMO-06,MED-038,BATCH-0224845,250,2026-06-29,2028-06-28,2026-06-29
DEMO-06,MED-039,BATCH-0223552,126,2026-06-22,2029-06-21,2026-06-29
DEMO-06,MED-040,BATCH-0223553,113,2026-06-22,2029-06-21,2026-06-29
DEMO-06,MED-041,BATCH-0222192,14,2026-06-15,2028-06-14,2026-06-29
DEMO-06,MED-041,BATCH-0224846,18,2026-06-29,2028-06-28,2026-06-29
DEMO-06,MED-042,BATCH-0223554,8,2026-06-22,2028-06-21,2026-06-29
DEMO-06,MED-042,BATCH-0224847,13,2026-06-29,2028-06-28,2026-06-29
DEMO-06,MED-043,BATCH-0223555,3,2026-06-22,2028-06-21,2026-06-29
DEMO-06,MED-043,BATCH-0224848,9,2026-06-29,2028-06-28,2026-06-29
DEMO-06,MED-044,BATCH-0222194,4,2026-06-15,2028-06-14,2026-06-29
DEMO-06,MED-044,BATCH-0224849,14,2026-06-29,2028-06-28,2026-06-29
DEMO-06,MED-045,BATCH-0219504,16,2026-06-01,2028-05-31,2026-06-29
DEMO-06,MED-045,BATCH-0223556,60,2026-06-22,2028-06-21,2026-06-29
DEMO-06,MED-046,BATCH-0223557,8,2026-06-22,2027-12-21,2026-06-29
DEMO-06,MED-047,BATCH-0223558,393,2026-06-22,2029-06-21,2026-06-29
DEMO-06,MED-048,BATCH-0223559,58,2026-06-22,2028-06-21,2026-06-29
DEMO-06,MED-048,BATCH-0224850,231,2026-06-29,2028-06-28,2026-06-29
DEMO-06,MED-049,BATCH-0222196,223,2026-06-15,2028-06-14,2026-06-29
DEMO-06,MED-050,BATCH-0222197,34,2026-06-15,2028-06-14,2026-06-29
DEMO-06,MED-050,BATCH-0224851,170,2026-06-29,2028-06-28,2026-06-29
DEMO-06,MED-051,BATCH-0222198,73,2026-06-15,2028-06-14,2026-06-29
DEMO-06,MED-051,BATCH-0224852,170,2026-06-29,2028-06-28,2026-06-29
DEMO-06,MED-052,BATCH-0223560,196,2026-06-22,2028-06-21,2026-06-29
DEMO-06,MED-052,BATCH-0224853,277,2026-06-29,2028-06-28,2026-06-29
DEMO-06,MED-053,BATCH-0222199,91,2026-06-15,2028-06-14,2026-06-29
DEMO-06,MED-053,BATCH-0224854,330,2026-06-29,2028-06-28,2026-06-29
DEMO-06,MED-054,BATCH-0223561,110,2026-06-22,2028-06-21,2026-06-29
DEMO-06,MED-055,BATCH-0222201,18,2026-06-15,2029-06-14,2026-06-29
DEMO-06,MED-055,BATCH-0224855,120,2026-06-29,2029-06-28,2026-06-29
DEMO-06,MED-056,BATCH-0222202,24,2026-06-15,2029-06-14,2026-06-29
DEMO-06,MED-056,BATCH-0224856,80,2026-06-29,2029-06-28,2026-06-29
DEMO-06,MED-057,BATCH-0220912,8,2026-06-08,2028-06-07,2026-06-29
DEMO-06,MED-057,BATCH-0223562,67,2026-06-22,2028-06-21,2026-06-29
DEMO-06,MED-058,BATCH-0222203,1,2026-06-15,2028-06-14,2026-06-29
DEMO-06,MED-058,BATCH-0223563,35,2026-06-22,2028-06-21,2026-06-29
DEMO-06,MED-059,BATCH-0223564,47,2026-06-22,2028-06-21,2026-06-29
DEMO-06,MED-060,BATCH-0223565,22,2026-06-22,2028-06-21,2026-06-29
DEMO-06,MED-060,BATCH-0224857,23,2026-06-29,2028-06-28,2026-06-29
DEMO-06,MED-061,BATCH-0223566,92,2026-06-22,2028-06-21,2026-06-29
DEMO-06,MED-062,BATCH-0222204,29,2026-06-15,2029-06-14,2026-06-29
DEMO-06,MED-062,BATCH-0224858,70,2026-06-29,2029-06-28,2026-06-29
DEMO-06,MED-063,BATCH-0222205,9,2026-06-15,2028-06-14,2026-06-29
DEMO-06,MED-063,BATCH-0224859,43,2026-06-29,2028-06-28,2026-06-29
DEMO-06,MED-064,BATCH-0222206,134,2026-06-15,2031-06-15,2026-06-29
DEMO-06,MED-064,BATCH-0223567,264,2026-06-22,2031-06-22,2026-06-29
DEMO-06,MED-065,BATCH-0223568,64,2026-06-22,2026-07-22,2026-06-29
DEMO-06,MED-066,BATCH-0222208,15,2026-06-15,2026-07-15,2026-06-29
DEMO-06,MED-066,BATCH-0224860,69,2026-06-29,2026-07-29,2026-06-29
DEMO-06,MED-067,BATCH-0224861,280,2026-06-29,2029-06-28,2026-06-29
DEMO-06,MED-068,BATCH-0223570,32,2026-06-22,2029-06-21,2026-06-29
DEMO-06,MED-068,BATCH-0224862,41,2026-06-29,2029-06-28,2026-06-29
DEMO-06,MED-069,BATCH-0224863,3,2026-06-15,2029-06-14,2026-06-29
DEMO-06,MED-070,BATCH-0222210,228,2026-06-15,2028-06-14,2026-06-29
DEMO-06,MED-071,BATCH-0223571,45,2026-06-22,2028-06-21,2026-06-29
DEMO-06,MED-071,BATCH-0224864,50,2026-06-29,2028-06-28,2026-06-29
DEMO-06,MED-072,BATCH-0223572,83,2026-06-22,2028-06-21,2026-06-29
DEMO-06,MED-072,BATCH-0224865,84,2026-06-29,2028-06-28,2026-06-29
DEMO-07,MED-001,BATCH-0222819,306,2026-06-22,2029-06-21,2026-06-29
DEMO-07,MED-002,BATCH-0222820,84,2026-06-22,2028-06-21,2026-06-29
DEMO-07,MED-003,BATCH-0222821,483,2026-06-21,2029-06-20,2026-06-29
DEMO-07,MED-004,BATCH-0222822,31,2026-06-21,2028-06-20,2026-06-29
DEMO-07,MED-005,BATCH-0222823,310,2026-06-22,2028-06-21,2026-06-29
DEMO-07,MED-006,BATCH-0224166,583,2026-06-27,2028-06-26,2026-06-29
DEMO-07,MED-007,BATCH-0222824,99,2026-06-22,2028-06-21,2026-06-29
DEMO-07,MED-007,BATCH-0224167,342,2026-06-27,2028-06-26,2026-06-29
DEMO-07,MED-008,BATCH-0222825,199,2026-06-22,2029-06-21,2026-06-29
DEMO-07,MED-009,BATCH-0222826,20,2026-06-21,2028-06-20,2026-06-29
DEMO-07,MED-009,BATCH-0224168,425,2026-06-28,2028-06-27,2026-06-29
DEMO-07,MED-010,BATCH-0222827,268,2026-06-22,2029-06-21,2026-06-29
DEMO-07,MED-011,BATCH-0224169,980,2026-06-29,2029-06-28,2026-06-29
DEMO-07,MED-013,BATCH-0222829,194,2026-06-21,2028-06-20,2026-06-29
DEMO-07,MED-014,BATCH-0222830,82,2026-06-22,2028-06-21,2026-06-29
DEMO-07,MED-016,BATCH-0222832,131,2026-06-20,2028-06-19,2026-06-29
DEMO-07,MED-017,BATCH-0221512,239,2026-06-14,2029-06-13,2026-06-29
DEMO-07,MED-018,BATCH-0224170,157,2026-06-29,2028-06-28,2026-06-29
DEMO-07,MED-019,BATCH-0222833,52,2026-06-22,2028-06-21,2026-06-29
DEMO-07,MED-020,BATCH-0222834,25,2026-06-22,2028-06-21,2026-06-29
DEMO-07,MED-021,BATCH-0224171,1218,2026-06-27,2029-06-26,2026-06-29
DEMO-07,MED-022,BATCH-0221514,192,2026-06-13,2029-06-12,2026-06-29
DEMO-07,MED-023,BATCH-0224866,104,2026-05-11,2029-05-10,2026-06-29
DEMO-07,MED-024,BATCH-0224172,171,2026-06-27,2028-06-26,2026-06-29
DEMO-07,MED-025,BATCH-0221517,92,2026-06-14,2029-06-13,2026-06-29
DEMO-07,MED-026,BATCH-0222835,318,2026-06-22,2029-06-21,2026-06-29
DEMO-07,MED-027,BATCH-0224867,64,2026-06-08,2029-06-07,2026-06-29
DEMO-07,MED-028,BATCH-0222837,76,2026-06-20,2029-06-19,2026-06-29
DEMO-07,MED-029,BATCH-0222838,116,2026-06-21,2029-06-20,2026-06-29
DEMO-07,MED-030,BATCH-0221519,5,2026-06-14,2029-06-13,2026-06-29
DEMO-07,MED-030,BATCH-0224173,305,2026-06-28,2029-06-27,2026-06-29
DEMO-07,MED-031,BATCH-0224174,1473,2026-06-27,2031-06-27,2026-06-29
DEMO-07,MED-032,BATCH-0221521,174,2026-06-14,2031-06-14,2026-06-29
DEMO-07,MED-032,BATCH-0224175,2600,2026-06-29,2031-06-29,2026-06-29
DEMO-07,MED-033,BATCH-0222839,594,2026-06-22,2031-06-22,2026-06-29
DEMO-07,MED-034,BATCH-0224176,123,2026-06-27,2028-06-26,2026-06-29
DEMO-07,MED-035,BATCH-0224177,58,2026-06-27,2028-06-26,2026-06-29
DEMO-07,MED-036,BATCH-0221524,294,2026-06-13,2028-06-12,2026-06-29
DEMO-07,MED-037,BATCH-0224178,75,2026-06-28,2029-06-27,2026-06-29
DEMO-07,MED-038,BATCH-0222841,103,2026-06-21,2028-06-20,2026-06-29
DEMO-07,MED-039,BATCH-0224179,165,2026-06-27,2029-06-26,2026-06-29
DEMO-07,MED-040,BATCH-0224180,192,2026-06-29,2029-06-28,2026-06-29
DEMO-07,MED-041,BATCH-0222843,7,2026-06-22,2028-06-21,2026-06-29
DEMO-07,MED-042,BATCH-0220193,2,2026-06-07,2028-06-06,2026-06-29
DEMO-07,MED-042,BATCH-0224181,17,2026-06-27,2028-06-26,2026-06-29
DEMO-07,MED-043,BATCH-0221526,2,2026-06-13,2028-06-12,2026-06-29
DEMO-07,MED-044,BATCH-0221527,2,2026-06-14,2028-06-13,2026-06-29
DEMO-07,MED-044,BATCH-0224182,13,2026-06-27,2028-06-26,2026-06-29
DEMO-07,MED-045,BATCH-0221528,13,2026-06-13,2028-06-12,2026-06-29
DEMO-07,MED-045,BATCH-0224183,80,2026-06-29,2028-06-28,2026-06-29
DEMO-07,MED-046,BATCH-0222844,4,2026-06-22,2027-12-21,2026-06-29
DEMO-07,MED-048,BATCH-0222845,60,2026-06-20,2028-06-19,2026-06-29
DEMO-07,MED-048,BATCH-0224184,206,2026-06-28,2028-06-27,2026-06-29
DEMO-07,MED-049,BATCH-0222846,65,2026-06-22,2028-06-21,2026-06-29
DEMO-07,MED-050,BATCH-0224868,9,2026-06-08,2028-06-07,2026-06-29
DEMO-07,MED-051,BATCH-0221532,21,2026-06-14,2028-06-13,2026-06-29
DEMO-07,MED-051,BATCH-0224185,200,2026-06-28,2028-06-27,2026-06-29
DEMO-07,MED-052,BATCH-0222848,140,2026-06-20,2028-06-19,2026-06-29
DEMO-07,MED-053,BATCH-0224186,430,2026-06-27,2028-06-26,2026-06-29
DEMO-07,MED-054,BATCH-0222849,82,2026-06-22,2028-06-21,2026-06-29
DEMO-07,MED-056,BATCH-0221536,10,2026-06-15,2029-06-14,2026-06-29
DEMO-07,MED-057,BATCH-0222850,16,2026-06-21,2028-06-20,2026-06-29
DEMO-07,MED-058,BATCH-0222851,43,2026-06-21,2028-06-20,2026-06-29
DEMO-07,MED-059,BATCH-0224187,38,2026-06-29,2028-06-28,2026-06-29
DEMO-07,MED-060,BATCH-0224188,36,2026-06-27,2028-06-26,2026-06-29
DEMO-07,MED-061,BATCH-0222853,37,2026-06-22,2028-06-21,2026-06-29
DEMO-07,MED-062,BATCH-0224869,9,2026-05-11,2029-05-10,2026-06-29
DEMO-07,MED-063,BATCH-0224189,69,2026-06-27,2028-06-26,2026-06-29
DEMO-07,MED-064,BATCH-0222854,119,2026-06-22,2031-06-22,2026-06-29
DEMO-07,MED-065,BATCH-0224870,9,2026-04-13,2026-05-13,2026-06-29
DEMO-07,MED-066,BATCH-0224190,48,2026-06-28,2026-07-28,2026-06-29
DEMO-07,MED-067,BATCH-0222855,125,2026-06-22,2029-06-21,2026-06-29
DEMO-07,MED-068,BATCH-0224191,59,2026-06-29,2029-06-28,2026-06-29
DEMO-07,MED-069,BATCH-0222856,55,2026-06-21,2029-06-20,2026-06-29
DEMO-07,MED-070,BATCH-0220206,86,2026-06-07,2028-06-06,2026-06-29
DEMO-07,MED-070,BATCH-0224192,450,2026-06-28,2028-06-27,2026-06-29
DEMO-07,MED-071,BATCH-0222857,25,2026-06-22,2028-06-21,2026-06-29
DEMO-07,MED-072,BATCH-0222858,23,2026-06-21,2028-06-20,2026-06-29
DEMO-08,MED-001,BATCH-0224871,42,2026-05-04,2029-05-03,2026-06-29
DEMO-08,MED-002,BATCH-0222859,18,2026-06-20,2028-06-19,2026-06-29
DEMO-08,MED-003,BATCH-0216791,117,2026-05-17,2029-05-16,2026-06-29
DEMO-08,MED-004,BATCH-0221545,13,2026-06-14,2028-06-13,2026-06-29
DEMO-08,MED-005,BATCH-0218956,42,2026-05-31,2028-05-30,2026-06-29
DEMO-08,MED-006,BATCH-0223578,4,2026-04-27,2028-04-26,2026-06-29
DEMO-08,MED-006,BATCH-0224193,30,2026-06-28,2028-06-27,2026-06-29
DEMO-08,MED-007,BATCH-0222860,14,2026-06-22,2028-06-21,2026-06-29
DEMO-08,MED-007,BATCH-0224194,18,2026-06-28,2028-06-27,2026-06-29
DEMO-08,MED-008,BATCH-0224195,36,2026-06-29,2029-06-28,2026-06-29
DEMO-08,MED-009,BATCH-0222862,1,2026-06-21,2028-06-20,2026-06-29
DEMO-08,MED-009,BATCH-0224196,23,2026-06-28,2028-06-27,2026-06-29
DEMO-08,MED-010,BATCH-0212509,210,2026-04-19,2029-04-18,2026-06-29
DEMO-08,MED-010,BATCH-0213580,300,2026-04-26,2029-04-25,2026-06-29
DEMO-08,MED-012,BATCH-0224197,180,2026-06-27,2029-06-26,2026-06-29
DEMO-08,MED-013,BATCH-0222864,17,2026-06-20,2028-06-19,2026-06-29
DEMO-08,MED-013,BATCH-0224198,33,2026-06-27,2028-06-26,2026-06-29
DEMO-08,MED-015,BATCH-0222865,10,2026-06-20,2028-06-19,2026-06-29
DEMO-08,MED-016,BATCH-0215637,33,2026-05-09,2028-05-08,2026-06-29
DEMO-08,MED-017,BATCH-0203096,209,2026-02-02,2029-02-01,2026-06-29
DEMO-08,MED-017,BATCH-0203659,300,2026-02-21,2029-02-20,2026-06-29
DEMO-08,MED-018,BATCH-0222866,5,2026-06-21,2028-06-20,2026-06-29
DEMO-08,MED-019,BATCH-0224200,24,2026-06-28,2028-06-27,2026-06-29
DEMO-08,MED-020,BATCH-0224201,11,2026-06-27,2028-06-26,2026-06-29
DEMO-08,MED-021,BATCH-0203662,252,2026-02-22,2029-02-21,2026-06-29
DEMO-08,MED-022,BATCH-0207112,24,2026-03-16,2029-03-15,2026-06-29
DEMO-08,MED-022,BATCH-0208198,200,2026-03-22,2029-03-21,2026-06-29
DEMO-08,MED-023,BATCH-0203663,32,2026-02-23,2029-02-22,2026-06-29
DEMO-08,MED-023,BATCH-0222869,200,2026-06-21,2029-06-20,2026-06-29
DEMO-08,MED-023,BATCH-0224202,200,2026-06-28,2029-06-27,2026-06-29
DEMO-08,MED-024,BATCH-0222870,1,2026-06-21,2028-06-20,2026-06-29
DEMO-08,MED-025,BATCH-0208200,120,2026-03-22,2029-03-21,2026-06-29
DEMO-08,MED-025,BATCH-0209310,200,2026-03-30,2029-03-29,2026-06-29
DEMO-08,MED-026,BATCH-0224203,180,2026-06-27,2029-06-26,2026-06-29
DEMO-08,MED-027,BATCH-0220216,80,2026-06-06,2029-06-05,2026-06-29
DEMO-08,MED-028,BATCH-0224204,11,2026-06-29,2029-06-28,2026-06-29
DEMO-08,MED-029,BATCH-0220217,45,2026-06-08,2029-06-07,2026-06-29
DEMO-08,MED-029,BATCH-0221551,300,2026-06-13,2029-06-12,2026-06-29
DEMO-08,MED-030,BATCH-0221552,2,2026-06-15,2029-06-14,2026-06-29
DEMO-08,MED-031,BATCH-0218967,23,2026-05-31,2031-05-31,2026-06-29
DEMO-08,MED-032,BATCH-0221553,91,2026-06-13,2031-06-13,2026-06-29
DEMO-08,MED-032,BATCH-0222872,200,2026-06-20,2031-06-20,2026-06-29
DEMO-08,MED-033,BATCH-0215640,30,2026-05-10,2031-05-10,2026-06-29
DEMO-08,MED-033,BATCH-0216796,100,2026-05-17,2031-05-17,2026-06-29
DEMO-08,MED-034,BATCH-0212515,6,2026-04-18,2028-04-17,2026-06-29
DEMO-08,MED-034,BATCH-0224205,20,2026-06-27,2028-06-26,2026-06-29
DEMO-08,MED-035,BATCH-0222873,4,2026-06-22,2028-06-21,2026-06-29
DEMO-08,MED-035,BATCH-0224206,5,2026-06-27,2028-06-26,2026-06-29
DEMO-08,MED-036,BATCH-0218968,83,2026-06-01,2028-05-31,2026-06-29
DEMO-08,MED-036,BATCH-0220219,300,2026-06-08,2028-06-07,2026-06-29
DEMO-08,MED-037,BATCH-0224207,9,2026-06-28,2029-06-27,2026-06-29
DEMO-08,MED-038,BATCH-0222875,12,2026-06-20,2028-06-19,2026-06-29
DEMO-08,MED-039,BATCH-0218970,4,2026-06-01,2029-05-31,2026-06-29
DEMO-08,MED-040,BATCH-0222876,15,2026-06-21,2029-06-20,2026-06-29
DEMO-08,MED-041,BATCH-0210392,4,2026-04-04,2028-04-03,2026-06-29
DEMO-08,MED-042,BATCH-0209317,1,2026-03-28,2028-03-27,2026-06-29
DEMO-08,MED-042,BATCH-0210393,5,2026-04-04,2028-04-03,2026-06-29
DEMO-08,MED-043,BATCH-0201353,4,2026-02-08,2028-02-08,2026-06-29
DEMO-08,MED-043,BATCH-0224208,5,2026-06-29,2028-06-28,2026-06-29
DEMO-08,MED-044,BATCH-0215642,3,2026-05-10,2028-05-09,2026-06-29
DEMO-08,MED-044,BATCH-0216799,5,2026-05-16,2028-05-15,2026-06-29
DEMO-08,MED-045,BATCH-0203670,24,2026-02-21,2028-02-21,2026-06-29
DEMO-08,MED-046,BATCH-0191783,1,2025-12-14,2027-06-14,2026-06-29
DEMO-08,MED-046,BATCH-0192928,5,2025-12-20,2027-06-20,2026-06-29
DEMO-08,MED-047,BATCH-0224209,90,2026-06-28,2029-06-27,2026-06-29
DEMO-08,MED-048,BATCH-0224210,4,2026-06-28,2028-06-27,2026-06-29
DEMO-08,MED-049,BATCH-0210394,10,2026-04-04,2028-04-03,2026-06-29
DEMO-08,MED-049,BATCH-0211439,300,2026-04-13,2028-04-12,2026-06-29
DEMO-08,MED-050,BATCH-0223579,3,2026-05-18,2028-05-17,2026-06-29
DEMO-08,MED-050,BATCH-0224211,20,2026-06-27,2028-06-26,2026-06-29
DEMO-08,MED-051,BATCH-0220220,5,2026-06-06,2028-06-05,2026-06-29
DEMO-08,MED-051,BATCH-0221556,10,2026-06-13,2028-06-12,2026-06-29
DEMO-08,MED-052,BATCH-0224212,11,2026-06-27,2028-06-26,2026-06-29
DEMO-08,MED-053,BATCH-0224213,6,2026-06-27,2028-06-26,2026-06-29
DEMO-08,MED-055,BATCH-0213590,19,2026-04-25,2029-04-24,2026-06-29
DEMO-08,MED-057,BATCH-0211441,2,2026-04-13,2028-04-12,2026-06-29
DEMO-08,MED-057,BATCH-0212520,5,2026-04-18,2028-04-17,2026-06-29
DEMO-08,MED-058,BATCH-0215646,4,2026-05-11,2028-05-10,2026-06-29
DEMO-08,MED-059,BATCH-0216801,4,2026-05-16,2028-05-15,2026-06-29
DEMO-08,MED-060,BATCH-0214590,1,2026-05-02,2028-05-01,2026-06-29
DEMO-08,MED-060,BATCH-0215648,5,2026-05-11,2028-05-10,2026-06-29
DEMO-08,MED-061,BATCH-0212521,9,2026-04-20,2028-04-19,2026-06-29
DEMO-08,MED-061,BATCH-0224214,20,2026-06-27,2028-06-26,2026-06-29
DEMO-08,MED-062,BATCH-0208211,28,2026-03-23,2029-03-22,2026-06-29
DEMO-08,MED-063,BATCH-0222880,6,2026-06-22,2028-06-21,2026-06-29
DEMO-08,MED-065,BATCH-0222881,2,2026-06-21,2026-07-21,2026-06-29
DEMO-08,MED-065,BATCH-0224215,9,2026-06-29,2026-07-29,2026-06-29
DEMO-08,MED-067,BATCH-0224216,4,2026-06-29,2029-06-28,2026-06-29
DEMO-08,MED-068,BATCH-0216804,6,2026-05-18,2029-05-17,2026-06-29
DEMO-08,MED-069,BATCH-0216805,9,2026-05-17,2029-05-16,2026-06-29
DEMO-08,MED-070,BATCH-0195261,123,2026-01-04,2028-01-04,2026-06-29
DEMO-08,MED-070,BATCH-0196460,150,2026-01-12,2028-01-12,2026-06-29
DEMO-08,MED-071,BATCH-0212524,1,2026-04-20,2028-04-19,2026-06-29
DEMO-08,MED-071,BATCH-0213594,10,2026-04-25,2028-04-24,2026-06-29
DEMO-08,MED-072,BATCH-0222882,3,2026-06-20,2028-06-19,2026-06-29
DEMO-08,MED-072,BATCH-0224217,7,2026-06-29,2028-06-28,2026-06-29
HOSP-BG-010,MED-001,BATCH-0222214,316,2026-06-15,2029-06-14,2026-06-29
HOSP-BG-010,MED-001,BATCH-0224872,900,2026-06-29,2029-06-28,2026-06-29
HOSP-BG-010,MED-002,BATCH-0224873,201,2026-06-29,2028-06-28,2026-06-29
HOSP-BG-010,MED-003,BATCH-0220926,193,2026-06-08,2029-06-07,2026-06-29
HOSP-BG-010,MED-003,BATCH-0223580,1300,2026-06-22,2029-06-21,2026-06-29
HOSP-BG-010,MED-004,BATCH-0224874,560,2026-06-29,2028-06-28,2026-06-29
HOSP-BG-010,MED-005,BATCH-0222216,171,2026-06-15,2028-06-14,2026-06-29
HOSP-BG-010,MED-005,BATCH-0224875,1300,2026-06-29,2028-06-28,2026-06-29
HOSP-BG-010,MED-006,BATCH-0222217,13,2026-06-15,2028-06-14,2026-06-29
HOSP-BG-010,MED-006,BATCH-0223582,420,2026-06-22,2028-06-21,2026-06-29
HOSP-BG-010,MED-007,BATCH-0223583,326,2026-06-22,2028-06-21,2026-06-29
HOSP-BG-010,MED-007,BATCH-0224876,330,2026-06-29,2028-06-28,2026-06-29
HOSP-BG-010,MED-008,BATCH-0224877,15,2026-06-08,2029-06-07,2026-06-29
HOSP-BG-010,MED-009,BATCH-0222220,97,2026-06-15,2028-06-14,2026-06-29
HOSP-BG-010,MED-009,BATCH-0224878,462,2026-06-29,2028-06-28,2026-06-29
HOSP-BG-010,MED-010,BATCH-0223584,540,2026-06-22,2029-06-21,2026-06-29
HOSP-BG-010,MED-011,BATCH-0223585,120,2026-06-22,2029-06-21,2026-06-29
HOSP-BG-010,MED-011,BATCH-0224879,600,2026-06-29,2029-06-28,2026-06-29
HOSP-BG-010,MED-012,BATCH-0224880,600,2026-06-29,2029-06-28,2026-06-29
HOSP-BG-010,MED-013,BATCH-0223587,433,2026-06-22,2028-06-21,2026-06-29
HOSP-BG-010,MED-013,BATCH-0224881,666,2026-06-29,2028-06-28,2026-06-29
HOSP-BG-010,MED-014,BATCH-0223588,461,2026-06-22,2028-06-21,2026-06-29
HOSP-BG-010,MED-014,BATCH-0224882,1141,2026-06-29,2028-06-28,2026-06-29
HOSP-BG-010,MED-015,BATCH-0223589,576,2026-06-22,2028-06-21,2026-06-29
HOSP-BG-010,MED-016,BATCH-0222223,49,2026-06-15,2028-06-14,2026-06-29
HOSP-BG-010,MED-017,BATCH-0205497,130,2026-03-02,2029-03-01,2026-06-29
HOSP-BG-010,MED-018,BATCH-0222224,17,2026-06-15,2028-06-14,2026-06-29
HOSP-BG-010,MED-018,BATCH-0224883,100,2026-06-29,2028-06-28,2026-06-29
HOSP-BG-010,MED-019,BATCH-0223590,66,2026-06-22,2028-06-21,2026-06-29
HOSP-BG-010,MED-020,BATCH-0223591,56,2026-06-22,2028-06-21,2026-06-29
HOSP-BG-010,MED-020,BATCH-0224884,64,2026-06-29,2028-06-28,2026-06-29
HOSP-BG-010,MED-021,BATCH-0224885,600,2026-06-29,2029-06-28,2026-06-29
HOSP-BG-010,MED-022,BATCH-0223592,388,2026-06-22,2029-06-21,2026-06-29
HOSP-BG-010,MED-023,BATCH-0222226,383,2026-06-15,2029-06-14,2026-06-29
HOSP-BG-010,MED-024,BATCH-0223593,48,2026-06-22,2028-06-21,2026-06-29
HOSP-BG-010,MED-025,BATCH-0217319,12,2026-05-18,2029-05-17,2026-06-29
HOSP-BG-010,MED-025,BATCH-0223594,400,2026-06-22,2029-06-21,2026-06-29
HOSP-BG-010,MED-026,BATCH-0223595,394,2026-06-22,2029-06-21,2026-06-29
HOSP-BG-010,MED-027,BATCH-0222227,141,2026-06-15,2029-06-14,2026-06-29
HOSP-BG-010,MED-027,BATCH-0224886,600,2026-06-29,2029-06-28,2026-06-29
HOSP-BG-010,MED-028,BATCH-0222228,45,2026-06-15,2029-06-14,2026-06-29
HOSP-BG-010,MED-028,BATCH-0224887,190,2026-06-29,2029-06-28,2026-06-29
HOSP-BG-010,MED-029,BATCH-0223596,188,2026-06-22,2029-06-21,2026-06-29
HOSP-BG-010,MED-030,BATCH-0223597,79,2026-06-22,2029-06-21,2026-06-29
HOSP-BG-010,MED-031,BATCH-0222229,284,2026-06-15,2031-06-15,2026-06-29
HOSP-BG-010,MED-031,BATCH-0224888,550,2026-06-29,2031-06-29,2026-06-29
HOSP-BG-010,MED-032,BATCH-0222230,455,2026-06-15,2031-06-15,2026-06-29
HOSP-BG-010,MED-032,BATCH-0224889,700,2026-06-29,2031-06-29,2026-06-29
HOSP-BG-010,MED-033,BATCH-0222231,146,2026-06-15,2031-06-15,2026-06-29
HOSP-BG-010,MED-033,BATCH-0224890,250,2026-06-29,2031-06-29,2026-06-29
HOSP-BG-010,MED-034,BATCH-0224891,50,2026-06-29,2028-06-28,2026-06-29
HOSP-BG-010,MED-035,BATCH-0220945,1,2026-06-08,2028-06-07,2026-06-29
HOSP-BG-010,MED-035,BATCH-0223598,21,2026-06-22,2028-06-21,2026-06-29
HOSP-BG-010,MED-036,BATCH-0222232,50,2026-06-15,2028-06-14,2026-06-29
HOSP-BG-010,MED-036,BATCH-0224892,300,2026-06-29,2028-06-28,2026-06-29
HOSP-BG-010,MED-037,BATCH-0222233,6,2026-06-15,2029-06-14,2026-06-29
HOSP-BG-010,MED-037,BATCH-0224893,90,2026-06-29,2029-06-28,2026-06-29
HOSP-BG-010,MED-038,BATCH-0222234,20,2026-06-15,2028-06-14,2026-06-29
HOSP-BG-010,MED-038,BATCH-0224894,100,2026-06-29,2028-06-28,2026-06-29
HOSP-BG-010,MED-039,BATCH-0222235,49,2026-06-15,2029-06-14,2026-06-29
HOSP-BG-010,MED-039,BATCH-0224895,70,2026-06-29,2029-06-28,2026-06-29
HOSP-BG-010,MED-040,BATCH-0223599,122,2026-06-22,2029-06-21,2026-06-29
HOSP-BG-010,MED-041,BATCH-0223600,487,2026-06-22,2028-06-21,2026-06-29
HOSP-BG-010,MED-042,BATCH-0222236,213,2026-06-15,2028-06-14,2026-06-29
HOSP-BG-010,MED-042,BATCH-0224896,282,2026-06-29,2028-06-28,2026-06-29
HOSP-BG-010,MED-043,BATCH-0222237,83,2026-06-15,2028-06-14,2026-06-29
HOSP-BG-010,MED-043,BATCH-0224897,251,2026-06-29,2028-06-28,2026-06-29
HOSP-BG-010,MED-044,BATCH-0222238,82,2026-06-15,2028-06-14,2026-06-29
HOSP-BG-010,MED-044,BATCH-0224898,377,2026-06-29,2028-06-28,2026-06-29
HOSP-BG-010,MED-045,BATCH-0222239,250,2026-06-15,2028-06-14,2026-06-29
HOSP-BG-010,MED-045,BATCH-0224899,1420,2026-06-29,2028-06-28,2026-06-29
HOSP-BG-010,MED-046,BATCH-0223601,170,2026-06-22,2027-12-21,2026-06-29
HOSP-BG-010,MED-047,BATCH-0223602,210,2026-06-22,2029-06-21,2026-06-29
HOSP-BG-010,MED-048,BATCH-0224900,95,2026-06-29,2028-06-28,2026-06-29
HOSP-BG-010,MED-049,BATCH-0220952,106,2026-06-08,2028-06-07,2026-06-29
HOSP-BG-010,MED-050,BATCH-0220953,3,2026-06-08,2028-06-07,2026-06-29
HOSP-BG-010,MED-050,BATCH-0223604,40,2026-06-22,2028-06-21,2026-06-29
HOSP-BG-010,MED-051,BATCH-0218436,26,2026-05-25,2028-05-24,2026-06-29
HOSP-BG-010,MED-051,BATCH-0223605,40,2026-06-22,2028-06-21,2026-06-29
HOSP-BG-010,MED-052,BATCH-0222241,32,2026-06-15,2028-06-14,2026-06-29
HOSP-BG-010,MED-052,BATCH-0223606,98,2026-06-22,2028-06-21,2026-06-29
HOSP-BG-010,MED-053,BATCH-0222242,41,2026-06-15,2028-06-14,2026-06-29
HOSP-BG-010,MED-053,BATCH-0224901,50,2026-06-29,2028-06-28,2026-06-29
HOSP-BG-010,MED-054,BATCH-0220954,3,2026-06-08,2028-06-07,2026-06-29
HOSP-BG-010,MED-054,BATCH-0223607,36,2026-06-22,2028-06-21,2026-06-29
HOSP-BG-010,MED-055,BATCH-0222243,30,2026-06-15,2029-06-14,2026-06-29
HOSP-BG-010,MED-056,BATCH-0220956,5,2026-06-08,2029-06-07,2026-06-29
HOSP-BG-010,MED-056,BATCH-0223608,25,2026-06-22,2029-06-21,2026-06-29
HOSP-BG-010,MED-057,BATCH-0223609,59,2026-06-22,2028-06-21,2026-06-29
HOSP-BG-010,MED-058,BATCH-0222244,32,2026-06-15,2028-06-14,2026-06-29
HOSP-BG-010,MED-058,BATCH-0224902,38,2026-06-29,2028-06-28,2026-06-29
HOSP-BG-010,MED-059,BATCH-0222245,25,2026-06-15,2028-06-14,2026-06-29
HOSP-BG-010,MED-059,BATCH-0224903,26,2026-06-29,2028-06-28,2026-06-29
HOSP-BG-010,MED-060,BATCH-0222246,3,2026-06-15,2028-06-14,2026-06-29
HOSP-BG-010,MED-060,BATCH-0224904,18,2026-06-29,2028-06-28,2026-06-29
HOSP-BG-010,MED-061,BATCH-0220958,2,2026-06-08,2028-06-07,2026-06-29
HOSP-BG-010,MED-061,BATCH-0223610,50,2026-06-22,2028-06-21,2026-06-29
HOSP-BG-010,MED-062,BATCH-0222247,11,2026-06-15,2029-06-14,2026-06-29
HOSP-BG-010,MED-062,BATCH-0224905,50,2026-06-29,2029-06-28,2026-06-29
HOSP-BG-010,MED-063,BATCH-0224906,30,2026-06-29,2028-06-28,2026-06-29
HOSP-BG-010,MED-064,BATCH-0223611,111,2026-06-22,2031-06-22,2026-06-29
HOSP-BG-010,MED-065,BATCH-0222249,97,2026-06-15,2026-07-15,2026-06-29
HOSP-BG-010,MED-066,BATCH-0223612,47,2026-06-22,2026-07-22,2026-06-29
HOSP-BG-010,MED-066,BATCH-0224907,130,2026-06-29,2026-07-29,2026-06-29
HOSP-BG-010,MED-067,BATCH-0222250,37,2026-06-15,2029-06-14,2026-06-29
HOSP-BG-010,MED-067,BATCH-0224908,89,2026-06-29,2029-06-28,2026-06-29
HOSP-BG-010,MED-068,BATCH-0222251,14,2026-06-15,2029-06-14,2026-06-29
HOSP-BG-010,MED-068,BATCH-0224909,22,2026-06-29,2029-06-28,2026-06-29
HOSP-BG-010,MED-069,BATCH-0222252,25,2026-06-15,2029-06-14,2026-06-29
HOSP-BG-010,MED-069,BATCH-0224910,40,2026-06-29,2029-06-28,2026-06-29
HOSP-BG-010,MED-070,BATCH-0220963,118,2026-06-08,2028-06-07,2026-06-29
HOSP-BG-010,MED-070,BATCH-0223613,300,2026-06-22,2028-06-21,2026-06-29
HOSP-BG-010,MED-071,BATCH-0223614,63,2026-06-22,2028-06-21,2026-06-29
HOSP-BG-010,MED-071,BATCH-0224911,70,2026-06-29,2028-06-28,2026-06-29
HOSP-BG-010,MED-072,BATCH-0223615,78,2026-06-22,2028-06-21,2026-06-29
HOSP-BG-010,MED-072,BATCH-0224912,85,2026-06-29,2028-06-28,2026-06-29
HOSP-BG-011,MED-001,BATCH-0221559,146,2026-06-13,2029-06-12,2026-06-29
HOSP-BG-011,MED-002,BATCH-0222883,17,2026-06-20,2028-06-19,2026-06-29
HOSP-BG-011,MED-003,BATCH-0221560,62,2026-06-14,2029-06-13,2026-06-29
HOSP-BG-011,MED-004,BATCH-0222884,30,2026-06-20,2028-06-19,2026-06-29
HOSP-BG-011,MED-005,BATCH-0220224,95,2026-06-08,2028-06-07,2026-06-29
HOSP-BG-011,MED-006,BATCH-0224218,73,2026-06-28,2028-06-27,2026-06-29
HOSP-BG-011,MED-007,BATCH-0224219,38,2026-06-29,2028-06-28,2026-06-29
HOSP-BG-011,MED-008,BATCH-0224220,98,2026-06-27,2029-06-26,2026-06-29
HOSP-BG-011,MED-009,BATCH-0224221,67,2026-06-28,2028-06-27,2026-06-29
HOSP-BG-011,MED-010,BATCH-0221564,16,2026-06-13,2029-06-12,2026-06-29
HOSP-BG-011,MED-010,BATCH-0224222,300,2026-06-28,2029-06-27,2026-06-29
HOSP-BG-011,MED-011,BATCH-0224223,99,2026-06-28,2029-06-27,2026-06-29
HOSP-BG-011,MED-012,BATCH-0222886,155,2026-06-21,2029-06-20,2026-06-29
HOSP-BG-011,MED-013,BATCH-0224224,39,2026-06-28,2028-06-27,2026-06-29
HOSP-BG-011,MED-014,BATCH-0222888,10,2026-06-20,2028-06-19,2026-06-29
HOSP-BG-011,MED-015,BATCH-0222889,6,2026-06-20,2028-06-19,2026-06-29
HOSP-BG-011,MED-015,BATCH-0224225,38,2026-06-27,2028-06-26,2026-06-29
HOSP-BG-011,MED-016,BATCH-0221566,33,2026-06-13,2028-06-12,2026-06-29
HOSP-BG-011,MED-017,BATCH-0143244,128,2025-03-16,2028-03-15,2026-06-29
HOSP-BG-011,MED-018,BATCH-0222890,16,2026-06-22,2028-06-21,2026-06-29
HOSP-BG-011,MED-019,BATCH-0222891,28,2026-06-22,2028-06-21,2026-06-29
HOSP-BG-011,MED-020,BATCH-0222892,5,2026-06-20,2028-06-19,2026-06-29
HOSP-BG-011,MED-021,BATCH-0222893,180,2026-06-22,2029-06-21,2026-06-29
HOSP-BG-011,MED-022,BATCH-0222894,197,2026-06-22,2029-06-21,2026-06-29
HOSP-BG-011,MED-023,BATCH-0221568,140,2026-06-15,2029-06-14,2026-06-29
HOSP-BG-011,MED-024,BATCH-0224226,10,2026-06-29,2028-06-28,2026-06-29
HOSP-BG-011,MED-025,BATCH-0218982,176,2026-05-30,2029-05-29,2026-06-29
HOSP-BG-011,MED-026,BATCH-0216815,148,2026-05-16,2029-05-15,2026-06-29
HOSP-BG-011,MED-027,BATCH-0220233,64,2026-06-07,2029-06-06,2026-06-29
HOSP-BG-011,MED-029,BATCH-0217841,117,2026-05-23,2029-05-22,2026-06-29
HOSP-BG-011,MED-030,BATCH-0224227,13,2026-06-29,2029-06-28,2026-06-29
HOSP-BG-011,MED-031,BATCH-0222896,107,2026-06-21,2031-06-21,2026-06-29
HOSP-BG-011,MED-032,BATCH-0224228,475,2026-06-29,2031-06-29,2026-06-29
HOSP-BG-011,MED-033,BATCH-0222897,196,2026-06-20,2031-06-20,2026-06-29
HOSP-BG-011,MED-034,BATCH-0224229,18,2026-06-29,2028-06-28,2026-06-29
HOSP-BG-011,MED-035,BATCH-0217846,4,2026-05-25,2028-05-24,2026-06-29
HOSP-BG-011,MED-036,BATCH-0221570,161,2026-06-15,2028-06-14,2026-06-29
HOSP-BG-011,MED-037,BATCH-0221571,6,2026-06-13,2029-06-12,2026-06-29
HOSP-BG-011,MED-037,BATCH-0224230,12,2026-06-29,2029-06-28,2026-06-29
HOSP-BG-011,MED-038,BATCH-0224231,18,2026-06-29,2028-06-28,2026-06-29
HOSP-BG-011,MED-039,BATCH-0222898,7,2026-06-20,2029-06-19,2026-06-29
HOSP-BG-011,MED-040,BATCH-0222899,29,2026-06-22,2029-06-21,2026-06-29
HOSP-BG-011,MED-041,BATCH-0221573,2,2026-06-15,2028-06-14,2026-06-29
HOSP-BG-011,MED-041,BATCH-0224232,6,2026-06-28,2028-06-27,2026-06-29
HOSP-BG-011,MED-042,BATCH-0217849,4,2026-05-23,2028-05-22,2026-06-29
HOSP-BG-011,MED-042,BATCH-0222900,5,2026-06-21,2028-06-20,2026-06-29
HOSP-BG-011,MED-043,BATCH-0208231,1,2026-03-23,2028-03-22,2026-06-29
HOSP-BG-011,MED-043,BATCH-0220238,5,2026-06-06,2028-06-05,2026-06-29
HOSP-BG-011,MED-044,BATCH-0208232,2,2026-03-21,2028-03-20,2026-06-29
HOSP-BG-011,MED-044,BATCH-0218986,6,2026-06-01,2028-05-31,2026-06-29
HOSP-BG-011,MED-045,BATCH-0220239,24,2026-06-08,2028-06-07,2026-06-29
HOSP-BG-011,MED-046,BATCH-0201380,3,2026-02-07,2027-08-08,2026-06-29
HOSP-BG-011,MED-046,BATCH-0218987,5,2026-06-01,2027-11-30,2026-06-29
HOSP-BG-011,MED-047,BATCH-0222901,50,2026-06-22,2029-06-21,2026-06-29
HOSP-BG-011,MED-049,BATCH-0220241,133,2026-06-06,2028-06-05,2026-06-29
HOSP-BG-011,MED-050,BATCH-0222903,19,2026-06-20,2028-06-19,2026-06-29
HOSP-BG-011,MED-051,BATCH-0218989,1,2026-06-01,2028-05-31,2026-06-29
HOSP-BG-011,MED-051,BATCH-0224233,10,2026-06-28,2028-06-27,2026-06-29
HOSP-BG-011,MED-052,BATCH-0222904,18,2026-06-22,2028-06-21,2026-06-29
HOSP-BG-011,MED-052,BATCH-0224234,27,2026-06-28,2028-06-27,2026-06-29
HOSP-BG-011,MED-053,BATCH-0222905,20,2026-06-21,2028-06-20,2026-06-29
HOSP-BG-011,MED-054,BATCH-0221575,5,2026-06-13,2028-06-12,2026-06-29
HOSP-BG-011,MED-055,BATCH-0224235,18,2026-06-28,2029-06-27,2026-06-29
HOSP-BG-011,MED-056,BATCH-0215670,9,2026-05-11,2029-05-10,2026-06-29
HOSP-BG-011,MED-057,BATCH-0222906,210,2026-06-21,2028-06-20,2026-06-29
HOSP-BG-011,MED-058,BATCH-0224236,213,2026-06-27,2028-06-26,2026-06-29
HOSP-BG-011,MED-059,BATCH-0224237,234,2026-06-28,2028-06-27,2026-06-29
HOSP-BG-011,MED-060,BATCH-0218992,1,2026-06-01,2028-05-31,2026-06-29
HOSP-BG-011,MED-060,BATCH-0224238,6,2026-06-28,2028-06-27,2026-06-29
HOSP-BG-011,MED-061,BATCH-0222908,9,2026-06-20,2028-06-19,2026-06-29
HOSP-BG-011,MED-062,BATCH-0224239,18,2026-06-28,2029-06-27,2026-06-29
HOSP-BG-011,MED-063,BATCH-0217854,1,2026-05-25,2028-05-24,2026-06-29
HOSP-BG-011,MED-063,BATCH-0224240,5,2026-06-28,2028-06-27,2026-06-29
HOSP-BG-011,MED-064,BATCH-0222909,29,2026-06-21,2031-06-21,2026-06-29
HOSP-BG-011,MED-067,BATCH-0221579,18,2026-06-14,2029-06-13,2026-06-29
HOSP-BG-011,MED-067,BATCH-0224242,44,2026-06-27,2029-06-26,2026-06-29
HOSP-BG-011,MED-069,BATCH-0222910,13,2026-06-21,2029-06-20,2026-06-29
HOSP-BG-011,MED-070,BATCH-0196493,83,2026-01-12,2028-01-12,2026-06-29
HOSP-BG-011,MED-070,BATCH-0217860,150,2026-05-23,2028-05-22,2026-06-29
HOSP-BG-011,MED-072,BATCH-0222912,5,2026-06-21,2028-06-20,2026-06-29
HOSP-BG-011,MED-072,BATCH-0224243,16,2026-06-28,2028-06-27,2026-06-29
HOSP-BG-012,MED-001,BATCH-0224244,657,2026-06-28,2029-06-27,2026-06-29
HOSP-BG-012,MED-002,BATCH-0224245,65,2026-06-27,2028-06-26,2026-06-29
HOSP-BG-012,MED-003,BATCH-0224246,641,2026-06-27,2029-06-26,2026-06-29
HOSP-BG-012,MED-004,BATCH-0222914,106,2026-06-21,2028-06-20,2026-06-29
HOSP-BG-012,MED-005,BATCH-0222915,287,2026-06-21,2028-06-20,2026-06-29
HOSP-BG-012,MED-006,BATCH-0224247,300,2026-06-28,2028-06-27,2026-06-29
HOSP-BG-012,MED-008,BATCH-0222918,92,2026-06-21,2029-06-20,2026-06-29
HOSP-BG-012,MED-009,BATCH-0224248,270,2026-06-27,2028-06-26,2026-06-29
HOSP-BG-012,MED-010,BATCH-0224249,660,2026-06-29,2029-06-28,2026-06-29
HOSP-BG-012,MED-011,BATCH-0224250,172,2026-06-27,2029-06-26,2026-06-29
HOSP-BG-012,MED-012,BATCH-0222920,21,2026-06-22,2029-06-21,2026-06-29
HOSP-BG-012,MED-013,BATCH-0222921,285,2026-06-20,2028-06-19,2026-06-29
HOSP-BG-012,MED-014,BATCH-0224251,717,2026-06-29,2028-06-28,2026-06-29
HOSP-BG-012,MED-015,BATCH-0222923,284,2026-06-22,2028-06-21,2026-06-29
HOSP-BG-012,MED-016,BATCH-0222924,23,2026-06-20,2028-06-19,2026-06-29
HOSP-BG-012,MED-017,BATCH-0207151,253,2026-03-14,2029-03-13,2026-06-29
HOSP-BG-012,MED-018,BATCH-0222925,22,2026-06-21,2028-06-20,2026-06-29
HOSP-BG-012,MED-019,BATCH-0222926,14,2026-06-20,2028-06-19,2026-06-29
HOSP-BG-012,MED-020,BATCH-0224252,69,2026-06-29,2028-06-28,2026-06-29
HOSP-BG-012,MED-021,BATCH-0220259,122,2026-06-06,2029-06-05,2026-06-29
HOSP-BG-012,MED-022,BATCH-0221590,192,2026-06-14,2029-06-13,2026-06-29
HOSP-BG-012,MED-023,BATCH-0221591,220,2026-06-13,2029-06-12,2026-06-29
HOSP-BG-012,MED-024,BATCH-0222928,5,2026-06-22,2028-06-21,2026-06-29
HOSP-BG-012,MED-024,BATCH-0224253,32,2026-06-29,2028-06-28,2026-06-29
HOSP-BG-012,MED-025,BATCH-0222929,372,2026-06-21,2029-06-20,2026-06-29
HOSP-BG-012,MED-026,BATCH-0221592,67,2026-06-13,2029-06-12,2026-06-29
HOSP-BG-012,MED-026,BATCH-0224254,500,2026-06-29,2029-06-28,2026-06-29
HOSP-BG-012,MED-027,BATCH-0224255,319,2026-06-28,2029-06-27,2026-06-29
HOSP-BG-012,MED-028,BATCH-0222930,60,2026-06-22,2029-06-21,2026-06-29
HOSP-BG-012,MED-029,BATCH-0224256,180,2026-06-28,2029-06-27,2026-06-29
HOSP-BG-012,MED-030,BATCH-0224257,274,2026-06-27,2029-06-26,2026-06-29
HOSP-BG-012,MED-031,BATCH-0222931,700,2026-06-22,2031-06-22,2026-06-29
HOSP-BG-012,MED-032,BATCH-0222932,1269,2026-06-20,2031-06-20,2026-06-29
HOSP-BG-012,MED-033,BATCH-0224258,845,2026-06-28,2031-06-28,2026-06-29
HOSP-BG-012,MED-034,BATCH-0222933,25,2026-06-20,2028-06-19,2026-06-29
HOSP-BG-012,MED-035,BATCH-0222934,4,2026-06-22,2028-06-21,2026-06-29
HOSP-BG-012,MED-036,BATCH-0222935,109,2026-06-21,2028-06-20,2026-06-29
HOSP-BG-012,MED-037,BATCH-0221596,22,2026-06-14,2029-06-13,2026-06-29
HOSP-BG-012,MED-039,BATCH-0224259,49,2026-06-28,2029-06-27,2026-06-29
HOSP-BG-012,MED-040,BATCH-0224260,178,2026-06-27,2029-06-26,2026-06-29
HOSP-BG-012,MED-041,BATCH-0224261,8,2026-06-28,2028-06-27,2026-06-29
HOSP-BG-012,MED-042,BATCH-0222936,4,2026-06-21,2028-06-20,2026-06-29
HOSP-BG-012,MED-043,BATCH-0224262,7,2026-06-28,2028-06-27,2026-06-29
HOSP-BG-012,MED-044,BATCH-0221601,2,2026-06-15,2028-06-14,2026-06-29
HOSP-BG-012,MED-044,BATCH-0224263,6,2026-06-29,2028-06-28,2026-06-29
HOSP-BG-012,MED-045,BATCH-0222937,26,2026-06-21,2028-06-20,2026-06-29
HOSP-BG-012,MED-046,BATCH-0224264,7,2026-06-29,2027-12-28,2026-06-29
HOSP-BG-012,MED-047,BATCH-0224265,234,2026-06-29,2029-06-28,2026-06-29
HOSP-BG-012,MED-048,BATCH-0224266,24,2026-06-28,2028-06-27,2026-06-29
HOSP-BG-012,MED-049,BATCH-0224267,261,2026-06-28,2028-06-27,2026-06-29
HOSP-BG-012,MED-050,BATCH-0221605,2,2026-06-14,2028-06-13,2026-06-29
HOSP-BG-012,MED-050,BATCH-0224268,50,2026-06-28,2028-06-27,2026-06-29
HOSP-BG-012,MED-051,BATCH-0222939,32,2026-06-20,2028-06-19,2026-06-29
HOSP-BG-012,MED-053,BATCH-0222941,12,2026-06-20,2028-06-19,2026-06-29
HOSP-BG-012,MED-054,BATCH-0221607,8,2026-06-14,2028-06-13,2026-06-29
HOSP-BG-012,MED-054,BATCH-0224269,32,2026-06-28,2028-06-27,2026-06-29
HOSP-BG-012,MED-055,BATCH-0221608,25,2026-06-13,2029-06-12,2026-06-29
HOSP-BG-012,MED-056,BATCH-0222942,2,2026-06-21,2029-06-20,2026-06-29
HOSP-BG-012,MED-057,BATCH-0222943,26,2026-06-21,2028-06-20,2026-06-29
HOSP-BG-012,MED-058,BATCH-0224270,35,2026-06-28,2028-06-27,2026-06-29
HOSP-BG-012,MED-059,BATCH-0224271,36,2026-06-29,2028-06-28,2026-06-29
HOSP-BG-012,MED-061,BATCH-0222945,89,2026-06-20,2028-06-19,2026-06-29
HOSP-BG-012,MED-062,BATCH-0224272,29,2026-06-29,2029-06-28,2026-06-29
HOSP-BG-012,MED-063,BATCH-0222947,2,2026-06-22,2028-06-21,2026-06-29
HOSP-BG-012,MED-064,BATCH-0224273,804,2026-06-29,2031-06-29,2026-06-29
HOSP-BG-012,MED-065,BATCH-0224274,96,2026-06-27,2026-07-27,2026-06-29
HOSP-BG-012,MED-066,BATCH-0222949,23,2026-06-21,2026-07-21,2026-06-29
HOSP-BG-012,MED-067,BATCH-0224275,239,2026-06-29,2029-06-28,2026-06-29
HOSP-BG-012,MED-068,BATCH-0222950,15,2026-06-22,2029-06-21,2026-06-29
HOSP-BG-012,MED-069,BATCH-0222951,92,2026-06-22,2029-06-21,2026-06-29
HOSP-BG-012,MED-070,BATCH-0219025,122,2026-05-31,2028-05-30,2026-06-29
HOSP-BG-012,MED-071,BATCH-0222952,37,2026-06-22,2028-06-21,2026-06-29
HOSP-BG-012,MED-072,BATCH-0222953,27,2026-06-21,2028-06-20,2026-06-29
HOSP-BG-013,MED-001,BATCH-0224276,2285,2026-06-27,2029-06-26,2026-06-29
HOSP-BG-013,MED-002,BATCH-0224277,328,2026-06-29,2028-06-28,2026-06-29
HOSP-BG-013,MED-003,BATCH-0224278,952,2026-06-28,2029-06-27,2026-06-29
HOSP-BG-013,MED-004,BATCH-0224279,300,2026-06-27,2028-06-26,2026-06-29
HOSP-BG-013,MED-005,BATCH-0222955,556,2026-06-21,2028-06-20,2026-06-29
HOSP-BG-013,MED-006,BATCH-0224280,509,2026-06-28,2028-06-27,2026-06-29
HOSP-BG-013,MED-007,BATCH-0224281,462,2026-06-27,2028-06-26,2026-06-29
HOSP-BG-013,MED-009,BATCH-0222957,251,2026-06-22,2028-06-21,2026-06-29
HOSP-BG-013,MED-010,BATCH-0222958,30,2026-06-20,2029-06-19,2026-06-29
HOSP-BG-013,MED-013,BATCH-0224282,699,2026-06-28,2028-06-27,2026-06-29
HOSP-BG-013,MED-014,BATCH-0224283,1178,2026-06-28,2028-06-27,2026-06-29
HOSP-BG-013,MED-015,BATCH-0222962,290,2026-06-20,2028-06-19,2026-06-29
HOSP-BG-013,MED-016,BATCH-0222963,41,2026-06-20,2028-06-19,2026-06-29
HOSP-BG-013,MED-016,BATCH-0224284,240,2026-06-27,2028-06-26,2026-06-29
HOSP-BG-013,MED-017,BATCH-0220298,122,2026-06-06,2029-06-05,2026-06-29
HOSP-BG-013,MED-018,BATCH-0224285,228,2026-06-27,2028-06-26,2026-06-29
HOSP-BG-013,MED-019,BATCH-0224286,209,2026-06-27,2028-06-26,2026-06-29
HOSP-BG-013,MED-020,BATCH-0222964,142,2026-06-20,2028-06-19,2026-06-29
HOSP-BG-013,MED-021,BATCH-0222965,432,2026-06-22,2029-06-21,2026-06-29
HOSP-BG-013,MED-022,BATCH-0224287,1221,2026-06-27,2029-06-26,2026-06-29
HOSP-BG-013,MED-023,BATCH-0224913,64,2026-05-18,2029-05-17,2026-06-29
HOSP-BG-013,MED-024,BATCH-0219031,2,2026-06-01,2028-05-31,2026-06-29
HOSP-BG-013,MED-024,BATCH-0221626,208,2026-06-15,2028-06-14,2026-06-29
HOSP-BG-013,MED-025,BATCH-0222966,238,2026-06-21,2029-06-20,2026-06-29
HOSP-BG-013,MED-026,BATCH-0222967,696,2026-06-20,2029-06-19,2026-06-29
HOSP-BG-013,MED-027,BATCH-0222968,127,2026-06-20,2029-06-19,2026-06-29
HOSP-BG-013,MED-028,BATCH-0224288,455,2026-06-29,2029-06-28,2026-06-29
HOSP-BG-013,MED-030,BATCH-0224289,193,2026-06-27,2029-06-26,2026-06-29
HOSP-BG-013,MED-031,BATCH-0222970,1421,2026-06-21,2031-06-21,2026-06-29
HOSP-BG-013,MED-032,BATCH-0222971,1145,2026-06-22,2031-06-22,2026-06-29
HOSP-BG-013,MED-033,BATCH-0224290,1036,2026-06-28,2031-06-28,2026-06-29
HOSP-BG-013,MED-034,BATCH-0224291,151,2026-06-29,2028-06-28,2026-06-29
HOSP-BG-013,MED-035,BATCH-0224292,62,2026-06-27,2028-06-26,2026-06-29
HOSP-BG-013,MED-036,BATCH-0224293,1616,2026-06-29,2028-06-28,2026-06-29
HOSP-BG-013,MED-037,BATCH-0222972,114,2026-06-22,2029-06-21,2026-06-29
HOSP-BG-013,MED-039,BATCH-0224294,228,2026-06-28,2029-06-27,2026-06-29
HOSP-BG-013,MED-040,BATCH-0222973,58,2026-06-21,2029-06-20,2026-06-29
HOSP-BG-013,MED-041,BATCH-0221633,11,2026-06-13,2028-06-12,2026-06-29
HOSP-BG-013,MED-041,BATCH-0224295,33,2026-06-28,2028-06-27,2026-06-29
HOSP-BG-013,MED-042,BATCH-0222974,12,2026-06-21,2028-06-20,2026-06-29
HOSP-BG-013,MED-043,BATCH-0222975,12,2026-06-21,2028-06-20,2026-06-29
HOSP-BG-013,MED-044,BATCH-0222976,6,2026-06-22,2028-06-21,2026-06-29
HOSP-BG-013,MED-045,BATCH-0224296,72,2026-06-28,2028-06-27,2026-06-29
HOSP-BG-013,MED-046,BATCH-0220312,5,2026-06-07,2027-12-06,2026-06-29
HOSP-BG-013,MED-046,BATCH-0224297,10,2026-06-29,2027-12-28,2026-06-29
HOSP-BG-013,MED-047,BATCH-0222977,18,2026-06-22,2029-06-21,2026-06-29
HOSP-BG-013,MED-048,BATCH-0222978,48,2026-06-21,2028-06-20,2026-06-29
HOSP-BG-013,MED-048,BATCH-0224298,211,2026-06-28,2028-06-27,2026-06-29
HOSP-BG-013,MED-049,BATCH-0222979,83,2026-06-21,2028-06-20,2026-06-29
HOSP-BG-013,MED-051,BATCH-0224299,174,2026-06-28,2028-06-27,2026-06-29
HOSP-BG-013,MED-052,BATCH-0224300,142,2026-06-29,2028-06-28,2026-06-29
HOSP-BG-013,MED-053,BATCH-0222980,189,2026-06-22,2028-06-21,2026-06-29
HOSP-BG-013,MED-054,BATCH-0224301,164,2026-06-29,2028-06-28,2026-06-29
HOSP-BG-013,MED-055,BATCH-0222981,114,2026-06-22,2029-06-21,2026-06-29
HOSP-BG-013,MED-056,BATCH-0222982,52,2026-06-20,2029-06-19,2026-06-29
HOSP-BG-013,MED-057,BATCH-0222983,29,2026-06-21,2028-06-20,2026-06-29
HOSP-BG-013,MED-058,BATCH-0222984,41,2026-06-20,2028-06-19,2026-06-29
HOSP-BG-013,MED-060,BATCH-0224302,39,2026-06-27,2028-06-26,2026-06-29
HOSP-BG-013,MED-061,BATCH-0224303,78,2026-06-27,2028-06-26,2026-06-29
HOSP-BG-013,MED-062,BATCH-0224304,86,2026-06-28,2029-06-27,2026-06-29
HOSP-BG-013,MED-063,BATCH-0224305,48,2026-06-29,2028-06-28,2026-06-29
HOSP-BG-013,MED-064,BATCH-0222986,26,2026-06-20,2031-06-20,2026-06-29
HOSP-BG-013,MED-065,BATCH-0224306,100,2026-06-28,2026-07-28,2026-06-29
HOSP-BG-013,MED-066,BATCH-0222987,5,2026-06-22,2026-07-22,2026-06-29
HOSP-BG-013,MED-067,BATCH-0224307,314,2026-06-27,2029-06-26,2026-06-29
HOSP-BG-013,MED-068,BATCH-0224308,71,2026-06-28,2029-06-27,2026-06-29
HOSP-BG-013,MED-069,BATCH-0222988,82,2026-06-21,2029-06-20,2026-06-29
HOSP-BG-013,MED-070,BATCH-0222989,94,2026-06-21,2028-06-20,2026-06-29
HOSP-BG-013,MED-070,BATCH-0224309,300,2026-06-27,2028-06-26,2026-06-29
HOSP-BG-013,MED-071,BATCH-0222990,56,2026-06-21,2028-06-20,2026-06-29
HOSP-BG-013,MED-072,BATCH-0222991,89,2026-06-20,2028-06-19,2026-06-29
HOSP-BG-014,MED-002,BATCH-0224310,220,2026-06-29,2028-06-28,2026-06-29
HOSP-BG-014,MED-003,BATCH-0224311,686,2026-06-27,2029-06-26,2026-06-29
HOSP-BG-014,MED-004,BATCH-0224312,200,2026-06-27,2028-06-26,2026-06-29
HOSP-BG-014,MED-005,BATCH-0221648,157,2026-06-14,2028-06-13,2026-06-29
HOSP-BG-014,MED-006,BATCH-0222993,21,2026-06-22,2028-06-21,2026-06-29
HOSP-BG-014,MED-007,BATCH-0224313,290,2026-06-27,2028-06-26,2026-06-29
HOSP-BG-014,MED-008,BATCH-0224314,385,2026-06-28,2029-06-27,2026-06-29
HOSP-BG-014,MED-009,BATCH-0222995,54,2026-06-21,2028-06-20,2026-06-29
HOSP-BG-014,MED-009,BATCH-0224315,317,2026-06-27,2028-06-26,2026-06-29
HOSP-BG-014,MED-010,BATCH-0222996,207,2026-06-22,2029-06-21,2026-06-29
HOSP-BG-014,MED-011,BATCH-0222997,31,2026-06-20,2029-06-19,2026-06-29
HOSP-BG-014,MED-011,BATCH-0224316,850,2026-06-28,2029-06-27,2026-06-29
HOSP-BG-014,MED-012,BATCH-0222998,6,2026-06-22,2029-06-21,2026-06-29
HOSP-BG-014,MED-013,BATCH-0222999,139,2026-06-22,2028-06-21,2026-06-29
HOSP-BG-014,MED-014,BATCH-0223000,291,2026-06-20,2028-06-19,2026-06-29
HOSP-BG-014,MED-015,BATCH-0224317,276,2026-06-27,2028-06-26,2026-06-29
HOSP-BG-014,MED-016,BATCH-0223002,28,2026-06-22,2028-06-21,2026-06-29
HOSP-BG-014,MED-017,BATCH-0220339,237,2026-06-08,2029-06-07,2026-06-29
HOSP-BG-014,MED-018,BATCH-0223003,38,2026-06-22,2028-06-21,2026-06-29
HOSP-BG-014,MED-019,BATCH-0220340,103,2026-06-07,2028-06-06,2026-06-29
HOSP-BG-014,MED-020,BATCH-0223004,51,2026-06-21,2028-06-20,2026-06-29
HOSP-BG-014,MED-020,BATCH-0224318,151,2026-06-27,2028-06-26,2026-06-29
HOSP-BG-014,MED-021,BATCH-0223005,413,2026-06-20,2029-06-19,2026-06-29
HOSP-BG-014,MED-022,BATCH-0221654,47,2026-06-15,2029-06-14,2026-06-29
HOSP-BG-014,MED-023,BATCH-0224319,898,2026-06-29,2029-06-28,2026-06-29
HOSP-BG-014,MED-024,BATCH-0223006,23,2026-06-21,2028-06-20,2026-06-29
HOSP-BG-014,MED-024,BATCH-0224320,97,2026-06-27,2028-06-26,2026-06-29
HOSP-BG-014,MED-025,BATCH-0224321,464,2026-06-28,2029-06-27,2026-06-29
HOSP-BG-014,MED-026,BATCH-0224322,973,2026-06-27,2029-06-26,2026-06-29
HOSP-BG-014,MED-027,BATCH-0223007,191,2026-06-22,2029-06-21,2026-06-29
HOSP-BG-014,MED-028,BATCH-0224323,193,2026-06-27,2029-06-26,2026-06-29
HOSP-BG-014,MED-029,BATCH-0224324,360,2026-06-29,2029-06-28,2026-06-29
HOSP-BG-014,MED-030,BATCH-0224325,144,2026-06-28,2029-06-27,2026-06-29
HOSP-BG-014,MED-031,BATCH-0224326,920,2026-06-28,2031-06-28,2026-06-29
HOSP-BG-014,MED-032,BATCH-0223008,758,2026-06-20,2031-06-20,2026-06-29
HOSP-BG-014,MED-033,BATCH-0221659,146,2026-06-14,2031-06-14,2026-06-29
HOSP-BG-014,MED-033,BATCH-0224327,500,2026-06-28,2031-06-28,2026-06-29
HOSP-BG-014,MED-034,BATCH-0223009,57,2026-06-20,2028-06-19,2026-06-29
HOSP-BG-014,MED-035,BATCH-0224328,36,2026-06-28,2028-06-27,2026-06-29
HOSP-BG-014,MED-036,BATCH-0224329,811,2026-06-29,2028-06-28,2026-06-29
HOSP-BG-014,MED-037,BATCH-0224914,4,2026-05-25,2029-05-24,2026-06-29
HOSP-BG-014,MED-038,BATCH-0223011,67,2026-06-20,2028-06-19,2026-06-29
HOSP-BG-014,MED-039,BATCH-0221661,15,2026-06-13,2029-06-12,2026-06-29
HOSP-BG-014,MED-039,BATCH-0224330,180,2026-06-29,2029-06-28,2026-06-29
HOSP-BG-014,MED-040,BATCH-0223012,64,2026-06-22,2029-06-21,2026-06-29
HOSP-BG-014,MED-041,BATCH-0224331,9,2026-06-27,2028-06-26,2026-06-29
HOSP-BG-014,MED-042,BATCH-0224332,13,2026-06-29,2028-06-28,2026-06-29
HOSP-BG-014,MED-043,BATCH-0223013,5,2026-06-21,2028-06-20,2026-06-29
HOSP-BG-014,MED-044,BATCH-0221663,2,2026-06-14,2028-06-13,2026-06-29
HOSP-BG-014,MED-044,BATCH-0224333,9,2026-06-27,2028-06-26,2026-06-29
HOSP-BG-014,MED-045,BATCH-0223014,27,2026-06-22,2028-06-21,2026-06-29
HOSP-BG-014,MED-046,BATCH-0223015,6,2026-06-20,2027-12-19,2026-06-29
HOSP-BG-014,MED-048,BATCH-0224334,143,2026-06-28,2028-06-27,2026-06-29
HOSP-BG-014,MED-049,BATCH-0223018,58,2026-06-22,2028-06-21,2026-06-29
HOSP-BG-014,MED-050,BATCH-0221664,2,2026-06-14,2028-06-13,2026-06-29
HOSP-BG-014,MED-050,BATCH-0224335,170,2026-06-28,2028-06-27,2026-06-29
HOSP-BG-014,MED-051,BATCH-0224336,103,2026-06-28,2028-06-27,2026-06-29
HOSP-BG-014,MED-052,BATCH-0223019,86,2026-06-22,2028-06-21,2026-06-29
HOSP-BG-014,MED-053,BATCH-0224337,225,2026-06-29,2028-06-28,2026-06-29
HOSP-BG-014,MED-054,BATCH-0223020,60,2026-06-20,2028-06-19,2026-06-29
HOSP-BG-014,MED-055,BATCH-0224338,66,2026-06-28,2029-06-27,2026-06-29
HOSP-BG-014,MED-056,BATCH-0223021,17,2026-06-21,2029-06-20,2026-06-29
HOSP-BG-014,MED-057,BATCH-0223022,28,2026-06-20,2028-06-19,2026-06-29
HOSP-BG-014,MED-057,BATCH-0224339,51,2026-06-28,2028-06-27,2026-06-29
HOSP-BG-014,MED-058,BATCH-0224340,33,2026-06-27,2028-06-26,2026-06-29
HOSP-BG-014,MED-059,BATCH-0223023,24,2026-06-22,2028-06-21,2026-06-29
HOSP-BG-014,MED-060,BATCH-0223024,20,2026-06-20,2028-06-19,2026-06-29
HOSP-BG-014,MED-061,BATCH-0224341,57,2026-06-27,2028-06-26,2026-06-29
HOSP-BG-014,MED-062,BATCH-0224342,52,2026-06-29,2029-06-28,2026-06-29
HOSP-BG-014,MED-063,BATCH-0223025,4,2026-06-20,2028-06-19,2026-06-29
HOSP-BG-014,MED-064,BATCH-0224343,201,2026-06-29,2031-06-29,2026-06-29
HOSP-BG-014,MED-065,BATCH-0224344,51,2026-06-27,2026-07-27,2026-06-29
HOSP-BG-014,MED-066,BATCH-0224345,27,2026-06-27,2026-07-27,2026-06-29
HOSP-BG-014,MED-067,BATCH-0223026,49,2026-06-22,2029-06-21,2026-06-29
HOSP-BG-014,MED-068,BATCH-0224346,10,2026-06-28,2029-06-27,2026-06-29
HOSP-BG-014,MED-069,BATCH-0223028,44,2026-06-21,2029-06-20,2026-06-29
HOSP-BG-014,MED-070,BATCH-0223029,169,2026-06-21,2028-06-20,2026-06-29
HOSP-BG-014,MED-071,BATCH-0223030,34,2026-06-21,2028-06-20,2026-06-29
HOSP-BG-014,MED-072,BATCH-0223031,6,2026-06-22,2028-06-21,2026-06-29
HOSP-BG-015,MED-001,BATCH-0224347,1282,2026-06-27,2029-06-26,2026-06-29
HOSP-BG-015,MED-002,BATCH-0224348,228,2026-06-28,2028-06-27,2026-06-29
HOSP-BG-015,MED-004,BATCH-0224349,217,2026-06-28,2028-06-27,2026-06-29
HOSP-BG-015,MED-005,BATCH-0224350,903,2026-06-28,2028-06-27,2026-06-29
HOSP-BG-015,MED-006,BATCH-0223033,258,2026-06-21,2028-06-20,2026-06-29
HOSP-BG-015,MED-007,BATCH-0224351,185,2026-06-27,2028-06-26,2026-06-29
HOSP-BG-015,MED-009,BATCH-0224352,337,2026-06-28,2028-06-27,2026-06-29
HOSP-BG-015,MED-010,BATCH-0223035,226,2026-06-22,2029-06-21,2026-06-29
HOSP-BG-015,MED-011,BATCH-0224353,603,2026-06-28,2029-06-27,2026-06-29
HOSP-BG-015,MED-013,BATCH-0223038,17,2026-06-22,2028-06-21,2026-06-29
HOSP-BG-015,MED-013,BATCH-0224354,414,2026-06-27,2028-06-26,2026-06-29
HOSP-BG-015,MED-014,BATCH-0223039,298,2026-06-21,2028-06-20,2026-06-29
HOSP-BG-015,MED-016,BATCH-0220381,14,2026-06-08,2028-06-07,2026-06-29
HOSP-BG-015,MED-016,BATCH-0224355,168,2026-06-29,2028-06-28,2026-06-29
HOSP-BG-015,MED-017,BATCH-0219089,229,2026-05-31,2029-05-30,2026-06-29
HOSP-BG-015,MED-018,BATCH-0223040,64,2026-06-20,2028-06-19,2026-06-29
HOSP-BG-015,MED-019,BATCH-0223041,70,2026-06-21,2028-06-20,2026-06-29
HOSP-BG-015,MED-020,BATCH-0224356,76,2026-06-27,2028-06-26,2026-06-29
HOSP-BG-015,MED-021,BATCH-0221685,133,2026-06-13,2029-06-12,2026-06-29
HOSP-BG-015,MED-022,BATCH-0223042,312,2026-06-22,2029-06-21,2026-06-29
HOSP-BG-015,MED-023,BATCH-0223043,386,2026-06-22,2029-06-21,2026-06-29
HOSP-BG-015,MED-024,BATCH-0220387,23,2026-06-08,2028-06-07,2026-06-29
HOSP-BG-015,MED-024,BATCH-0223044,94,2026-06-20,2028-06-19,2026-06-29
HOSP-BG-015,MED-025,BATCH-0223045,280,2026-06-21,2029-06-20,2026-06-29
HOSP-BG-015,MED-026,BATCH-0224357,730,2026-06-27,2029-06-26,2026-06-29
HOSP-BG-015,MED-028,BATCH-0223047,2,2026-06-20,2029-06-19,2026-06-29
HOSP-BG-015,MED-028,BATCH-0224358,250,2026-06-28,2029-06-27,2026-06-29
HOSP-BG-015,MED-029,BATCH-0224359,414,2026-06-27,2029-06-26,2026-06-29
HOSP-BG-015,MED-030,BATCH-0223048,48,2026-06-21,2029-06-20,2026-06-29
HOSP-BG-015,MED-030,BATCH-0224360,179,2026-06-29,2029-06-28,2026-06-29
HOSP-BG-015,MED-031,BATCH-0223049,523,2026-06-20,2031-06-20,2026-06-29
HOSP-BG-015,MED-032,BATCH-0223050,728,2026-06-20,2031-06-20,2026-06-29
HOSP-BG-015,MED-033,BATCH-0223051,549,2026-06-22,2031-06-22,2026-06-29
HOSP-BG-015,MED-034,BATCH-0224361,102,2026-06-29,2028-06-28,2026-06-29
HOSP-BG-015,MED-035,BATCH-0224362,58,2026-06-28,2028-06-27,2026-06-29
HOSP-BG-015,MED-036,BATCH-0223052,293,2026-06-20,2028-06-19,2026-06-29
HOSP-BG-015,MED-037,BATCH-0224363,79,2026-06-28,2029-06-27,2026-06-29
HOSP-BG-015,MED-038,BATCH-0223053,87,2026-06-21,2028-06-20,2026-06-29
HOSP-BG-015,MED-039,BATCH-0223054,27,2026-06-20,2029-06-19,2026-06-29
HOSP-BG-015,MED-040,BATCH-0224364,90,2026-06-29,2029-06-28,2026-06-29
HOSP-BG-015,MED-041,BATCH-0223055,14,2026-06-21,2028-06-20,2026-06-29
HOSP-BG-015,MED-042,BATCH-0223056,1,2026-06-22,2028-06-21,2026-06-29
HOSP-BG-015,MED-043,BATCH-0224365,8,2026-06-28,2028-06-27,2026-06-29
HOSP-BG-015,MED-044,BATCH-0224366,5,2026-06-29,2028-06-28,2026-06-29
HOSP-BG-015,MED-045,BATCH-0219101,25,2026-06-01,2028-05-31,2026-06-29
HOSP-BG-015,MED-045,BATCH-0224367,80,2026-06-27,2028-06-26,2026-06-29
HOSP-BG-015,MED-046,BATCH-0224368,3,2026-06-28,2027-12-27,2026-06-29
HOSP-BG-015,MED-047,BATCH-0223057,119,2026-06-21,2029-06-20,2026-06-29
HOSP-BG-015,MED-048,BATCH-0221696,11,2026-06-15,2028-06-14,2026-06-29
HOSP-BG-015,MED-048,BATCH-0224369,183,2026-06-27,2028-06-26,2026-06-29
HOSP-BG-015,MED-049,BATCH-0224370,360,2026-06-28,2028-06-27,2026-06-29
HOSP-BG-015,MED-050,BATCH-0224371,163,2026-06-27,2028-06-26,2026-06-29
HOSP-BG-015,MED-051,BATCH-0223058,50,2026-06-20,2028-06-19,2026-06-29
HOSP-BG-015,MED-052,BATCH-0223059,115,2026-06-20,2028-06-19,2026-06-29
HOSP-BG-015,MED-053,BATCH-0223060,89,2026-06-22,2028-06-21,2026-06-29
HOSP-BG-015,MED-054,BATCH-0223061,36,2026-06-21,2028-06-20,2026-06-29
HOSP-BG-015,MED-055,BATCH-0224372,70,2026-06-27,2029-06-26,2026-06-29
HOSP-BG-015,MED-057,BATCH-0223062,34,2026-06-22,2028-06-21,2026-06-29
HOSP-BG-015,MED-058,BATCH-0223063,28,2026-06-22,2028-06-21,2026-06-29
HOSP-BG-015,MED-059,BATCH-0221702,2,2026-06-13,2028-06-12,2026-06-29
HOSP-BG-015,MED-059,BATCH-0224373,32,2026-06-29,2028-06-28,2026-06-29
HOSP-BG-015,MED-060,BATCH-0223064,8,2026-06-21,2028-06-20,2026-06-29
HOSP-BG-015,MED-061,BATCH-0224374,54,2026-06-27,2028-06-26,2026-06-29
HOSP-BG-015,MED-062,BATCH-0224375,61,2026-06-27,2029-06-26,2026-06-29
HOSP-BG-015,MED-063,BATCH-0223065,7,2026-06-20,2028-06-19,2026-06-29
HOSP-BG-015,MED-064,BATCH-0224376,226,2026-06-27,2031-06-27,2026-06-29
HOSP-BG-015,MED-065,BATCH-0224377,70,2026-06-28,2026-07-28,2026-06-29
HOSP-BG-015,MED-066,BATCH-0224378,43,2026-06-28,2026-07-28,2026-06-29
HOSP-BG-015,MED-067,BATCH-0223066,82,2026-06-22,2029-06-21,2026-06-29
HOSP-BG-015,MED-068,BATCH-0223067,46,2026-06-21,2029-06-20,2026-06-29
HOSP-BG-015,MED-069,BATCH-0223068,28,2026-06-21,2029-06-20,2026-06-29
HOSP-BG-015,MED-070,BATCH-0221708,252,2026-06-13,2028-06-12,2026-06-29
HOSP-BG-015,MED-071,BATCH-0223069,31,2026-06-21,2028-06-20,2026-06-29
HOSP-BG-016,MED-001,BATCH-0221710,140,2026-06-14,2029-06-13,2026-06-29
HOSP-BG-016,MED-002,BATCH-0223071,8,2026-06-21,2028-06-20,2026-06-29
HOSP-BG-016,MED-003,BATCH-0223072,293,2026-06-22,2029-06-21,2026-06-29
HOSP-BG-016,MED-004,BATCH-0223073,50,2026-06-21,2028-06-20,2026-06-29
HOSP-BG-016,MED-005,BATCH-0223074,146,2026-06-22,2028-06-21,2026-06-29
HOSP-BG-016,MED-006,BATCH-0224379,89,2026-06-28,2028-06-27,2026-06-29
HOSP-BG-016,MED-007,BATCH-0223075,4,2026-06-20,2028-06-19,2026-06-29
HOSP-BG-016,MED-007,BATCH-0224380,81,2026-06-27,2028-06-26,2026-06-29
HOSP-BG-016,MED-008,BATCH-0224381,55,2026-06-28,2029-06-27,2026-06-29
HOSP-BG-016,MED-009,BATCH-0223076,32,2026-06-20,2028-06-19,2026-06-29
HOSP-BG-016,MED-009,BATCH-0224382,86,2026-06-28,2028-06-27,2026-06-29
HOSP-BG-016,MED-010,BATCH-0223077,48,2026-06-20,2029-06-19,2026-06-29
HOSP-BG-016,MED-011,BATCH-0223078,48,2026-06-22,2029-06-21,2026-06-29
HOSP-BG-016,MED-011,BATCH-0224383,250,2026-06-28,2029-06-27,2026-06-29
HOSP-BG-016,MED-012,BATCH-0224384,180,2026-06-29,2029-06-28,2026-06-29
HOSP-BG-016,MED-013,BATCH-0224385,56,2026-06-29,2028-06-28,2026-06-29
HOSP-BG-016,MED-014,BATCH-0224386,131,2026-06-28,2028-06-27,2026-06-29
HOSP-BG-016,MED-016,BATCH-0223081,21,2026-06-21,2028-06-20,2026-06-29
HOSP-BG-016,MED-017,BATCH-0223082,175,2026-06-22,2029-06-21,2026-06-29
HOSP-BG-016,MED-018,BATCH-0223083,31,2026-06-22,2028-06-21,2026-06-29
HOSP-BG-016,MED-019,BATCH-0224387,48,2026-06-28,2028-06-27,2026-06-29
HOSP-BG-016,MED-020,BATCH-0223084,9,2026-06-22,2028-06-21,2026-06-29
HOSP-BG-016,MED-021,BATCH-0223085,252,2026-06-21,2029-06-20,2026-06-29
HOSP-BG-016,MED-022,BATCH-0224388,149,2026-06-29,2029-06-28,2026-06-29
HOSP-BG-016,MED-023,BATCH-0220424,15,2026-06-08,2029-06-07,2026-06-29
HOSP-BG-016,MED-023,BATCH-0224389,400,2026-06-27,2029-06-26,2026-06-29
HOSP-BG-016,MED-024,BATCH-0224390,33,2026-06-28,2028-06-27,2026-06-29
HOSP-BG-016,MED-025,BATCH-0220426,7,2026-06-08,2029-06-07,2026-06-29
HOSP-BG-016,MED-025,BATCH-0224391,200,2026-06-28,2029-06-27,2026-06-29
HOSP-BG-016,MED-026,BATCH-0224392,198,2026-06-28,2029-06-27,2026-06-29
HOSP-BG-016,MED-027,BATCH-0224393,384,2026-06-29,2029-06-28,2026-06-29
HOSP-BG-016,MED-028,BATCH-0224394,59,2026-06-29,2029-06-28,2026-06-29
HOSP-BG-016,MED-029,BATCH-0223086,180,2026-06-20,2029-06-19,2026-06-29
HOSP-BG-016,MED-030,BATCH-0223087,41,2026-06-20,2029-06-19,2026-06-29
HOSP-BG-016,MED-031,BATCH-0221727,21,2026-06-13,2031-06-13,2026-06-29
HOSP-BG-016,MED-031,BATCH-0224395,450,2026-06-28,2031-06-28,2026-06-29
HOSP-BG-016,MED-032,BATCH-0221728,84,2026-06-14,2031-06-14,2026-06-29
HOSP-BG-016,MED-032,BATCH-0224396,500,2026-06-29,2031-06-29,2026-06-29
HOSP-BG-016,MED-033,BATCH-0223088,86,2026-06-21,2031-06-21,2026-06-29
HOSP-BG-016,MED-034,BATCH-0221729,5,2026-06-14,2028-06-13,2026-06-29
HOSP-BG-016,MED-034,BATCH-0224397,40,2026-06-27,2028-06-26,2026-06-29
HOSP-BG-016,MED-035,BATCH-0220431,9,2026-06-07,2028-06-06,2026-06-29
HOSP-BG-016,MED-036,BATCH-0221730,8,2026-06-13,2028-06-12,2026-06-29
HOSP-BG-016,MED-037,BATCH-0224398,26,2026-06-28,2029-06-27,2026-06-29
HOSP-BG-016,MED-038,BATCH-0223090,38,2026-06-20,2028-06-19,2026-06-29
HOSP-BG-016,MED-039,BATCH-0224399,46,2026-06-28,2029-06-27,2026-06-29
HOSP-BG-016,MED-040,BATCH-0223091,14,2026-06-20,2029-06-19,2026-06-29
HOSP-BG-016,MED-041,BATCH-0224400,4,2026-06-28,2028-06-27,2026-06-29
HOSP-BG-016,MED-042,BATCH-0218014,5,2026-05-24,2028-05-23,2026-06-29
HOSP-BG-016,MED-043,BATCH-0219126,3,2026-05-31,2028-05-30,2026-06-29
HOSP-BG-016,MED-044,BATCH-0223092,6,2026-06-20,2028-06-19,2026-06-29
HOSP-BG-016,MED-045,BATCH-0219127,11,2026-05-30,2028-05-29,2026-06-29
HOSP-BG-016,MED-045,BATCH-0224401,40,2026-06-27,2028-06-26,2026-06-29
HOSP-BG-016,MED-046,BATCH-0221733,4,2026-06-13,2027-12-12,2026-06-29
HOSP-BG-016,MED-047,BATCH-0221734,9,2026-06-15,2029-06-14,2026-06-29
HOSP-BG-016,MED-047,BATCH-0224402,150,2026-06-27,2029-06-26,2026-06-29
HOSP-BG-016,MED-049,BATCH-0219129,91,2026-06-01,2028-05-31,2026-06-29
HOSP-BG-016,MED-050,BATCH-0224404,36,2026-06-28,2028-06-27,2026-06-29
HOSP-BG-016,MED-052,BATCH-0224405,77,2026-06-27,2028-06-26,2026-06-29
HOSP-BG-016,MED-053,BATCH-0223094,13,2026-06-20,2028-06-19,2026-06-29
HOSP-BG-016,MED-055,BATCH-0220441,2,2026-06-08,2029-06-07,2026-06-29
HOSP-BG-016,MED-055,BATCH-0224406,40,2026-06-29,2029-06-28,2026-06-29
HOSP-BG-016,MED-056,BATCH-0221738,1,2026-06-14,2029-06-13,2026-06-29
HOSP-BG-016,MED-056,BATCH-0224407,20,2026-06-29,2029-06-28,2026-06-29
HOSP-BG-016,MED-058,BATCH-0220443,3,2026-06-07,2028-06-06,2026-06-29
HOSP-BG-016,MED-058,BATCH-0224408,8,2026-06-29,2028-06-28,2026-06-29
HOSP-BG-016,MED-059,BATCH-0224409,10,2026-06-29,2028-06-28,2026-06-29
HOSP-BG-016,MED-060,BATCH-0220444,3,2026-06-07,2028-06-06,2026-06-29
HOSP-BG-016,MED-062,BATCH-0224915,14,2026-05-25,2029-05-24,2026-06-29
HOSP-BG-016,MED-063,BATCH-0223097,5,2026-06-20,2028-06-19,2026-06-29
HOSP-BG-016,MED-064,BATCH-0224410,58,2026-06-29,2031-06-29,2026-06-29
HOSP-BG-016,MED-066,BATCH-0224916,10,2026-04-13,2026-05-13,2026-06-29
HOSP-BG-016,MED-067,BATCH-0224411,42,2026-06-29,2029-06-28,2026-06-29
HOSP-BG-016,MED-068,BATCH-0223099,1,2026-06-21,2029-06-20,2026-06-29
HOSP-BG-016,MED-068,BATCH-0224412,13,2026-06-27,2029-06-26,2026-06-29
HOSP-BG-016,MED-069,BATCH-0223100,15,2026-06-22,2029-06-21,2026-06-29
HOSP-BG-016,MED-070,BATCH-0218024,133,2026-05-25,2028-05-24,2026-06-29
HOSP-BG-016,MED-071,BATCH-0220451,10,2026-06-06,2028-06-05,2026-06-29
HOSP-BG-016,MED-071,BATCH-0224413,30,2026-06-28,2028-06-27,2026-06-29
HOSP-BG-016,MED-072,BATCH-0224414,14,2026-06-29,2028-06-28,2026-06-29
HOSP-BG-017,MED-001,BATCH-0223102,109,2026-06-21,2029-06-20,2026-06-29
HOSP-BG-017,MED-002,BATCH-0224415,14,2026-06-29,2028-06-28,2026-06-29
HOSP-BG-017,MED-003,BATCH-0224416,180,2026-06-28,2029-06-27,2026-06-29
HOSP-BG-017,MED-004,BATCH-0221746,1,2026-06-15,2028-06-14,2026-06-29
HOSP-BG-017,MED-004,BATCH-0224417,20,2026-06-27,2028-06-26,2026-06-29
HOSP-BG-017,MED-005,BATCH-0224418,180,2026-06-28,2028-06-27,2026-06-29
HOSP-BG-017,MED-006,BATCH-0223104,14,2026-06-20,2028-06-19,2026-06-29
HOSP-BG-017,MED-007,BATCH-0224419,4,2026-06-27,2028-06-26,2026-06-29
HOSP-BG-017,MED-008,BATCH-0223106,30,2026-06-22,2029-06-21,2026-06-29
HOSP-BG-017,MED-009,BATCH-0223107,3,2026-06-21,2028-06-20,2026-06-29
HOSP-BG-017,MED-010,BATCH-0214746,81,2026-05-03,2029-05-02,2026-06-29
HOSP-BG-017,MED-010,BATCH-0224420,300,2026-06-27,2029-06-26,2026-06-29
HOSP-BG-017,MED-011,BATCH-0223108,7,2026-06-21,2029-06-20,2026-06-29
HOSP-BG-017,MED-011,BATCH-0224421,100,2026-06-28,2029-06-27,2026-06-29
HOSP-BG-017,MED-012,BATCH-0221748,111,2026-06-14,2029-06-13,2026-06-29
HOSP-BG-017,MED-013,BATCH-0223109,10,2026-06-20,2028-06-19,2026-06-29
HOSP-BG-017,MED-014,BATCH-0224422,12,2026-06-29,2028-06-28,2026-06-29
HOSP-BG-017,MED-015,BATCH-0224423,17,2026-06-29,2028-06-28,2026-06-29
HOSP-BG-017,MED-016,BATCH-0218030,28,2026-05-23,2028-05-22,2026-06-29
HOSP-BG-017,MED-017,BATCH-0197908,267,2026-01-18,2029-01-17,2026-06-29
HOSP-BG-017,MED-018,BATCH-0224424,1,2026-06-29,2028-06-28,2026-06-29
HOSP-BG-017,MED-019,BATCH-0220459,1,2026-06-08,2028-06-07,2026-06-29
HOSP-BG-017,MED-020,BATCH-0223112,2,2026-06-22,2028-06-21,2026-06-29
HOSP-BG-017,MED-020,BATCH-0224425,7,2026-06-27,2028-06-26,2026-06-29
HOSP-BG-017,MED-021,BATCH-0218031,99,2026-05-24,2029-05-23,2026-06-29
HOSP-BG-017,MED-022,BATCH-0223113,160,2026-06-20,2029-06-19,2026-06-29
HOSP-BG-017,MED-023,BATCH-0223114,165,2026-06-22,2029-06-21,2026-06-29
HOSP-BG-017,MED-024,BATCH-0224426,3,2026-06-27,2028-06-26,2026-06-29
HOSP-BG-017,MED-025,BATCH-0210574,172,2026-04-05,2029-04-04,2026-06-29
HOSP-BG-017,MED-026,BATCH-0216967,96,2026-05-17,2029-05-16,2026-06-29
HOSP-BG-017,MED-027,BATCH-0220462,81,2026-06-08,2029-06-07,2026-06-29
HOSP-BG-017,MED-029,BATCH-0221754,172,2026-06-15,2029-06-14,2026-06-29
HOSP-BG-017,MED-030,BATCH-0223117,8,2026-06-20,2029-06-19,2026-06-29
HOSP-BG-017,MED-031,BATCH-0223118,61,2026-06-20,2031-06-20,2026-06-29
HOSP-BG-017,MED-032,BATCH-0216968,2,2026-05-18,2031-05-18,2026-06-29
HOSP-BG-017,MED-032,BATCH-0221755,100,2026-06-13,2031-06-13,2026-06-29
HOSP-BG-017,MED-033,BATCH-0223119,50,2026-06-20,2031-06-20,2026-06-29
HOSP-BG-017,MED-034,BATCH-0223120,15,2026-06-21,2028-06-20,2026-06-29
HOSP-BG-017,MED-035,BATCH-0224427,5,2026-06-29,2028-06-28,2026-06-29
HOSP-BG-017,MED-036,BATCH-0215857,48,2026-05-10,2028-05-09,2026-06-29
HOSP-BG-017,MED-036,BATCH-0223121,300,2026-06-22,2028-06-21,2026-06-29
HOSP-BG-017,MED-037,BATCH-0224428,4,2026-06-28,2029-06-27,2026-06-29
HOSP-BG-017,MED-038,BATCH-0221758,9,2026-06-15,2028-06-14,2026-06-29
HOSP-BG-017,MED-039,BATCH-0220466,5,2026-06-07,2029-06-06,2026-06-29
HOSP-BG-017,MED-039,BATCH-0224429,20,2026-06-28,2029-06-27,2026-06-29
HOSP-BG-017,MED-040,BATCH-0220467,11,2026-06-08,2029-06-07,2026-06-29
HOSP-BG-017,MED-041,BATCH-0201574,2,2026-02-09,2028-02-09,2026-06-29
HOSP-BG-017,MED-041,BATCH-0214756,5,2026-05-02,2028-05-01,2026-06-29
HOSP-BG-017,MED-042,BATCH-0203880,1,2026-02-21,2028-02-21,2026-06-29
HOSP-BG-017,MED-042,BATCH-0212717,5,2026-04-18,2028-04-17,2026-06-29
HOSP-BG-017,MED-043,BATCH-0199159,2,2026-01-25,2028-01-25,2026-06-29
HOSP-BG-017,MED-043,BATCH-0213760,5,2026-04-26,2028-04-25,2026-06-29
HOSP-BG-017,MED-044,BATCH-0182533,4,2025-10-18,2027-10-18,2026-06-29
HOSP-BG-017,MED-045,BATCH-0212718,17,2026-04-20,2028-04-19,2026-06-29
HOSP-BG-017,MED-045,BATCH-0224430,40,2026-06-28,2028-06-27,2026-06-29
HOSP-BG-017,MED-046,BATCH-0205092,5,2026-03-01,2027-08-30,2026-06-29
HOSP-BG-017,MED-047,BATCH-0220468,52,2026-06-06,2029-06-05,2026-06-29
HOSP-BG-017,MED-049,BATCH-0206145,133,2026-03-08,2028-03-07,2026-06-29
HOSP-BG-017,MED-050,BATCH-0223122,15,2026-06-22,2028-06-21,2026-06-29
HOSP-BG-017,MED-051,BATCH-0221760,13,2026-06-13,2028-06-12,2026-06-29
HOSP-BG-017,MED-052,BATCH-0223123,4,2026-06-20,2028-06-19,2026-06-29
HOSP-BG-017,MED-052,BATCH-0224432,16,2026-06-27,2028-06-26,2026-06-29
HOSP-BG-017,MED-053,BATCH-0220470,2,2026-06-07,2028-06-06,2026-06-29
HOSP-BG-017,MED-053,BATCH-0224433,20,2026-06-29,2028-06-28,2026-06-29
HOSP-BG-017,MED-054,BATCH-0224434,7,2026-06-27,2028-06-26,2026-06-29
HOSP-BG-017,MED-055,BATCH-0208392,2,2026-03-21,2029-03-20,2026-06-29
HOSP-BG-017,MED-055,BATCH-0221761,20,2026-06-15,2029-06-14,2026-06-29
HOSP-BG-017,MED-056,BATCH-0223124,9,2026-06-21,2029-06-20,2026-06-29
HOSP-BG-017,MED-057,BATCH-0223125,7,2026-06-21,2028-06-20,2026-06-29
HOSP-BG-017,MED-058,BATCH-0218039,3,2026-05-23,2028-05-22,2026-06-29
HOSP-BG-017,MED-058,BATCH-0224435,6,2026-06-29,2028-06-28,2026-06-29
HOSP-BG-017,MED-059,BATCH-0213762,1,2026-04-27,2028-04-26,2026-06-29
HOSP-BG-017,MED-059,BATCH-0216972,5,2026-05-16,2028-05-15,2026-06-29
HOSP-BG-017,MED-060,BATCH-0213763,2,2026-04-26,2028-04-25,2026-06-29
HOSP-BG-017,MED-060,BATCH-0220473,6,2026-06-08,2028-06-07,2026-06-29
HOSP-BG-017,MED-061,BATCH-0216973,8,2026-05-16,2028-05-15,2026-06-29
HOSP-BG-017,MED-062,BATCH-0224436,18,2026-06-29,2029-06-28,2026-06-29
HOSP-BG-017,MED-063,BATCH-0203884,1,2026-02-22,2028-02-22,2026-06-29
HOSP-BG-017,MED-063,BATCH-0213765,5,2026-04-25,2028-04-24,2026-06-29
HOSP-BG-017,MED-064,BATCH-0223126,6,2026-06-22,2031-06-22,2026-06-29
HOSP-BG-017,MED-065,BATCH-0223127,2,2026-06-22,2026-07-22,2026-06-29
HOSP-BG-017,MED-066,BATCH-0221762,5,2026-06-13,2026-07-13,2026-06-29
HOSP-BG-017,MED-067,BATCH-0221763,1,2026-06-15,2029-06-14,2026-06-29
HOSP-BG-017,MED-067,BATCH-0224437,9,2026-06-27,2029-06-26,2026-06-29
HOSP-BG-017,MED-068,BATCH-0218043,1,2026-05-25,2029-05-24,2026-06-29
HOSP-BG-017,MED-068,BATCH-0223128,5,2026-06-21,2029-06-20,2026-06-29
HOSP-BG-017,MED-069,BATCH-0221764,5,2026-06-15,2029-06-14,2026-06-29
HOSP-BG-017,MED-070,BATCH-0166324,71,2025-07-28,2027-07-28,2026-06-29
HOSP-BG-017,MED-070,BATCH-0208397,150,2026-03-23,2028-03-22,2026-06-29
HOSP-BG-017,MED-071,BATCH-0214761,7,2026-05-03,2028-05-02,2026-06-29
HOSP-BG-017,MED-072,BATCH-0224438,7,2026-06-28,2028-06-27,2026-06-29
HOSP-BG-018,MED-001,BATCH-0223129,150,2026-06-20,2029-06-19,2026-06-29
HOSP-BG-018,MED-003,BATCH-0218045,74,2026-05-24,2029-05-23,2026-06-29
HOSP-BG-018,MED-003,BATCH-0224439,200,2026-06-28,2029-06-27,2026-06-29
HOSP-BG-018,MED-005,BATCH-0221768,78,2026-06-13,2028-06-12,2026-06-29
HOSP-BG-018,MED-006,BATCH-0224440,28,2026-06-27,2028-06-26,2026-06-29
HOSP-BG-018,MED-007,BATCH-0223130,2,2026-06-22,2028-06-21,2026-06-29
HOSP-BG-018,MED-007,BATCH-0224441,21,2026-06-27,2028-06-26,2026-06-29
HOSP-BG-018,MED-008,BATCH-0224442,36,2026-06-28,2029-06-27,2026-06-29
HOSP-BG-018,MED-009,BATCH-0223131,12,2026-06-21,2028-06-20,2026-06-29
HOSP-BG-018,MED-010,BATCH-0219152,69,2026-05-30,2029-05-29,2026-06-29
HOSP-BG-018,MED-011,BATCH-0223132,17,2026-06-22,2029-06-21,2026-06-29
HOSP-BG-018,MED-011,BATCH-0224443,50,2026-06-28,2029-06-27,2026-06-29
HOSP-BG-018,MED-012,BATCH-0221773,99,2026-06-13,2029-06-12,2026-06-29
HOSP-BG-018,MED-013,BATCH-0223133,15,2026-06-20,2028-06-19,2026-06-29
HOSP-BG-018,MED-014,BATCH-0223134,6,2026-06-20,2028-06-19,2026-06-29
HOSP-BG-018,MED-015,BATCH-0224444,23,2026-06-29,2028-06-28,2026-06-29
HOSP-BG-018,MED-016,BATCH-0218050,30,2026-05-24,2028-05-23,2026-06-29
HOSP-BG-018,MED-017,BATCH-0098551,128,2024-07-06,2027-07-06,2026-06-29
HOSP-BG-018,MED-018,BATCH-0224445,14,2026-06-28,2028-06-27,2026-06-29
HOSP-BG-018,MED-019,BATCH-0223135,16,2026-06-22,2028-06-21,2026-06-29
HOSP-BG-018,MED-020,BATCH-0223136,5,2026-06-22,2028-06-21,2026-06-29
HOSP-BG-018,MED-021,BATCH-0220483,90,2026-06-06,2029-06-05,2026-06-29
HOSP-BG-018,MED-022,BATCH-0224446,180,2026-06-27,2029-06-26,2026-06-29
HOSP-BG-018,MED-023,BATCH-0221777,95,2026-06-14,2029-06-13,2026-06-29
HOSP-BG-018,MED-024,BATCH-0221778,1,2026-06-14,2028-06-13,2026-06-29
HOSP-BG-018,MED-024,BATCH-0224447,7,2026-06-27,2028-06-26,2026-06-29
HOSP-BG-018,MED-025,BATCH-0209529,9,2026-03-28,2029-03-27,2026-06-29
HOSP-BG-018,MED-025,BATCH-0221779,200,2026-06-15,2029-06-14,2026-06-29
HOSP-BG-018,MED-026,BATCH-0223137,180,2026-06-20,2029-06-19,2026-06-29
HOSP-BG-018,MED-027,BATCH-0221780,88,2026-06-13,2029-06-12,2026-06-29
HOSP-BG-018,MED-028,BATCH-0224917,7,2026-05-04,2029-05-03,2026-06-29
HOSP-BG-018,MED-029,BATCH-0216984,122,2026-05-16,2029-05-15,2026-06-29
HOSP-BG-018,MED-031,BATCH-0221782,47,2026-06-13,2031-06-13,2026-06-29
HOSP-BG-018,MED-032,BATCH-0221783,57,2026-06-14,2031-06-14,2026-06-29
HOSP-BG-018,MED-032,BATCH-0224448,100,2026-06-27,2031-06-27,2026-06-29
HOSP-BG-018,MED-033,BATCH-0218057,38,2026-05-25,2031-05-25,2026-06-29
HOSP-BG-018,MED-034,BATCH-0223140,16,2026-06-20,2028-06-19,2026-06-29
HOSP-BG-018,MED-035,BATCH-0223141,6,2026-06-20,2028-06-19,2026-06-29
HOSP-BG-018,MED-036,BATCH-0214768,136,2026-05-04,2028-05-03,2026-06-29
HOSP-BG-018,MED-037,BATCH-0224449,7,2026-06-29,2029-06-28,2026-06-29
HOSP-BG-018,MED-038,BATCH-0221785,11,2026-06-13,2028-06-12,2026-06-29
HOSP-BG-018,MED-039,BATCH-0224450,26,2026-06-28,2029-06-27,2026-06-29
HOSP-BG-018,MED-040,BATCH-0221786,10,2026-06-14,2029-06-13,2026-06-29
HOSP-BG-018,MED-041,BATCH-0219158,5,2026-05-31,2028-05-30,2026-06-29
HOSP-BG-018,MED-042,BATCH-0206159,4,2026-03-08,2028-03-07,2026-06-29
HOSP-BG-018,MED-042,BATCH-0223142,5,2026-06-22,2028-06-21,2026-06-29
HOSP-BG-018,MED-043,BATCH-0195449,4,2026-01-03,2028-01-03,2026-06-29
HOSP-BG-018,MED-044,BATCH-0200416,2,2026-02-01,2028-02-01,2026-06-29
HOSP-BG-018,MED-044,BATCH-0219159,5,2026-05-31,2028-05-30,2026-06-29
HOSP-BG-018,MED-045,BATCH-0218059,29,2026-05-25,2028-05-24,2026-06-29
HOSP-BG-018,MED-046,BATCH-0187549,3,2025-11-17,2027-05-18,2026-06-29
HOSP-BG-018,MED-046,BATCH-0213782,5,2026-04-25,2027-10-24,2026-06-29
HOSP-BG-018,MED-047,BATCH-0224451,96,2026-06-27,2029-06-26,2026-06-29
HOSP-BG-018,MED-048,BATCH-0224452,13,2026-06-29,2028-06-28,2026-06-29
HOSP-BG-018,MED-049,BATCH-0209532,130,2026-03-28,2028-03-27,2026-06-29
HOSP-BG-018,MED-050,BATCH-0221787,1,2026-06-14,2028-06-13,2026-06-29
HOSP-BG-018,MED-050,BATCH-0224453,20,2026-06-29,2028-06-28,2026-06-29
HOSP-BG-018,MED-051,BATCH-0219161,4,2026-05-31,2028-05-30,2026-06-29
HOSP-BG-018,MED-051,BATCH-0221788,10,2026-06-13,2028-06-12,2026-06-29
HOSP-BG-018,MED-052,BATCH-0224454,23,2026-06-29,2028-06-28,2026-06-29
HOSP-BG-018,MED-053,BATCH-0219162,10,2026-05-30,2028-05-29,2026-06-29
HOSP-BG-018,MED-054,BATCH-0221790,4,2026-06-13,2028-06-12,2026-06-29
HOSP-BG-018,MED-055,BATCH-0223144,18,2026-06-20,2029-06-19,2026-06-29
HOSP-BG-018,MED-056,BATCH-0223145,10,2026-06-20,2029-06-19,2026-06-29
HOSP-BG-018,MED-057,BATCH-0224455,16,2026-06-27,2028-06-26,2026-06-29
HOSP-BG-018,MED-058,BATCH-0224456,6,2026-06-27,2028-06-26,2026-06-29
HOSP-BG-018,MED-059,BATCH-0223146,2,2026-06-21,2028-06-20,2026-06-29
HOSP-BG-018,MED-060,BATCH-0207353,3,2026-03-16,2028-03-15,2026-06-29
HOSP-BG-018,MED-061,BATCH-0224457,18,2026-06-27,2028-06-26,2026-06-29
HOSP-BG-018,MED-062,BATCH-0219164,16,2026-05-31,2029-05-30,2026-06-29
HOSP-BG-018,MED-063,BATCH-0207354,3,2026-03-15,2028-03-14,2026-06-29
HOSP-BG-018,MED-063,BATCH-0221792,5,2026-06-15,2028-06-14,2026-06-29
HOSP-BG-018,MED-064,BATCH-0221793,20,2026-06-14,2031-06-14,2026-06-29
HOSP-BG-018,MED-066,BATCH-0224458,5,2026-06-27,2026-07-27,2026-06-29
HOSP-BG-018,MED-067,BATCH-0223148,1,2026-06-20,2029-06-19,2026-06-29
HOSP-BG-018,MED-068,BATCH-0221797,5,2026-06-15,2029-06-14,2026-06-29
HOSP-BG-018,MED-069,BATCH-0223149,10,2026-06-22,2029-06-21,2026-06-29
HOSP-BG-018,MED-070,BATCH-0169164,4,2025-08-09,2027-08-09,2026-06-29
HOSP-BG-018,MED-070,BATCH-0197942,150,2026-01-18,2028-01-18,2026-06-29
HOSP-BG-018,MED-071,BATCH-0213786,9,2026-04-26,2028-04-25,2026-06-29
HOSP-BG-018,MED-072,BATCH-0223150,1,2026-06-22,2028-06-21,2026-06-29
HOSP-BG-018,MED-072,BATCH-0224459,6,2026-06-29,2028-06-28,2026-06-29
HOSP-BG-019,MED-001,BATCH-0223151,477,2026-06-21,2029-06-20,2026-06-29
HOSP-BG-019,MED-002,BATCH-0224460,250,2026-06-29,2028-06-28,2026-06-29
HOSP-BG-019,MED-003,BATCH-0223152,257,2026-06-21,2029-06-20,2026-06-29
HOSP-BG-019,MED-004,BATCH-0224461,211,2026-06-27,2028-06-26,2026-06-29
HOSP-BG-019,MED-005,BATCH-0223153,166,2026-06-21,2028-06-20,2026-06-29
HOSP-BG-019,MED-006,BATCH-0223154,133,2026-06-21,2028-06-20,2026-06-29
HOSP-BG-019,MED-007,BATCH-0224462,256,2026-06-28,2028-06-27,2026-06-29
HOSP-BG-019,MED-008,BATCH-0224463,421,2026-06-28,2029-06-27,2026-06-29
HOSP-BG-019,MED-009,BATCH-0224464,254,2026-06-29,2028-06-28,2026-06-29
HOSP-BG-019,MED-010,BATCH-0223156,152,2026-06-20,2029-06-19,2026-06-29
HOSP-BG-019,MED-011,BATCH-0224465,330,2026-06-29,2029-06-28,2026-06-29
HOSP-BG-019,MED-012,BATCH-0224466,254,2026-06-27,2029-06-26,2026-06-29
HOSP-BG-019,MED-013,BATCH-0223158,3,2026-06-20,2028-06-19,2026-06-29
HOSP-BG-019,MED-014,BATCH-0224467,591,2026-06-27,2028-06-26,2026-06-29
HOSP-BG-019,MED-015,BATCH-0224468,235,2026-06-29,2028-06-28,2026-06-29
HOSP-BG-019,MED-016,BATCH-0221805,82,2026-06-14,2028-06-13,2026-06-29
HOSP-BG-019,MED-017,BATCH-0221806,235,2026-06-15,2029-06-14,2026-06-29
HOSP-BG-019,MED-018,BATCH-0224469,120,2026-06-29,2028-06-28,2026-06-29
HOSP-BG-019,MED-019,BATCH-0223161,62,2026-06-22,2028-06-21,2026-06-29
HOSP-BG-019,MED-020,BATCH-0224470,79,2026-06-28,2028-06-27,2026-06-29
HOSP-BG-019,MED-021,BATCH-0224471,740,2026-06-29,2029-06-28,2026-06-29
HOSP-BG-019,MED-022,BATCH-0224472,703,2026-06-29,2029-06-28,2026-06-29
HOSP-BG-019,MED-023,BATCH-0224473,858,2026-06-27,2029-06-26,2026-06-29
HOSP-BG-019,MED-024,BATCH-0223163,24,2026-06-21,2028-06-20,2026-06-29
HOSP-BG-019,MED-024,BATCH-0224474,104,2026-06-28,2028-06-27,2026-06-29
HOSP-BG-019,MED-025,BATCH-0221811,20,2026-06-15,2029-06-14,2026-06-29
HOSP-BG-019,MED-025,BATCH-0224475,500,2026-06-29,2029-06-28,2026-06-29
HOSP-BG-019,MED-026,BATCH-0223164,274,2026-06-22,2029-06-21,2026-06-29
HOSP-BG-019,MED-027,BATCH-0223165,309,2026-06-21,2029-06-20,2026-06-29
HOSP-BG-019,MED-028,BATCH-0224476,208,2026-06-29,2029-06-28,2026-06-29
HOSP-BG-019,MED-029,BATCH-0223166,2,2026-06-22,2029-06-21,2026-06-29
HOSP-BG-019,MED-030,BATCH-0223167,70,2026-06-22,2029-06-21,2026-06-29
HOSP-BG-019,MED-031,BATCH-0224477,1268,2026-06-29,2031-06-29,2026-06-29
HOSP-BG-019,MED-032,BATCH-0223168,469,2026-06-22,2031-06-22,2026-06-29
HOSP-BG-019,MED-032,BATCH-0224478,1200,2026-06-29,2031-06-29,2026-06-29
HOSP-BG-019,MED-033,BATCH-0224479,521,2026-06-29,2031-06-29,2026-06-29
HOSP-BG-019,MED-034,BATCH-0224480,56,2026-06-27,2028-06-26,2026-06-29
HOSP-BG-019,MED-035,BATCH-0223170,20,2026-06-22,2028-06-21,2026-06-29
HOSP-BG-019,MED-037,BATCH-0224481,107,2026-06-29,2029-06-28,2026-06-29
HOSP-BG-019,MED-038,BATCH-0224482,119,2026-06-28,2028-06-27,2026-06-29
HOSP-BG-019,MED-039,BATCH-0223171,28,2026-06-21,2029-06-20,2026-06-29
HOSP-BG-019,MED-040,BATCH-0224483,95,2026-06-29,2029-06-28,2026-06-29
HOSP-BG-019,MED-041,BATCH-0223172,13,2026-06-22,2028-06-21,2026-06-29
HOSP-BG-019,MED-043,BATCH-0223173,6,2026-06-20,2028-06-19,2026-06-29
HOSP-BG-019,MED-045,BATCH-0224484,79,2026-06-27,2028-06-26,2026-06-29
HOSP-BG-019,MED-046,BATCH-0223174,4,2026-06-21,2027-12-20,2026-06-29
HOSP-BG-019,MED-047,BATCH-0224485,553,2026-06-28,2029-06-27,2026-06-29
HOSP-BG-019,MED-048,BATCH-0224486,148,2026-06-28,2028-06-27,2026-06-29
HOSP-BG-019,MED-049,BATCH-0223176,22,2026-06-22,2028-06-21,2026-06-29
HOSP-BG-019,MED-050,BATCH-0221825,21,2026-06-15,2028-06-14,2026-06-29
HOSP-BG-019,MED-050,BATCH-0224487,150,2026-06-28,2028-06-27,2026-06-29
HOSP-BG-019,MED-051,BATCH-0221826,4,2026-06-14,2028-06-13,2026-06-29
HOSP-BG-019,MED-051,BATCH-0224488,130,2026-06-27,2028-06-26,2026-06-29
HOSP-BG-019,MED-052,BATCH-0224489,177,2026-06-27,2028-06-26,2026-06-29
HOSP-BG-019,MED-053,BATCH-0224490,175,2026-06-28,2028-06-27,2026-06-29
HOSP-BG-019,MED-054,BATCH-0224491,127,2026-06-28,2028-06-27,2026-06-29
HOSP-BG-019,MED-055,BATCH-0221829,24,2026-06-15,2029-06-14,2026-06-29
HOSP-BG-019,MED-056,BATCH-0223178,49,2026-06-20,2029-06-19,2026-06-29
HOSP-BG-019,MED-057,BATCH-0223179,7,2026-06-21,2028-06-20,2026-06-29
HOSP-BG-019,MED-058,BATCH-0224492,39,2026-06-27,2028-06-26,2026-06-29
HOSP-BG-019,MED-059,BATCH-0223180,12,2026-06-22,2028-06-21,2026-06-29
HOSP-BG-019,MED-059,BATCH-0224493,29,2026-06-29,2028-06-28,2026-06-29
HOSP-BG-019,MED-060,BATCH-0223181,5,2026-06-21,2028-06-20,2026-06-29
HOSP-BG-019,MED-060,BATCH-0224494,23,2026-06-29,2028-06-28,2026-06-29
HOSP-BG-019,MED-061,BATCH-0224495,80,2026-06-27,2028-06-26,2026-06-29
HOSP-BG-019,MED-062,BATCH-0223182,36,2026-06-20,2029-06-19,2026-06-29
HOSP-BG-019,MED-064,BATCH-0223184,201,2026-06-22,2031-06-22,2026-06-29
HOSP-BG-019,MED-065,BATCH-0223185,10,2026-06-22,2026-07-22,2026-06-29
HOSP-BG-019,MED-066,BATCH-0224496,36,2026-06-27,2026-07-27,2026-06-29
HOSP-BG-019,MED-067,BATCH-0224497,135,2026-06-28,2029-06-27,2026-06-29
HOSP-BG-019,MED-068,BATCH-0224498,38,2026-06-29,2029-06-28,2026-06-29
HOSP-BG-019,MED-069,BATCH-0223186,44,2026-06-22,2029-06-21,2026-06-29
HOSP-BG-019,MED-070,BATCH-0224499,234,2026-06-28,2028-06-27,2026-06-29
HOSP-BG-019,MED-071,BATCH-0223187,41,2026-06-22,2028-06-21,2026-06-29
HOSP-BG-019,MED-072,BATCH-0224500,74,2026-06-27,2028-06-26,2026-06-29
HOSP-KP-001,MED-001,BATCH-0224501,3326,2026-06-28,2029-06-27,2026-06-29
HOSP-KP-001,MED-002,BATCH-0224502,618,2026-06-27,2028-06-26,2026-06-29
HOSP-KP-001,MED-003,BATCH-0221839,198,2026-06-13,2029-06-12,2026-06-29
HOSP-KP-001,MED-003,BATCH-0224503,1700,2026-06-28,2029-06-27,2026-06-29
HOSP-KP-001,MED-004,BATCH-0224504,318,2026-06-29,2028-06-28,2026-06-29
HOSP-KP-001,MED-005,BATCH-0224505,1671,2026-06-29,2028-06-28,2026-06-29
HOSP-KP-001,MED-006,BATCH-0223189,169,2026-06-20,2028-06-19,2026-06-29
HOSP-KP-001,MED-006,BATCH-0224506,820,2026-06-28,2028-06-27,2026-06-29
HOSP-KP-001,MED-007,BATCH-0224507,592,2026-06-28,2028-06-27,2026-06-29
HOSP-KP-001,MED-008,BATCH-0223191,419,2026-06-21,2029-06-20,2026-06-29
HOSP-KP-001,MED-009,BATCH-0223192,353,2026-06-21,2028-06-20,2026-06-29
HOSP-KP-001,MED-011,BATCH-0224508,1558,2026-06-27,2029-06-26,2026-06-29
HOSP-KP-001,MED-013,BATCH-0223195,59,2026-06-22,2028-06-21,2026-06-29
HOSP-KP-001,MED-014,BATCH-0223196,169,2026-06-21,2028-06-20,2026-06-29
HOSP-KP-001,MED-014,BATCH-0224509,1568,2026-06-29,2028-06-28,2026-06-29
HOSP-KP-001,MED-015,BATCH-0223197,85,2026-06-22,2028-06-21,2026-06-29
HOSP-KP-001,MED-015,BATCH-0224510,799,2026-06-29,2028-06-28,2026-06-29
HOSP-KP-001,MED-016,BATCH-0224511,423,2026-06-28,2028-06-27,2026-06-29
HOSP-KP-001,MED-017,BATCH-0221847,227,2026-06-13,2029-06-12,2026-06-29
HOSP-KP-001,MED-018,BATCH-0223198,222,2026-06-20,2028-06-19,2026-06-29
HOSP-KP-001,MED-020,BATCH-0224512,380,2026-06-29,2028-06-28,2026-06-29
HOSP-KP-001,MED-021,BATCH-0224918,298,2026-05-11,2029-05-10,2026-06-29
HOSP-KP-001,MED-022,BATCH-0223199,538,2026-06-22,2029-06-21,2026-06-29
HOSP-KP-001,MED-023,BATCH-0224513,1661,2026-06-28,2029-06-27,2026-06-29
HOSP-KP-001,MED-024,BATCH-0224514,245,2026-06-28,2028-06-27,2026-06-29
HOSP-KP-001,MED-025,BATCH-0223200,632,2026-06-22,2029-06-21,2026-06-29
HOSP-KP-001,MED-026,BATCH-0224919,299,2026-05-25,2029-05-24,2026-06-29
HOSP-KP-001,MED-027,BATCH-0224920,78,2026-05-25,2029-05-24,2026-06-29
HOSP-KP-001,MED-028,BATCH-0223202,28,2026-06-22,2029-06-21,2026-06-29
HOSP-KP-001,MED-029,BATCH-0224515,704,2026-06-29,2029-06-28,2026-06-29
HOSP-KP-001,MED-030,BATCH-0223203,269,2026-06-22,2029-06-21,2026-06-29
HOSP-KP-001,MED-031,BATCH-0223204,1259,2026-06-21,2031-06-21,2026-06-29
HOSP-KP-001,MED-032,BATCH-0224516,3822,2026-06-29,2031-06-29,2026-06-29
HOSP-KP-001,MED-033,BATCH-0223205,861,2026-06-20,2031-06-20,2026-06-29
HOSP-KP-001,MED-034,BATCH-0224517,242,2026-06-29,2028-06-28,2026-06-29
HOSP-KP-001,MED-035,BATCH-0223206,54,2026-06-20,2028-06-19,2026-06-29
HOSP-KP-001,MED-036,BATCH-0224518,1800,2026-06-27,2028-06-26,2026-06-29
HOSP-KP-001,MED-037,BATCH-0223207,91,2026-06-21,2029-06-20,2026-06-29
HOSP-KP-001,MED-038,BATCH-0224519,462,2026-06-27,2028-06-26,2026-06-29
HOSP-KP-001,MED-039,BATCH-0224520,246,2026-06-29,2029-06-28,2026-06-29
HOSP-KP-001,MED-040,BATCH-0223208,126,2026-06-21,2029-06-20,2026-06-29
HOSP-KP-001,MED-041,BATCH-0223209,6,2026-06-22,2028-06-21,2026-06-29
HOSP-KP-001,MED-042,BATCH-0224521,28,2026-06-29,2028-06-28,2026-06-29
HOSP-KP-001,MED-043,BATCH-0224522,10,2026-06-27,2028-06-26,2026-06-29
HOSP-KP-001,MED-044,BATCH-0223210,17,2026-06-22,2028-06-21,2026-06-29
HOSP-KP-001,MED-045,BATCH-0223211,55,2026-06-21,2028-06-20,2026-06-29
HOSP-KP-001,MED-046,BATCH-0223212,7,2026-06-20,2027-12-19,2026-06-29
HOSP-KP-001,MED-048,BATCH-0224523,296,2026-06-27,2028-06-26,2026-06-29
HOSP-KP-001,MED-049,BATCH-0224921,165,2026-05-18,2028-05-17,2026-06-29
HOSP-KP-001,MED-050,BATCH-0223214,26,2026-06-21,2028-06-20,2026-06-29
HOSP-KP-001,MED-051,BATCH-0224524,263,2026-06-29,2028-06-28,2026-06-29
HOSP-KP-001,MED-052,BATCH-0224525,527,2026-06-27,2028-06-26,2026-06-29
HOSP-KP-001,MED-053,BATCH-0223215,204,2026-06-21,2028-06-20,2026-06-29
HOSP-KP-001,MED-054,BATCH-0223216,86,2026-06-22,2028-06-21,2026-06-29
HOSP-KP-001,MED-055,BATCH-0223217,10,2026-06-21,2029-06-20,2026-06-29
HOSP-KP-001,MED-055,BATCH-0224526,200,2026-06-27,2029-06-26,2026-06-29
HOSP-KP-001,MED-056,BATCH-0223218,62,2026-06-21,2029-06-20,2026-06-29
HOSP-KP-001,MED-057,BATCH-0223219,101,2026-06-22,2028-06-21,2026-06-29
HOSP-KP-001,MED-058,BATCH-0224527,56,2026-06-27,2028-06-26,2026-06-29
HOSP-KP-001,MED-059,BATCH-0223220,58,2026-06-21,2028-06-20,2026-06-29
HOSP-KP-001,MED-060,BATCH-0223221,8,2026-06-20,2028-06-19,2026-06-29
HOSP-KP-001,MED-061,BATCH-0223222,10,2026-06-22,2028-06-21,2026-06-29
HOSP-KP-001,MED-062,BATCH-0224922,14,2026-05-11,2029-05-10,2026-06-29
HOSP-KP-001,MED-063,BATCH-0224528,52,2026-06-28,2028-06-27,2026-06-29
HOSP-KP-001,MED-064,BATCH-0221869,91,2026-06-15,2031-06-15,2026-06-29
HOSP-KP-001,MED-064,BATCH-0224529,684,2026-06-28,2031-06-28,2026-06-29
HOSP-KP-001,MED-065,BATCH-0224530,166,2026-06-29,2026-07-29,2026-06-29
HOSP-KP-001,MED-066,BATCH-0224531,116,2026-06-29,2026-07-29,2026-06-29
HOSP-KP-001,MED-067,BATCH-0223223,209,2026-06-20,2029-06-19,2026-06-29
HOSP-KP-001,MED-068,BATCH-0223224,44,2026-06-20,2029-06-19,2026-06-29
HOSP-KP-001,MED-069,BATCH-0223225,39,2026-06-22,2029-06-21,2026-06-29
HOSP-KP-001,MED-069,BATCH-0224532,160,2026-06-28,2029-06-27,2026-06-29
HOSP-KP-001,MED-070,BATCH-0223226,354,2026-06-22,2028-06-21,2026-06-29
HOSP-KP-001,MED-071,BATCH-0224533,90,2026-06-27,2028-06-26,2026-06-29
HOSP-KP-001,MED-072,BATCH-0223227,83,2026-06-20,2028-06-19,2026-06-29
HOSP-KP-003,MED-001,BATCH-0224923,700,2026-06-29,2029-06-28,2026-06-29
HOSP-KP-003,MED-002,BATCH-0223631,74,2026-06-22,2028-06-21,2026-06-29
HOSP-KP-003,MED-003,BATCH-0222274,277,2026-06-15,2029-06-14,2026-06-29
HOSP-KP-003,MED-004,BATCH-0223632,68,2026-06-22,2028-06-21,2026-06-29
HOSP-KP-003,MED-005,BATCH-0222275,120,2026-06-15,2028-06-14,2026-06-29
HOSP-KP-003,MED-005,BATCH-0224924,400,2026-06-29,2028-06-28,2026-06-29
HOSP-KP-003,MED-006,BATCH-0223633,7,2026-06-22,2028-06-21,2026-06-29
HOSP-KP-003,MED-006,BATCH-0224925,120,2026-06-29,2028-06-28,2026-06-29
HOSP-KP-003,MED-007,BATCH-0222277,4,2026-06-15,2028-06-14,2026-06-29
HOSP-KP-003,MED-007,BATCH-0224926,114,2026-06-29,2028-06-28,2026-06-29
HOSP-KP-003,MED-008,BATCH-0223634,84,2026-06-22,2029-06-21,2026-06-29
HOSP-KP-003,MED-009,BATCH-0222279,22,2026-06-15,2028-06-14,2026-06-29
HOSP-KP-003,MED-009,BATCH-0224927,104,2026-06-29,2028-06-28,2026-06-29
HOSP-KP-003,MED-010,BATCH-0223635,180,2026-06-22,2029-06-21,2026-06-29
HOSP-KP-003,MED-011,BATCH-0223636,121,2026-06-22,2029-06-21,2026-06-29
HOSP-KP-003,MED-011,BATCH-0224928,250,2026-06-29,2029-06-28,2026-06-29
HOSP-KP-003,MED-012,BATCH-0223637,147,2026-06-22,2029-06-21,2026-06-29
HOSP-KP-003,MED-013,BATCH-0223638,90,2026-06-22,2028-06-21,2026-06-29
HOSP-KP-003,MED-013,BATCH-0224929,115,2026-06-29,2028-06-28,2026-06-29
HOSP-KP-003,MED-014,BATCH-0223639,111,2026-06-22,2028-06-21,2026-06-29
HOSP-KP-003,MED-014,BATCH-0224930,116,2026-06-29,2028-06-28,2026-06-29
HOSP-KP-003,MED-015,BATCH-0223640,115,2026-06-22,2028-06-21,2026-06-29
HOSP-KP-003,MED-016,BATCH-0223641,39,2026-06-22,2028-06-21,2026-06-29
HOSP-KP-003,MED-017,BATCH-0207769,140,2026-03-16,2029-03-15,2026-06-29
HOSP-KP-003,MED-018,BATCH-0220986,23,2026-06-08,2028-06-07,2026-06-29
HOSP-KP-003,MED-018,BATCH-0223642,37,2026-06-22,2028-06-21,2026-06-29
HOSP-KP-003,MED-019,BATCH-0222284,18,2026-06-15,2028-06-14,2026-06-29
HOSP-KP-003,MED-019,BATCH-0224931,80,2026-06-29,2028-06-28,2026-06-29
HOSP-KP-003,MED-020,BATCH-0223643,36,2026-06-22,2028-06-21,2026-06-29
HOSP-KP-003,MED-020,BATCH-0224932,41,2026-06-29,2028-06-28,2026-06-29
HOSP-KP-003,MED-021,BATCH-0222285,73,2026-06-15,2029-06-14,2026-06-29
HOSP-KP-003,MED-021,BATCH-0224933,300,2026-06-29,2029-06-28,2026-06-29
HOSP-KP-003,MED-022,BATCH-0220988,170,2026-06-08,2029-06-07,2026-06-29
HOSP-KP-003,MED-022,BATCH-0224934,300,2026-06-29,2029-06-28,2026-06-29
HOSP-KP-003,MED-023,BATCH-0222286,317,2026-06-15,2029-06-14,2026-06-29
HOSP-KP-003,MED-024,BATCH-0222287,1,2026-06-15,2028-06-14,2026-06-29
HOSP-KP-003,MED-024,BATCH-0223644,25,2026-06-22,2028-06-21,2026-06-29
HOSP-KP-003,MED-025,BATCH-0222288,148,2026-06-15,2029-06-14,2026-06-29
HOSP-KP-003,MED-026,BATCH-0223645,208,2026-06-22,2029-06-21,2026-06-29
HOSP-KP-003,MED-027,BATCH-0222289,159,2026-06-15,2029-06-14,2026-06-29
HOSP-KP-003,MED-027,BATCH-0224935,300,2026-06-29,2029-06-28,2026-06-29
HOSP-KP-003,MED-028,BATCH-0224936,120,2026-06-29,2029-06-28,2026-06-29
HOSP-KP-003,MED-029,BATCH-0220990,77,2026-06-08,2029-06-07,2026-06-29
HOSP-KP-003,MED-029,BATCH-0224937,300,2026-06-29,2029-06-28,2026-06-29
HOSP-KP-003,MED-030,BATCH-0223646,46,2026-06-22,2029-06-21,2026-06-29
HOSP-KP-003,MED-030,BATCH-0224938,48,2026-06-29,2029-06-28,2026-06-29
HOSP-KP-003,MED-031,BATCH-0220992,4,2026-06-08,2031-06-08,2026-06-29
HOSP-KP-003,MED-031,BATCH-0223647,350,2026-06-22,2031-06-22,2026-06-29
HOSP-KP-003,MED-032,BATCH-0222291,184,2026-06-15,2031-06-15,2026-06-29
HOSP-KP-003,MED-032,BATCH-0224939,600,2026-06-29,2031-06-29,2026-06-29
HOSP-KP-003,MED-033,BATCH-0220993,31,2026-06-08,2031-06-08,2026-06-29
HOSP-KP-003,MED-033,BATCH-0224940,250,2026-06-29,2031-06-29,2026-06-29
HOSP-KP-003,MED-034,BATCH-0220994,23,2026-06-08,2028-06-07,2026-06-29
HOSP-KP-003,MED-035,BATCH-0220995,3,2026-06-08,2028-06-07,2026-06-29
HOSP-KP-003,MED-035,BATCH-0223648,10,2026-06-22,2028-06-21,2026-06-29
HOSP-KP-003,MED-036,BATCH-0220996,42,2026-06-08,2028-06-07,2026-06-29
HOSP-KP-003,MED-036,BATCH-0224941,300,2026-06-29,2028-06-28,2026-06-29
HOSP-KP-003,MED-037,BATCH-0220997,7,2026-06-08,2029-06-07,2026-06-29
HOSP-KP-003,MED-037,BATCH-0223649,34,2026-06-22,2029-06-21,2026-06-29
HOSP-KP-003,MED-038,BATCH-0223650,45,2026-06-22,2028-06-21,2026-06-29
HOSP-KP-003,MED-039,BATCH-0220999,25,2026-06-08,2029-06-07,2026-06-29
HOSP-KP-003,MED-039,BATCH-0224942,50,2026-06-29,2029-06-28,2026-06-29
HOSP-KP-003,MED-040,BATCH-0223651,37,2026-06-22,2029-06-21,2026-06-29
HOSP-KP-003,MED-041,BATCH-0223652,7,2026-06-22,2028-06-21,2026-06-29
HOSP-KP-003,MED-042,BATCH-0221002,3,2026-06-08,2028-06-07,2026-06-29
HOSP-KP-003,MED-042,BATCH-0224943,6,2026-06-29,2028-06-28,2026-06-29
HOSP-KP-003,MED-043,BATCH-0217370,3,2026-05-18,2028-05-17,2026-06-29
HOSP-KP-003,MED-043,BATCH-0222292,6,2026-06-15,2028-06-14,2026-06-29
HOSP-KP-003,MED-044,BATCH-0221003,4,2026-06-08,2028-06-07,2026-06-29
HOSP-KP-003,MED-044,BATCH-0224944,5,2026-06-29,2028-06-28,2026-06-29
HOSP-KP-003,MED-045,BATCH-0219597,37,2026-06-01,2028-05-31,2026-06-29
HOSP-KP-003,MED-046,BATCH-0216313,3,2026-05-11,2027-11-09,2026-06-29
HOSP-KP-003,MED-046,BATCH-0222293,5,2026-06-15,2027-12-14,2026-06-29
HOSP-KP-003,MED-047,BATCH-0222294,57,2026-06-15,2029-06-14,2026-06-29
HOSP-KP-003,MED-047,BATCH-0224945,200,2026-06-29,2029-06-28,2026-06-29
HOSP-KP-003,MED-048,BATCH-0223653,29,2026-06-22,2028-06-21,2026-06-29
HOSP-KP-003,MED-048,BATCH-0224946,31,2026-06-29,2028-06-28,2026-06-29
HOSP-KP-003,MED-049,BATCH-0223654,180,2026-06-22,2028-06-21,2026-06-29
HOSP-KP-003,MED-050,BATCH-0222295,19,2026-06-15,2028-06-14,2026-06-29
HOSP-KP-003,MED-050,BATCH-0224947,40,2026-06-29,2028-06-28,2026-06-29
HOSP-KP-003,MED-051,BATCH-0223655,38,2026-06-22,2028-06-21,2026-06-29
HOSP-KP-003,MED-052,BATCH-0223656,66,2026-06-22,2028-06-21,2026-06-29
HOSP-KP-003,MED-052,BATCH-0224948,67,2026-06-29,2028-06-28,2026-06-29
HOSP-KP-003,MED-053,BATCH-0221006,29,2026-06-08,2028-06-07,2026-06-29
HOSP-KP-003,MED-053,BATCH-0224949,70,2026-06-29,2028-06-28,2026-06-29
HOSP-KP-003,MED-054,BATCH-0223657,26,2026-06-22,2028-06-21,2026-06-29
HOSP-KP-003,MED-055,BATCH-0219601,1,2026-06-01,2029-05-31,2026-06-29
HOSP-KP-003,MED-055,BATCH-0223658,40,2026-06-22,2029-06-21,2026-06-29
HOSP-KP-003,MED-056,BATCH-0223659,19,2026-06-22,2029-06-21,2026-06-29
HOSP-KP-003,MED-057,BATCH-0222297,11,2026-06-15,2028-06-14,2026-06-29
HOSP-KP-003,MED-058,BATCH-0224950,18,2026-06-29,2028-06-28,2026-06-29
HOSP-KP-003,MED-059,BATCH-0223660,7,2026-06-22,2028-06-21,2026-06-29
HOSP-KP-003,MED-059,BATCH-0224951,9,2026-06-29,2028-06-28,2026-06-29
HOSP-KP-003,MED-060,BATCH-0223661,1,2026-06-22,2028-06-21,2026-06-29
HOSP-KP-003,MED-060,BATCH-0224952,9,2026-06-29,2028-06-28,2026-06-29
HOSP-KP-003,MED-061,BATCH-0223662,18,2026-06-22,2028-06-21,2026-06-29
HOSP-KP-003,MED-062,BATCH-0222299,5,2026-06-15,2029-06-14,2026-06-29
HOSP-KP-003,MED-062,BATCH-0224953,30,2026-06-29,2029-06-28,2026-06-29
HOSP-KP-003,MED-063,BATCH-0224954,12,2026-06-29,2028-06-28,2026-06-29
HOSP-KP-003,MED-064,BATCH-0222300,45,2026-06-15,2031-06-15,2026-06-29
HOSP-KP-003,MED-064,BATCH-0224955,84,2026-06-29,2031-06-29,2026-06-29
HOSP-KP-003,MED-065,BATCH-0223663,14,2026-06-22,2026-07-22,2026-06-29
HOSP-KP-003,MED-066,BATCH-0223664,14,2026-06-22,2026-07-22,2026-06-29
HOSP-KP-003,MED-067,BATCH-0222301,25,2026-06-15,2029-06-14,2026-06-29
HOSP-KP-003,MED-067,BATCH-0224956,41,2026-06-29,2029-06-28,2026-06-29
HOSP-KP-003,MED-068,BATCH-0224957,18,2026-06-29,2029-06-28,2026-06-29
HOSP-KP-003,MED-069,BATCH-0221015,2,2026-06-08,2029-06-07,2026-06-29
HOSP-KP-003,MED-069,BATCH-0223666,20,2026-06-22,2029-06-21,2026-06-29
HOSP-KP-003,MED-070,BATCH-0206577,6,2026-03-09,2028-03-08,2026-06-29
HOSP-KP-003,MED-070,BATCH-0214158,150,2026-04-27,2028-04-26,2026-06-29
HOSP-KP-003,MED-071,BATCH-0221016,5,2026-06-08,2028-06-07,2026-06-29
HOSP-KP-003,MED-071,BATCH-0224958,20,2026-06-29,2028-06-28,2026-06-29
HOSP-KP-003,MED-072,BATCH-0223667,16,2026-06-22,2028-06-21,2026-06-29
HOSP-KP-003,MED-072,BATCH-0224959,18,2026-06-29,2028-06-28,2026-06-29
HOSP-KP-004,MED-001,BATCH-0221872,95,2026-06-14,2029-06-13,2026-06-29
HOSP-KP-004,MED-002,BATCH-0223228,5,2026-06-20,2028-06-19,2026-06-29
HOSP-KP-004,MED-003,BATCH-0223229,170,2026-06-20,2029-06-19,2026-06-29
HOSP-KP-004,MED-004,BATCH-0223230,14,2026-06-22,2028-06-21,2026-06-29
HOSP-KP-004,MED-005,BATCH-0221874,135,2026-06-15,2028-06-14,2026-06-29
HOSP-KP-004,MED-006,BATCH-0223231,27,2026-06-21,2028-06-20,2026-06-29
HOSP-KP-004,MED-007,BATCH-0224534,8,2026-06-29,2028-06-28,2026-06-29
HOSP-KP-004,MED-008,BATCH-0223233,13,2026-06-21,2029-06-20,2026-06-29
HOSP-KP-004,MED-009,BATCH-0224535,5,2026-06-29,2028-06-28,2026-06-29
HOSP-KP-004,MED-010,BATCH-0220572,108,2026-06-06,2029-06-05,2026-06-29
HOSP-KP-004,MED-011,BATCH-0223235,17,2026-06-20,2029-06-19,2026-06-29
HOSP-KP-004,MED-012,BATCH-0221875,142,2026-06-15,2029-06-14,2026-06-29
HOSP-KP-004,MED-013,BATCH-0223236,6,2026-06-22,2028-06-21,2026-06-29
HOSP-KP-004,MED-014,BATCH-0217055,3,2026-05-17,2028-05-16,2026-06-29
HOSP-KP-004,MED-014,BATCH-0223237,24,2026-06-21,2028-06-20,2026-06-29
HOSP-KP-004,MED-015,BATCH-0224536,13,2026-06-27,2028-06-26,2026-06-29
HOSP-KP-004,MED-016,BATCH-0219233,37,2026-06-01,2028-05-31,2026-06-29
HOSP-KP-004,MED-017,BATCH-0198394,61,2025-11-17,2028-11-16,2026-06-29
HOSP-KP-004,MED-017,BATCH-0200495,300,2026-02-01,2029-01-31,2026-06-29
HOSP-KP-004,MED-018,BATCH-0223238,8,2026-06-21,2028-06-20,2026-06-29
HOSP-KP-004,MED-019,BATCH-0223239,8,2026-06-20,2028-06-19,2026-06-29
HOSP-KP-004,MED-020,BATCH-0223240,1,2026-06-20,2028-06-19,2026-06-29
HOSP-KP-004,MED-020,BATCH-0224537,6,2026-06-27,2028-06-26,2026-06-29
HOSP-KP-004,MED-021,BATCH-0221878,157,2026-06-14,2029-06-13,2026-06-29
HOSP-KP-004,MED-022,BATCH-0207425,3,2026-03-15,2029-03-14,2026-06-29
HOSP-KP-004,MED-022,BATCH-0218138,200,2026-05-24,2029-05-23,2026-06-29
HOSP-KP-004,MED-023,BATCH-0224538,180,2026-06-29,2029-06-28,2026-06-29
HOSP-KP-004,MED-024,BATCH-0224539,9,2026-06-28,2028-06-27,2026-06-29
HOSP-KP-004,MED-025,BATCH-0208485,40,2026-03-22,2029-03-21,2026-06-29
HOSP-KP-004,MED-025,BATCH-0219235,200,2026-05-31,2029-05-30,2026-06-29
HOSP-KP-004,MED-026,BATCH-0223241,169,2026-06-20,2029-06-19,2026-06-29
HOSP-KP-004,MED-027,BATCH-0215958,117,2026-05-10,2029-05-09,2026-06-29
HOSP-KP-004,MED-028,BATCH-0221880,8,2026-06-15,2029-06-14,2026-06-29
HOSP-KP-004,MED-029,BATCH-0221881,167,2026-06-15,2029-06-14,2026-06-29
HOSP-KP-004,MED-030,BATCH-0224540,8,2026-06-27,2029-06-26,2026-06-29
HOSP-KP-004,MED-031,BATCH-0219237,44,2026-05-30,2031-05-30,2026-06-29
HOSP-KP-004,MED-032,BATCH-0219238,124,2026-05-31,2031-05-31,2026-06-29
HOSP-KP-004,MED-033,BATCH-0220576,92,2026-06-06,2031-06-06,2026-06-29
HOSP-KP-004,MED-034,BATCH-0224541,18,2026-06-29,2028-06-28,2026-06-29
HOSP-KP-004,MED-035,BATCH-0219239,7,2026-05-30,2028-05-29,2026-06-29
HOSP-KP-004,MED-036,BATCH-0219240,146,2026-05-31,2028-05-30,2026-06-29
HOSP-KP-004,MED-037,BATCH-0223242,5,2026-06-22,2029-06-21,2026-06-29
HOSP-KP-004,MED-038,BATCH-0220577,6,2026-06-06,2028-06-05,2026-06-29
HOSP-KP-004,MED-039,BATCH-0219242,9,2026-05-30,2029-05-29,2026-06-29
HOSP-KP-004,MED-040,BATCH-0224542,18,2026-06-29,2029-06-28,2026-06-29
HOSP-KP-004,MED-041,BATCH-0177168,1,2025-09-20,2027-09-20,2026-06-29
HOSP-KP-004,MED-041,BATCH-0211702,5,2026-04-12,2028-04-11,2026-06-29
HOSP-KP-004,MED-042,BATCH-0201684,3,2026-02-09,2028-02-09,2026-06-29
HOSP-KP-004,MED-042,BATCH-0221883,5,2026-06-15,2028-06-14,2026-06-29
HOSP-KP-004,MED-043,BATCH-0207428,5,2026-03-15,2028-03-14,2026-06-29
HOSP-KP-004,MED-044,BATCH-0209604,4,2026-03-29,2028-03-28,2026-06-29
HOSP-KP-004,MED-044,BATCH-0220578,5,2026-06-07,2028-06-06,2026-06-29
HOSP-KP-004,MED-045,BATCH-0212821,26,2026-04-20,2028-04-19,2026-06-29
HOSP-KP-004,MED-046,BATCH-0163516,4,2025-07-14,2027-01-12,2026-06-29
HOSP-KP-004,MED-046,BATCH-0224543,5,2026-06-27,2027-12-26,2026-06-29
HOSP-KP-004,MED-047,BATCH-0220579,63,2026-06-06,2029-06-05,2026-06-29
HOSP-KP-004,MED-048,BATCH-0223243,3,2026-06-21,2028-06-20,2026-06-29
HOSP-KP-004,MED-048,BATCH-0224544,6,2026-06-28,2028-06-27,2026-06-29
HOSP-KP-004,MED-049,BATCH-0215964,146,2026-05-11,2028-05-10,2026-06-29
HOSP-KP-004,MED-050,BATCH-0212823,2,2026-04-20,2028-04-19,2026-06-29
HOSP-KP-004,MED-050,BATCH-0224545,20,2026-06-28,2028-06-27,2026-06-29
HOSP-KP-004,MED-051,BATCH-0220581,6,2026-06-07,2028-06-06,2026-06-29
HOSP-KP-004,MED-052,BATCH-0223244,1,2026-06-21,2028-06-20,2026-06-29
HOSP-KP-004,MED-052,BATCH-0224546,10,2026-06-28,2028-06-27,2026-06-29
HOSP-KP-004,MED-053,BATCH-0221885,10,2026-06-15,2028-06-14,2026-06-29
HOSP-KP-004,MED-054,BATCH-0220583,2,2026-06-07,2028-06-06,2026-06-29
HOSP-KP-004,MED-055,BATCH-0219244,14,2026-06-01,2029-05-31,2026-06-29
HOSP-KP-004,MED-056,BATCH-0221886,5,2026-06-14,2029-06-13,2026-06-29
HOSP-KP-004,MED-057,BATCH-0217061,2,2026-05-18,2028-05-17,2026-06-29
HOSP-KP-004,MED-057,BATCH-0223245,5,2026-06-21,2028-06-20,2026-06-29
HOSP-KP-004,MED-058,BATCH-0219245,4,2026-05-31,2028-05-30,2026-06-29
HOSP-KP-004,MED-059,BATCH-0214848,5,2026-05-03,2028-05-02,2026-06-29
HOSP-KP-004,MED-060,BATCH-0194411,1,2025-12-28,2027-12-28,2026-06-29
HOSP-KP-004,MED-060,BATCH-0201689,5,2026-02-08,2028-02-08,2026-06-29
HOSP-KP-004,MED-061,BATCH-0218142,13,2026-05-23,2028-05-22,2026-06-29
HOSP-KP-004,MED-062,BATCH-0218143,14,2026-05-23,2029-05-22,2026-06-29
HOSP-KP-004,MED-063,BATCH-0205194,3,2026-03-02,2028-03-01,2026-06-29
HOSP-KP-004,MED-063,BATCH-0208493,5,2026-03-22,2028-03-21,2026-06-29
HOSP-KP-004,MED-064,BATCH-0223246,7,2026-06-21,2031-06-21,2026-06-29
HOSP-KP-004,MED-065,BATCH-0224547,6,2026-06-28,2026-07-28,2026-06-29
HOSP-KP-004,MED-066,BATCH-0221888,5,2026-06-13,2026-07-13,2026-06-29
HOSP-KP-004,MED-067,BATCH-0221889,2,2026-06-15,2029-06-14,2026-06-29
HOSP-KP-004,MED-067,BATCH-0224548,5,2026-06-29,2029-06-28,2026-06-29
HOSP-KP-004,MED-068,BATCH-0218145,2,2026-05-23,2029-05-22,2026-06-29
HOSP-KP-004,MED-068,BATCH-0224549,6,2026-06-29,2029-06-28,2026-06-29
HOSP-KP-004,MED-069,BATCH-0219249,5,2026-05-31,2029-05-30,2026-06-29
HOSP-KP-004,MED-070,BATCH-0133017,71,2025-01-11,2027-01-11,2026-06-29
HOSP-KP-004,MED-070,BATCH-0189807,150,2025-11-29,2027-11-29,2026-06-29
HOSP-KP-004,MED-071,BATCH-0215967,8,2026-05-11,2028-05-10,2026-06-29
HOSP-KP-004,MED-071,BATCH-0224550,10,2026-06-27,2028-06-26,2026-06-29
HOSP-KP-004,MED-072,BATCH-0223247,5,2026-06-21,2028-06-20,2026-06-29
HOSP-MD-001,MED-001,BATCH-0223668,770,2026-06-22,2029-06-21,2026-06-29
HOSP-MD-001,MED-001,BATCH-0224960,1600,2026-06-29,2029-06-28,2026-06-29
HOSP-MD-001,MED-002,BATCH-0223669,168,2026-06-22,2028-06-21,2026-06-29
HOSP-MD-001,MED-002,BATCH-0224961,240,2026-06-29,2028-06-28,2026-06-29
HOSP-MD-001,MED-003,BATCH-0222303,303,2026-06-15,2029-06-14,2026-06-29
HOSP-MD-001,MED-003,BATCH-0224962,700,2026-06-29,2029-06-28,2026-06-29
HOSP-MD-001,MED-004,BATCH-0222304,77,2026-06-15,2028-06-14,2026-06-29
HOSP-MD-001,MED-004,BATCH-0224963,180,2026-06-29,2028-06-28,2026-06-29
HOSP-MD-001,MED-005,BATCH-0223670,725,2026-06-22,2028-06-21,2026-06-29
HOSP-MD-001,MED-006,BATCH-0223671,275,2026-06-22,2028-06-21,2026-06-29
HOSP-MD-001,MED-007,BATCH-0223672,180,2026-06-22,2028-06-21,2026-06-29
HOSP-MD-001,MED-007,BATCH-0224964,198,2026-06-29,2028-06-28,2026-06-29
HOSP-MD-001,MED-008,BATCH-0223673,169,2026-06-22,2029-06-21,2026-06-29
HOSP-MD-001,MED-008,BATCH-0224965,340,2026-06-29,2029-06-28,2026-06-29
HOSP-MD-001,MED-009,BATCH-0223674,232,2026-06-22,2028-06-21,2026-06-29
HOSP-MD-001,MED-009,BATCH-0224966,234,2026-06-29,2028-06-28,2026-06-29
HOSP-MD-001,MED-010,BATCH-0222306,347,2026-06-15,2029-06-14,2026-06-29
HOSP-MD-001,MED-011,BATCH-0223675,445,2026-06-22,2029-06-21,2026-06-29
HOSP-MD-001,MED-011,BATCH-0224967,850,2026-06-29,2029-06-28,2026-06-29
HOSP-MD-001,MED-012,BATCH-0223676,267,2026-06-22,2029-06-21,2026-06-29
HOSP-MD-001,MED-013,BATCH-0222309,116,2026-06-15,2028-06-14,2026-06-29
HOSP-MD-001,MED-013,BATCH-0224968,568,2026-06-29,2028-06-28,2026-06-29
HOSP-MD-001,MED-014,BATCH-0222310,213,2026-06-15,2028-06-14,2026-06-29
HOSP-MD-001,MED-014,BATCH-0224969,741,2026-06-29,2028-06-28,2026-06-29
HOSP-MD-001,MED-015,BATCH-0223677,194,2026-06-22,2028-06-21,2026-06-29
HOSP-MD-001,MED-015,BATCH-0224970,315,2026-06-29,2028-06-28,2026-06-29
HOSP-MD-001,MED-016,BATCH-0223678,68,2026-06-22,2028-06-21,2026-06-29
HOSP-MD-001,MED-016,BATCH-0224971,120,2026-06-29,2028-06-28,2026-06-29
HOSP-MD-001,MED-017,BATCH-0221029,59,2026-06-08,2029-06-07,2026-06-29
HOSP-MD-001,MED-017,BATCH-0224972,300,2026-06-29,2029-06-28,2026-06-29
HOSP-MD-001,MED-018,BATCH-0222312,23,2026-06-15,2028-06-14,2026-06-29
HOSP-MD-001,MED-018,BATCH-0223679,112,2026-06-22,2028-06-21,2026-06-29
HOSP-MD-001,MED-019,BATCH-0222313,24,2026-06-15,2028-06-14,2026-06-29
HOSP-MD-001,MED-019,BATCH-0224973,230,2026-06-29,2028-06-28,2026-06-29
HOSP-MD-001,MED-020,BATCH-0223680,124,2026-06-22,2028-06-21,2026-06-29
HOSP-MD-001,MED-021,BATCH-0222314,657,2026-06-15,2029-06-14,2026-06-29
HOSP-MD-001,MED-022,BATCH-0221031,87,2026-06-08,2029-06-07,2026-06-29
HOSP-MD-001,MED-022,BATCH-0223681,800,2026-06-22,2029-06-21,2026-06-29
HOSP-MD-001,MED-023,BATCH-0222315,452,2026-06-15,2029-06-14,2026-06-29
HOSP-MD-001,MED-024,BATCH-0223682,107,2026-06-22,2028-06-21,2026-06-29
HOSP-MD-001,MED-025,BATCH-0221033,69,2026-06-08,2029-06-07,2026-06-29
HOSP-MD-001,MED-025,BATCH-0224974,700,2026-06-29,2029-06-28,2026-06-29
HOSP-MD-001,MED-026,BATCH-0223683,615,2026-06-22,2029-06-21,2026-06-29
HOSP-MD-001,MED-027,BATCH-0222316,245,2026-06-15,2029-06-14,2026-06-29
HOSP-MD-001,MED-027,BATCH-0224975,1000,2026-06-29,2029-06-28,2026-06-29
HOSP-MD-001,MED-028,BATCH-0223684,143,2026-06-22,2029-06-21,2026-06-29
HOSP-MD-001,MED-029,BATCH-0223685,87,2026-05-11,2029-05-10,2026-06-29
HOSP-MD-001,MED-029,BATCH-0224976,300,2026-06-29,2029-06-28,2026-06-29
HOSP-MD-001,MED-030,BATCH-0223686,178,2026-06-22,2029-06-21,2026-06-29
HOSP-MD-001,MED-031,BATCH-0222318,156,2026-06-15,2031-06-15,2026-06-29
HOSP-MD-001,MED-031,BATCH-0223687,850,2026-06-22,2031-06-22,2026-06-29
HOSP-MD-001,MED-032,BATCH-0222319,793,2026-06-15,2031-06-15,2026-06-29
HOSP-MD-001,MED-032,BATCH-0224977,1200,2026-06-29,2031-06-29,2026-06-29
HOSP-MD-001,MED-033,BATCH-0222320,289,2026-06-15,2031-06-15,2026-06-29
HOSP-MD-001,MED-033,BATCH-0224978,450,2026-06-29,2031-06-29,2026-06-29
HOSP-MD-001,MED-034,BATCH-0224979,120,2026-06-29,2028-06-28,2026-06-29
HOSP-MD-001,MED-035,BATCH-0222321,37,2026-06-15,2028-06-14,2026-06-29
HOSP-MD-001,MED-036,BATCH-0223689,544,2026-06-22,2028-06-21,2026-06-29
HOSP-MD-001,MED-037,BATCH-0222322,2,2026-06-15,2029-06-14,2026-06-29
HOSP-MD-001,MED-037,BATCH-0224980,193,2026-06-29,2029-06-28,2026-06-29
HOSP-MD-001,MED-038,BATCH-0223690,88,2026-06-22,2028-06-21,2026-06-29
HOSP-MD-001,MED-039,BATCH-0221040,53,2026-06-08,2029-06-07,2026-06-29
HOSP-MD-001,MED-039,BATCH-0224981,140,2026-06-29,2029-06-28,2026-06-29
HOSP-MD-001,MED-040,BATCH-0222323,34,2026-06-15,2029-06-14,2026-06-29
HOSP-MD-001,MED-040,BATCH-0224982,110,2026-06-29,2029-06-28,2026-06-29
HOSP-MD-001,MED-041,BATCH-0222324,7,2026-06-15,2028-06-14,2026-06-29
HOSP-MD-001,MED-041,BATCH-0224983,11,2026-06-29,2028-06-28,2026-06-29
HOSP-MD-001,MED-042,BATCH-0223691,10,2026-06-22,2028-06-21,2026-06-29
HOSP-MD-001,MED-043,BATCH-0224984,9,2026-06-29,2028-06-28,2026-06-29
HOSP-MD-001,MED-044,BATCH-0222327,5,2026-06-15,2028-06-14,2026-06-29
HOSP-MD-001,MED-044,BATCH-0224985,7,2026-06-29,2028-06-28,2026-06-29
HOSP-MD-001,MED-045,BATCH-0222328,55,2026-06-15,2028-06-14,2026-06-29
HOSP-MD-001,MED-046,BATCH-0218495,3,2026-05-25,2027-11-23,2026-06-29
HOSP-MD-001,MED-046,BATCH-0223692,6,2026-06-22,2027-12-21,2026-06-29
HOSP-MD-001,MED-047,BATCH-0222329,129,2026-06-15,2029-06-14,2026-06-29
HOSP-MD-001,MED-047,BATCH-0224986,450,2026-06-29,2029-06-28,2026-06-29
HOSP-MD-001,MED-048,BATCH-0223693,142,2026-06-22,2028-06-21,2026-06-29
HOSP-MD-001,MED-049,BATCH-0222330,142,2026-06-15,2028-06-14,2026-06-29
HOSP-MD-001,MED-050,BATCH-0222331,7,2026-06-15,2028-06-14,2026-06-29
HOSP-MD-001,MED-050,BATCH-0223694,130,2026-06-22,2028-06-21,2026-06-29
HOSP-MD-001,MED-051,BATCH-0223695,121,2026-06-22,2028-06-21,2026-06-29
HOSP-MD-001,MED-052,BATCH-0222332,72,2026-06-15,2028-06-14,2026-06-29
HOSP-MD-001,MED-052,BATCH-0223696,168,2026-06-22,2028-06-21,2026-06-29
HOSP-MD-001,MED-053,BATCH-0222333,67,2026-06-15,2028-06-14,2026-06-29
HOSP-MD-001,MED-053,BATCH-0224987,210,2026-06-29,2028-06-28,2026-06-29
HOSP-MD-001,MED-054,BATCH-0222334,80,2026-06-15,2028-06-14,2026-06-29
HOSP-MD-001,MED-055,BATCH-0222335,47,2026-06-15,2029-06-14,2026-06-29
HOSP-MD-001,MED-055,BATCH-0224988,70,2026-06-29,2029-06-28,2026-06-29
HOSP-MD-001,MED-056,BATCH-0222336,23,2026-06-15,2029-06-14,2026-06-29
HOSP-MD-001,MED-056,BATCH-0224989,60,2026-06-29,2029-06-28,2026-06-29
HOSP-MD-001,MED-057,BATCH-0222337,35,2026-06-15,2028-06-14,2026-06-29
HOSP-MD-001,MED-057,BATCH-0224990,40,2026-06-29,2028-06-28,2026-06-29
HOSP-MD-001,MED-058,BATCH-0223697,22,2026-06-22,2028-06-21,2026-06-29
HOSP-MD-001,MED-058,BATCH-0224991,27,2026-06-29,2028-06-28,2026-06-29
HOSP-MD-001,MED-059,BATCH-0222338,6,2026-06-15,2028-06-14,2026-06-29
HOSP-MD-001,MED-059,BATCH-0223698,23,2026-06-22,2028-06-21,2026-06-29
HOSP-MD-001,MED-060,BATCH-0222339,15,2026-06-15,2028-06-14,2026-06-29
HOSP-MD-001,MED-060,BATCH-0224992,24,2026-06-29,2028-06-28,2026-06-29
HOSP-MD-001,MED-061,BATCH-0223699,54,2026-06-22,2028-06-21,2026-06-29
HOSP-MD-001,MED-062,BATCH-0223700,33,2026-06-22,2029-06-21,2026-06-29
HOSP-MD-001,MED-063,BATCH-0221049,5,2026-06-08,2028-06-07,2026-06-29
HOSP-MD-001,MED-063,BATCH-0224993,34,2026-06-29,2028-06-28,2026-06-29
HOSP-MD-001,MED-064,BATCH-0222341,27,2026-06-15,2031-06-15,2026-06-29
HOSP-MD-001,MED-064,BATCH-0224994,348,2026-06-29,2031-06-29,2026-06-29
HOSP-MD-001,MED-065,BATCH-0224995,81,2026-06-29,2026-07-29,2026-06-29
HOSP-MD-001,MED-066,BATCH-0223701,34,2026-06-22,2026-07-22,2026-06-29
HOSP-MD-001,MED-067,BATCH-0222343,48,2026-06-15,2029-06-14,2026-06-29
HOSP-MD-001,MED-067,BATCH-0224996,141,2026-06-29,2029-06-28,2026-06-29
HOSP-MD-001,MED-068,BATCH-0222344,22,2026-06-15,2029-06-14,2026-06-29
HOSP-MD-001,MED-068,BATCH-0224997,39,2026-06-29,2029-06-28,2026-06-29
HOSP-MD-001,MED-069,BATCH-0221051,33,2026-06-08,2029-06-07,2026-06-29
HOSP-MD-001,MED-069,BATCH-0224998,40,2026-06-29,2029-06-28,2026-06-29
HOSP-MD-001,MED-070,BATCH-0219649,123,2026-06-01,2028-05-31,2026-06-29
HOSP-MD-001,MED-070,BATCH-0224999,150,2026-06-29,2028-06-28,2026-06-29
HOSP-MD-001,MED-071,BATCH-0222345,22,2026-06-15,2028-06-14,2026-06-29
HOSP-MD-001,MED-071,BATCH-0225000,50,2026-06-29,2028-06-28,2026-06-29
HOSP-MD-001,MED-072,BATCH-0223702,61,2026-06-22,2028-06-21,2026-06-29
HOSP-MD-001,MED-072,BATCH-0225001,63,2026-06-29,2028-06-28,2026-06-29
HOSP-MD-002,MED-001,BATCH-0225002,1700,2026-06-29,2029-06-28,2026-06-29
HOSP-MD-002,MED-002,BATCH-0223703,117,2026-06-22,2028-06-21,2026-06-29
HOSP-MD-002,MED-002,BATCH-0225003,167,2026-06-29,2028-06-28,2026-06-29
HOSP-MD-002,MED-003,BATCH-0223704,450,2026-06-22,2029-06-21,2026-06-29
HOSP-MD-002,MED-004,BATCH-0225004,190,2026-06-29,2028-06-28,2026-06-29
HOSP-MD-002,MED-005,BATCH-0223705,544,2026-06-22,2028-06-21,2026-06-29
HOSP-MD-002,MED-006,BATCH-0223706,126,2026-06-22,2028-06-21,2026-06-29
HOSP-MD-002,MED-006,BATCH-0225005,220,2026-06-29,2028-06-28,2026-06-29
HOSP-MD-002,MED-007,BATCH-0222349,50,2026-06-15,2028-06-14,2026-06-29
HOSP-MD-002,MED-007,BATCH-0225006,195,2026-06-29,2028-06-28,2026-06-29
HOSP-MD-002,MED-008,BATCH-0223707,173,2026-06-22,2029-06-21,2026-06-29
HOSP-MD-002,MED-009,BATCH-0222350,139,2026-06-15,2028-06-14,2026-06-29
HOSP-MD-002,MED-009,BATCH-0225007,164,2026-06-29,2028-06-28,2026-06-29
HOSP-MD-002,MED-010,BATCH-0222351,158,2026-06-15,2029-06-14,2026-06-29
HOSP-MD-002,MED-010,BATCH-0225008,500,2026-06-29,2029-06-28,2026-06-29
HOSP-MD-002,MED-011,BATCH-0223708,148,2026-06-22,2029-06-21,2026-06-29
HOSP-MD-002,MED-011,BATCH-0225009,700,2026-06-29,2029-06-28,2026-06-29
HOSP-MD-002,MED-012,BATCH-0223709,160,2026-06-22,2029-06-21,2026-06-29
HOSP-MD-002,MED-012,BATCH-0225010,500,2026-06-29,2029-06-28,2026-06-29
HOSP-MD-002,MED-013,BATCH-0223710,175,2026-06-22,2028-06-21,2026-06-29
HOSP-MD-002,MED-014,BATCH-0221061,303,2026-06-08,2028-06-07,2026-06-29
HOSP-MD-002,MED-014,BATCH-0225011,309,2026-06-29,2028-06-28,2026-06-29
HOSP-MD-002,MED-015,BATCH-0222355,129,2026-06-15,2028-06-14,2026-06-29
HOSP-MD-002,MED-015,BATCH-0225012,177,2026-06-29,2028-06-28,2026-06-29
HOSP-MD-002,MED-016,BATCH-0225013,120,2026-06-29,2028-06-28,2026-06-29
HOSP-MD-002,MED-017,BATCH-0219663,74,2026-06-01,2029-05-31,2026-06-29
HOSP-MD-002,MED-017,BATCH-0225014,300,2026-06-29,2029-06-28,2026-06-29
HOSP-MD-002,MED-018,BATCH-0222357,33,2026-06-15,2028-06-14,2026-06-29
HOSP-MD-002,MED-018,BATCH-0225015,89,2026-06-29,2028-06-28,2026-06-29
HOSP-MD-002,MED-019,BATCH-0222358,49,2026-06-15,2028-06-14,2026-06-29
HOSP-MD-002,MED-019,BATCH-0225016,120,2026-06-29,2028-06-28,2026-06-29
HOSP-MD-002,MED-020,BATCH-0223711,44,2026-06-22,2028-06-21,2026-06-29
HOSP-MD-002,MED-020,BATCH-0225017,112,2026-06-29,2028-06-28,2026-06-29
HOSP-MD-002,MED-021,BATCH-0223712,342,2026-06-22,2029-06-21,2026-06-29
HOSP-MD-002,MED-022,BATCH-0219668,17,2026-06-01,2029-05-31,2026-06-29
HOSP-MD-002,MED-022,BATCH-0223713,600,2026-06-22,2029-06-21,2026-06-29
HOSP-MD-002,MED-023,BATCH-0222360,330,2026-06-15,2029-06-14,2026-06-29
HOSP-MD-002,MED-024,BATCH-0221063,8,2026-06-08,2028-06-07,2026-06-29
HOSP-MD-002,MED-024,BATCH-0223714,55,2026-06-22,2028-06-21,2026-06-29
HOSP-MD-002,MED-025,BATCH-0221064,7,2026-06-08,2029-06-07,2026-06-29
HOSP-MD-002,MED-025,BATCH-0223715,300,2026-06-22,2029-06-21,2026-06-29
HOSP-MD-002,MED-026,BATCH-0221065,134,2026-06-08,2029-06-07,2026-06-29
HOSP-MD-002,MED-026,BATCH-0225018,500,2026-06-29,2029-06-28,2026-06-29
HOSP-MD-002,MED-027,BATCH-0225019,700,2026-06-29,2029-06-28,2026-06-29
HOSP-MD-002,MED-028,BATCH-0223716,159,2026-06-22,2029-06-21,2026-06-29
HOSP-MD-002,MED-029,BATCH-0225020,300,2026-06-29,2029-06-28,2026-06-29
HOSP-MD-002,MED-030,BATCH-0221067,6,2026-06-08,2029-06-07,2026-06-29
HOSP-MD-002,MED-030,BATCH-0223717,91,2026-06-22,2029-06-21,2026-06-29
HOSP-MD-002,MED-031,BATCH-0225021,1000,2026-06-29,2031-06-29,2026-06-29
HOSP-MD-002,MED-032,BATCH-0222364,430,2026-06-15,2031-06-15,2026-06-29
HOSP-MD-002,MED-032,BATCH-0225022,1100,2026-06-29,2031-06-29,2026-06-29
HOSP-MD-002,MED-033,BATCH-0222365,174,2026-06-15,2031-06-15,2026-06-29
HOSP-MD-002,MED-033,BATCH-0225023,300,2026-06-29,2031-06-29,2026-06-29
HOSP-MD-002,MED-034,BATCH-0223719,43,2026-06-22,2028-06-21,2026-06-29
HOSP-MD-002,MED-035,BATCH-0223720,17,2026-06-22,2028-06-21,2026-06-29
HOSP-MD-002,MED-035,BATCH-0225024,19,2026-06-29,2028-06-28,2026-06-29
HOSP-MD-002,MED-036,BATCH-0222367,183,2026-06-15,2028-06-14,2026-06-29
HOSP-MD-002,MED-036,BATCH-0225025,500,2026-06-29,2028-06-28,2026-06-29
HOSP-MD-002,MED-037,BATCH-0223721,61,2026-06-22,2029-06-21,2026-06-29
HOSP-MD-002,MED-038,BATCH-0222368,17,2026-06-15,2028-06-14,2026-06-29
HOSP-MD-002,MED-038,BATCH-0225026,130,2026-06-29,2028-06-28,2026-06-29
HOSP-MD-002,MED-039,BATCH-0223722,65,2026-06-22,2029-06-21,2026-06-29
HOSP-MD-002,MED-040,BATCH-0221072,8,2026-06-08,2029-06-07,2026-06-29
HOSP-MD-002,MED-040,BATCH-0225027,90,2026-06-29,2029-06-28,2026-06-29
HOSP-MD-002,MED-041,BATCH-0222369,6,2026-06-15,2028-06-14,2026-06-29
HOSP-MD-002,MED-041,BATCH-0225028,10,2026-06-29,2028-06-28,2026-06-29
HOSP-MD-002,MED-042,BATCH-0222370,1,2026-06-15,2028-06-14,2026-06-29
HOSP-MD-002,MED-042,BATCH-0223723,7,2026-06-22,2028-06-21,2026-06-29
HOSP-MD-002,MED-043,BATCH-0222371,5,2026-06-15,2028-06-14,2026-06-29
HOSP-MD-002,MED-044,BATCH-0222372,1,2026-06-15,2028-06-14,2026-06-29
HOSP-MD-002,MED-044,BATCH-0225029,8,2026-06-29,2028-06-28,2026-06-29
HOSP-MD-002,MED-045,BATCH-0223724,28,2026-06-22,2028-06-21,2026-06-29
HOSP-MD-002,MED-046,BATCH-0219682,5,2026-06-01,2027-11-30,2026-06-29
HOSP-MD-002,MED-047,BATCH-0222373,12,2026-06-15,2029-06-14,2026-06-29
HOSP-MD-002,MED-047,BATCH-0223725,300,2026-06-22,2029-06-21,2026-06-29
HOSP-MD-002,MED-048,BATCH-0222374,24,2026-06-15,2028-06-14,2026-06-29
HOSP-MD-002,MED-048,BATCH-0225030,107,2026-06-29,2028-06-28,2026-06-29
HOSP-MD-002,MED-049,BATCH-0219685,80,2026-06-01,2028-05-31,2026-06-29
HOSP-MD-002,MED-049,BATCH-0225031,300,2026-06-29,2028-06-28,2026-06-29
HOSP-MD-002,MED-050,BATCH-0222375,76,2026-06-15,2028-06-14,2026-06-29
HOSP-MD-002,MED-051,BATCH-0222376,26,2026-06-15,2028-06-14,2026-06-29
HOSP-MD-002,MED-051,BATCH-0223726,70,2026-06-22,2028-06-21,2026-06-29
HOSP-MD-002,MED-052,BATCH-0223727,108,2026-06-22,2028-06-21,2026-06-29
HOSP-MD-002,MED-052,BATCH-0225032,113,2026-06-29,2028-06-28,2026-06-29
HOSP-MD-002,MED-053,BATCH-0221077,9,2026-06-08,2028-06-07,2026-06-29
HOSP-MD-002,MED-053,BATCH-0223728,120,2026-06-22,2028-06-21,2026-06-29
HOSP-MD-002,MED-054,BATCH-0222377,18,2026-06-15,2028-06-14,2026-06-29
HOSP-MD-002,MED-054,BATCH-0225033,104,2026-06-29,2028-06-28,2026-06-29
HOSP-MD-002,MED-055,BATCH-0221079,12,2026-06-08,2029-06-07,2026-06-29
HOSP-MD-002,MED-055,BATCH-0225034,60,2026-06-29,2029-06-28,2026-06-29
HOSP-MD-002,MED-056,BATCH-0223729,33,2026-06-22,2029-06-21,2026-06-29
HOSP-MD-002,MED-057,BATCH-0223730,19,2026-06-22,2028-06-21,2026-06-29
HOSP-MD-002,MED-057,BATCH-0225035,24,2026-06-29,2028-06-28,2026-06-29
HOSP-MD-002,MED-058,BATCH-0221081,3,2026-06-08,2028-06-07,2026-06-29
HOSP-MD-002,MED-058,BATCH-0223731,19,2026-06-22,2028-06-21,2026-06-29
HOSP-MD-002,MED-059,BATCH-0222379,14,2026-06-15,2028-06-14,2026-06-29
HOSP-MD-002,MED-059,BATCH-0225036,15,2026-06-29,2028-06-28,2026-06-29
HOSP-MD-002,MED-060,BATCH-0223732,11,2026-06-22,2028-06-21,2026-06-29
HOSP-MD-002,MED-060,BATCH-0225037,16,2026-06-29,2028-06-28,2026-06-29
HOSP-MD-002,MED-061,BATCH-0222380,8,2026-06-15,2028-06-14,2026-06-29
HOSP-MD-002,MED-061,BATCH-0225038,70,2026-06-29,2028-06-28,2026-06-29
HOSP-MD-002,MED-062,BATCH-0223733,55,2026-06-22,2029-06-21,2026-06-29
HOSP-MD-002,MED-063,BATCH-0222381,8,2026-06-15,2028-06-14,2026-06-29
HOSP-MD-002,MED-063,BATCH-0225039,19,2026-06-29,2028-06-28,2026-06-29
HOSP-MD-002,MED-064,BATCH-0223734,143,2026-06-22,2031-06-22,2026-06-29
HOSP-MD-002,MED-065,BATCH-0225040,54,2026-06-29,2026-07-29,2026-06-29
HOSP-MD-002,MED-066,BATCH-0223736,16,2026-06-22,2026-07-22,2026-06-29
HOSP-MD-002,MED-067,BATCH-0222382,25,2026-06-15,2029-06-14,2026-06-29
HOSP-MD-002,MED-067,BATCH-0225041,137,2026-06-29,2029-06-28,2026-06-29
HOSP-MD-002,MED-068,BATCH-0223737,36,2026-06-22,2029-06-21,2026-06-29
HOSP-MD-002,MED-069,BATCH-0223738,19,2026-06-22,2029-06-21,2026-06-29
HOSP-MD-002,MED-069,BATCH-0225042,45,2026-06-29,2029-06-28,2026-06-29
HOSP-MD-002,MED-070,BATCH-0222383,204,2026-06-15,2028-06-14,2026-06-29
HOSP-MD-002,MED-071,BATCH-0223739,40,2026-06-22,2028-06-21,2026-06-29
HOSP-MD-002,MED-072,BATCH-0222384,5,2026-06-15,2028-06-14,2026-06-29
HOSP-MD-002,MED-072,BATCH-0225043,63,2026-06-29,2028-06-28,2026-06-29
HOSP-MD-003,MED-001,BATCH-0225044,300,2026-06-29,2029-06-28,2026-06-29
HOSP-MD-003,MED-002,BATCH-0223740,19,2026-06-22,2028-06-21,2026-06-29
HOSP-MD-003,MED-003,BATCH-0216389,93,2026-05-11,2029-05-10,2026-06-29
HOSP-MD-003,MED-003,BATCH-0225045,200,2026-06-29,2029-06-28,2026-06-29
HOSP-MD-003,MED-004,BATCH-0223741,18,2026-06-22,2028-06-21,2026-06-29
HOSP-MD-003,MED-005,BATCH-0221090,33,2026-06-08,2028-06-07,2026-06-29
HOSP-MD-003,MED-005,BATCH-0225046,200,2026-06-29,2028-06-28,2026-06-29
HOSP-MD-003,MED-006,BATCH-0223742,20,2026-06-22,2028-06-21,2026-06-29
HOSP-MD-003,MED-006,BATCH-0225047,40,2026-06-29,2028-06-28,2026-06-29
HOSP-MD-003,MED-007,BATCH-0223743,17,2026-06-22,2028-06-21,2026-06-29
HOSP-MD-003,MED-007,BATCH-0225048,18,2026-06-29,2028-06-28,2026-06-29
HOSP-MD-003,MED-008,BATCH-0225049,50,2026-06-29,2029-06-28,2026-06-29
HOSP-MD-003,MED-009,BATCH-0222389,3,2026-06-15,2028-06-14,2026-06-29
HOSP-MD-003,MED-009,BATCH-0225050,34,2026-06-29,2028-06-28,2026-06-29
HOSP-MD-003,MED-010,BATCH-0221094,123,2026-06-08,2029-06-07,2026-06-29
HOSP-MD-003,MED-011,BATCH-0223744,38,2026-06-22,2029-06-21,2026-06-29
HOSP-MD-003,MED-011,BATCH-0225051,100,2026-06-29,2029-06-28,2026-06-29
HOSP-MD-003,MED-012,BATCH-0222390,123,2026-06-15,2029-06-14,2026-06-29
HOSP-MD-003,MED-013,BATCH-0223745,27,2026-06-22,2028-06-21,2026-06-29
HOSP-MD-003,MED-013,BATCH-0225052,29,2026-06-29,2028-06-28,2026-06-29
HOSP-MD-003,MED-014,BATCH-0222392,12,2026-06-15,2028-06-14,2026-06-29
HOSP-MD-003,MED-014,BATCH-0225053,63,2026-06-29,2028-06-28,2026-06-29
HOSP-MD-003,MED-015,BATCH-0223746,12,2026-06-22,2028-06-21,2026-06-29
HOSP-MD-003,MED-015,BATCH-0225054,27,2026-06-29,2028-06-28,2026-06-29
HOSP-MD-003,MED-016,BATCH-0222394,45,2026-06-15,2028-06-14,2026-06-29
HOSP-MD-003,MED-017,BATCH-0197287,100,2026-01-12,2029-01-11,2026-06-29
HOSP-MD-003,MED-018,BATCH-0222395,6,2026-06-15,2028-06-14,2026-06-29
HOSP-MD-003,MED-018,BATCH-0225055,12,2026-06-29,2028-06-28,2026-06-29
HOSP-MD-003,MED-019,BATCH-0225056,30,2026-06-29,2028-06-28,2026-06-29
HOSP-MD-003,MED-020,BATCH-0223747,6,2026-06-22,2028-06-21,2026-06-29
HOSP-MD-003,MED-020,BATCH-0225057,12,2026-06-29,2028-06-28,2026-06-29
HOSP-MD-003,MED-021,BATCH-0218553,201,2026-05-25,2029-05-24,2026-06-29
HOSP-MD-003,MED-022,BATCH-0212108,15,2026-04-13,2029-04-12,2026-06-29
HOSP-MD-003,MED-022,BATCH-0222398,200,2026-06-15,2029-06-14,2026-06-29
HOSP-MD-003,MED-023,BATCH-0214228,8,2026-04-27,2029-04-26,2026-06-29
HOSP-MD-003,MED-023,BATCH-0223748,200,2026-06-22,2029-06-21,2026-06-29
HOSP-MD-003,MED-024,BATCH-0222399,3,2026-06-15,2028-06-14,2026-06-29
HOSP-MD-003,MED-024,BATCH-0223749,8,2026-06-22,2028-06-21,2026-06-29
HOSP-MD-003,MED-025,BATCH-0207851,97,2026-03-16,2029-03-15,2026-06-29
HOSP-MD-003,MED-025,BATCH-0225058,200,2026-06-29,2029-06-28,2026-06-29
HOSP-MD-003,MED-026,BATCH-0205629,45,2026-03-02,2029-03-01,2026-06-29
HOSP-MD-003,MED-026,BATCH-0222400,300,2026-06-15,2029-06-14,2026-06-29
HOSP-MD-003,MED-027,BATCH-0223750,180,2026-06-22,2029-06-21,2026-06-29
HOSP-MD-003,MED-028,BATCH-0222401,9,2026-06-15,2029-06-14,2026-06-29
HOSP-MD-003,MED-028,BATCH-0225059,40,2026-06-29,2029-06-28,2026-06-29
HOSP-MD-003,MED-029,BATCH-0219714,116,2026-06-01,2029-05-31,2026-06-29
HOSP-MD-003,MED-030,BATCH-0222402,6,2026-06-15,2029-06-14,2026-06-29
HOSP-MD-003,MED-030,BATCH-0223751,11,2026-06-22,2029-06-21,2026-06-29
HOSP-MD-003,MED-031,BATCH-0222403,75,2026-06-15,2031-06-15,2026-06-29
HOSP-MD-003,MED-031,BATCH-0225060,150,2026-06-29,2031-06-29,2026-06-29
HOSP-MD-003,MED-032,BATCH-0218556,5,2026-05-25,2031-05-25,2026-06-29
HOSP-MD-003,MED-032,BATCH-0223752,200,2026-06-22,2031-06-22,2026-06-29
HOSP-MD-003,MED-033,BATCH-0221099,48,2026-06-08,2031-06-08,2026-06-29
HOSP-MD-003,MED-033,BATCH-0225061,50,2026-06-29,2031-06-29,2026-06-29
HOSP-MD-003,MED-034,BATCH-0222404,14,2026-06-15,2028-06-14,2026-06-29
HOSP-MD-003,MED-035,BATCH-0219716,5,2026-06-01,2028-05-31,2026-06-29
HOSP-MD-003,MED-036,BATCH-0211055,65,2026-04-06,2028-04-05,2026-06-29
HOSP-MD-003,MED-036,BATCH-0223753,300,2026-06-22,2028-06-21,2026-06-29
HOSP-MD-003,MED-037,BATCH-0225062,13,2026-06-29,2029-06-28,2026-06-29
HOSP-MD-003,MED-038,BATCH-0223754,19,2026-06-22,2028-06-21,2026-06-29
HOSP-MD-003,MED-039,BATCH-0221101,8,2026-06-08,2029-06-07,2026-06-29
HOSP-MD-003,MED-039,BATCH-0225063,20,2026-06-29,2029-06-28,2026-06-29
HOSP-MD-003,MED-040,BATCH-0218559,5,2026-05-25,2029-05-24,2026-06-29
HOSP-MD-003,MED-040,BATCH-0225064,20,2026-06-29,2029-06-28,2026-06-29
HOSP-MD-003,MED-041,BATCH-0215244,5,2026-05-04,2028-05-03,2026-06-29
HOSP-MD-003,MED-042,BATCH-0219717,3,2026-06-01,2028-05-31,2026-06-29
HOSP-MD-003,MED-042,BATCH-0221102,5,2026-06-08,2028-06-07,2026-06-29
HOSP-MD-003,MED-043,BATCH-0183194,2,2025-10-20,2027-10-20,2026-06-29
HOSP-MD-003,MED-043,BATCH-0197292,5,2026-01-12,2028-01-12,2026-06-29
HOSP-MD-003,MED-044,BATCH-0211056,6,2026-04-06,2028-04-05,2026-06-29
HOSP-MD-003,MED-045,BATCH-0213220,26,2026-04-20,2028-04-19,2026-06-29
HOSP-MD-003,MED-046,BATCH-0192533,1,2025-12-15,2027-06-15,2026-06-29
HOSP-MD-003,MED-046,BATCH-0199761,5,2026-01-26,2027-07-27,2026-06-29
HOSP-MD-003,MED-047,BATCH-0219718,80,2026-06-01,2029-05-31,2026-06-29
HOSP-MD-003,MED-048,BATCH-0223755,8,2026-06-22,2028-06-21,2026-06-29
HOSP-MD-003,MED-048,BATCH-0225065,11,2026-06-29,2028-06-28,2026-06-29
HOSP-MD-003,MED-049,BATCH-0186994,102,2025-11-10,2027-11-10,2026-06-29
HOSP-MD-003,MED-050,BATCH-0222406,18,2026-06-15,2028-06-14,2026-06-29
HOSP-MD-003,MED-051,BATCH-0222407,9,2026-06-15,2028-06-14,2026-06-29
HOSP-MD-003,MED-051,BATCH-0225066,10,2026-06-29,2028-06-28,2026-06-29
HOSP-MD-003,MED-052,BATCH-0225067,32,2026-06-29,2028-06-28,2026-06-29
HOSP-MD-003,MED-053,BATCH-0222409,28,2026-06-15,2028-06-14,2026-06-29
HOSP-MD-003,MED-054,BATCH-0223756,14,2026-06-22,2028-06-21,2026-06-29
HOSP-MD-003,MED-055,BATCH-0222410,16,2026-06-15,2029-06-14,2026-06-29
HOSP-MD-003,MED-056,BATCH-0222411,9,2026-06-15,2029-06-14,2026-06-29
HOSP-MD-003,MED-057,BATCH-0223757,6,2026-06-22,2028-06-21,2026-06-29
HOSP-MD-003,MED-058,BATCH-0218563,2,2026-05-25,2028-05-24,2026-06-29
HOSP-MD-003,MED-058,BATCH-0225068,7,2026-06-29,2028-06-28,2026-06-29
HOSP-MD-003,MED-059,BATCH-0222412,5,2026-06-15,2028-06-14,2026-06-29
HOSP-MD-003,MED-060,BATCH-0217456,2,2026-05-18,2028-05-17,2026-06-29
HOSP-MD-003,MED-060,BATCH-0223758,7,2026-06-22,2028-06-21,2026-06-29
HOSP-MD-003,MED-061,BATCH-0223759,20,2026-06-22,2028-06-21,2026-06-29
HOSP-MD-003,MED-062,BATCH-0204459,8,2026-02-23,2029-02-22,2026-06-29
HOSP-MD-003,MED-062,BATCH-0225069,30,2026-06-29,2029-06-28,2026-06-29
HOSP-MD-003,MED-063,BATCH-0217457,1,2026-05-18,2028-05-17,2026-06-29
HOSP-MD-003,MED-063,BATCH-0223760,7,2026-06-22,2028-06-21,2026-06-29
HOSP-MD-003,MED-064,BATCH-0223761,35,2026-06-22,2031-06-22,2026-06-29
HOSP-MD-003,MED-065,BATCH-0219724,3,2026-06-01,2026-07-01,2026-06-29
HOSP-MD-003,MED-066,BATCH-0223762,7,2026-06-22,2026-07-22,2026-06-29
HOSP-MD-003,MED-067,BATCH-0223763,8,2026-06-22,2029-06-21,2026-06-29
HOSP-MD-003,MED-067,BATCH-0225070,11,2026-06-29,2029-06-28,2026-06-29
HOSP-MD-003,MED-068,BATCH-0216402,1,2026-05-11,2029-05-10,2026-06-29
HOSP-MD-003,MED-068,BATCH-0222414,5,2026-06-15,2029-06-14,2026-06-29
HOSP-MD-003,MED-069,BATCH-0221109,3,2026-06-08,2029-06-07,2026-06-29
HOSP-MD-003,MED-069,BATCH-0225071,10,2026-06-29,2029-06-28,2026-06-29
HOSP-MD-003,MED-070,BATCH-0184588,39,2025-10-27,2027-10-27,2026-06-29
HOSP-MD-003,MED-070,BATCH-0210027,150,2026-03-30,2028-03-29,2026-06-29
HOSP-MD-003,MED-071,BATCH-0215251,14,2026-05-04,2028-05-03,2026-06-29
HOSP-MD-003,MED-072,BATCH-0222415,1,2026-06-15,2028-06-14,2026-06-29
HOSP-MD-003,MED-072,BATCH-0223764,7,2026-06-22,2028-06-21,2026-06-29
HOSP-MD-004,MED-001,BATCH-0222416,326,2026-06-15,2029-06-14,2026-06-29
HOSP-MD-004,MED-001,BATCH-0223765,4400,2026-06-22,2029-06-21,2026-06-29
HOSP-MD-004,MED-002,BATCH-0223766,250,2026-06-22,2028-06-21,2026-06-29
HOSP-MD-004,MED-002,BATCH-0225072,765,2026-06-29,2028-06-28,2026-06-29
HOSP-MD-004,MED-003,BATCH-0221113,401,2026-06-08,2029-06-07,2026-06-29
HOSP-MD-004,MED-003,BATCH-0223767,2100,2026-06-22,2029-06-21,2026-06-29
HOSP-MD-004,MED-004,BATCH-0225073,900,2026-06-29,2028-06-28,2026-06-29
HOSP-MD-004,MED-005,BATCH-0223768,2118,2026-06-22,2028-06-21,2026-06-29
HOSP-MD-004,MED-006,BATCH-0223769,594,2026-06-22,2028-06-21,2026-06-29
HOSP-MD-004,MED-006,BATCH-0225074,780,2026-06-29,2028-06-28,2026-06-29
HOSP-MD-004,MED-007,BATCH-0225075,1425,2026-06-29,2028-06-28,2026-06-29
HOSP-MD-004,MED-008,BATCH-0223770,877,2026-06-22,2029-06-21,2026-06-29
HOSP-MD-004,MED-009,BATCH-0223771,688,2026-06-22,2028-06-21,2026-06-29
HOSP-MD-004,MED-009,BATCH-0225076,930,2026-06-29,2028-06-28,2026-06-29
HOSP-MD-004,MED-010,BATCH-0225077,2100,2026-06-29,2029-06-28,2026-06-29
HOSP-MD-004,MED-011,BATCH-0223773,217,2026-06-22,2029-06-21,2026-06-29
HOSP-MD-004,MED-011,BATCH-0225078,3750,2026-06-29,2029-06-28,2026-06-29
HOSP-MD-004,MED-012,BATCH-0223774,1038,2026-06-22,2029-06-21,2026-06-29
HOSP-MD-004,MED-013,BATCH-0222422,29,2026-06-15,2028-06-14,2026-06-29
HOSP-MD-004,MED-013,BATCH-0225079,1801,2026-06-29,2028-06-28,2026-06-29
HOSP-MD-004,MED-014,BATCH-0223775,1044,2026-06-22,2028-06-21,2026-06-29
HOSP-MD-004,MED-014,BATCH-0225080,1738,2026-06-29,2028-06-28,2026-06-29
HOSP-MD-004,MED-015,BATCH-0223776,884,2026-06-22,2028-06-21,2026-06-29
HOSP-MD-004,MED-015,BATCH-0225081,899,2026-06-29,2028-06-28,2026-06-29
HOSP-MD-004,MED-016,BATCH-0223777,19,2026-06-22,2028-06-21,2026-06-29
HOSP-MD-004,MED-016,BATCH-0225082,480,2026-06-29,2028-06-28,2026-06-29
HOSP-MD-004,MED-017,BATCH-0223778,58,2026-05-11,2029-05-10,2026-06-29
HOSP-MD-004,MED-017,BATCH-0225083,300,2026-06-29,2029-06-28,2026-06-29
HOSP-MD-004,MED-018,BATCH-0223779,435,2026-06-22,2028-06-21,2026-06-29
HOSP-MD-004,MED-019,BATCH-0222426,117,2026-06-15,2028-06-14,2026-06-29
HOSP-MD-004,MED-019,BATCH-0225084,620,2026-06-29,2028-06-28,2026-06-29
HOSP-MD-004,MED-020,BATCH-0223780,513,2026-06-22,2028-06-21,2026-06-29
HOSP-MD-004,MED-021,BATCH-0225085,78,2026-06-01,2029-05-31,2026-06-29
HOSP-MD-004,MED-022,BATCH-0222427,690,2026-06-15,2029-06-14,2026-06-29
HOSP-MD-004,MED-022,BATCH-0225086,2300,2026-06-29,2029-06-28,2026-06-29
HOSP-MD-004,MED-023,BATCH-0222428,809,2026-06-15,2029-06-14,2026-06-29
HOSP-MD-004,MED-023,BATCH-0225087,3100,2026-06-29,2029-06-28,2026-06-29
HOSP-MD-004,MED-024,BATCH-0223781,288,2026-06-22,2028-06-21,2026-06-29
HOSP-MD-004,MED-024,BATCH-0225088,310,2026-06-29,2028-06-28,2026-06-29
HOSP-MD-004,MED-025,BATCH-0222429,397,2026-06-15,2029-06-14,2026-06-29
HOSP-MD-004,MED-025,BATCH-0225089,1500,2026-06-29,2029-06-28,2026-06-29
HOSP-MD-004,MED-026,BATCH-0222430,751,2026-06-15,2029-06-14,2026-06-29
HOSP-MD-004,MED-026,BATCH-0225090,2300,2026-06-29,2029-06-28,2026-06-29
HOSP-MD-004,MED-027,BATCH-0225091,2800,2026-06-29,2029-06-28,2026-06-29
HOSP-MD-004,MED-028,BATCH-0225092,1090,2026-06-29,2029-06-28,2026-06-29
HOSP-MD-004,MED-029,BATCH-0225093,1200,2026-06-29,2029-06-28,2026-06-29
HOSP-MD-004,MED-030,BATCH-0221130,30,2026-06-08,2029-06-07,2026-06-29
HOSP-MD-004,MED-030,BATCH-0223783,442,2026-06-22,2029-06-21,2026-06-29
HOSP-MD-004,MED-031,BATCH-0221131,3744,2026-06-08,2031-06-08,2026-06-29
HOSP-MD-004,MED-032,BATCH-0222434,1762,2026-06-15,2031-06-15,2026-06-29
HOSP-MD-004,MED-032,BATCH-0225094,5100,2026-06-29,2031-06-29,2026-06-29
HOSP-MD-004,MED-033,BATCH-0223784,1561,2026-06-22,2031-06-22,2026-06-29
HOSP-MD-004,MED-034,BATCH-0222435,46,2026-06-15,2028-06-14,2026-06-29
HOSP-MD-004,MED-034,BATCH-0225095,390,2026-06-29,2028-06-28,2026-06-29
HOSP-MD-004,MED-035,BATCH-0222436,44,2026-06-15,2028-06-14,2026-06-29
HOSP-MD-004,MED-035,BATCH-0223785,131,2026-06-22,2028-06-21,2026-06-29
HOSP-MD-004,MED-036,BATCH-0223786,2164,2026-06-22,2028-06-21,2026-06-29
HOSP-MD-004,MED-037,BATCH-0223787,308,2026-06-22,2029-06-21,2026-06-29
HOSP-MD-004,MED-038,BATCH-0222437,244,2026-06-15,2028-06-14,2026-06-29
HOSP-MD-004,MED-038,BATCH-0225096,500,2026-06-29,2028-06-28,2026-06-29
HOSP-MD-004,MED-039,BATCH-0223788,402,2026-06-22,2029-06-21,2026-06-29
HOSP-MD-004,MED-040,BATCH-0222438,76,2026-06-15,2029-06-14,2026-06-29
HOSP-MD-004,MED-040,BATCH-0225097,390,2026-06-29,2029-06-28,2026-06-29
HOSP-MD-004,MED-041,BATCH-0223789,32,2026-06-22,2028-06-21,2026-06-29
HOSP-MD-004,MED-041,BATCH-0225098,45,2026-06-29,2028-06-28,2026-06-29
HOSP-MD-004,MED-042,BATCH-0223790,27,2026-06-22,2028-06-21,2026-06-29
HOSP-MD-004,MED-042,BATCH-0225099,31,2026-06-29,2028-06-28,2026-06-29
HOSP-MD-004,MED-043,BATCH-0223791,16,2026-06-22,2028-06-21,2026-06-29
HOSP-MD-004,MED-043,BATCH-0225100,19,2026-06-29,2028-06-28,2026-06-29
HOSP-MD-004,MED-044,BATCH-0223792,18,2026-06-22,2028-06-21,2026-06-29
HOSP-MD-004,MED-044,BATCH-0225101,21,2026-06-29,2028-06-28,2026-06-29
HOSP-MD-004,MED-045,BATCH-0223793,122,2026-06-22,2028-06-21,2026-06-29
HOSP-MD-004,MED-046,BATCH-0222441,7,2026-06-15,2027-12-14,2026-06-29
HOSP-MD-004,MED-046,BATCH-0225102,16,2026-06-29,2027-12-28,2026-06-29
HOSP-MD-004,MED-047,BATCH-0223794,1298,2026-06-22,2029-06-21,2026-06-29
HOSP-MD-004,MED-048,BATCH-0223795,458,2026-06-22,2028-06-21,2026-06-29
HOSP-MD-004,MED-049,BATCH-0223796,694,2026-06-22,2028-06-21,2026-06-29
HOSP-MD-004,MED-050,BATCH-0222442,229,2026-06-15,2028-06-14,2026-06-29
HOSP-MD-004,MED-050,BATCH-0225103,410,2026-06-29,2028-06-28,2026-06-29
HOSP-MD-004,MED-051,BATCH-0223797,227,2026-06-22,2028-06-21,2026-06-29
HOSP-MD-004,MED-051,BATCH-0225104,240,2026-06-29,2028-06-28,2026-06-29
HOSP-MD-004,MED-052,BATCH-0222443,181,2026-06-15,2028-06-14,2026-06-29
HOSP-MD-004,MED-052,BATCH-0225105,1030,2026-06-29,2028-06-28,2026-06-29
HOSP-MD-004,MED-053,BATCH-0222444,403,2026-06-15,2028-06-14,2026-06-29
HOSP-MD-004,MED-053,BATCH-0225106,630,2026-06-29,2028-06-28,2026-06-29
HOSP-MD-004,MED-054,BATCH-0222445,82,2026-06-15,2028-06-14,2026-06-29
HOSP-MD-004,MED-054,BATCH-0225107,500,2026-06-29,2028-06-28,2026-06-29
HOSP-MD-004,MED-055,BATCH-0223798,226,2026-06-22,2029-06-21,2026-06-29
HOSP-MD-004,MED-056,BATCH-0223799,126,2026-06-22,2029-06-21,2026-06-29
HOSP-MD-004,MED-057,BATCH-0221146,11,2026-06-08,2028-06-07,2026-06-29
HOSP-MD-004,MED-057,BATCH-0223800,139,2026-06-22,2028-06-21,2026-06-29
HOSP-MD-004,MED-058,BATCH-0222446,32,2026-06-15,2028-06-14,2026-06-29
HOSP-MD-004,MED-058,BATCH-0225108,149,2026-06-29,2028-06-28,2026-06-29
HOSP-MD-004,MED-059,BATCH-0223801,98,2026-06-22,2028-06-21,2026-06-29
HOSP-MD-004,MED-060,BATCH-0222447,44,2026-06-15,2028-06-14,2026-06-29
HOSP-MD-004,MED-060,BATCH-0225109,50,2026-06-29,2028-06-28,2026-06-29
HOSP-MD-004,MED-061,BATCH-0223802,156,2026-06-22,2028-06-21,2026-06-29
HOSP-MD-004,MED-062,BATCH-0219761,68,2026-06-01,2029-05-31,2026-06-29
HOSP-MD-004,MED-062,BATCH-0225110,150,2026-06-29,2029-06-28,2026-06-29
HOSP-MD-004,MED-063,BATCH-0222448,29,2026-06-15,2028-06-14,2026-06-29
HOSP-MD-004,MED-063,BATCH-0225111,109,2026-06-29,2028-06-28,2026-06-29
HOSP-MD-004,MED-064,BATCH-0222449,108,2026-06-15,2031-06-15,2026-06-29
HOSP-MD-004,MED-064,BATCH-0223803,552,2026-06-22,2031-06-22,2026-06-29
HOSP-MD-004,MED-065,BATCH-0222450,100,2026-06-15,2026-07-15,2026-06-29
HOSP-MD-004,MED-066,BATCH-0222451,39,2026-06-15,2026-07-15,2026-06-29
HOSP-MD-004,MED-066,BATCH-0225112,135,2026-06-29,2026-07-29,2026-06-29
HOSP-MD-004,MED-067,BATCH-0222452,80,2026-06-15,2029-06-14,2026-06-29
HOSP-MD-004,MED-067,BATCH-0223804,384,2026-06-22,2029-06-21,2026-06-29
HOSP-MD-004,MED-068,BATCH-0222453,74,2026-06-15,2029-06-14,2026-06-29
HOSP-MD-004,MED-068,BATCH-0225113,147,2026-06-29,2029-06-28,2026-06-29
HOSP-MD-004,MED-069,BATCH-0222454,82,2026-06-15,2029-06-14,2026-06-29
HOSP-MD-004,MED-069,BATCH-0225114,145,2026-06-29,2029-06-28,2026-06-29
HOSP-MD-004,MED-070,BATCH-0223805,396,2026-06-22,2028-06-21,2026-06-29
HOSP-MD-004,MED-070,BATCH-0225115,450,2026-06-29,2028-06-28,2026-06-29
HOSP-MD-004,MED-071,BATCH-0221150,1,2026-06-08,2028-06-07,2026-06-29
HOSP-MD-004,MED-071,BATCH-0223806,100,2026-06-22,2028-06-21,2026-06-29
HOSP-MD-004,MED-072,BATCH-0223807,203,2026-06-22,2028-06-21,2026-06-29
HOSP-MD-004,MED-072,BATCH-0225116,207,2026-06-29,2028-06-28,2026-06-29
HOSP-GD-002,MED-001,BATCH-0221890,258,2026-06-15,2029-06-14,2026-06-29
HOSP-GD-002,MED-002,BATCH-0224551,20,2026-06-27,2028-06-26,2026-06-29
HOSP-GD-002,MED-003,BATCH-0221891,96,2026-06-14,2029-06-13,2026-06-29
HOSP-GD-002,MED-004,BATCH-0223249,19,2026-06-22,2028-06-21,2026-06-29
HOSP-GD-002,MED-005,BATCH-0224552,165,2026-06-27,2028-06-26,2026-06-29
HOSP-GD-002,MED-006,BATCH-0224553,58,2026-06-28,2028-06-27,2026-06-29
HOSP-GD-002,MED-007,BATCH-0224554,43,2026-06-28,2028-06-27,2026-06-29
HOSP-GD-002,MED-008,BATCH-0224555,79,2026-06-28,2029-06-27,2026-06-29
HOSP-GD-002,MED-009,BATCH-0224556,34,2026-06-29,2028-06-28,2026-06-29
HOSP-GD-002,MED-010,BATCH-0218151,15,2026-05-25,2029-05-24,2026-06-29
HOSP-GD-002,MED-011,BATCH-0223252,32,2026-06-22,2029-06-21,2026-06-29
HOSP-GD-002,MED-012,BATCH-0221896,98,2026-06-14,2029-06-13,2026-06-29
HOSP-GD-002,MED-013,BATCH-0224557,51,2026-06-28,2028-06-27,2026-06-29
HOSP-GD-002,MED-014,BATCH-0223254,6,2026-06-20,2028-06-19,2026-06-29
HOSP-GD-002,MED-014,BATCH-0224558,80,2026-06-28,2028-06-27,2026-06-29
HOSP-GD-002,MED-015,BATCH-0223255,15,2026-06-21,2028-06-20,2026-06-29
HOSP-GD-002,MED-016,BATCH-0220594,23,2026-06-07,2028-06-06,2026-06-29
HOSP-GD-002,MED-017,BATCH-0194417,168,2025-12-28,2028-12-27,2026-06-29
HOSP-GD-002,MED-018,BATCH-0224559,23,2026-06-27,2028-06-26,2026-06-29
HOSP-GD-002,MED-019,BATCH-0224560,36,2026-06-29,2028-06-28,2026-06-29
HOSP-GD-002,MED-020,BATCH-0224561,14,2026-06-28,2028-06-27,2026-06-29
HOSP-GD-002,MED-021,BATCH-0223257,234,2026-06-21,2029-06-20,2026-06-29
HOSP-GD-002,MED-022,BATCH-0219258,97,2026-06-01,2029-05-31,2026-06-29
HOSP-GD-002,MED-023,BATCH-0221900,182,2026-06-14,2029-06-13,2026-06-29
HOSP-GD-002,MED-024,BATCH-0221901,8,2026-06-14,2028-06-13,2026-06-29
HOSP-GD-002,MED-024,BATCH-0224562,16,2026-06-27,2028-06-26,2026-06-29
HOSP-GD-002,MED-025,BATCH-0221902,170,2026-06-13,2029-06-12,2026-06-29
HOSP-GD-002,MED-026,BATCH-0220596,2,2026-06-06,2029-06-05,2026-06-29
HOSP-GD-002,MED-026,BATCH-0224563,300,2026-06-28,2029-06-27,2026-06-29
HOSP-GD-002,MED-027,BATCH-0221903,82,2026-06-14,2029-06-13,2026-06-29
HOSP-GD-002,MED-028,BATCH-0224564,35,2026-06-28,2029-06-27,2026-06-29
HOSP-GD-002,MED-029,BATCH-0213859,70,2026-04-25,2029-04-24,2026-06-29
HOSP-GD-002,MED-030,BATCH-0221905,1,2026-06-15,2029-06-14,2026-06-29
HOSP-GD-002,MED-030,BATCH-0224565,25,2026-06-27,2029-06-26,2026-06-29
HOSP-GD-002,MED-031,BATCH-0221906,86,2026-06-15,2031-06-15,2026-06-29
HOSP-GD-002,MED-031,BATCH-0224566,150,2026-06-27,2031-06-27,2026-06-29
HOSP-GD-002,MED-032,BATCH-0221907,45,2026-06-15,2031-06-15,2026-06-29
HOSP-GD-002,MED-032,BATCH-0224567,300,2026-06-27,2031-06-27,2026-06-29
HOSP-GD-002,MED-033,BATCH-0221908,79,2026-06-14,2031-06-14,2026-06-29
HOSP-GD-002,MED-034,BATCH-0223258,11,2026-06-20,2028-06-19,2026-06-29
HOSP-GD-002,MED-035,BATCH-0220600,5,2026-06-06,2028-06-05,2026-06-29
HOSP-GD-002,MED-036,BATCH-0224568,180,2026-06-29,2028-06-28,2026-06-29
HOSP-GD-002,MED-037,BATCH-0224569,23,2026-06-28,2029-06-27,2026-06-29
HOSP-GD-002,MED-038,BATCH-0221910,27,2026-06-15,2028-06-14,2026-06-29
HOSP-GD-002,MED-039,BATCH-0223259,29,2026-06-20,2029-06-19,2026-06-29
HOSP-GD-002,MED-040,BATCH-0223260,7,2026-06-22,2029-06-21,2026-06-29
HOSP-GD-002,MED-041,BATCH-0210686,1,2026-04-06,2028-04-05,2026-06-29
HOSP-GD-002,MED-041,BATCH-0219266,6,2026-05-31,2028-05-30,2026-06-29
HOSP-GD-002,MED-042,BATCH-0219267,6,2026-05-31,2028-05-30,2026-06-29
HOSP-GD-002,MED-043,BATCH-0209623,5,2026-03-28,2028-03-27,2026-06-29
HOSP-GD-002,MED-044,BATCH-0219268,5,2026-05-31,2028-05-30,2026-06-29
HOSP-GD-002,MED-045,BATCH-0214864,17,2026-05-04,2028-05-03,2026-06-29
HOSP-GD-002,MED-045,BATCH-0224570,40,2026-06-27,2028-06-26,2026-06-29
HOSP-GD-002,MED-046,BATCH-0200525,2,2026-02-01,2027-08-02,2026-06-29
HOSP-GD-002,MED-046,BATCH-0218159,5,2026-05-24,2027-11-22,2026-06-29
HOSP-GD-002,MED-047,BATCH-0221911,8,2026-06-15,2029-06-14,2026-06-29
HOSP-GD-002,MED-047,BATCH-0224571,100,2026-06-28,2029-06-27,2026-06-29
HOSP-GD-002,MED-048,BATCH-0223261,13,2026-06-21,2028-06-20,2026-06-29
HOSP-GD-002,MED-049,BATCH-0217076,156,2026-05-17,2028-05-16,2026-06-29
HOSP-GD-002,MED-050,BATCH-0221913,8,2026-06-14,2028-06-13,2026-06-29
HOSP-GD-002,MED-051,BATCH-0224572,30,2026-06-29,2028-06-28,2026-06-29
HOSP-GD-002,MED-052,BATCH-0224573,16,2026-06-29,2028-06-28,2026-06-29
HOSP-GD-002,MED-053,BATCH-0224574,32,2026-06-27,2028-06-26,2026-06-29
HOSP-GD-002,MED-054,BATCH-0223263,8,2026-06-21,2028-06-20,2026-06-29
HOSP-GD-002,MED-055,BATCH-0224575,19,2026-06-29,2029-06-28,2026-06-29
HOSP-GD-002,MED-056,BATCH-0224576,19,2026-06-27,2029-06-26,2026-06-29
HOSP-GD-002,MED-057,BATCH-0223264,5,2026-06-22,2028-06-21,2026-06-29
HOSP-GD-002,MED-058,BATCH-0224577,7,2026-06-27,2028-06-26,2026-06-29
HOSP-GD-002,MED-059,BATCH-0224578,1,2026-06-29,2028-06-28,2026-06-29
HOSP-GD-002,MED-060,BATCH-0223265,3,2026-06-20,2028-06-19,2026-06-29
HOSP-GD-002,MED-061,BATCH-0220610,5,2026-06-08,2028-06-07,2026-06-29
HOSP-GD-002,MED-061,BATCH-0224579,20,2026-06-28,2028-06-27,2026-06-29
HOSP-GD-002,MED-062,BATCH-0224580,18,2026-06-28,2029-06-27,2026-06-29
HOSP-GD-002,MED-063,BATCH-0224581,5,2026-06-27,2028-06-26,2026-06-29
HOSP-GD-002,MED-064,BATCH-0224582,22,2026-06-28,2031-06-28,2026-06-29
HOSP-GD-002,MED-067,BATCH-0221922,6,2026-06-15,2029-06-14,2026-06-29
HOSP-GD-002,MED-067,BATCH-0224583,21,2026-06-28,2029-06-27,2026-06-29
HOSP-GD-002,MED-068,BATCH-0223268,2,2026-06-20,2029-06-19,2026-06-29
HOSP-GD-002,MED-069,BATCH-0221923,2,2026-06-15,2029-06-14,2026-06-29
HOSP-GD-002,MED-069,BATCH-0224584,10,2026-06-28,2029-06-27,2026-06-29
HOSP-GD-002,MED-070,BATCH-0189830,7,2025-12-01,2027-12-01,2026-06-29
HOSP-GD-002,MED-070,BATCH-0210694,150,2026-04-05,2028-04-04,2026-06-29
HOSP-GD-002,MED-071,BATCH-0215995,1,2026-05-11,2028-05-10,2026-06-29
HOSP-GD-002,MED-071,BATCH-0223269,10,2026-06-21,2028-06-20,2026-06-29
HOSP-GD-003,MED-001,BATCH-0224585,180,2026-06-28,2029-06-27,2026-06-29
HOSP-GD-003,MED-002,BATCH-0224586,17,2026-06-27,2028-06-26,2026-06-29
HOSP-GD-003,MED-003,BATCH-0219274,128,2026-05-30,2029-05-29,2026-06-29
HOSP-GD-003,MED-004,BATCH-0223272,17,2026-06-22,2028-06-21,2026-06-29
HOSP-GD-003,MED-005,BATCH-0220617,106,2026-06-08,2028-06-07,2026-06-29
HOSP-GD-003,MED-006,BATCH-0224587,28,2026-06-27,2028-06-26,2026-06-29
HOSP-GD-003,MED-007,BATCH-0223273,7,2026-06-22,2028-06-21,2026-06-29
HOSP-GD-003,MED-009,BATCH-0223274,2,2026-06-21,2028-06-20,2026-06-29
HOSP-GD-003,MED-009,BATCH-0224588,20,2026-06-29,2028-06-28,2026-06-29
HOSP-GD-003,MED-010,BATCH-0223275,153,2026-06-20,2029-06-19,2026-06-29
HOSP-GD-003,MED-011,BATCH-0223276,21,2026-06-21,2029-06-20,2026-06-29
HOSP-GD-003,MED-012,BATCH-0221929,143,2026-06-15,2029-06-14,2026-06-29
HOSP-GD-003,MED-013,BATCH-0224589,13,2026-06-27,2028-06-26,2026-06-29
HOSP-GD-003,MED-014,BATCH-0224590,12,2026-06-28,2028-06-27,2026-06-29
HOSP-GD-003,MED-015,BATCH-0223278,9,2026-06-21,2028-06-20,2026-06-29
HOSP-GD-003,MED-015,BATCH-0224591,20,2026-06-29,2028-06-28,2026-06-29
HOSP-GD-003,MED-016,BATCH-0221932,28,2026-06-13,2028-06-12,2026-06-29
HOSP-GD-003,MED-017,BATCH-0095922,206,2024-06-24,2027-06-24,2026-06-29
HOSP-GD-003,MED-018,BATCH-0224592,1,2026-06-28,2028-06-27,2026-06-29
HOSP-GD-003,MED-019,BATCH-0224593,18,2026-06-27,2028-06-26,2026-06-29
HOSP-GD-003,MED-021,BATCH-0221935,264,2026-06-15,2029-06-14,2026-06-29
HOSP-GD-003,MED-022,BATCH-0210706,39,2026-04-06,2029-04-05,2026-06-29
HOSP-GD-003,MED-022,BATCH-0223280,200,2026-06-22,2029-06-21,2026-06-29
HOSP-GD-003,MED-023,BATCH-0223281,154,2026-06-21,2029-06-20,2026-06-29
HOSP-GD-003,MED-024,BATCH-0224594,5,2026-06-29,2028-06-28,2026-06-29
HOSP-GD-003,MED-025,BATCH-0207465,76,2026-03-14,2029-03-13,2026-06-29
HOSP-GD-003,MED-025,BATCH-0224595,200,2026-06-28,2029-06-27,2026-06-29
HOSP-GD-003,MED-026,BATCH-0211738,54,2026-04-13,2029-04-12,2026-06-29
HOSP-GD-003,MED-026,BATCH-0224596,300,2026-06-27,2029-06-26,2026-06-29
HOSP-GD-003,MED-027,BATCH-0221937,130,2026-06-13,2029-06-12,2026-06-29
HOSP-GD-003,MED-028,BATCH-0221938,3,2026-06-13,2029-06-12,2026-06-29
HOSP-GD-003,MED-029,BATCH-0217092,99,2026-05-17,2029-05-16,2026-06-29
HOSP-GD-003,MED-030,BATCH-0223282,4,2026-06-22,2029-06-21,2026-06-29
HOSP-GD-003,MED-031,BATCH-0221940,93,2026-06-14,2031-06-14,2026-06-29
HOSP-GD-003,MED-032,BATCH-0220626,31,2026-06-08,2031-06-08,2026-06-29
HOSP-GD-003,MED-032,BATCH-0224597,100,2026-06-29,2031-06-29,2026-06-29
HOSP-GD-003,MED-033,BATCH-0220627,20,2026-06-06,2031-06-06,2026-06-29
HOSP-GD-003,MED-033,BATCH-0224598,50,2026-06-29,2031-06-29,2026-06-29
HOSP-GD-003,MED-034,BATCH-0217094,6,2026-05-17,2028-05-16,2026-06-29
HOSP-GD-003,MED-034,BATCH-0224599,20,2026-06-27,2028-06-26,2026-06-29
HOSP-GD-003,MED-035,BATCH-0216005,1,2026-05-10,2028-05-09,2026-06-29
HOSP-GD-003,MED-035,BATCH-0221941,5,2026-06-14,2028-06-13,2026-06-29
HOSP-GD-003,MED-036,BATCH-0220628,132,2026-06-06,2028-06-05,2026-06-29
HOSP-GD-003,MED-037,BATCH-0224600,4,2026-06-28,2029-06-27,2026-06-29
HOSP-GD-003,MED-038,BATCH-0221942,10,2026-06-15,2028-06-14,2026-06-29
HOSP-GD-003,MED-039,BATCH-0221943,7,2026-06-15,2029-06-14,2026-06-29
HOSP-GD-003,MED-040,BATCH-0220631,6,2026-06-07,2029-06-06,2026-06-29
HOSP-GD-003,MED-041,BATCH-0207469,2,2026-03-16,2028-03-15,2026-06-29
HOSP-GD-003,MED-041,BATCH-0217095,5,2026-05-18,2028-05-17,2026-06-29
HOSP-GD-003,MED-042,BATCH-0193270,3,2025-12-20,2027-12-20,2026-06-29
HOSP-GD-003,MED-042,BATCH-0214878,5,2026-05-04,2028-05-03,2026-06-29
HOSP-GD-003,MED-043,BATCH-0170731,1,2025-08-17,2027-08-17,2026-06-29
HOSP-GD-003,MED-043,BATCH-0201723,5,2026-02-09,2028-02-09,2026-06-29
HOSP-GD-003,MED-044,BATCH-0187663,2,2025-11-15,2027-11-15,2026-06-29
HOSP-GD-003,MED-044,BATCH-0204026,5,2026-02-21,2028-02-21,2026-06-29
HOSP-GD-003,MED-045,BATCH-0202849,24,2026-02-16,2028-02-16,2026-06-29
HOSP-GD-003,MED-046,BATCH-0153200,1,2025-05-18,2026-11-16,2026-06-29
HOSP-GD-003,MED-046,BATCH-0211742,5,2026-04-11,2027-10-10,2026-06-29
HOSP-GD-003,MED-047,BATCH-0217096,37,2026-05-16,2029-05-15,2026-06-29
HOSP-GD-003,MED-048,BATCH-0223283,6,2026-06-22,2028-06-21,2026-06-29
HOSP-GD-003,MED-048,BATCH-0224601,8,2026-06-28,2028-06-27,2026-06-29
HOSP-GD-003,MED-049,BATCH-0219282,148,2026-05-30,2028-05-29,2026-06-29
HOSP-GD-003,MED-050,BATCH-0221944,10,2026-06-15,2028-06-14,2026-06-29
HOSP-GD-003,MED-051,BATCH-0221945,7,2026-06-14,2028-06-13,2026-06-29
HOSP-GD-003,MED-052,BATCH-0223284,5,2026-06-21,2028-06-20,2026-06-29
HOSP-GD-003,MED-053,BATCH-0224602,38,2026-06-28,2028-06-27,2026-06-29
HOSP-GD-003,MED-054,BATCH-0223285,7,2026-06-22,2028-06-21,2026-06-29
HOSP-GD-003,MED-055,BATCH-0220635,18,2026-06-08,2029-06-07,2026-06-29
HOSP-GD-003,MED-056,BATCH-0220636,1,2026-06-06,2029-06-05,2026-06-29
HOSP-GD-003,MED-057,BATCH-0221947,3,2026-06-13,2028-06-12,2026-06-29
HOSP-GD-003,MED-058,BATCH-0220637,3,2026-06-06,2028-06-05,2026-06-29
HOSP-GD-003,MED-058,BATCH-0224603,5,2026-06-29,2028-06-28,2026-06-29
HOSP-GD-003,MED-059,BATCH-0220638,3,2026-06-06,2028-06-05,2026-06-29
HOSP-GD-003,MED-059,BATCH-0224604,5,2026-06-27,2028-06-26,2026-06-29
HOSP-GD-003,MED-060,BATCH-0217099,2,2026-05-16,2028-05-15,2026-06-29
HOSP-GD-003,MED-060,BATCH-0224605,5,2026-06-29,2028-06-28,2026-06-29
HOSP-GD-003,MED-061,BATCH-0218184,11,2026-05-25,2028-05-24,2026-06-29
HOSP-GD-003,MED-062,BATCH-0214883,16,2026-05-02,2029-05-01,2026-06-29
HOSP-GD-003,MED-063,BATCH-0220639,7,2026-06-07,2028-06-06,2026-06-29
HOSP-GD-003,MED-064,BATCH-0221948,32,2026-06-14,2031-06-14,2026-06-29
HOSP-GD-003,MED-065,BATCH-0223286,3,2026-06-20,2026-07-20,2026-06-29
HOSP-GD-003,MED-066,BATCH-0220640,3,2026-06-07,2026-07-07,2026-06-29
HOSP-GD-003,MED-067,BATCH-0224606,5,2026-06-28,2029-06-27,2026-06-29
HOSP-GD-003,MED-068,BATCH-0224607,8,2026-06-27,2029-06-26,2026-06-29
HOSP-GD-003,MED-069,BATCH-0220641,7,2026-06-07,2029-06-06,2026-06-29
HOSP-GD-003,MED-070,BATCH-0166483,10,2025-07-27,2027-07-27,2026-06-29
HOSP-GD-003,MED-070,BATCH-0196880,150,2026-01-11,2028-01-11,2026-06-29
HOSP-GD-003,MED-071,BATCH-0216013,8,2026-05-11,2028-05-10,2026-06-29
HOSP-GD-003,MED-071,BATCH-0223287,10,2026-06-22,2028-06-21,2026-06-29
HOSP-GD-003,MED-072,BATCH-0224608,8,2026-06-28,2028-06-27,2026-06-29
HOSP-GD-004,MED-001,BATCH-0224609,180,2026-06-27,2029-06-26,2026-06-29
HOSP-GD-004,MED-002,BATCH-0213887,4,2026-04-25,2028-04-24,2026-06-29
HOSP-GD-004,MED-002,BATCH-0214886,5,2026-05-02,2028-05-01,2026-06-29
HOSP-GD-004,MED-003,BATCH-0158101,101,2025-06-14,2028-06-13,2026-06-29
HOSP-GD-004,MED-004,BATCH-0213888,15,2026-04-25,2028-04-24,2026-06-29
HOSP-GD-004,MED-005,BATCH-0201732,141,2026-02-07,2028-02-07,2026-06-29
HOSP-GD-004,MED-006,BATCH-0223289,18,2026-06-22,2028-06-21,2026-06-29
HOSP-GD-004,MED-007,BATCH-0214887,6,2026-05-04,2028-05-03,2026-06-29
HOSP-GD-004,MED-008,BATCH-0212868,11,2026-04-20,2029-04-19,2026-06-29
HOSP-GD-004,MED-009,BATCH-0214888,4,2026-05-03,2028-05-02,2026-06-29
HOSP-GD-004,MED-010,BATCH-0220642,177,2026-06-06,2029-06-05,2026-06-29
HOSP-GD-004,MED-011,BATCH-0217101,27,2026-05-17,2029-05-16,2026-06-29
HOSP-GD-004,MED-011,BATCH-0218189,50,2026-05-24,2029-05-23,2026-06-29
HOSP-GD-004,MED-012,BATCH-0196883,145,2026-01-10,2029-01-09,2026-06-29
HOSP-GD-004,MED-013,BATCH-0223290,2,2026-06-21,2028-06-20,2026-06-29
HOSP-GD-004,MED-013,BATCH-0224610,5,2026-06-27,2028-06-26,2026-06-29
HOSP-GD-004,MED-014,BATCH-0224611,6,2026-06-28,2028-06-27,2026-06-29
HOSP-GD-004,MED-015,BATCH-0209643,2,2026-03-30,2028-03-29,2026-06-29
HOSP-GD-004,MED-015,BATCH-0224612,5,2026-06-29,2028-06-28,2026-06-29
HOSP-GD-004,MED-016,BATCH-0139058,36,2025-02-16,2027-02-16,2026-06-29
HOSP-GD-004,MED-017,BATCH-0224613,299,2026-06-28,2029-06-27,2026-06-29
HOSP-GD-004,MED-018,BATCH-0219286,4,2026-05-31,2028-05-30,2026-06-29
HOSP-GD-004,MED-018,BATCH-0220643,5,2026-06-08,2028-06-07,2026-06-29
HOSP-GD-004,MED-019,BATCH-0220644,16,2026-06-08,2028-06-07,2026-06-29
HOSP-GD-004,MED-020,BATCH-0211751,1,2026-04-12,2028-04-11,2026-06-29
HOSP-GD-004,MED-020,BATCH-0223291,5,2026-06-22,2028-06-21,2026-06-29
HOSP-GD-004,MED-020,BATCH-0224614,5,2026-06-29,2028-06-28,2026-06-29
HOSP-GD-004,MED-021,BATCH-0199318,141,2026-01-24,2029-01-23,2026-06-29
HOSP-GD-004,MED-022,BATCH-0187669,153,2025-11-15,2028-11-14,2026-06-29
HOSP-GD-004,MED-023,BATCH-0193277,132,2025-12-20,2028-12-19,2026-06-29
HOSP-GD-004,MED-024,BATCH-0199319,2,2026-01-26,2028-01-26,2026-06-29
HOSP-GD-004,MED-024,BATCH-0200561,5,2026-02-01,2028-02-01,2026-06-29
HOSP-GD-004,MED-025,BATCH-0160782,142,2025-06-29,2028-06-28,2026-06-29
HOSP-GD-004,MED-026,BATCH-0224615,180,2026-06-28,2029-06-27,2026-06-29
HOSP-GD-004,MED-027,BATCH-0162132,110,2025-07-07,2028-07-06,2026-06-29
HOSP-GD-004,MED-028,BATCH-0218191,15,2026-05-24,2029-05-23,2026-06-29
HOSP-GD-004,MED-029,BATCH-0159466,147,2025-06-21,2028-06-20,2026-06-29
HOSP-GD-004,MED-030,BATCH-0200562,4,2026-02-01,2029-01-31,2026-06-29
HOSP-GD-004,MED-031,BATCH-0211752,38,2026-04-12,2031-04-12,2026-06-29
HOSP-GD-004,MED-031,BATCH-0212869,50,2026-04-19,2031-04-19,2026-06-29
HOSP-GD-004,MED-032,BATCH-0175987,49,2025-09-14,2030-09-14,2026-06-29
HOSP-GD-004,MED-032,BATCH-0212870,100,2026-04-19,2031-04-19,2026-06-29
HOSP-GD-004,MED-032,BATCH-0213891,100,2026-04-27,2031-04-27,2026-06-29
HOSP-GD-004,MED-033,BATCH-0213892,40,2026-04-26,2031-04-26,2026-06-29
HOSP-GD-004,MED-033,BATCH-0214889,50,2026-05-03,2031-05-03,2026-06-29
HOSP-GD-004,MED-034,BATCH-0206288,16,2026-03-08,2028-03-07,2026-06-29
HOSP-GD-004,MED-035,BATCH-0220645,1,2026-06-07,2028-06-06,2026-06-29
HOSP-GD-004,MED-035,BATCH-0221952,8,2026-06-15,2028-06-14,2026-06-29
HOSP-GD-004,MED-036,BATCH-0201734,156,2026-02-08,2028-02-08,2026-06-29
HOSP-GD-004,MED-037,BATCH-0209644,3,2026-03-30,2029-03-29,2026-06-29
HOSP-GD-004,MED-038,BATCH-0223293,17,2026-06-21,2028-06-20,2026-06-29
HOSP-GD-004,MED-038,BATCH-0224616,20,2026-06-28,2028-06-27,2026-06-29
HOSP-GD-004,MED-039,BATCH-0205248,11,2026-03-02,2029-03-01,2026-06-29
HOSP-GD-004,MED-040,BATCH-0187671,16,2025-11-16,2028-11-15,2026-06-29
HOSP-GD-004,MED-041,BATCH-0178481,3,2025-09-28,2027-09-28,2026-06-29
HOSP-GD-004,MED-041,BATCH-0179951,5,2025-10-06,2027-10-06,2026-06-29
HOSP-GD-004,MED-042,BATCH-0220646,2,2026-06-06,2028-06-05,2026-06-29
HOSP-GD-004,MED-042,BATCH-0221953,7,2026-06-14,2028-06-13,2026-06-29
HOSP-GD-004,MED-043,BATCH-0139060,6,2025-02-15,2027-02-15,2026-06-29
HOSP-GD-004,MED-044,BATCH-0137901,7,2025-02-08,2027-02-08,2026-06-29
HOSP-GD-004,MED-045,BATCH-0141395,28,2025-03-03,2027-03-03,2026-06-29
HOSP-GD-004,MED-046,BATCH-0184089,9,2025-10-27,2027-04-27,2026-06-29
HOSP-GD-004,MED-047,BATCH-0216014,86,2026-05-10,2029-05-09,2026-06-29
HOSP-GD-004,MED-048,BATCH-0209645,3,2026-03-29,2028-03-28,2026-06-29
HOSP-GD-004,MED-048,BATCH-0210721,5,2026-04-04,2028-04-03,2026-06-29
HOSP-GD-004,MED-049,BATCH-0135944,152,2024-12-30,2026-12-30,2026-06-29
HOSP-GD-004,MED-050,BATCH-0210722,18,2026-04-05,2028-04-04,2026-06-29
HOSP-GD-004,MED-051,BATCH-0187673,9,2025-11-17,2027-11-17,2026-06-29
HOSP-GD-004,MED-052,BATCH-0217104,4,2026-05-17,2028-05-16,2026-06-29
HOSP-GD-004,MED-052,BATCH-0218192,5,2026-05-23,2028-05-22,2026-06-29
HOSP-GD-004,MED-053,BATCH-0210723,6,2026-04-05,2028-04-04,2026-06-29
HOSP-GD-004,MED-053,BATCH-0211753,10,2026-04-11,2028-04-10,2026-06-29
HOSP-GD-004,MED-054,BATCH-0221954,7,2026-06-15,2028-06-14,2026-06-29
HOSP-GD-004,MED-055,BATCH-0146782,12,2025-04-07,2028-04-06,2026-06-29
HOSP-GD-004,MED-056,BATCH-0182726,5,2025-10-19,2028-10-18,2026-06-29
HOSP-GD-004,MED-057,BATCH-0199321,3,2026-01-26,2028-01-26,2026-06-29
HOSP-GD-004,MED-057,BATCH-0200564,5,2026-01-31,2028-01-31,2026-06-29
HOSP-GD-004,MED-058,BATCH-0218193,4,2026-05-25,2028-05-24,2026-06-29
HOSP-GD-004,MED-058,BATCH-0219288,5,2026-06-01,2028-05-31,2026-06-29
HOSP-GD-004,MED-059,BATCH-0185439,2,2025-11-02,2027-11-02,2026-06-29
HOSP-GD-004,MED-059,BATCH-0186612,5,2025-11-10,2027-11-10,2026-06-29
HOSP-GD-004,MED-060,BATCH-0211754,4,2026-04-12,2028-04-11,2026-06-29
HOSP-GD-004,MED-060,BATCH-0212871,5,2026-04-18,2028-04-17,2026-06-29
HOSP-GD-004,MED-061,BATCH-0221955,17,2026-06-15,2028-06-14,2026-06-29
HOSP-GD-004,MED-061,BATCH-0223294,20,2026-06-22,2028-06-21,2026-06-29
HOSP-GD-004,MED-062,BATCH-0154312,14,2025-05-24,2028-05-23,2026-06-29
HOSP-GD-004,MED-063,BATCH-0199322,4,2026-01-25,2028-01-25,2026-06-29
HOSP-GD-004,MED-063,BATCH-0200565,5,2026-02-02,2028-02-02,2026-06-29
HOSP-GD-004,MED-064,BATCH-0188756,6,2025-11-24,2030-11-24,2026-06-29
HOSP-GD-004,MED-064,BATCH-0189854,12,2025-12-01,2030-12-01,2026-06-29
HOSP-GD-004,MED-065,BATCH-0224617,5,2026-06-29,2026-07-29,2026-06-29
HOSP-GD-004,MED-067,BATCH-0198084,2,2026-01-18,2029-01-17,2026-06-29
HOSP-GD-004,MED-067,BATCH-0199324,5,2026-01-26,2029-01-25,2026-06-29
HOSP-GD-004,MED-068,BATCH-0194455,3,2025-12-29,2028-12-28,2026-06-29
HOSP-GD-004,MED-068,BATCH-0195595,5,2026-01-05,2029-01-04,2026-06-29
HOSP-GD-004,MED-069,BATCH-0187674,3,2025-11-17,2028-11-16,2026-06-29
HOSP-GD-004,MED-069,BATCH-0210724,5,2026-04-05,2029-04-04,2026-06-29
HOSP-GD-004,MED-069,BATCH-0211755,10,2026-04-13,2029-04-12,2026-06-29
HOSP-GD-004,MED-070,BATCH-0144647,254,2025-03-22,2027-03-22,2026-06-29
HOSP-GD-004,MED-071,BATCH-0184091,4,2025-10-25,2027-10-25,2026-06-29
HOSP-GD-004,MED-071,BATCH-0185440,10,2025-11-02,2027-11-02,2026-06-29
HOSP-GD-004,MED-072,BATCH-0212872,1,2026-04-18,2028-04-17,2026-06-29
HOSP-GD-004,MED-072,BATCH-0213893,7,2026-04-26,2028-04-25,2026-06-29
HOSP-GD-005,MED-002,BATCH-0224618,751,2026-06-29,2028-06-28,2026-06-29
HOSP-GD-005,MED-003,BATCH-0223297,513,2026-06-21,2029-06-20,2026-06-29
HOSP-GD-005,MED-004,BATCH-0223298,67,2026-06-20,2028-06-19,2026-06-29
HOSP-GD-005,MED-005,BATCH-0223299,679,2026-06-20,2028-06-19,2026-06-29
HOSP-GD-005,MED-006,BATCH-0224619,1363,2026-06-29,2028-06-28,2026-06-29
HOSP-GD-005,MED-007,BATCH-0224620,779,2026-06-28,2028-06-27,2026-06-29
HOSP-GD-005,MED-008,BATCH-0224621,1389,2026-06-28,2029-06-27,2026-06-29
HOSP-GD-005,MED-009,BATCH-0224622,870,2026-06-29,2028-06-28,2026-06-29
HOSP-GD-005,MED-010,BATCH-0223301,476,2026-06-22,2029-06-21,2026-06-29
HOSP-GD-005,MED-011,BATCH-0223302,239,2026-06-21,2029-06-20,2026-06-29
HOSP-GD-005,MED-012,BATCH-0224623,1221,2026-06-28,2029-06-27,2026-06-29
HOSP-GD-005,MED-013,BATCH-0224624,1446,2026-06-29,2028-06-28,2026-06-29
HOSP-GD-005,MED-014,BATCH-0224625,1216,2026-06-29,2028-06-28,2026-06-29
HOSP-GD-005,MED-015,BATCH-0223304,438,2026-06-22,2028-06-21,2026-06-29
HOSP-GD-005,MED-016,BATCH-0223305,106,2026-06-21,2028-06-20,2026-06-29
HOSP-GD-005,MED-017,BATCH-0221965,14,2026-06-15,2029-06-14,2026-06-29
HOSP-GD-005,MED-017,BATCH-0224626,300,2026-06-28,2029-06-27,2026-06-29
HOSP-GD-005,MED-018,BATCH-0223306,207,2026-06-21,2028-06-20,2026-06-29
HOSP-GD-005,MED-019,BATCH-0224627,502,2026-06-28,2028-06-27,2026-06-29
HOSP-GD-005,MED-021,BATCH-0224628,1621,2026-06-28,2029-06-27,2026-06-29
HOSP-GD-005,MED-022,BATCH-0224629,2223,2026-06-28,2029-06-27,2026-06-29
HOSP-GD-005,MED-023,BATCH-0221968,41,2026-06-15,2029-06-14,2026-06-29
HOSP-GD-005,MED-023,BATCH-0224630,2600,2026-06-28,2029-06-27,2026-06-29
HOSP-GD-005,MED-024,BATCH-0223309,68,2026-06-22,2028-06-21,2026-06-29
HOSP-GD-005,MED-025,BATCH-0223310,503,2026-06-21,2029-06-20,2026-06-29
HOSP-GD-005,MED-027,BATCH-0224631,1922,2026-06-28,2029-06-27,2026-06-29
HOSP-GD-005,MED-029,BATCH-0225117,180,2026-05-25,2029-05-24,2026-06-29
HOSP-GD-005,MED-031,BATCH-0223313,2110,2026-06-22,2031-06-22,2026-06-29
HOSP-GD-005,MED-032,BATCH-0223314,2006,2026-06-22,2031-06-22,2026-06-29
HOSP-GD-005,MED-033,BATCH-0223315,485,2026-06-22,2031-06-22,2026-06-29
HOSP-GD-005,MED-034,BATCH-0223316,188,2026-06-20,2028-06-19,2026-06-29
HOSP-GD-005,MED-035,BATCH-0221973,127,2026-06-13,2028-06-12,2026-06-29
HOSP-GD-005,MED-036,BATCH-0225118,117,2026-06-01,2028-05-31,2026-06-29
HOSP-GD-005,MED-037,BATCH-0224632,482,2026-06-27,2029-06-26,2026-06-29
HOSP-GD-005,MED-038,BATCH-0224633,455,2026-06-27,2028-06-26,2026-06-29
HOSP-GD-005,MED-039,BATCH-0224634,345,2026-06-27,2029-06-26,2026-06-29
HOSP-GD-005,MED-040,BATCH-0223318,177,2026-06-20,2029-06-19,2026-06-29
HOSP-GD-005,MED-041,BATCH-0224635,41,2026-06-27,2028-06-26,2026-06-29
HOSP-GD-005,MED-042,BATCH-0223319,2,2026-06-21,2028-06-20,2026-06-29
HOSP-GD-005,MED-042,BATCH-0224636,29,2026-06-29,2028-06-28,2026-06-29
HOSP-GD-005,MED-044,BATCH-0223321,13,2026-06-22,2028-06-21,2026-06-29
HOSP-GD-005,MED-045,BATCH-0223322,59,2026-06-22,2028-06-21,2026-06-29
HOSP-GD-005,MED-046,BATCH-0223323,14,2026-06-20,2027-12-19,2026-06-29
HOSP-GD-005,MED-047,BATCH-0224637,1573,2026-06-28,2029-06-27,2026-06-29
HOSP-GD-005,MED-048,BATCH-0224638,388,2026-06-29,2028-06-28,2026-06-29
HOSP-GD-005,MED-050,BATCH-0224639,378,2026-06-27,2028-06-26,2026-06-29
HOSP-GD-005,MED-051,BATCH-0223324,140,2026-06-21,2028-06-20,2026-06-29
HOSP-GD-005,MED-052,BATCH-0224640,596,2026-06-28,2028-06-27,2026-06-29
HOSP-GD-005,MED-053,BATCH-0224641,576,2026-06-28,2028-06-27,2026-06-29
HOSP-GD-005,MED-054,BATCH-0223325,47,2026-06-20,2028-06-19,2026-06-29
HOSP-GD-005,MED-055,BATCH-0223326,91,2026-06-22,2029-06-21,2026-06-29
HOSP-GD-005,MED-056,BATCH-0223327,99,2026-06-20,2029-06-19,2026-06-29
HOSP-GD-005,MED-057,BATCH-0221982,16,2026-06-14,2028-06-13,2026-06-29
HOSP-GD-005,MED-057,BATCH-0224642,156,2026-06-27,2028-06-26,2026-06-29
HOSP-GD-005,MED-058,BATCH-0223328,19,2026-06-20,2028-06-19,2026-06-29
HOSP-GD-005,MED-058,BATCH-0224643,89,2026-06-27,2028-06-26,2026-06-29
HOSP-GD-005,MED-059,BATCH-0223329,18,2026-06-20,2028-06-19,2026-06-29
HOSP-GD-005,MED-060,BATCH-0223330,30,2026-06-20,2028-06-19,2026-06-29
HOSP-GD-005,MED-061,BATCH-0223331,17,2026-06-21,2028-06-20,2026-06-29
HOSP-GD-005,MED-062,BATCH-0223332,76,2026-06-21,2029-06-20,2026-06-29
HOSP-GD-005,MED-064,BATCH-0220688,447,2026-06-07,2031-06-07,2026-06-29
HOSP-GD-005,MED-064,BATCH-0224644,660,2026-06-29,2031-06-29,2026-06-29
HOSP-GD-005,MED-065,BATCH-0223334,13,2026-06-20,2026-07-20,2026-06-29
HOSP-GD-005,MED-066,BATCH-0223335,89,2026-06-20,2026-07-20,2026-06-29
HOSP-GD-005,MED-067,BATCH-0221983,50,2026-06-13,2029-06-12,2026-06-29
HOSP-GD-005,MED-067,BATCH-0224645,503,2026-06-27,2029-06-26,2026-06-29
HOSP-GD-005,MED-068,BATCH-0224646,122,2026-06-28,2029-06-27,2026-06-29
HOSP-GD-005,MED-069,BATCH-0223337,45,2026-06-21,2029-06-20,2026-06-29
HOSP-GD-005,MED-070,BATCH-0223338,413,2026-06-21,2028-06-20,2026-06-29
HOSP-GD-005,MED-071,BATCH-0223339,117,2026-06-22,2028-06-21,2026-06-29
HOSP-GD-005,MED-072,BATCH-0223340,139,2026-06-21,2028-06-20,2026-06-29
HOSP-LB-001,MED-001,BATCH-0223812,1010,2026-06-22,2029-06-21,2026-06-29
HOSP-LB-001,MED-002,BATCH-0223813,101,2026-06-22,2028-06-21,2026-06-29
HOSP-LB-001,MED-002,BATCH-0225119,300,2026-06-29,2028-06-28,2026-06-29
HOSP-LB-001,MED-003,BATCH-0222462,405,2026-06-15,2029-06-14,2026-06-29
HOSP-LB-001,MED-004,BATCH-0223814,209,2026-06-22,2028-06-21,2026-06-29
HOSP-LB-001,MED-005,BATCH-0222463,53,2026-06-15,2028-06-14,2026-06-29
HOSP-LB-001,MED-005,BATCH-0225120,900,2026-06-29,2028-06-28,2026-06-29
HOSP-LB-001,MED-006,BATCH-0222464,122,2026-06-15,2028-06-14,2026-06-29
HOSP-LB-001,MED-006,BATCH-0225121,260,2026-06-29,2028-06-28,2026-06-29
HOSP-LB-001,MED-007,BATCH-0223815,119,2026-06-22,2028-06-21,2026-06-29
HOSP-LB-001,MED-007,BATCH-0225122,261,2026-06-29,2028-06-28,2026-06-29
HOSP-LB-001,MED-008,BATCH-0223816,257,2026-06-22,2029-06-21,2026-06-29
HOSP-LB-001,MED-009,BATCH-0223817,270,2026-06-22,2028-06-21,2026-06-29
HOSP-LB-001,MED-009,BATCH-0225123,283,2026-06-29,2028-06-28,2026-06-29
HOSP-LB-001,MED-010,BATCH-0225124,199,2026-05-04,2029-05-03,2026-06-29
HOSP-LB-001,MED-011,BATCH-0223819,232,2026-06-22,2029-06-21,2026-06-29
HOSP-LB-001,MED-011,BATCH-0225125,1050,2026-06-29,2029-06-28,2026-06-29
HOSP-LB-001,MED-012,BATCH-0225126,900,2026-06-29,2029-06-28,2026-06-29
HOSP-LB-001,MED-013,BATCH-0222468,57,2026-06-15,2028-06-14,2026-06-29
HOSP-LB-001,MED-013,BATCH-0225127,603,2026-06-29,2028-06-28,2026-06-29
HOSP-LB-001,MED-014,BATCH-0222469,150,2026-06-15,2028-06-14,2026-06-29
HOSP-LB-001,MED-014,BATCH-0225128,697,2026-06-29,2028-06-28,2026-06-29
HOSP-LB-001,MED-015,BATCH-0222470,20,2026-06-15,2028-06-14,2026-06-29
HOSP-LB-001,MED-015,BATCH-0223820,291,2026-06-22,2028-06-21,2026-06-29
HOSP-LB-001,MED-016,BATCH-0223821,3,2026-06-22,2028-06-21,2026-06-29
HOSP-LB-001,MED-016,BATCH-0225129,168,2026-06-29,2028-06-28,2026-06-29
HOSP-LB-001,MED-017,BATCH-0221166,234,2026-06-08,2029-06-07,2026-06-29
HOSP-LB-001,MED-018,BATCH-0223822,132,2026-06-22,2028-06-21,2026-06-29
HOSP-LB-001,MED-019,BATCH-0222472,106,2026-06-15,2028-06-14,2026-06-29
HOSP-LB-001,MED-020,BATCH-0222473,63,2026-06-15,2028-06-14,2026-06-29
HOSP-LB-001,MED-020,BATCH-0225130,149,2026-06-29,2028-06-28,2026-06-29
HOSP-LB-001,MED-021,BATCH-0221168,44,2026-06-08,2029-06-07,2026-06-29
HOSP-LB-001,MED-021,BATCH-0225131,1200,2026-06-29,2029-06-28,2026-06-29
HOSP-LB-001,MED-022,BATCH-0222474,347,2026-06-15,2029-06-14,2026-06-29
HOSP-LB-001,MED-023,BATCH-0222475,380,2026-06-15,2029-06-14,2026-06-29
HOSP-LB-001,MED-023,BATCH-0225132,800,2026-06-29,2029-06-28,2026-06-29
HOSP-LB-001,MED-024,BATCH-0222476,70,2026-06-15,2028-06-14,2026-06-29
HOSP-LB-001,MED-024,BATCH-0225133,87,2026-06-29,2028-06-28,2026-06-29
HOSP-LB-001,MED-025,BATCH-0222477,378,2026-06-15,2029-06-14,2026-06-29
HOSP-LB-001,MED-026,BATCH-0222478,335,2026-06-15,2029-06-14,2026-06-29
HOSP-LB-001,MED-027,BATCH-0223823,416,2026-06-22,2029-06-21,2026-06-29
HOSP-LB-001,MED-028,BATCH-0223824,143,2026-06-22,2029-06-21,2026-06-29
HOSP-LB-001,MED-028,BATCH-0225134,250,2026-06-29,2029-06-28,2026-06-29
HOSP-LB-001,MED-029,BATCH-0223825,102,2026-06-22,2029-06-21,2026-06-29
HOSP-LB-001,MED-030,BATCH-0222480,93,2026-06-15,2029-06-14,2026-06-29
HOSP-LB-001,MED-030,BATCH-0225135,151,2026-06-29,2029-06-28,2026-06-29
HOSP-LB-001,MED-031,BATCH-0222481,243,2026-06-15,2031-06-15,2026-06-29
HOSP-LB-001,MED-031,BATCH-0225136,1400,2026-06-29,2031-06-29,2026-06-29
HOSP-LB-001,MED-032,BATCH-0222482,312,2026-06-15,2031-06-15,2026-06-29
HOSP-LB-001,MED-032,BATCH-0225137,1500,2026-06-29,2031-06-29,2026-06-29
HOSP-LB-001,MED-033,BATCH-0219798,488,2026-06-01,2031-06-01,2026-06-29
HOSP-LB-001,MED-034,BATCH-0221173,16,2026-06-08,2028-06-07,2026-06-29
HOSP-LB-001,MED-034,BATCH-0223826,70,2026-06-22,2028-06-21,2026-06-29
HOSP-LB-001,MED-035,BATCH-0223827,24,2026-06-22,2028-06-21,2026-06-29
HOSP-LB-001,MED-035,BATCH-0225138,39,2026-06-29,2028-06-28,2026-06-29
HOSP-LB-001,MED-036,BATCH-0223828,571,2026-06-22,2028-06-21,2026-06-29
HOSP-LB-001,MED-037,BATCH-0223829,96,2026-06-22,2029-06-21,2026-06-29
HOSP-LB-001,MED-038,BATCH-0222484,115,2026-06-15,2028-06-14,2026-06-29
HOSP-LB-001,MED-039,BATCH-0223830,124,2026-06-22,2029-06-21,2026-06-29
HOSP-LB-001,MED-040,BATCH-0223831,67,2026-06-22,2029-06-21,2026-06-29
HOSP-LB-001,MED-041,BATCH-0221177,9,2026-06-08,2028-06-07,2026-06-29
HOSP-LB-001,MED-041,BATCH-0223832,14,2026-06-22,2028-06-21,2026-06-29
HOSP-LB-001,MED-042,BATCH-0221178,4,2026-06-08,2028-06-07,2026-06-29
HOSP-LB-001,MED-042,BATCH-0225139,8,2026-06-29,2028-06-28,2026-06-29
HOSP-LB-001,MED-043,BATCH-0222485,5,2026-06-15,2028-06-14,2026-06-29
HOSP-LB-001,MED-043,BATCH-0225140,6,2026-06-29,2028-06-28,2026-06-29
HOSP-LB-001,MED-044,BATCH-0221179,2,2026-06-08,2028-06-07,2026-06-29
HOSP-LB-001,MED-044,BATCH-0223833,9,2026-06-22,2028-06-21,2026-06-29
HOSP-LB-001,MED-045,BATCH-0222486,39,2026-06-15,2028-06-14,2026-06-29
HOSP-LB-001,MED-046,BATCH-0223834,4,2026-06-22,2027-12-21,2026-06-29
HOSP-LB-001,MED-046,BATCH-0225141,5,2026-06-29,2027-12-28,2026-06-29
HOSP-LB-001,MED-047,BATCH-0222487,74,2026-06-15,2029-06-14,2026-06-29
HOSP-LB-001,MED-047,BATCH-0225142,550,2026-06-29,2029-06-28,2026-06-29
HOSP-LB-001,MED-048,BATCH-0219806,56,2026-06-01,2028-05-31,2026-06-29
HOSP-LB-001,MED-048,BATCH-0223835,123,2026-06-22,2028-06-21,2026-06-29
HOSP-LB-001,MED-049,BATCH-0223836,70,2026-05-04,2028-05-03,2026-06-29
HOSP-LB-001,MED-049,BATCH-0225143,300,2026-06-29,2028-06-28,2026-06-29
HOSP-LB-001,MED-050,BATCH-0221180,63,2026-06-08,2028-06-07,2026-06-29
HOSP-LB-001,MED-050,BATCH-0225144,140,2026-06-29,2028-06-28,2026-06-29
HOSP-LB-001,MED-051,BATCH-0222488,21,2026-06-15,2028-06-14,2026-06-29
HOSP-LB-001,MED-051,BATCH-0225145,130,2026-06-29,2028-06-28,2026-06-29
HOSP-LB-001,MED-052,BATCH-0222489,184,2026-06-15,2028-06-14,2026-06-29
HOSP-LB-001,MED-052,BATCH-0225146,214,2026-06-29,2028-06-28,2026-06-29
HOSP-LB-001,MED-053,BATCH-0225147,260,2026-06-29,2028-06-28,2026-06-29
HOSP-LB-001,MED-054,BATCH-0223837,111,2026-06-22,2028-06-21,2026-06-29
HOSP-LB-001,MED-055,BATCH-0225148,120,2026-06-29,2029-06-28,2026-06-29
HOSP-LB-001,MED-056,BATCH-0221184,11,2026-06-08,2029-06-07,2026-06-29
HOSP-LB-001,MED-056,BATCH-0223838,60,2026-06-22,2029-06-21,2026-06-29
HOSP-LB-001,MED-057,BATCH-0221185,1,2026-06-08,2028-06-07,2026-06-29
HOSP-LB-001,MED-057,BATCH-0223839,41,2026-06-22,2028-06-21,2026-06-29
HOSP-LB-001,MED-058,BATCH-0222492,10,2026-06-15,2028-06-14,2026-06-29
HOSP-LB-001,MED-058,BATCH-0225149,35,2026-06-29,2028-06-28,2026-06-29
HOSP-LB-001,MED-059,BATCH-0223840,16,2026-06-22,2028-06-21,2026-06-29
HOSP-LB-001,MED-059,BATCH-0225150,23,2026-06-29,2028-06-28,2026-06-29
HOSP-LB-001,MED-060,BATCH-0222493,6,2026-06-15,2028-06-14,2026-06-29
HOSP-LB-001,MED-060,BATCH-0225151,26,2026-06-29,2028-06-28,2026-06-29
HOSP-LB-001,MED-061,BATCH-0225152,5,2026-05-04,2028-05-03,2026-06-29
HOSP-LB-001,MED-062,BATCH-0222494,38,2026-06-15,2029-06-14,2026-06-29
HOSP-LB-001,MED-063,BATCH-0221188,8,2026-06-08,2028-06-07,2026-06-29
HOSP-LB-001,MED-063,BATCH-0223842,26,2026-06-22,2028-06-21,2026-06-29
HOSP-LB-001,MED-064,BATCH-0223843,226,2026-06-22,2031-06-22,2026-06-29
HOSP-LB-001,MED-065,BATCH-0222495,33,2026-06-15,2026-07-15,2026-06-29
HOSP-LB-001,MED-066,BATCH-0225153,8,2026-04-27,2026-05-27,2026-06-29
HOSP-LB-001,MED-067,BATCH-0223844,11,2026-06-22,2029-06-21,2026-06-29
HOSP-LB-001,MED-067,BATCH-0225154,221,2026-06-29,2029-06-28,2026-06-29
HOSP-LB-001,MED-068,BATCH-0223845,33,2026-06-22,2029-06-21,2026-06-29
HOSP-LB-001,MED-068,BATCH-0225155,36,2026-06-29,2029-06-28,2026-06-29
HOSP-LB-001,MED-069,BATCH-0222497,9,2026-06-15,2029-06-14,2026-06-29
HOSP-LB-001,MED-069,BATCH-0225156,85,2026-06-29,2029-06-28,2026-06-29
HOSP-LB-001,MED-070,BATCH-0221192,181,2026-06-08,2028-06-07,2026-06-29
HOSP-LB-001,MED-071,BATCH-0221193,22,2026-06-08,2028-06-07,2026-06-29
HOSP-LB-001,MED-071,BATCH-0223846,40,2026-06-22,2028-06-21,2026-06-29
HOSP-LB-001,MED-072,BATCH-0223847,52,2026-06-22,2028-06-21,2026-06-29
HOSP-LB-001,MED-072,BATCH-0225157,54,2026-06-29,2028-06-28,2026-06-29
HOSP-LB-002,MED-001,BATCH-0223848,814,2026-06-22,2029-06-21,2026-06-29
HOSP-LB-002,MED-002,BATCH-0223849,84,2026-06-22,2028-06-21,2026-06-29
HOSP-LB-002,MED-002,BATCH-0225158,130,2026-06-29,2028-06-28,2026-06-29
HOSP-LB-002,MED-003,BATCH-0221197,103,2026-06-08,2029-06-07,2026-06-29
HOSP-LB-002,MED-003,BATCH-0225159,400,2026-06-29,2029-06-28,2026-06-29
HOSP-LB-002,MED-004,BATCH-0222500,65,2026-06-15,2028-06-14,2026-06-29
HOSP-LB-002,MED-004,BATCH-0225160,100,2026-06-29,2028-06-28,2026-06-29
HOSP-LB-002,MED-005,BATCH-0222501,199,2026-06-15,2028-06-14,2026-06-29
HOSP-LB-002,MED-005,BATCH-0225161,500,2026-06-29,2028-06-28,2026-06-29
HOSP-LB-002,MED-006,BATCH-0223850,150,2026-06-22,2028-06-21,2026-06-29
HOSP-LB-002,MED-007,BATCH-0223851,122,2026-06-22,2028-06-21,2026-06-29
HOSP-LB-002,MED-008,BATCH-0222502,72,2026-06-15,2029-06-14,2026-06-29
HOSP-LB-002,MED-008,BATCH-0225162,280,2026-06-29,2029-06-28,2026-06-29
HOSP-LB-002,MED-009,BATCH-0223852,85,2026-06-22,2028-06-21,2026-06-29
HOSP-LB-002,MED-009,BATCH-0225163,125,2026-06-29,2028-06-28,2026-06-29
HOSP-LB-002,MED-010,BATCH-0225164,600,2026-06-29,2029-06-28,2026-06-29
HOSP-LB-002,MED-011,BATCH-0225165,750,2026-06-29,2029-06-28,2026-06-29
HOSP-LB-002,MED-012,BATCH-0223854,140,2026-06-22,2029-06-21,2026-06-29
HOSP-LB-002,MED-012,BATCH-0225166,500,2026-06-29,2029-06-28,2026-06-29
HOSP-LB-002,MED-013,BATCH-0223855,153,2026-06-22,2028-06-21,2026-06-29
HOSP-LB-002,MED-013,BATCH-0225167,170,2026-06-29,2028-06-28,2026-06-29
HOSP-LB-002,MED-014,BATCH-0225168,453,2026-06-29,2028-06-28,2026-06-29
HOSP-LB-002,MED-015,BATCH-0225169,243,2026-06-29,2028-06-28,2026-06-29
HOSP-LB-002,MED-016,BATCH-0223856,52,2026-06-22,2028-06-21,2026-06-29
HOSP-LB-002,MED-017,BATCH-0211141,55,2026-04-06,2029-04-05,2026-06-29
HOSP-LB-002,MED-017,BATCH-0223857,300,2026-06-22,2029-06-21,2026-06-29
HOSP-LB-002,MED-018,BATCH-0225170,108,2026-06-29,2028-06-28,2026-06-29
HOSP-LB-002,MED-019,BATCH-0221207,7,2026-06-08,2028-06-07,2026-06-29
HOSP-LB-002,MED-019,BATCH-0225171,110,2026-06-29,2028-06-28,2026-06-29
HOSP-LB-002,MED-020,BATCH-0223858,35,2026-06-22,2028-06-21,2026-06-29
HOSP-LB-002,MED-020,BATCH-0225172,96,2026-06-29,2028-06-28,2026-06-29
HOSP-LB-002,MED-021,BATCH-0222508,152,2026-06-15,2029-06-14,2026-06-29
HOSP-LB-002,MED-021,BATCH-0225173,500,2026-06-29,2029-06-28,2026-06-29
HOSP-LB-002,MED-022,BATCH-0222509,86,2026-06-15,2029-06-14,2026-06-29
HOSP-LB-002,MED-022,BATCH-0225174,400,2026-06-29,2029-06-28,2026-06-29
HOSP-LB-002,MED-023,BATCH-0222510,157,2026-06-15,2029-06-14,2026-06-29
HOSP-LB-002,MED-023,BATCH-0225175,600,2026-06-29,2029-06-28,2026-06-29
HOSP-LB-002,MED-024,BATCH-0223859,45,2026-06-22,2028-06-21,2026-06-29
HOSP-LB-002,MED-024,BATCH-0225176,49,2026-06-29,2028-06-28,2026-06-29
HOSP-LB-002,MED-025,BATCH-0222511,273,2026-06-15,2029-06-14,2026-06-29
HOSP-LB-002,MED-026,BATCH-0222512,249,2026-06-15,2029-06-14,2026-06-29
HOSP-LB-002,MED-027,BATCH-0225177,500,2026-06-29,2029-06-28,2026-06-29
HOSP-LB-002,MED-028,BATCH-0223860,62,2026-06-22,2029-06-21,2026-06-29
HOSP-LB-002,MED-028,BATCH-0225178,130,2026-06-29,2029-06-28,2026-06-29
HOSP-LB-002,MED-029,BATCH-0223861,239,2026-06-22,2029-06-21,2026-06-29
HOSP-LB-002,MED-030,BATCH-0223862,51,2026-06-22,2029-06-21,2026-06-29
HOSP-LB-002,MED-030,BATCH-0225179,76,2026-06-29,2029-06-28,2026-06-29
HOSP-LB-002,MED-031,BATCH-0223863,579,2026-06-22,2031-06-22,2026-06-29
HOSP-LB-002,MED-032,BATCH-0223864,769,2026-06-22,2031-06-22,2026-06-29
HOSP-LB-002,MED-033,BATCH-0223865,389,2026-06-22,2031-06-22,2026-06-29
HOSP-LB-002,MED-034,BATCH-0223866,82,2026-06-22,2028-06-21,2026-06-29
HOSP-LB-002,MED-035,BATCH-0221215,5,2026-06-08,2028-06-07,2026-06-29
HOSP-LB-002,MED-035,BATCH-0223867,19,2026-06-22,2028-06-21,2026-06-29
HOSP-LB-002,MED-036,BATCH-0222514,77,2026-06-15,2028-06-14,2026-06-29
HOSP-LB-002,MED-036,BATCH-0225180,600,2026-06-29,2028-06-28,2026-06-29
HOSP-LB-002,MED-037,BATCH-0223868,46,2026-06-22,2029-06-21,2026-06-29
HOSP-LB-002,MED-038,BATCH-0223869,94,2026-06-22,2028-06-21,2026-06-29
HOSP-LB-002,MED-039,BATCH-0222515,30,2026-06-15,2029-06-14,2026-06-29
HOSP-LB-002,MED-039,BATCH-0225181,70,2026-06-29,2029-06-28,2026-06-29
HOSP-LB-002,MED-040,BATCH-0223870,54,2026-06-22,2029-06-21,2026-06-29
HOSP-LB-002,MED-041,BATCH-0219843,1,2026-06-01,2028-05-31,2026-06-29
HOSP-LB-002,MED-041,BATCH-0223871,8,2026-06-22,2028-06-21,2026-06-29
HOSP-LB-002,MED-042,BATCH-0222516,5,2026-06-15,2028-06-14,2026-06-29
HOSP-LB-002,MED-043,BATCH-0222517,6,2026-06-15,2028-06-14,2026-06-29
HOSP-LB-002,MED-044,BATCH-0223872,4,2026-06-22,2028-06-21,2026-06-29
HOSP-LB-002,MED-044,BATCH-0225182,5,2026-06-29,2028-06-28,2026-06-29
HOSP-LB-002,MED-045,BATCH-0221221,29,2026-06-08,2028-06-07,2026-06-29
HOSP-LB-002,MED-046,BATCH-0219845,1,2026-06-01,2027-11-30,2026-06-29
HOSP-LB-002,MED-046,BATCH-0225183,8,2026-06-29,2027-12-28,2026-06-29
HOSP-LB-002,MED-047,BATCH-0223873,237,2026-06-22,2029-06-21,2026-06-29
HOSP-LB-002,MED-048,BATCH-0223874,35,2026-06-22,2028-06-21,2026-06-29
HOSP-LB-002,MED-048,BATCH-0225184,67,2026-06-29,2028-06-28,2026-06-29
HOSP-LB-002,MED-049,BATCH-0219848,77,2026-06-01,2028-05-31,2026-06-29
HOSP-LB-002,MED-049,BATCH-0225185,300,2026-06-29,2028-06-28,2026-06-29
HOSP-LB-002,MED-050,BATCH-0222519,68,2026-06-15,2028-06-14,2026-06-29
HOSP-LB-002,MED-051,BATCH-0219850,5,2026-06-01,2028-05-31,2026-06-29
HOSP-LB-002,MED-051,BATCH-0222520,50,2026-06-15,2028-06-14,2026-06-29
HOSP-LB-002,MED-052,BATCH-0222521,26,2026-06-15,2028-06-14,2026-06-29
HOSP-LB-002,MED-052,BATCH-0223875,127,2026-06-22,2028-06-21,2026-06-29
HOSP-LB-002,MED-053,BATCH-0223876,68,2026-06-22,2028-06-21,2026-06-29
HOSP-LB-002,MED-053,BATCH-0225186,70,2026-06-29,2028-06-28,2026-06-29
HOSP-LB-002,MED-054,BATCH-0222522,29,2026-06-15,2028-06-14,2026-06-29
HOSP-LB-002,MED-054,BATCH-0225187,72,2026-06-29,2028-06-28,2026-06-29
HOSP-LB-002,MED-055,BATCH-0223877,47,2026-06-22,2029-06-21,2026-06-29
HOSP-LB-002,MED-056,BATCH-0221228,1,2026-06-08,2029-06-07,2026-06-29
HOSP-LB-002,MED-056,BATCH-0225188,45,2026-06-29,2029-06-28,2026-06-29
HOSP-LB-002,MED-057,BATCH-0222523,12,2026-06-15,2028-06-14,2026-06-29
HOSP-LB-002,MED-057,BATCH-0225189,31,2026-06-29,2028-06-28,2026-06-29
HOSP-LB-002,MED-058,BATCH-0222524,1,2026-06-15,2028-06-14,2026-06-29
HOSP-LB-002,MED-058,BATCH-0225190,29,2026-06-29,2028-06-28,2026-06-29
HOSP-LB-002,MED-059,BATCH-0222525,7,2026-06-15,2028-06-14,2026-06-29
HOSP-LB-002,MED-059,BATCH-0225191,18,2026-06-29,2028-06-28,2026-06-29
HOSP-LB-002,MED-060,BATCH-0222526,5,2026-06-15,2028-06-14,2026-06-29
HOSP-LB-002,MED-060,BATCH-0225192,14,2026-06-29,2028-06-28,2026-06-29
HOSP-LB-002,MED-061,BATCH-0222527,20,2026-06-15,2028-06-14,2026-06-29
HOSP-LB-002,MED-061,BATCH-0225193,50,2026-06-29,2028-06-28,2026-06-29
HOSP-LB-002,MED-062,BATCH-0223878,26,2026-06-22,2029-06-21,2026-06-29
HOSP-LB-002,MED-063,BATCH-0222528,17,2026-06-15,2028-06-14,2026-06-29
HOSP-LB-002,MED-064,BATCH-0223879,149,2026-06-22,2031-06-22,2026-06-29
HOSP-LB-002,MED-065,BATCH-0225194,48,2026-06-29,2026-07-29,2026-06-29
HOSP-LB-002,MED-066,BATCH-0223881,10,2026-06-22,2026-07-22,2026-06-29
HOSP-LB-002,MED-066,BATCH-0225195,26,2026-06-29,2026-07-29,2026-06-29
HOSP-LB-002,MED-067,BATCH-0222529,32,2026-06-15,2029-06-14,2026-06-29
HOSP-LB-002,MED-067,BATCH-0225196,68,2026-06-29,2029-06-28,2026-06-29
HOSP-LB-002,MED-068,BATCH-0222530,12,2026-06-15,2029-06-14,2026-06-29
HOSP-LB-002,MED-068,BATCH-0225197,24,2026-06-29,2029-06-28,2026-06-29
HOSP-LB-002,MED-069,BATCH-0222531,12,2026-06-15,2029-06-14,2026-06-29
HOSP-LB-002,MED-069,BATCH-0225198,35,2026-06-29,2029-06-28,2026-06-29
HOSP-LB-002,MED-070,BATCH-0222532,283,2026-06-15,2028-06-14,2026-06-29
HOSP-LB-002,MED-071,BATCH-0223882,26,2026-06-22,2028-06-21,2026-06-29
HOSP-LB-002,MED-072,BATCH-0223883,14,2026-06-22,2028-06-21,2026-06-29
HOSP-LB-002,MED-072,BATCH-0225199,49,2026-06-29,2028-06-28,2026-06-29
HOSP-LB-003,MED-001,BATCH-0223884,728,2026-06-22,2029-06-21,2026-06-29
HOSP-LB-003,MED-001,BATCH-0225200,1200,2026-06-29,2029-06-28,2026-06-29
HOSP-LB-003,MED-002,BATCH-0225201,268,2026-06-29,2028-06-28,2026-06-29
HOSP-LB-003,MED-003,BATCH-0221234,189,2026-06-08,2029-06-07,2026-06-29
HOSP-LB-003,MED-003,BATCH-0225202,800,2026-06-29,2029-06-28,2026-06-29
HOSP-LB-003,MED-004,BATCH-0222535,15,2026-06-15,2028-06-14,2026-06-29
HOSP-LB-003,MED-004,BATCH-0225203,240,2026-06-29,2028-06-28,2026-06-29
HOSP-LB-003,MED-005,BATCH-0223885,558,2026-06-22,2028-06-21,2026-06-29
HOSP-LB-003,MED-006,BATCH-0223886,129,2026-06-22,2028-06-21,2026-06-29
HOSP-LB-003,MED-006,BATCH-0225204,270,2026-06-29,2028-06-28,2026-06-29
HOSP-LB-003,MED-007,BATCH-0223887,203,2026-06-22,2028-06-21,2026-06-29
HOSP-LB-003,MED-007,BATCH-0225205,219,2026-06-29,2028-06-28,2026-06-29
HOSP-LB-003,MED-008,BATCH-0223888,202,2026-06-22,2029-06-21,2026-06-29
HOSP-LB-003,MED-009,BATCH-0223889,193,2026-06-22,2028-06-21,2026-06-29
HOSP-LB-003,MED-010,BATCH-0223890,354,2026-06-22,2029-06-21,2026-06-29
HOSP-LB-003,MED-011,BATCH-0223891,85,2026-06-22,2029-06-21,2026-06-29
HOSP-LB-003,MED-011,BATCH-0225206,1100,2026-06-29,2029-06-28,2026-06-29
HOSP-LB-003,MED-012,BATCH-0223892,370,2026-06-22,2029-06-21,2026-06-29
HOSP-LB-003,MED-013,BATCH-0223893,232,2026-06-22,2028-06-21,2026-06-29
HOSP-LB-003,MED-013,BATCH-0225207,285,2026-06-29,2028-06-28,2026-06-29
HOSP-LB-003,MED-014,BATCH-0222540,107,2026-06-15,2028-06-14,2026-06-29
HOSP-LB-003,MED-014,BATCH-0225208,584,2026-06-29,2028-06-28,2026-06-29
HOSP-LB-003,MED-015,BATCH-0222541,56,2026-06-15,2028-06-14,2026-06-29
HOSP-LB-003,MED-015,BATCH-0225209,340,2026-06-29,2028-06-28,2026-06-29
HOSP-LB-003,MED-016,BATCH-0223894,38,2026-06-22,2028-06-21,2026-06-29
HOSP-LB-003,MED-016,BATCH-0225210,144,2026-06-29,2028-06-28,2026-06-29
HOSP-LB-003,MED-017,BATCH-0218675,164,2026-05-25,2029-05-24,2026-06-29
HOSP-LB-003,MED-018,BATCH-0222543,97,2026-06-15,2028-06-14,2026-06-29
HOSP-LB-003,MED-018,BATCH-0225211,106,2026-06-29,2028-06-28,2026-06-29
HOSP-LB-003,MED-019,BATCH-0221244,5,2026-06-08,2028-06-07,2026-06-29
HOSP-LB-003,MED-019,BATCH-0223895,140,2026-06-22,2028-06-21,2026-06-29
HOSP-LB-003,MED-020,BATCH-0222544,4,2026-06-15,2028-06-14,2026-06-29
HOSP-LB-003,MED-020,BATCH-0225212,201,2026-06-29,2028-06-28,2026-06-29
HOSP-LB-003,MED-021,BATCH-0221245,51,2026-06-08,2029-06-07,2026-06-29
HOSP-LB-003,MED-021,BATCH-0225213,900,2026-06-29,2029-06-28,2026-06-29
HOSP-LB-003,MED-022,BATCH-0222545,139,2026-06-15,2029-06-14,2026-06-29
HOSP-LB-003,MED-022,BATCH-0225214,600,2026-06-29,2029-06-28,2026-06-29
HOSP-LB-003,MED-023,BATCH-0225215,1200,2026-06-29,2029-06-28,2026-06-29
HOSP-LB-003,MED-024,BATCH-0222546,33,2026-06-15,2028-06-14,2026-06-29
HOSP-LB-003,MED-024,BATCH-0225216,78,2026-06-29,2028-06-28,2026-06-29
HOSP-LB-003,MED-025,BATCH-0221248,151,2026-06-08,2029-06-07,2026-06-29
HOSP-LB-003,MED-025,BATCH-0225217,600,2026-06-29,2029-06-28,2026-06-29
HOSP-LB-003,MED-026,BATCH-0223897,696,2026-06-22,2029-06-21,2026-06-29
HOSP-LB-003,MED-027,BATCH-0225218,1000,2026-06-29,2029-06-28,2026-06-29
HOSP-LB-003,MED-028,BATCH-0222549,13,2026-06-15,2029-06-14,2026-06-29
HOSP-LB-003,MED-028,BATCH-0225219,310,2026-06-29,2029-06-28,2026-06-29
HOSP-LB-003,MED-029,BATCH-0223898,160,2026-06-22,2029-06-21,2026-06-29
HOSP-LB-003,MED-030,BATCH-0222551,49,2026-06-15,2029-06-14,2026-06-29
HOSP-LB-003,MED-030,BATCH-0223899,104,2026-06-22,2029-06-21,2026-06-29
HOSP-LB-003,MED-031,BATCH-0222552,241,2026-06-15,2031-06-15,2026-06-29
HOSP-LB-003,MED-031,BATCH-0225220,850,2026-06-29,2031-06-29,2026-06-29
HOSP-LB-003,MED-032,BATCH-0223900,1031,2026-06-22,2031-06-22,2026-06-29
HOSP-LB-003,MED-033,BATCH-0223901,489,2026-06-22,2031-06-22,2026-06-29
HOSP-LB-003,MED-034,BATCH-0225221,140,2026-06-29,2028-06-28,2026-06-29
HOSP-LB-003,MED-035,BATCH-0222553,17,2026-06-15,2028-06-14,2026-06-29
HOSP-LB-003,MED-035,BATCH-0225222,37,2026-06-29,2028-06-28,2026-06-29
HOSP-LB-003,MED-036,BATCH-0223903,674,2026-06-22,2028-06-21,2026-06-29
HOSP-LB-003,MED-037,BATCH-0222554,43,2026-06-15,2029-06-14,2026-06-29
HOSP-LB-003,MED-037,BATCH-0225223,106,2026-06-29,2029-06-28,2026-06-29
HOSP-LB-003,MED-038,BATCH-0222555,23,2026-06-15,2028-06-14,2026-06-29
HOSP-LB-003,MED-038,BATCH-0225224,170,2026-06-29,2028-06-28,2026-06-29
HOSP-LB-003,MED-039,BATCH-0223904,120,2026-06-22,2029-06-21,2026-06-29
HOSP-LB-003,MED-040,BATCH-0221254,4,2026-06-08,2029-06-07,2026-06-29
HOSP-LB-003,MED-040,BATCH-0223905,80,2026-06-22,2029-06-21,2026-06-29
HOSP-LB-003,MED-041,BATCH-0223906,13,2026-06-22,2028-06-21,2026-06-29
HOSP-LB-003,MED-042,BATCH-0219887,7,2026-06-01,2028-05-31,2026-06-29
HOSP-LB-003,MED-043,BATCH-0221256,5,2026-06-08,2028-06-07,2026-06-29
HOSP-LB-003,MED-044,BATCH-0221257,3,2026-06-08,2028-06-07,2026-06-29
HOSP-LB-003,MED-044,BATCH-0225225,7,2026-06-29,2028-06-28,2026-06-29
HOSP-LB-003,MED-045,BATCH-0221258,17,2026-06-08,2028-06-07,2026-06-29
HOSP-LB-003,MED-045,BATCH-0225226,40,2026-06-29,2028-06-28,2026-06-29
HOSP-LB-003,MED-046,BATCH-0222556,1,2026-06-15,2027-12-14,2026-06-29
HOSP-LB-003,MED-046,BATCH-0225227,8,2026-06-29,2027-12-28,2026-06-29
HOSP-LB-003,MED-047,BATCH-0222557,113,2026-06-15,2029-06-14,2026-06-29
HOSP-LB-003,MED-047,BATCH-0225228,500,2026-06-29,2029-06-28,2026-06-29
HOSP-LB-003,MED-048,BATCH-0222558,51,2026-06-15,2028-06-14,2026-06-29
HOSP-LB-003,MED-048,BATCH-0225229,123,2026-06-29,2028-06-28,2026-06-29
HOSP-LB-003,MED-049,BATCH-0222559,215,2026-06-15,2028-06-14,2026-06-29
HOSP-LB-003,MED-050,BATCH-0222560,69,2026-06-15,2028-06-14,2026-06-29
HOSP-LB-003,MED-050,BATCH-0225230,100,2026-06-29,2028-06-28,2026-06-29
HOSP-LB-003,MED-051,BATCH-0222561,44,2026-06-15,2028-06-14,2026-06-29
HOSP-LB-003,MED-051,BATCH-0225231,90,2026-06-29,2028-06-28,2026-06-29
HOSP-LB-003,MED-052,BATCH-0222562,13,2026-06-15,2028-06-14,2026-06-29
HOSP-LB-003,MED-052,BATCH-0223907,150,2026-06-22,2028-06-21,2026-06-29
HOSP-LB-003,MED-053,BATCH-0223908,148,2026-06-22,2028-06-21,2026-06-29
HOSP-LB-003,MED-054,BATCH-0222563,51,2026-06-15,2028-06-14,2026-06-29
HOSP-LB-003,MED-054,BATCH-0225232,96,2026-06-29,2028-06-28,2026-06-29
HOSP-LB-003,MED-055,BATCH-0221262,9,2026-06-08,2029-06-07,2026-06-29
HOSP-LB-003,MED-055,BATCH-0225233,90,2026-06-29,2029-06-28,2026-06-29
HOSP-LB-003,MED-056,BATCH-0222564,32,2026-06-15,2029-06-14,2026-06-29
HOSP-LB-003,MED-056,BATCH-0225234,50,2026-06-29,2029-06-28,2026-06-29
HOSP-LB-003,MED-057,BATCH-0223909,33,2026-06-22,2028-06-21,2026-06-29
HOSP-LB-003,MED-058,BATCH-0221264,16,2026-06-08,2028-06-07,2026-06-29
HOSP-LB-003,MED-058,BATCH-0225235,25,2026-06-29,2028-06-28,2026-06-29
HOSP-LB-003,MED-059,BATCH-0223910,22,2026-06-22,2028-06-21,2026-06-29
HOSP-LB-003,MED-060,BATCH-0222565,9,2026-06-15,2028-06-14,2026-06-29
HOSP-LB-003,MED-060,BATCH-0225236,19,2026-06-29,2028-06-28,2026-06-29
HOSP-LB-003,MED-061,BATCH-0223911,39,2026-06-22,2028-06-21,2026-06-29
HOSP-LB-003,MED-062,BATCH-0223912,44,2026-06-22,2029-06-21,2026-06-29
HOSP-LB-003,MED-063,BATCH-0223913,25,2026-06-22,2028-06-21,2026-06-29
HOSP-LB-003,MED-064,BATCH-0222566,40,2026-06-15,2031-06-15,2026-06-29
HOSP-LB-003,MED-064,BATCH-0225237,264,2026-06-29,2031-06-29,2026-06-29
HOSP-LB-003,MED-065,BATCH-0223914,36,2026-06-22,2026-07-22,2026-06-29
HOSP-LB-003,MED-066,BATCH-0221271,9,2026-06-08,2026-07-08,2026-06-29
HOSP-LB-003,MED-066,BATCH-0225238,48,2026-06-29,2026-07-29,2026-06-29
HOSP-LB-003,MED-067,BATCH-0222567,21,2026-06-15,2029-06-14,2026-06-29
HOSP-LB-003,MED-067,BATCH-0225239,173,2026-06-29,2029-06-28,2026-06-29
HOSP-LB-003,MED-068,BATCH-0222568,3,2026-06-15,2029-06-14,2026-06-29
HOSP-LB-003,MED-068,BATCH-0225240,47,2026-06-29,2029-06-28,2026-06-29
HOSP-LB-003,MED-069,BATCH-0222569,30,2026-06-15,2029-06-14,2026-06-29
HOSP-LB-003,MED-069,BATCH-0225241,55,2026-06-29,2029-06-28,2026-06-29
HOSP-LB-003,MED-070,BATCH-0222570,244,2026-06-15,2028-06-14,2026-06-29
HOSP-LB-003,MED-071,BATCH-0221273,8,2026-06-08,2028-06-07,2026-06-29
HOSP-LB-003,MED-071,BATCH-0223915,50,2026-06-22,2028-06-21,2026-06-29
HOSP-LB-003,MED-072,BATCH-0223916,66,2026-06-22,2028-06-21,2026-06-29
HOSP-LB-004,MED-001,BATCH-0224647,192,2026-06-29,2029-06-28,2026-06-29
HOSP-LB-004,MED-002,BATCH-0220695,3,2026-06-07,2028-06-06,2026-06-29
HOSP-LB-004,MED-002,BATCH-0223341,11,2026-06-21,2028-06-20,2026-06-29
HOSP-LB-004,MED-003,BATCH-0221987,158,2026-06-13,2029-06-12,2026-06-29
HOSP-LB-004,MED-004,BATCH-0221988,4,2026-06-14,2028-06-13,2026-06-29
HOSP-LB-004,MED-005,BATCH-0223342,156,2026-06-22,2028-06-21,2026-06-29
HOSP-LB-004,MED-006,BATCH-0220696,2,2026-06-06,2028-06-05,2026-06-29
HOSP-LB-004,MED-006,BATCH-0223343,20,2026-06-22,2028-06-21,2026-06-29
HOSP-LB-004,MED-007,BATCH-0224648,14,2026-06-29,2028-06-28,2026-06-29
HOSP-LB-004,MED-008,BATCH-0223344,8,2026-06-21,2029-06-20,2026-06-29
HOSP-LB-004,MED-009,BATCH-0224649,16,2026-06-27,2028-06-26,2026-06-29
HOSP-LB-004,MED-010,BATCH-0224650,180,2026-06-29,2029-06-28,2026-06-29
HOSP-LB-004,MED-011,BATCH-0224651,58,2026-06-27,2029-06-26,2026-06-29
HOSP-LB-004,MED-012,BATCH-0220697,104,2026-06-06,2029-06-05,2026-06-29
HOSP-LB-004,MED-013,BATCH-0223346,4,2026-06-22,2028-06-21,2026-06-29
HOSP-LB-004,MED-014,BATCH-0224652,10,2026-06-29,2028-06-28,2026-06-29
HOSP-LB-004,MED-015,BATCH-0224653,12,2026-06-29,2028-06-28,2026-06-29
HOSP-LB-004,MED-016,BATCH-0220700,33,2026-06-06,2028-06-05,2026-06-29
HOSP-LB-004,MED-017,BATCH-0156831,285,2025-06-08,2028-06-07,2026-06-29
HOSP-LB-004,MED-018,BATCH-0224654,6,2026-06-28,2028-06-27,2026-06-29
HOSP-LB-004,MED-019,BATCH-0223348,22,2026-06-20,2028-06-19,2026-06-29
HOSP-LB-004,MED-020,BATCH-0223349,4,2026-06-20,2028-06-19,2026-06-29
HOSP-LB-004,MED-021,BATCH-0218232,97,2026-05-25,2029-05-24,2026-06-29
HOSP-LB-004,MED-022,BATCH-0206330,31,2026-03-08,2029-03-07,2026-06-29
HOSP-LB-004,MED-022,BATCH-0221994,200,2026-06-15,2029-06-14,2026-06-29
HOSP-LB-004,MED-023,BATCH-0223350,145,2026-06-20,2029-06-19,2026-06-29
HOSP-LB-004,MED-024,BATCH-0221995,2,2026-06-15,2028-06-14,2026-06-29
HOSP-LB-004,MED-025,BATCH-0205290,142,2026-03-01,2029-02-28,2026-06-29
HOSP-LB-004,MED-026,BATCH-0219323,100,2026-05-30,2029-05-29,2026-06-29
HOSP-LB-004,MED-027,BATCH-0216060,128,2026-05-09,2029-05-08,2026-06-29
HOSP-LB-004,MED-028,BATCH-0224655,18,2026-06-29,2029-06-28,2026-06-29
HOSP-LB-004,MED-029,BATCH-0223351,172,2026-06-21,2029-06-20,2026-06-29
HOSP-LB-004,MED-030,BATCH-0223352,2,2026-06-20,2029-06-19,2026-06-29
HOSP-LB-004,MED-031,BATCH-0224656,82,2026-06-28,2031-06-28,2026-06-29
HOSP-LB-004,MED-032,BATCH-0221997,90,2026-06-14,2031-06-14,2026-06-29
HOSP-LB-004,MED-033,BATCH-0216063,28,2026-05-09,2031-05-09,2026-06-29
HOSP-LB-004,MED-033,BATCH-0224657,50,2026-06-28,2031-06-28,2026-06-29
HOSP-LB-004,MED-034,BATCH-0223353,15,2026-06-21,2028-06-20,2026-06-29
HOSP-LB-004,MED-035,BATCH-0225242,3,2026-06-08,2028-06-07,2026-06-29
HOSP-LB-004,MED-036,BATCH-0219325,120,2026-05-30,2028-05-29,2026-06-29
HOSP-LB-004,MED-037,BATCH-0224658,1,2026-06-27,2029-06-26,2026-06-29
HOSP-LB-004,MED-038,BATCH-0224659,18,2026-06-27,2028-06-26,2026-06-29
HOSP-LB-004,MED-039,BATCH-0221998,12,2026-06-13,2029-06-12,2026-06-29
HOSP-LB-004,MED-040,BATCH-0223355,17,2026-06-22,2029-06-21,2026-06-29
HOSP-LB-004,MED-041,BATCH-0205293,1,2026-03-01,2028-02-29,2026-06-29
HOSP-LB-004,MED-041,BATCH-0219326,6,2026-06-01,2028-05-31,2026-06-29
HOSP-LB-004,MED-042,BATCH-0212925,5,2026-04-18,2028-04-17,2026-06-29
HOSP-LB-004,MED-043,BATCH-0187711,5,2025-11-16,2027-11-16,2026-06-29
HOSP-LB-004,MED-044,BATCH-0195637,5,2026-01-04,2028-01-04,2026-06-29
HOSP-LB-004,MED-045,BATCH-0201785,20,2026-02-08,2028-02-08,2026-06-29
HOSP-LB-004,MED-046,BATCH-0159518,2,2025-06-23,2026-12-22,2026-06-29
HOSP-LB-004,MED-046,BATCH-0210767,5,2026-04-06,2027-10-05,2026-06-29
HOSP-LB-004,MED-047,BATCH-0223356,81,2026-06-21,2029-06-20,2026-06-29
HOSP-LB-004,MED-048,BATCH-0224660,5,2026-06-27,2028-06-26,2026-06-29
HOSP-LB-004,MED-049,BATCH-0217146,171,2026-05-18,2028-05-17,2026-06-29
HOSP-LB-004,MED-050,BATCH-0222000,15,2026-06-13,2028-06-12,2026-06-29
HOSP-LB-004,MED-051,BATCH-0223357,10,2026-06-20,2028-06-19,2026-06-29
HOSP-LB-004,MED-052,BATCH-0223358,1,2026-06-22,2028-06-21,2026-06-29
HOSP-LB-004,MED-052,BATCH-0224661,11,2026-06-27,2028-06-26,2026-06-29
HOSP-LB-004,MED-053,BATCH-0223359,10,2026-06-22,2028-06-21,2026-06-29
HOSP-LB-004,MED-054,BATCH-0223360,4,2026-06-21,2028-06-20,2026-06-29
HOSP-LB-004,MED-055,BATCH-0216068,11,2026-05-09,2029-05-08,2026-06-29
HOSP-LB-004,MED-056,BATCH-0219330,4,2026-05-31,2029-05-30,2026-06-29
HOSP-LB-004,MED-057,BATCH-0218238,4,2026-05-23,2028-05-22,2026-06-29
HOSP-LB-004,MED-057,BATCH-0224662,5,2026-06-29,2028-06-28,2026-06-29
HOSP-LB-004,MED-058,BATCH-0211795,2,2026-04-13,2028-04-12,2026-06-29
HOSP-LB-004,MED-058,BATCH-0218239,6,2026-05-25,2028-05-24,2026-06-29
HOSP-LB-004,MED-059,BATCH-0220708,6,2026-06-06,2028-06-05,2026-06-29
HOSP-LB-004,MED-060,BATCH-0214930,3,2026-05-03,2028-05-02,2026-06-29
HOSP-LB-004,MED-060,BATCH-0223361,5,2026-06-22,2028-06-21,2026-06-29
HOSP-LB-004,MED-061,BATCH-0207524,14,2026-03-16,2028-03-15,2026-06-29
HOSP-LB-004,MED-062,BATCH-0202902,4,2026-02-16,2029-02-15,2026-06-29
HOSP-LB-004,MED-062,BATCH-0223362,30,2026-06-22,2029-06-21,2026-06-29
HOSP-LB-004,MED-063,BATCH-0218240,5,2026-05-25,2028-05-24,2026-06-29
HOSP-LB-004,MED-064,BATCH-0222003,10,2026-06-15,2031-06-15,2026-06-29
HOSP-LB-004,MED-065,BATCH-0223363,5,2026-06-20,2026-07-20,2026-06-29
HOSP-LB-004,MED-066,BATCH-0224663,5,2026-06-28,2026-07-28,2026-06-29
HOSP-LB-004,MED-067,BATCH-0223364,5,2026-06-21,2029-06-20,2026-06-29
HOSP-LB-004,MED-068,BATCH-0220710,3,2026-06-07,2029-06-06,2026-06-29
HOSP-LB-004,MED-068,BATCH-0224664,5,2026-06-29,2029-06-28,2026-06-29
HOSP-LB-004,MED-069,BATCH-0222004,5,2026-06-15,2029-06-14,2026-06-29
HOSP-LB-004,MED-070,BATCH-0159521,84,2025-06-23,2027-06-23,2026-06-29
HOSP-LB-004,MED-070,BATCH-0207527,150,2026-03-14,2028-03-13,2026-06-29
HOSP-LB-004,MED-071,BATCH-0207528,10,2026-03-16,2028-03-15,2026-06-29
HOSP-LB-004,MED-072,BATCH-0220712,1,2026-06-07,2028-06-06,2026-06-29
HOSP-LB-004,MED-072,BATCH-0224665,5,2026-06-29,2028-06-28,2026-06-29
HOSP-LB-005,MED-001,BATCH-0224666,2362,2026-06-28,2029-06-27,2026-06-29
HOSP-LB-005,MED-002,BATCH-0224667,493,2026-06-29,2028-06-28,2026-06-29
HOSP-LB-005,MED-003,BATCH-0224668,965,2026-06-27,2029-06-26,2026-06-29
HOSP-LB-005,MED-004,BATCH-0223365,219,2026-06-20,2028-06-19,2026-06-29
HOSP-LB-005,MED-005,BATCH-0224669,1128,2026-06-27,2028-06-26,2026-06-29
HOSP-LB-005,MED-006,BATCH-0223366,123,2026-06-21,2028-06-20,2026-06-29
HOSP-LB-005,MED-007,BATCH-0224670,189,2026-06-29,2028-06-28,2026-06-29
HOSP-LB-005,MED-008,BATCH-0224671,453,2026-06-28,2029-06-27,2026-06-29
HOSP-LB-005,MED-009,BATCH-0224672,471,2026-06-28,2028-06-27,2026-06-29
HOSP-LB-005,MED-010,BATCH-0224673,604,2026-06-28,2029-06-27,2026-06-29
HOSP-LB-005,MED-011,BATCH-0224674,1073,2026-06-28,2029-06-27,2026-06-29
HOSP-LB-005,MED-012,BATCH-0224675,696,2026-06-27,2029-06-26,2026-06-29
HOSP-LB-005,MED-013,BATCH-0224676,693,2026-06-27,2028-06-26,2026-06-29
HOSP-LB-005,MED-014,BATCH-0223368,187,2026-06-21,2028-06-20,2026-06-29
HOSP-LB-005,MED-015,BATCH-0223369,184,2026-06-22,2028-06-21,2026-06-29
HOSP-LB-005,MED-015,BATCH-0224677,497,2026-06-29,2028-06-28,2026-06-29
HOSP-LB-005,MED-016,BATCH-0223370,32,2026-06-21,2028-06-20,2026-06-29
HOSP-LB-005,MED-017,BATCH-0220722,114,2026-06-07,2029-06-06,2026-06-29
HOSP-LB-005,MED-018,BATCH-0223371,51,2026-06-22,2028-06-21,2026-06-29
HOSP-LB-005,MED-019,BATCH-0224678,338,2026-06-28,2028-06-27,2026-06-29
HOSP-LB-005,MED-020,BATCH-0223372,142,2026-06-22,2028-06-21,2026-06-29
HOSP-LB-005,MED-020,BATCH-0224679,264,2026-06-27,2028-06-26,2026-06-29
HOSP-LB-005,MED-021,BATCH-0223373,466,2026-06-21,2029-06-20,2026-06-29
HOSP-LB-005,MED-022,BATCH-0223374,482,2026-06-21,2029-06-20,2026-06-29
HOSP-LB-005,MED-023,BATCH-0224680,1135,2026-06-28,2029-06-27,2026-06-29
HOSP-LB-005,MED-024,BATCH-0223375,92,2026-06-22,2028-06-21,2026-06-29
HOSP-LB-005,MED-025,BATCH-0223376,144,2026-06-20,2029-06-19,2026-06-29
HOSP-LB-005,MED-026,BATCH-0224681,1184,2026-06-28,2029-06-27,2026-06-29
HOSP-LB-005,MED-027,BATCH-0223377,350,2026-06-20,2029-06-19,2026-06-29
HOSP-LB-005,MED-028,BATCH-0223378,12,2026-06-22,2029-06-21,2026-06-29
HOSP-LB-005,MED-029,BATCH-0223379,73,2026-06-20,2029-06-19,2026-06-29
HOSP-LB-005,MED-030,BATCH-0222019,102,2026-06-14,2029-06-13,2026-06-29
HOSP-LB-005,MED-030,BATCH-0224682,282,2026-06-29,2029-06-28,2026-06-29
HOSP-LB-005,MED-031,BATCH-0223380,1017,2026-06-21,2031-06-21,2026-06-29
HOSP-LB-005,MED-032,BATCH-0223381,1475,2026-06-21,2031-06-21,2026-06-29
HOSP-LB-005,MED-033,BATCH-0224683,1093,2026-06-28,2031-06-28,2026-06-29
HOSP-LB-005,MED-034,BATCH-0224684,112,2026-06-28,2028-06-27,2026-06-29
HOSP-LB-005,MED-035,BATCH-0223382,12,2026-06-21,2028-06-20,2026-06-29
HOSP-LB-005,MED-035,BATCH-0224685,60,2026-06-28,2028-06-27,2026-06-29
HOSP-LB-005,MED-036,BATCH-0224686,1285,2026-06-29,2028-06-28,2026-06-29
HOSP-LB-005,MED-037,BATCH-0223383,44,2026-06-20,2029-06-19,2026-06-29
HOSP-LB-005,MED-038,BATCH-0223384,65,2026-06-22,2028-06-21,2026-06-29
HOSP-LB-005,MED-039,BATCH-0224687,186,2026-06-28,2029-06-27,2026-06-29
HOSP-LB-005,MED-040,BATCH-0223385,86,2026-06-21,2029-06-20,2026-06-29
HOSP-LB-005,MED-041,BATCH-0222023,5,2026-06-14,2028-06-13,2026-06-29
HOSP-LB-005,MED-041,BATCH-0224688,31,2026-06-29,2028-06-28,2026-06-29
HOSP-LB-005,MED-042,BATCH-0224689,16,2026-06-29,2028-06-28,2026-06-29
HOSP-LB-005,MED-043,BATCH-0223386,13,2026-06-22,2028-06-21,2026-06-29
HOSP-LB-005,MED-044,BATCH-0223387,11,2026-06-21,2028-06-20,2026-06-29
HOSP-LB-005,MED-045,BATCH-0223388,42,2026-06-21,2028-06-20,2026-06-29
HOSP-LB-005,MED-046,BATCH-0224690,6,2026-06-29,2027-12-28,2026-06-29
HOSP-LB-005,MED-047,BATCH-0224691,705,2026-06-28,2029-06-27,2026-06-29
HOSP-LB-005,MED-048,BATCH-0223389,39,2026-06-22,2028-06-21,2026-06-29
HOSP-LB-005,MED-049,BATCH-0224692,270,2026-06-27,2028-06-26,2026-06-29
HOSP-LB-005,MED-050,BATCH-0223390,72,2026-06-21,2028-06-20,2026-06-29
HOSP-LB-005,MED-051,BATCH-0224693,196,2026-06-28,2028-06-27,2026-06-29
HOSP-LB-005,MED-052,BATCH-0223391,52,2026-06-22,2028-06-21,2026-06-29
HOSP-LB-005,MED-052,BATCH-0224694,396,2026-06-28,2028-06-27,2026-06-29
HOSP-LB-005,MED-053,BATCH-0223392,273,2026-06-20,2028-06-19,2026-06-29
HOSP-LB-005,MED-054,BATCH-0223393,86,2026-06-20,2028-06-19,2026-06-29
HOSP-LB-005,MED-055,BATCH-0224695,121,2026-06-29,2029-06-28,2026-06-29
HOSP-LB-005,MED-056,BATCH-0222031,6,2026-06-15,2029-06-14,2026-06-29
HOSP-LB-005,MED-056,BATCH-0224696,105,2026-06-29,2029-06-28,2026-06-29
HOSP-LB-005,MED-057,BATCH-0224697,62,2026-06-29,2028-06-28,2026-06-29
HOSP-LB-005,MED-058,BATCH-0224698,52,2026-06-27,2028-06-26,2026-06-29
HOSP-LB-005,MED-059,BATCH-0223395,34,2026-06-21,2028-06-20,2026-06-29
HOSP-LB-005,MED-060,BATCH-0223396,10,2026-06-20,2028-06-19,2026-06-29
HOSP-LB-005,MED-060,BATCH-0224699,38,2026-06-29,2028-06-28,2026-06-29
HOSP-LB-005,MED-061,BATCH-0225243,9,2026-04-20,2028-04-19,2026-06-29
HOSP-LB-005,MED-062,BATCH-0224700,93,2026-06-27,2029-06-26,2026-06-29
HOSP-LB-005,MED-063,BATCH-0224701,47,2026-06-29,2028-06-28,2026-06-29
HOSP-LB-005,MED-064,BATCH-0223399,118,2026-06-21,2031-06-21,2026-06-29
HOSP-LB-005,MED-064,BATCH-0224702,420,2026-06-27,2031-06-27,2026-06-29
HOSP-LB-005,MED-065,BATCH-0223400,3,2026-06-22,2026-07-22,2026-06-29
HOSP-LB-005,MED-067,BATCH-0223402,103,2026-06-22,2029-06-21,2026-06-29
HOSP-LB-005,MED-068,BATCH-0223403,62,2026-06-20,2029-06-19,2026-06-29
HOSP-LB-005,MED-069,BATCH-0224703,97,2026-06-28,2029-06-27,2026-06-29
HOSP-LB-005,MED-070,BATCH-0223404,408,2026-06-20,2028-06-19,2026-06-29
HOSP-LB-005,MED-071,BATCH-0223405,31,2026-06-22,2028-06-21,2026-06-29
HOSP-LB-005,MED-072,BATCH-0224704,102,2026-06-29,2028-06-28,2026-06-29
HOSP-KR-001,MED-001,BATCH-0223407,133,2026-06-22,2029-06-21,2026-06-29
HOSP-KR-001,MED-002,BATCH-0224705,88,2026-06-29,2028-06-28,2026-06-29
HOSP-KR-001,MED-003,BATCH-0223408,207,2026-06-22,2029-06-21,2026-06-29
HOSP-KR-001,MED-004,BATCH-0222039,19,2026-06-14,2028-06-13,2026-06-29
HOSP-KR-001,MED-004,BATCH-0224706,90,2026-06-28,2028-06-27,2026-06-29
HOSP-KR-001,MED-005,BATCH-0224707,258,2026-06-28,2028-06-27,2026-06-29
HOSP-KR-001,MED-006,BATCH-0223410,13,2026-06-21,2028-06-20,2026-06-29
HOSP-KR-001,MED-006,BATCH-0224708,150,2026-06-29,2028-06-28,2026-06-29
HOSP-KR-001,MED-007,BATCH-0223411,28,2026-06-21,2028-06-20,2026-06-29
HOSP-KR-001,MED-007,BATCH-0224709,117,2026-06-27,2028-06-26,2026-06-29
HOSP-KR-001,MED-008,BATCH-0224710,169,2026-06-29,2029-06-28,2026-06-29
HOSP-KR-001,MED-009,BATCH-0223412,64,2026-06-20,2028-06-19,2026-06-29
HOSP-KR-001,MED-010,BATCH-0224711,472,2026-06-27,2029-06-26,2026-06-29
HOSP-KR-001,MED-011,BATCH-0224712,400,2026-06-29,2029-06-28,2026-06-29
HOSP-KR-001,MED-012,BATCH-0223414,115,2026-06-20,2029-06-19,2026-06-29
HOSP-KR-001,MED-013,BATCH-0224713,169,2026-06-29,2028-06-28,2026-06-29
HOSP-KR-001,MED-014,BATCH-0224714,213,2026-06-28,2028-06-27,2026-06-29
HOSP-KR-001,MED-015,BATCH-0224715,160,2026-06-28,2028-06-27,2026-06-29
HOSP-KR-001,MED-016,BATCH-0222045,26,2026-06-14,2028-06-13,2026-06-29
HOSP-KR-001,MED-017,BATCH-0202943,11,2026-02-16,2029-02-15,2026-06-29
HOSP-KR-001,MED-017,BATCH-0217192,300,2026-05-17,2029-05-16,2026-06-29
HOSP-KR-001,MED-018,BATCH-0224716,53,2026-06-28,2028-06-27,2026-06-29
HOSP-KR-001,MED-019,BATCH-0222047,9,2026-06-15,2028-06-14,2026-06-29
HOSP-KR-001,MED-019,BATCH-0224717,80,2026-06-29,2028-06-28,2026-06-29
HOSP-KR-001,MED-020,BATCH-0224718,58,2026-06-27,2028-06-26,2026-06-29
HOSP-KR-001,MED-021,BATCH-0222049,214,2026-06-15,2029-06-14,2026-06-29
HOSP-KR-001,MED-022,BATCH-0223416,244,2026-06-22,2029-06-21,2026-06-29
HOSP-KR-001,MED-023,BATCH-0223417,399,2026-06-22,2029-06-21,2026-06-29
HOSP-KR-001,MED-024,BATCH-0223418,5,2026-06-22,2028-06-21,2026-06-29
HOSP-KR-001,MED-024,BATCH-0224719,47,2026-06-28,2028-06-27,2026-06-29
HOSP-KR-001,MED-025,BATCH-0220772,5,2026-06-08,2029-06-07,2026-06-29
HOSP-KR-001,MED-025,BATCH-0224720,400,2026-06-29,2029-06-28,2026-06-29
HOSP-KR-001,MED-026,BATCH-0222050,321,2026-06-15,2029-06-14,2026-06-29
HOSP-KR-001,MED-028,BATCH-0224721,106,2026-06-29,2029-06-28,2026-06-29
HOSP-KR-001,MED-029,BATCH-0223420,122,2026-06-22,2029-06-21,2026-06-29
HOSP-KR-001,MED-030,BATCH-0223421,23,2026-06-22,2029-06-21,2026-06-29
HOSP-KR-001,MED-031,BATCH-0223422,249,2026-06-21,2031-06-21,2026-06-29
HOSP-KR-001,MED-032,BATCH-0224722,663,2026-06-28,2031-06-28,2026-06-29
HOSP-KR-001,MED-033,BATCH-0223423,32,2026-06-21,2031-06-21,2026-06-29
HOSP-KR-001,MED-033,BATCH-0224723,200,2026-06-29,2031-06-29,2026-06-29
HOSP-KR-001,MED-034,BATCH-0224724,49,2026-06-29,2028-06-28,2026-06-29
HOSP-KR-001,MED-035,BATCH-0224725,16,2026-06-29,2028-06-28,2026-06-29
HOSP-KR-001,MED-036,BATCH-0224726,493,2026-06-28,2028-06-27,2026-06-29
HOSP-KR-001,MED-037,BATCH-0223424,33,2026-06-20,2029-06-19,2026-06-29
HOSP-KR-001,MED-038,BATCH-0224727,39,2026-06-28,2028-06-27,2026-06-29
HOSP-KR-001,MED-039,BATCH-0223425,30,2026-06-20,2029-06-19,2026-06-29
HOSP-KR-001,MED-040,BATCH-0223426,16,2026-06-21,2029-06-20,2026-06-29
HOSP-KR-001,MED-041,BATCH-0223427,3,2026-06-20,2028-06-19,2026-06-29
HOSP-KR-001,MED-042,BATCH-0222057,4,2026-06-15,2028-06-14,2026-06-29
HOSP-KR-001,MED-043,BATCH-0222058,2,2026-06-15,2028-06-14,2026-06-29
HOSP-KR-001,MED-044,BATCH-0220780,4,2026-06-08,2028-06-07,2026-06-29
HOSP-KR-001,MED-045,BATCH-0218289,9,2026-05-25,2028-05-24,2026-06-29
HOSP-KR-001,MED-045,BATCH-0224728,40,2026-06-28,2028-06-27,2026-06-29
HOSP-KR-001,MED-046,BATCH-0220781,4,2026-06-07,2027-12-06,2026-06-29
HOSP-KR-001,MED-046,BATCH-0222059,5,2026-06-14,2027-12-13,2026-06-29
HOSP-KR-001,MED-047,BATCH-0224729,231,2026-06-28,2029-06-27,2026-06-29
HOSP-KR-001,MED-048,BATCH-0223429,72,2026-06-20,2028-06-19,2026-06-29
HOSP-KR-001,MED-049,BATCH-0216128,117,2026-05-09,2028-05-08,2026-06-29
HOSP-KR-001,MED-050,BATCH-0224730,76,2026-06-28,2028-06-27,2026-06-29
HOSP-KR-001,MED-051,BATCH-0223430,5,2026-06-22,2028-06-21,2026-06-29
HOSP-KR-001,MED-052,BATCH-0223431,37,2026-06-22,2028-06-21,2026-06-29
HOSP-KR-001,MED-052,BATCH-0224731,82,2026-06-28,2028-06-27,2026-06-29
HOSP-KR-001,MED-053,BATCH-0223432,85,2026-06-21,2028-06-20,2026-06-29
HOSP-KR-001,MED-054,BATCH-0223433,9,2026-06-21,2028-06-20,2026-06-29
HOSP-KR-001,MED-055,BATCH-0222061,10,2026-06-14,2029-06-13,2026-06-29
HOSP-KR-001,MED-056,BATCH-0224732,24,2026-06-29,2029-06-28,2026-06-29
HOSP-KR-001,MED-057,BATCH-0223435,6,2026-06-21,2028-06-20,2026-06-29
HOSP-KR-001,MED-058,BATCH-0223436,8,2026-06-20,2028-06-19,2026-06-29
HOSP-KR-001,MED-059,BATCH-0223437,8,2026-06-22,2028-06-21,2026-06-29
HOSP-KR-001,MED-060,BATCH-0223438,1,2026-06-21,2028-06-20,2026-06-29
HOSP-KR-001,MED-061,BATCH-0223439,22,2026-06-22,2028-06-21,2026-06-29
HOSP-KR-001,MED-062,BATCH-0222063,8,2026-06-15,2029-06-14,2026-06-29
HOSP-KR-001,MED-063,BATCH-0223440,8,2026-06-20,2028-06-19,2026-06-29
HOSP-KR-001,MED-064,BATCH-0224733,115,2026-06-29,2031-06-29,2026-06-29
HOSP-KR-001,MED-065,BATCH-0224734,25,2026-06-27,2026-07-27,2026-06-29
HOSP-KR-001,MED-066,BATCH-0224735,14,2026-06-28,2026-07-28,2026-06-29
HOSP-KR-001,MED-067,BATCH-0224736,61,2026-06-28,2029-06-27,2026-06-29
HOSP-KR-001,MED-068,BATCH-0223441,14,2026-06-22,2029-06-21,2026-06-29
HOSP-KR-001,MED-069,BATCH-0224737,18,2026-06-29,2029-06-28,2026-06-29
HOSP-KR-001,MED-070,BATCH-0218296,20,2026-05-24,2028-05-23,2026-06-29
HOSP-KR-001,MED-070,BATCH-0223442,300,2026-06-21,2028-06-20,2026-06-29
HOSP-KR-001,MED-071,BATCH-0220795,2,2026-06-07,2028-06-06,2026-06-29
HOSP-KR-001,MED-071,BATCH-0224738,30,2026-06-28,2028-06-27,2026-06-29
HOSP-KR-001,MED-072,BATCH-0224739,25,2026-06-28,2028-06-27,2026-06-29
HOSP-KR-003,MED-001,BATCH-0200675,101,2026-01-31,2029-01-30,2026-06-29
HOSP-KR-003,MED-002,BATCH-0222068,3,2026-06-15,2028-06-14,2026-06-29
HOSP-KR-003,MED-002,BATCH-0223444,5,2026-06-20,2028-06-19,2026-06-29
HOSP-KR-003,MED-003,BATCH-0160911,97,2025-06-29,2028-06-28,2026-06-29
HOSP-KR-003,MED-004,BATCH-0205365,14,2026-03-02,2028-03-01,2026-06-29
HOSP-KR-003,MED-005,BATCH-0200676,155,2026-02-01,2028-02-01,2026-06-29
HOSP-KR-003,MED-006,BATCH-0205366,5,2026-02-28,2028-02-28,2026-06-29
HOSP-KR-003,MED-006,BATCH-0223445,10,2026-06-20,2028-06-19,2026-06-29
HOSP-KR-003,MED-006,BATCH-0224740,20,2026-06-27,2028-06-26,2026-06-29
HOSP-KR-003,MED-007,BATCH-0209763,3,2026-03-30,2028-03-29,2026-06-29
HOSP-KR-003,MED-007,BATCH-0210823,6,2026-04-05,2028-04-04,2026-06-29
HOSP-KR-003,MED-008,BATCH-0205367,8,2026-03-02,2029-03-01,2026-06-29
HOSP-KR-003,MED-009,BATCH-0222069,4,2026-06-15,2028-06-14,2026-06-29
HOSP-KR-003,MED-009,BATCH-0223446,7,2026-06-21,2028-06-20,2026-06-29
HOSP-KR-003,MED-010,BATCH-0126212,97,2024-12-01,2027-12-01,2026-06-29
HOSP-KR-003,MED-011,BATCH-0189975,37,2025-12-01,2028-11-30,2026-06-29
HOSP-KR-003,MED-011,BATCH-0224741,50,2026-06-29,2029-06-28,2026-06-29
HOSP-KR-003,MED-012,BATCH-0141512,105,2025-03-03,2028-03-02,2026-06-29
HOSP-KR-003,MED-013,BATCH-0211868,4,2026-04-12,2028-04-11,2026-06-29
HOSP-KR-003,MED-013,BATCH-0224742,5,2026-06-27,2028-06-26,2026-06-29
HOSP-KR-003,MED-014,BATCH-0222070,5,2026-06-15,2028-06-14,2026-06-29
HOSP-KR-003,MED-015,BATCH-0212984,5,2026-04-18,2028-04-17,2026-06-29
HOSP-KR-003,MED-016,BATCH-0154440,34,2025-05-26,2027-05-26,2026-06-29
HOSP-KR-003,MED-017,BATCH-0220798,299,2026-06-06,2029-06-05,2026-06-29
HOSP-KR-003,MED-017,BATCH-0222071,300,2026-06-14,2029-06-13,2026-06-29
HOSP-KR-003,MED-018,BATCH-0199468,1,2026-01-24,2028-01-24,2026-06-29
HOSP-KR-003,MED-018,BATCH-0200677,5,2026-02-02,2028-02-02,2026-06-29
HOSP-KR-003,MED-019,BATCH-0197026,14,2026-01-11,2028-01-11,2026-06-29
HOSP-KR-003,MED-020,BATCH-0208642,4,2026-03-23,2028-03-22,2026-06-29
HOSP-KR-003,MED-021,BATCH-0162279,140,2025-07-07,2028-07-06,2026-06-29
HOSP-KR-003,MED-022,BATCH-0185557,157,2025-11-01,2028-10-31,2026-06-29
HOSP-KR-003,MED-023,BATCH-0201854,148,2026-02-09,2029-02-08,2026-06-29
HOSP-KR-003,MED-024,BATCH-0222072,4,2026-06-15,2028-06-14,2026-06-29
HOSP-KR-003,MED-025,BATCH-0170887,130,2025-08-16,2028-08-15,2026-06-29
HOSP-KR-003,MED-026,BATCH-0182868,149,2025-10-18,2028-10-17,2026-06-29
HOSP-KR-003,MED-027,BATCH-0169466,128,2025-08-11,2028-08-10,2026-06-29
HOSP-KR-003,MED-028,BATCH-0224743,18,2026-06-29,2029-06-28,2026-06-29
HOSP-KR-003,MED-029,BATCH-0195693,179,2026-01-03,2029-01-02,2026-06-29
HOSP-KR-003,MED-030,BATCH-0212985,3,2026-04-20,2029-04-19,2026-06-29
HOSP-KR-003,MED-030,BATCH-0213991,6,2026-04-25,2029-04-24,2026-06-29
HOSP-KR-003,MED-031,BATCH-0202966,50,2026-02-15,2031-02-15,2026-06-29
HOSP-KR-003,MED-031,BATCH-0204174,50,2026-02-23,2031-02-23,2026-06-29
HOSP-KR-003,MED-032,BATCH-0178596,77,2025-09-28,2030-09-28,2026-06-29
HOSP-KR-003,MED-032,BATCH-0218298,100,2026-05-25,2031-05-25,2026-06-29
HOSP-KR-003,MED-032,BATCH-0219393,100,2026-05-31,2031-05-31,2026-06-29
HOSP-KR-003,MED-033,BATCH-0136842,50,2025-02-01,2030-02-01,2026-06-29
HOSP-KR-003,MED-034,BATCH-0205368,18,2026-03-02,2028-03-01,2026-06-29
HOSP-KR-003,MED-035,BATCH-0169467,5,2025-08-09,2027-08-09,2026-06-29
HOSP-KR-003,MED-036,BATCH-0166642,133,2025-07-28,2027-07-28,2026-06-29
HOSP-KR-003,MED-037,BATCH-0219394,4,2026-06-01,2029-05-31,2026-06-29
HOSP-KR-003,MED-038,BATCH-0222073,17,2026-06-13,2028-06-12,2026-06-29
HOSP-KR-003,MED-039,BATCH-0204176,13,2026-02-23,2029-02-22,2026-06-29
HOSP-KR-003,MED-040,BATCH-0220801,18,2026-06-08,2029-06-07,2026-06-29
HOSP-KR-003,MED-041,BATCH-0195694,5,2026-01-05,2028-01-05,2026-06-29
HOSP-KR-003,MED-041,BATCH-0197027,5,2026-01-10,2028-01-10,2026-06-29
HOSP-KR-003,MED-042,BATCH-0138030,5,2025-02-09,2027-02-09,2026-06-29
HOSP-KR-003,MED-043,BATCH-0139166,9,2025-02-17,2027-02-17,2026-06-29
HOSP-KR-003,MED-044,BATCH-0139167,8,2025-02-17,2027-02-17,2026-06-29
HOSP-KR-003,MED-045,BATCH-0150089,29,2025-04-26,2027-04-26,2026-06-29
HOSP-KR-003,MED-046,BATCH-0151110,2,2025-05-05,2026-11-03,2026-06-29
HOSP-KR-003,MED-046,BATCH-0152207,7,2025-05-12,2026-11-10,2026-06-29
HOSP-KR-003,MED-047,BATCH-0199469,63,2026-01-24,2029-01-23,2026-06-29
HOSP-KR-003,MED-048,BATCH-0199470,5,2026-01-26,2028-01-26,2026-06-29
HOSP-KR-003,MED-049,BATCH-0140297,151,2025-02-23,2027-02-23,2026-06-29
HOSP-KR-003,MED-050,BATCH-0213992,8,2026-04-25,2028-04-24,2026-06-29
HOSP-KR-003,MED-050,BATCH-0214982,10,2026-05-03,2028-05-02,2026-06-29
HOSP-KR-003,MED-051,BATCH-0176114,3,2025-09-15,2027-09-15,2026-06-29
HOSP-KR-003,MED-051,BATCH-0177357,10,2025-09-20,2027-09-20,2026-06-29
HOSP-KR-003,MED-052,BATCH-0211870,7,2026-04-12,2028-04-11,2026-06-29
HOSP-KR-003,MED-053,BATCH-0213993,6,2026-04-26,2028-04-25,2026-06-29
HOSP-KR-003,MED-053,BATCH-0214983,10,2026-05-04,2028-05-03,2026-06-29
HOSP-KR-003,MED-054,BATCH-0219396,7,2026-05-30,2028-05-29,2026-06-29
HOSP-KR-003,MED-055,BATCH-0211871,15,2026-04-11,2029-04-10,2026-06-29
HOSP-KR-003,MED-056,BATCH-0187778,8,2025-11-17,2028-11-16,2026-06-29
HOSP-KR-003,MED-057,BATCH-0177358,5,2025-09-22,2027-09-22,2026-06-29
HOSP-KR-003,MED-058,BATCH-0139170,7,2025-02-17,2027-02-17,2026-06-29
HOSP-KR-003,MED-059,BATCH-0149039,2,2025-04-19,2027-04-19,2026-06-29
HOSP-KR-003,MED-059,BATCH-0150091,5,2025-04-28,2027-04-28,2026-06-29
HOSP-KR-003,MED-060,BATCH-0191076,3,2025-12-07,2027-12-07,2026-06-29
HOSP-KR-003,MED-060,BATCH-0192276,5,2025-12-13,2027-12-13,2026-06-29
HOSP-KR-003,MED-061,BATCH-0202968,17,2026-02-16,2028-02-16,2026-06-29
HOSP-KR-003,MED-062,BATCH-0195696,16,2026-01-05,2029-01-04,2026-06-29
HOSP-KR-003,MED-063,BATCH-0201858,3,2026-02-07,2028-02-07,2026-06-29
HOSP-KR-003,MED-063,BATCH-0202969,5,2026-02-16,2028-02-16,2026-06-29
HOSP-KR-003,MED-064,BATCH-0192277,9,2025-12-15,2030-12-15,2026-06-29
HOSP-KR-003,MED-064,BATCH-0224744,12,2026-06-28,2031-06-28,2026-06-29
HOSP-KR-003,MED-065,BATCH-0222074,5,2026-06-14,2026-07-14,2026-06-29
HOSP-KR-003,MED-067,BATCH-0211872,3,2026-04-12,2029-04-11,2026-06-29
HOSP-KR-003,MED-067,BATCH-0212987,6,2026-04-18,2029-04-17,2026-06-29
HOSP-KR-003,MED-068,BATCH-0195697,5,2026-01-05,2029-01-04,2026-06-29
HOSP-KR-003,MED-069,BATCH-0149041,2,2025-04-19,2028-04-18,2026-06-29
HOSP-KR-003,MED-069,BATCH-0206395,5,2026-03-09,2029-03-08,2026-06-29
HOSP-KR-003,MED-069,BATCH-0207604,10,2026-03-15,2029-03-14,2026-06-29
HOSP-KR-003,MED-070,BATCH-0142532,260,2025-03-10,2027-03-10,2026-06-29
HOSP-KR-003,MED-071,BATCH-0141521,4,2025-03-02,2027-03-02,2026-06-29
HOSP-KR-003,MED-071,BATCH-0142533,10,2025-03-09,2027-03-09,2026-06-29
HOSP-KR-003,MED-072,BATCH-0199473,5,2026-01-26,2028-01-26,2026-06-29
HOSP-KR-004,MED-001,BATCH-0220803,59,2026-06-07,2029-06-06,2026-06-29
HOSP-KR-004,MED-002,BATCH-0224745,8,2026-06-29,2028-06-28,2026-06-29
HOSP-KR-004,MED-003,BATCH-0222075,140,2026-06-14,2029-06-13,2026-06-29
HOSP-KR-004,MED-004,BATCH-0214984,8,2026-05-02,2028-05-01,2026-06-29
HOSP-KR-004,MED-005,BATCH-0220805,141,2026-06-07,2028-06-06,2026-06-29
HOSP-KR-004,MED-006,BATCH-0222076,15,2026-06-15,2028-06-14,2026-06-29
HOSP-KR-004,MED-007,BATCH-0224746,7,2026-06-29,2028-06-28,2026-06-29
HOSP-KR-004,MED-008,BATCH-0224747,39,2026-06-29,2029-06-28,2026-06-29
HOSP-KR-004,MED-009,BATCH-0224748,14,2026-06-27,2028-06-26,2026-06-29
HOSP-KR-004,MED-010,BATCH-0217216,283,2026-05-18,2029-05-17,2026-06-29
HOSP-KR-004,MED-011,BATCH-0222077,38,2026-06-13,2029-06-12,2026-06-29
HOSP-KR-004,MED-012,BATCH-0223449,180,2026-06-22,2029-06-21,2026-06-29
HOSP-KR-004,MED-013,BATCH-0223450,2,2026-06-21,2028-06-20,2026-06-29
HOSP-KR-004,MED-014,BATCH-0223451,21,2026-06-20,2028-06-19,2026-06-29
HOSP-KR-004,MED-015,BATCH-0222079,2,2026-06-15,2028-06-14,2026-06-29
HOSP-KR-004,MED-015,BATCH-0224749,12,2026-06-29,2028-06-28,2026-06-29
HOSP-KR-004,MED-016,BATCH-0205373,23,2026-02-28,2028-02-28,2026-06-29
HOSP-KR-004,MED-017,BATCH-0198655,135,2025-12-01,2028-11-30,2026-06-29
HOSP-KR-004,MED-018,BATCH-0224750,7,2026-06-27,2028-06-26,2026-06-29
HOSP-KR-004,MED-019,BATCH-0223452,18,2026-06-21,2028-06-20,2026-06-29
HOSP-KR-004,MED-020,BATCH-0223453,2,2026-06-22,2028-06-21,2026-06-29
HOSP-KR-004,MED-021,BATCH-0214986,180,2026-05-03,2029-05-02,2026-06-29
HOSP-KR-004,MED-022,BATCH-0206403,18,2026-03-08,2029-03-07,2026-06-29
HOSP-KR-004,MED-022,BATCH-0219402,200,2026-06-01,2029-05-31,2026-06-29
HOSP-KR-004,MED-023,BATCH-0218304,99,2026-05-24,2029-05-23,2026-06-29
HOSP-KR-004,MED-024,BATCH-0222082,3,2026-06-15,2028-06-14,2026-06-29
HOSP-KR-004,MED-025,BATCH-0207611,25,2026-03-15,2029-03-14,2026-06-29
HOSP-KR-004,MED-025,BATCH-0217220,200,2026-05-18,2029-05-17,2026-06-29
HOSP-KR-004,MED-026,BATCH-0208651,199,2026-03-22,2029-03-21,2026-06-29
HOSP-KR-004,MED-027,BATCH-0212994,134,2026-04-19,2029-04-18,2026-06-29
HOSP-KR-004,MED-029,BATCH-0214988,157,2026-05-02,2029-05-01,2026-06-29
HOSP-KR-004,MED-030,BATCH-0224751,4,2026-06-29,2029-06-28,2026-06-29
HOSP-KR-004,MED-031,BATCH-0223455,26,2026-06-20,2031-06-20,2026-06-29
HOSP-KR-004,MED-032,BATCH-0222085,85,2026-06-15,2031-06-15,2026-06-29
HOSP-KR-004,MED-033,BATCH-0217223,7,2026-05-17,2031-05-17,2026-06-29
HOSP-KR-004,MED-033,BATCH-0222086,50,2026-06-15,2031-06-15,2026-06-29
HOSP-KR-004,MED-034,BATCH-0212998,7,2026-04-18,2028-04-17,2026-06-29
HOSP-KR-004,MED-035,BATCH-0224752,6,2026-06-29,2028-06-28,2026-06-29
HOSP-KR-004,MED-036,BATCH-0220811,162,2026-06-08,2028-06-07,2026-06-29
HOSP-KR-004,MED-037,BATCH-0224753,6,2026-06-29,2029-06-28,2026-06-29
HOSP-KR-004,MED-038,BATCH-0218306,8,2026-05-25,2028-05-24,2026-06-29
HOSP-KR-004,MED-039,BATCH-0219406,7,2026-05-30,2029-05-29,2026-06-29
HOSP-KR-004,MED-040,BATCH-0220812,15,2026-06-07,2029-06-06,2026-06-29
HOSP-KR-004,MED-041,BATCH-0214990,2,2026-05-02,2028-05-01,2026-06-29
HOSP-KR-004,MED-041,BATCH-0223456,5,2026-06-21,2028-06-20,2026-06-29
HOSP-KR-004,MED-042,BATCH-0192290,1,2025-12-13,2027-12-13,2026-06-29
HOSP-KR-004,MED-042,BATCH-0213001,5,2026-04-18,2028-04-17,2026-06-29
HOSP-KR-004,MED-043,BATCH-0204188,4,2026-02-23,2028-02-23,2026-06-29
HOSP-KR-004,MED-043,BATCH-0223457,5,2026-06-22,2028-06-21,2026-06-29
HOSP-KR-004,MED-044,BATCH-0202980,8,2026-02-16,2028-02-16,2026-06-29
HOSP-KR-004,MED-045,BATCH-0209775,31,2026-03-28,2028-03-27,2026-06-29
HOSP-KR-004,MED-046,BATCH-0178605,5,2025-09-28,2027-03-29,2026-06-29
HOSP-KR-004,MED-047,BATCH-0223458,89,2026-06-20,2029-06-19,2026-06-29
HOSP-KR-004,MED-049,BATCH-0182885,55,2025-10-20,2027-10-20,2026-06-29
HOSP-KR-004,MED-049,BATCH-0214991,300,2026-05-02,2028-05-01,2026-06-29
HOSP-KR-004,MED-050,BATCH-0218308,1,2026-05-23,2028-05-22,2026-06-29
HOSP-KR-004,MED-050,BATCH-0224755,20,2026-06-29,2028-06-28,2026-06-29
HOSP-KR-004,MED-051,BATCH-0223460,14,2026-06-21,2028-06-20,2026-06-29
HOSP-KR-004,MED-053,BATCH-0223462,18,2026-06-21,2028-06-20,2026-06-29
HOSP-KR-004,MED-054,BATCH-0222089,3,2026-06-15,2028-06-14,2026-06-29
HOSP-KR-004,MED-055,BATCH-0204191,9,2026-02-21,2029-02-20,2026-06-29
HOSP-KR-004,MED-056,BATCH-0220815,4,2026-06-06,2029-06-05,2026-06-29
HOSP-KR-004,MED-057,BATCH-0218311,4,2026-05-24,2028-05-23,2026-06-29
HOSP-KR-004,MED-058,BATCH-0220816,4,2026-06-07,2028-06-06,2026-06-29
HOSP-KR-004,MED-059,BATCH-0205382,1,2026-03-01,2028-02-29,2026-06-29
HOSP-KR-004,MED-059,BATCH-0219410,5,2026-05-31,2028-05-30,2026-06-29
HOSP-KR-004,MED-060,BATCH-0197041,2,2026-01-10,2028-01-10,2026-06-29
HOSP-KR-004,MED-060,BATCH-0202984,5,2026-02-15,2028-02-15,2026-06-29
HOSP-KR-004,MED-061,BATCH-0213007,16,2026-04-19,2028-04-18,2026-06-29
HOSP-KR-004,MED-062,BATCH-0222090,16,2026-06-14,2029-06-13,2026-06-29
HOSP-KR-004,MED-063,BATCH-0224756,6,2026-06-27,2028-06-26,2026-06-29
HOSP-KR-004,MED-064,BATCH-0223463,4,2026-06-21,2031-06-21,2026-06-29
HOSP-KR-004,MED-065,BATCH-0224757,6,2026-06-27,2026-07-27,2026-06-29
HOSP-KR-004,MED-066,BATCH-0223464,3,2026-06-22,2026-07-22,2026-06-29
HOSP-KR-004,MED-067,BATCH-0224758,1,2026-06-28,2029-06-27,2026-06-29
HOSP-KR-004,MED-068,BATCH-0220818,2,2026-06-08,2029-06-07,2026-06-29
HOSP-KR-004,MED-068,BATCH-0224759,5,2026-06-27,2029-06-26,2026-06-29
HOSP-KR-004,MED-069,BATCH-0214999,1,2026-05-04,2029-05-03,2026-06-29
HOSP-KR-004,MED-069,BATCH-0222092,10,2026-06-13,2029-06-12,2026-06-29
HOSP-KR-004,MED-070,BATCH-0159626,97,2025-06-23,2027-06-23,2026-06-29
HOSP-KR-004,MED-070,BATCH-0208658,150,2026-03-23,2028-03-22,2026-06-29
HOSP-KR-004,MED-071,BATCH-0206416,2,2026-03-07,2028-03-06,2026-06-29
HOSP-KR-004,MED-071,BATCH-0218313,10,2026-05-25,2028-05-24,2026-06-29
HOSP-KR-004,MED-072,BATCH-0222093,4,2026-06-14,2028-06-13,2026-06-29
HOSP-SP-001,MED-001,BATCH-0223917,1406,2026-06-22,2029-06-21,2026-06-29
HOSP-SP-001,MED-002,BATCH-0223918,57,2026-06-22,2028-06-21,2026-06-29
HOSP-SP-001,MED-002,BATCH-0225244,330,2026-06-29,2028-06-28,2026-06-29
HOSP-SP-001,MED-003,BATCH-0223919,677,2026-06-22,2029-06-21,2026-06-29
HOSP-SP-001,MED-004,BATCH-0222573,81,2026-06-15,2028-06-14,2026-06-29
HOSP-SP-001,MED-004,BATCH-0225245,200,2026-06-29,2028-06-28,2026-06-29
HOSP-SP-001,MED-005,BATCH-0223920,365,2026-06-22,2028-06-21,2026-06-29
HOSP-SP-001,MED-005,BATCH-0225246,600,2026-06-29,2028-06-28,2026-06-29
HOSP-SP-001,MED-006,BATCH-0223921,257,2026-06-22,2028-06-21,2026-06-29
HOSP-SP-001,MED-006,BATCH-0225247,260,2026-06-29,2028-06-28,2026-06-29
HOSP-SP-001,MED-007,BATCH-0223922,200,2026-06-22,2028-06-21,2026-06-29
HOSP-SP-001,MED-008,BATCH-0223923,215,2026-06-22,2029-06-21,2026-06-29
HOSP-SP-001,MED-009,BATCH-0222575,21,2026-06-15,2028-06-14,2026-06-29
HOSP-SP-001,MED-009,BATCH-0223924,274,2026-06-22,2028-06-21,2026-06-29
HOSP-SP-001,MED-010,BATCH-0223925,292,2026-06-22,2029-06-21,2026-06-29
HOSP-SP-001,MED-011,BATCH-0223926,329,2026-06-22,2029-06-21,2026-06-29
HOSP-SP-001,MED-011,BATCH-0225248,950,2026-06-29,2029-06-28,2026-06-29
HOSP-SP-001,MED-012,BATCH-0225249,900,2026-06-29,2029-06-28,2026-06-29
HOSP-SP-001,MED-013,BATCH-0223928,33,2026-06-22,2028-06-21,2026-06-29
HOSP-SP-001,MED-013,BATCH-0225250,539,2026-06-29,2028-06-28,2026-06-29
HOSP-SP-001,MED-014,BATCH-0223929,513,2026-06-22,2028-06-21,2026-06-29
HOSP-SP-001,MED-015,BATCH-0222578,2,2026-06-15,2028-06-14,2026-06-29
HOSP-SP-001,MED-015,BATCH-0225251,401,2026-06-29,2028-06-28,2026-06-29
HOSP-SP-001,MED-016,BATCH-0222579,31,2026-06-15,2028-06-14,2026-06-29
HOSP-SP-001,MED-016,BATCH-0225252,144,2026-06-29,2028-06-28,2026-06-29
HOSP-SP-001,MED-017,BATCH-0214382,35,2026-04-27,2029-04-26,2026-06-29
HOSP-SP-001,MED-017,BATCH-0223930,300,2026-06-22,2029-06-21,2026-06-29
HOSP-SP-001,MED-018,BATCH-0221290,5,2026-06-08,2028-06-07,2026-06-29
HOSP-SP-001,MED-018,BATCH-0223931,119,2026-06-22,2028-06-21,2026-06-29
HOSP-SP-001,MED-019,BATCH-0221291,16,2026-06-08,2028-06-07,2026-06-29
HOSP-SP-001,MED-019,BATCH-0223932,120,2026-06-22,2028-06-21,2026-06-29
HOSP-SP-001,MED-020,BATCH-0222580,30,2026-06-15,2028-06-14,2026-06-29
HOSP-SP-001,MED-020,BATCH-0225253,173,2026-06-29,2028-06-28,2026-06-29
HOSP-SP-001,MED-021,BATCH-0222581,220,2026-06-15,2029-06-14,2026-06-29
HOSP-SP-001,MED-021,BATCH-0225254,700,2026-06-29,2029-06-28,2026-06-29
HOSP-SP-001,MED-022,BATCH-0222582,322,2026-06-15,2029-06-14,2026-06-29
HOSP-SP-001,MED-023,BATCH-0222583,366,2026-06-15,2029-06-14,2026-06-29
HOSP-SP-001,MED-023,BATCH-0225255,600,2026-06-29,2029-06-28,2026-06-29
HOSP-SP-001,MED-024,BATCH-0222584,2,2026-06-15,2028-06-14,2026-06-29
HOSP-SP-001,MED-024,BATCH-0223933,65,2026-06-22,2028-06-21,2026-06-29
HOSP-SP-001,MED-025,BATCH-0222585,249,2026-06-15,2029-06-14,2026-06-29
HOSP-SP-001,MED-025,BATCH-0225256,500,2026-06-29,2029-06-28,2026-06-29
HOSP-SP-001,MED-026,BATCH-0225257,483,2026-06-15,2029-06-14,2026-06-29
HOSP-SP-001,MED-027,BATCH-0223935,556,2026-06-22,2029-06-21,2026-06-29
HOSP-SP-001,MED-028,BATCH-0225258,390,2026-06-29,2029-06-28,2026-06-29
HOSP-SP-001,MED-029,BATCH-0223936,146,2026-05-25,2029-05-24,2026-06-29
HOSP-SP-001,MED-030,BATCH-0222587,65,2026-06-15,2029-06-14,2026-06-29
HOSP-SP-001,MED-030,BATCH-0223937,132,2026-06-22,2029-06-21,2026-06-29
HOSP-SP-001,MED-031,BATCH-0222588,583,2026-06-15,2031-06-15,2026-06-29
HOSP-SP-001,MED-031,BATCH-0225259,650,2026-06-29,2031-06-29,2026-06-29
HOSP-SP-001,MED-032,BATCH-0222589,45,2026-06-15,2031-06-15,2026-06-29
HOSP-SP-001,MED-032,BATCH-0223938,1300,2026-06-22,2031-06-22,2026-06-29
HOSP-SP-001,MED-033,BATCH-0221297,28,2026-06-08,2031-06-08,2026-06-29
HOSP-SP-001,MED-033,BATCH-0223939,500,2026-06-22,2031-06-22,2026-06-29
HOSP-SP-001,MED-034,BATCH-0221298,10,2026-06-08,2028-06-07,2026-06-29
HOSP-SP-001,MED-034,BATCH-0225260,110,2026-06-29,2028-06-28,2026-06-29
HOSP-SP-001,MED-035,BATCH-0223940,24,2026-06-22,2028-06-21,2026-06-29
HOSP-SP-001,MED-035,BATCH-0225261,27,2026-06-29,2028-06-28,2026-06-29
HOSP-SP-001,MED-036,BATCH-0222590,433,2026-06-15,2028-06-14,2026-06-29
HOSP-SP-001,MED-037,BATCH-0222591,23,2026-06-15,2029-06-14,2026-06-29
HOSP-SP-001,MED-037,BATCH-0225262,115,2026-06-29,2029-06-28,2026-06-29
HOSP-SP-001,MED-038,BATCH-0219926,10,2026-06-01,2028-05-31,2026-06-29
HOSP-SP-001,MED-038,BATCH-0223941,130,2026-06-22,2028-06-21,2026-06-29
HOSP-SP-001,MED-039,BATCH-0222592,13,2026-06-15,2029-06-14,2026-06-29
HOSP-SP-001,MED-039,BATCH-0225263,150,2026-06-29,2029-06-28,2026-06-29
HOSP-SP-001,MED-040,BATCH-0225264,5,2026-05-18,2029-05-17,2026-06-29
HOSP-SP-001,MED-041,BATCH-0222594,5,2026-06-15,2028-06-14,2026-06-29
HOSP-SP-001,MED-041,BATCH-0223943,12,2026-06-22,2028-06-21,2026-06-29
HOSP-SP-001,MED-042,BATCH-0222595,2,2026-06-15,2028-06-14,2026-06-29
HOSP-SP-001,MED-042,BATCH-0225265,14,2026-06-29,2028-06-28,2026-06-29
HOSP-SP-001,MED-043,BATCH-0221301,1,2026-06-08,2028-06-07,2026-06-29
HOSP-SP-001,MED-043,BATCH-0223944,7,2026-06-22,2028-06-21,2026-06-29
HOSP-SP-001,MED-044,BATCH-0222596,2,2026-06-15,2028-06-14,2026-06-29
HOSP-SP-001,MED-044,BATCH-0225266,10,2026-06-29,2028-06-28,2026-06-29
HOSP-SP-001,MED-045,BATCH-0221302,39,2026-06-08,2028-06-07,2026-06-29
HOSP-SP-001,MED-046,BATCH-0221303,2,2026-06-08,2027-12-07,2026-06-29
HOSP-SP-001,MED-046,BATCH-0225267,7,2026-06-29,2027-12-28,2026-06-29
HOSP-SP-001,MED-047,BATCH-0225268,600,2026-06-29,2029-06-28,2026-06-29
HOSP-SP-001,MED-048,BATCH-0222598,41,2026-06-15,2028-06-14,2026-06-29
HOSP-SP-001,MED-048,BATCH-0223945,93,2026-06-22,2028-06-21,2026-06-29
HOSP-SP-001,MED-049,BATCH-0225269,300,2026-06-01,2028-05-31,2026-06-29
HOSP-SP-001,MED-050,BATCH-0222599,78,2026-06-15,2028-06-14,2026-06-29
HOSP-SP-001,MED-050,BATCH-0225270,90,2026-06-29,2028-06-28,2026-06-29
HOSP-SP-001,MED-051,BATCH-0223946,106,2026-06-22,2028-06-21,2026-06-29
HOSP-SP-001,MED-052,BATCH-0223947,180,2026-06-22,2028-06-21,2026-06-29
HOSP-SP-001,MED-053,BATCH-0223948,159,2026-06-22,2028-06-21,2026-06-29
HOSP-SP-001,MED-054,BATCH-0222601,54,2026-06-15,2028-06-14,2026-06-29
HOSP-SP-001,MED-054,BATCH-0225271,84,2026-06-29,2028-06-28,2026-06-29
HOSP-SP-001,MED-055,BATCH-0223949,73,2026-06-22,2029-06-21,2026-06-29
HOSP-SP-001,MED-056,BATCH-0223950,34,2026-06-22,2029-06-21,2026-06-29
HOSP-SP-001,MED-056,BATCH-0225272,50,2026-06-29,2029-06-28,2026-06-29
HOSP-SP-001,MED-057,BATCH-0223951,40,2026-06-22,2028-06-21,2026-06-29
HOSP-SP-001,MED-058,BATCH-0223952,22,2026-06-22,2028-06-21,2026-06-29
HOSP-SP-001,MED-059,BATCH-0222603,13,2026-06-15,2028-06-14,2026-06-29
HOSP-SP-001,MED-059,BATCH-0223953,25,2026-06-22,2028-06-21,2026-06-29
HOSP-SP-001,MED-060,BATCH-0221308,2,2026-06-08,2028-06-07,2026-06-29
HOSP-SP-001,MED-060,BATCH-0223954,19,2026-06-22,2028-06-21,2026-06-29
HOSP-SP-001,MED-061,BATCH-0223955,47,2026-06-22,2028-06-21,2026-06-29
HOSP-SP-001,MED-062,BATCH-0223956,44,2026-06-22,2029-06-21,2026-06-29
HOSP-SP-001,MED-063,BATCH-0223957,22,2026-06-22,2028-06-21,2026-06-29
HOSP-SP-001,MED-063,BATCH-0225273,23,2026-06-29,2028-06-28,2026-06-29
HOSP-SP-001,MED-064,BATCH-0222604,70,2026-06-15,2031-06-15,2026-06-29
HOSP-SP-001,MED-064,BATCH-0225274,192,2026-06-29,2031-06-29,2026-06-29
HOSP-SP-001,MED-065,BATCH-0222605,37,2026-06-15,2026-07-15,2026-06-29
HOSP-SP-001,MED-066,BATCH-0222606,6,2026-06-15,2026-07-15,2026-06-29
HOSP-SP-001,MED-066,BATCH-0225275,51,2026-06-29,2026-07-29,2026-06-29
HOSP-SP-001,MED-067,BATCH-0222607,38,2026-06-15,2029-06-14,2026-06-29
HOSP-SP-001,MED-067,BATCH-0225276,142,2026-06-29,2029-06-28,2026-06-29
HOSP-SP-001,MED-068,BATCH-0221312,10,2026-06-08,2029-06-07,2026-06-29
HOSP-SP-001,MED-068,BATCH-0223958,29,2026-06-22,2029-06-21,2026-06-29
HOSP-SP-001,MED-069,BATCH-0221313,22,2026-06-08,2029-06-07,2026-06-29
HOSP-SP-001,MED-069,BATCH-0225277,45,2026-06-29,2029-06-28,2026-06-29
HOSP-SP-001,MED-070,BATCH-0219950,93,2026-06-01,2028-05-31,2026-06-29
HOSP-SP-001,MED-070,BATCH-0225278,300,2026-06-29,2028-06-28,2026-06-29
HOSP-SP-001,MED-071,BATCH-0219951,33,2026-06-01,2028-05-31,2026-06-29
HOSP-SP-001,MED-071,BATCH-0225279,40,2026-06-29,2028-06-28,2026-06-29
HOSP-SP-001,MED-072,BATCH-0223959,44,2026-06-22,2028-06-21,2026-06-29
HOSP-SP-001,MED-072,BATCH-0225280,64,2026-06-29,2028-06-28,2026-06-29
HOSP-SP-002,MED-001,BATCH-0222608,196,2026-06-15,2029-06-14,2026-06-29
HOSP-SP-002,MED-001,BATCH-0225281,500,2026-06-29,2029-06-28,2026-06-29
HOSP-SP-002,MED-002,BATCH-0223960,35,2026-06-22,2028-06-21,2026-06-29
HOSP-SP-002,MED-002,BATCH-0225282,58,2026-06-29,2028-06-28,2026-06-29
HOSP-SP-002,MED-003,BATCH-0218730,60,2026-05-25,2029-05-24,2026-06-29
HOSP-SP-002,MED-003,BATCH-0223961,300,2026-06-22,2029-06-21,2026-06-29
HOSP-SP-002,MED-004,BATCH-0221316,10,2026-06-08,2028-06-07,2026-06-29
HOSP-SP-002,MED-004,BATCH-0223962,50,2026-06-22,2028-06-21,2026-06-29
HOSP-SP-002,MED-005,BATCH-0223963,300,2026-06-22,2028-06-21,2026-06-29
HOSP-SP-002,MED-006,BATCH-0225283,25,2026-05-25,2028-05-24,2026-06-29
HOSP-SP-002,MED-007,BATCH-0223964,64,2026-06-22,2028-06-21,2026-06-29
HOSP-SP-002,MED-008,BATCH-0223965,80,2026-06-22,2029-06-21,2026-06-29
HOSP-SP-002,MED-009,BATCH-0223966,28,2026-06-22,2028-06-21,2026-06-29
HOSP-SP-002,MED-009,BATCH-0225284,76,2026-06-29,2028-06-28,2026-06-29
HOSP-SP-002,MED-010,BATCH-0223967,257,2026-06-22,2029-06-21,2026-06-29
HOSP-SP-002,MED-011,BATCH-0223968,199,2026-06-22,2029-06-21,2026-06-29
HOSP-SP-002,MED-011,BATCH-0225285,200,2026-06-29,2029-06-28,2026-06-29
HOSP-SP-002,MED-012,BATCH-0223969,80,2026-06-22,2029-06-21,2026-06-29
HOSP-SP-002,MED-012,BATCH-0225286,300,2026-06-29,2029-06-28,2026-06-29
HOSP-SP-002,MED-013,BATCH-0222614,1,2026-06-15,2028-06-14,2026-06-29
HOSP-SP-002,MED-013,BATCH-0223970,85,2026-06-22,2028-06-21,2026-06-29
HOSP-SP-002,MED-014,BATCH-0223971,112,2026-06-22,2028-06-21,2026-06-29
HOSP-SP-002,MED-014,BATCH-0225287,128,2026-06-29,2028-06-28,2026-06-29
HOSP-SP-002,MED-015,BATCH-0222616,17,2026-06-15,2028-06-14,2026-06-29
HOSP-SP-002,MED-015,BATCH-0223972,73,2026-06-22,2028-06-21,2026-06-29
HOSP-SP-002,MED-016,BATCH-0223973,26,2026-06-22,2028-06-21,2026-06-29
HOSP-SP-002,MED-017,BATCH-0210198,236,2026-03-30,2029-03-29,2026-06-29
HOSP-SP-002,MED-018,BATCH-0223974,35,2026-06-22,2028-06-21,2026-06-29
HOSP-SP-002,MED-019,BATCH-0222617,4,2026-06-15,2028-06-14,2026-06-29
HOSP-SP-002,MED-019,BATCH-0225288,50,2026-06-29,2028-06-28,2026-06-29
HOSP-SP-002,MED-020,BATCH-0223975,37,2026-06-22,2028-06-21,2026-06-29
HOSP-SP-002,MED-021,BATCH-0223976,255,2026-06-22,2029-06-21,2026-06-29
HOSP-SP-002,MED-022,BATCH-0221325,36,2026-06-08,2029-06-07,2026-06-29
HOSP-SP-002,MED-022,BATCH-0225289,200,2026-06-29,2029-06-28,2026-06-29
HOSP-SP-002,MED-023,BATCH-0222619,77,2026-06-15,2029-06-14,2026-06-29
HOSP-SP-002,MED-023,BATCH-0225290,400,2026-06-29,2029-06-28,2026-06-29
HOSP-SP-002,MED-024,BATCH-0223977,20,2026-06-22,2028-06-21,2026-06-29
HOSP-SP-002,MED-025,BATCH-0218742,34,2026-05-25,2029-05-24,2026-06-29
HOSP-SP-002,MED-025,BATCH-0223978,200,2026-06-22,2029-06-21,2026-06-29
HOSP-SP-002,MED-026,BATCH-0221327,66,2026-06-08,2029-06-07,2026-06-29
HOSP-SP-002,MED-026,BATCH-0225291,300,2026-06-29,2029-06-28,2026-06-29
HOSP-SP-002,MED-027,BATCH-0219966,89,2026-06-01,2029-05-31,2026-06-29
HOSP-SP-002,MED-027,BATCH-0223979,300,2026-06-22,2029-06-21,2026-06-29
HOSP-SP-002,MED-028,BATCH-0225292,100,2026-06-29,2029-06-28,2026-06-29
HOSP-SP-002,MED-029,BATCH-0217647,18,2026-05-18,2029-05-17,2026-06-29
HOSP-SP-002,MED-029,BATCH-0223980,300,2026-06-22,2029-06-21,2026-06-29
HOSP-SP-002,MED-030,BATCH-0222621,28,2026-06-15,2029-06-14,2026-06-29
HOSP-SP-002,MED-030,BATCH-0225293,34,2026-06-29,2029-06-28,2026-06-29
HOSP-SP-002,MED-031,BATCH-0219969,114,2026-06-01,2031-06-01,2026-06-29
HOSP-SP-002,MED-031,BATCH-0223981,200,2026-06-22,2031-06-22,2026-06-29
HOSP-SP-002,MED-032,BATCH-0221328,58,2026-06-08,2031-06-08,2026-06-29
HOSP-SP-002,MED-032,BATCH-0225294,500,2026-06-29,2031-06-29,2026-06-29
HOSP-SP-002,MED-033,BATCH-0222622,94,2026-06-15,2031-06-15,2026-06-29
HOSP-SP-002,MED-033,BATCH-0225295,200,2026-06-29,2031-06-29,2026-06-29
HOSP-SP-002,MED-034,BATCH-0223982,30,2026-06-22,2028-06-21,2026-06-29
HOSP-SP-002,MED-035,BATCH-0222623,5,2026-06-15,2028-06-14,2026-06-29
HOSP-SP-002,MED-035,BATCH-0225296,13,2026-06-29,2028-06-28,2026-06-29
HOSP-SP-002,MED-036,BATCH-0223983,248,2026-06-22,2028-06-21,2026-06-29
HOSP-SP-002,MED-037,BATCH-0223984,28,2026-06-22,2029-06-21,2026-06-29
HOSP-SP-002,MED-038,BATCH-0222624,40,2026-06-15,2028-06-14,2026-06-29
HOSP-SP-002,MED-039,BATCH-0223985,42,2026-06-22,2029-06-21,2026-06-29
HOSP-SP-002,MED-040,BATCH-0221331,17,2026-06-08,2029-06-07,2026-06-29
HOSP-SP-002,MED-040,BATCH-0225297,30,2026-06-29,2029-06-28,2026-06-29
HOSP-SP-002,MED-041,BATCH-0221332,2,2026-06-08,2028-06-07,2026-06-29
HOSP-SP-002,MED-041,BATCH-0225298,7,2026-06-29,2028-06-28,2026-06-29
HOSP-SP-002,MED-042,BATCH-0219972,1,2026-06-01,2028-05-31,2026-06-29
HOSP-SP-002,MED-042,BATCH-0222625,6,2026-06-15,2028-06-14,2026-06-29
HOSP-SP-002,MED-043,BATCH-0218749,2,2026-05-25,2028-05-24,2026-06-29
HOSP-SP-002,MED-043,BATCH-0221333,6,2026-06-08,2028-06-07,2026-06-29
HOSP-SP-002,MED-044,BATCH-0218750,2,2026-05-25,2028-05-24,2026-06-29
HOSP-SP-002,MED-044,BATCH-0222626,5,2026-06-15,2028-06-14,2026-06-29
HOSP-SP-002,MED-045,BATCH-0210210,6,2026-03-30,2028-03-29,2026-06-29
HOSP-SP-002,MED-045,BATCH-0222627,40,2026-06-15,2028-06-14,2026-06-29
HOSP-SP-002,MED-046,BATCH-0217652,1,2026-05-18,2027-11-16,2026-06-29
HOSP-SP-002,MED-046,BATCH-0223986,6,2026-06-22,2027-12-21,2026-06-29
HOSP-SP-002,MED-047,BATCH-0222628,96,2026-06-15,2029-06-14,2026-06-29
HOSP-SP-002,MED-047,BATCH-0225299,150,2026-06-29,2029-06-28,2026-06-29
HOSP-SP-002,MED-048,BATCH-0222629,12,2026-06-15,2028-06-14,2026-06-29
HOSP-SP-002,MED-048,BATCH-0223987,26,2026-06-22,2028-06-21,2026-06-29
HOSP-SP-002,MED-049,BATCH-0215446,149,2026-05-04,2028-05-03,2026-06-29
HOSP-SP-002,MED-050,BATCH-0222630,27,2026-06-15,2028-06-14,2026-06-29
HOSP-SP-002,MED-050,BATCH-0225300,30,2026-06-29,2028-06-28,2026-06-29
HOSP-SP-002,MED-051,BATCH-0222631,20,2026-06-15,2028-06-14,2026-06-29
HOSP-SP-002,MED-051,BATCH-0225301,40,2026-06-29,2028-06-28,2026-06-29
HOSP-SP-002,MED-052,BATCH-0225302,77,2026-06-29,2028-06-28,2026-06-29
HOSP-SP-002,MED-053,BATCH-0221335,2,2026-06-08,2028-06-07,2026-06-29
HOSP-SP-002,MED-053,BATCH-0223988,50,2026-06-22,2028-06-21,2026-06-29
HOSP-SP-002,MED-054,BATCH-0223989,22,2026-06-22,2028-06-21,2026-06-29
HOSP-SP-002,MED-055,BATCH-0222633,27,2026-06-15,2029-06-14,2026-06-29
HOSP-SP-002,MED-056,BATCH-0223990,17,2026-06-22,2029-06-21,2026-06-29
HOSP-SP-002,MED-057,BATCH-0222634,3,2026-06-15,2028-06-14,2026-06-29
HOSP-SP-002,MED-057,BATCH-0225303,16,2026-06-29,2028-06-28,2026-06-29
HOSP-SP-002,MED-058,BATCH-0221338,4,2026-06-08,2028-06-07,2026-06-29
HOSP-SP-002,MED-058,BATCH-0225304,8,2026-06-29,2028-06-28,2026-06-29
HOSP-SP-002,MED-059,BATCH-0222635,4,2026-06-15,2028-06-14,2026-06-29
HOSP-SP-002,MED-059,BATCH-0225305,6,2026-06-29,2028-06-28,2026-06-29
HOSP-SP-002,MED-060,BATCH-0223991,6,2026-06-22,2028-06-21,2026-06-29
HOSP-SP-002,MED-061,BATCH-0222637,14,2026-06-15,2028-06-14,2026-06-29
HOSP-SP-002,MED-062,BATCH-0223992,18,2026-06-22,2029-06-21,2026-06-29
HOSP-SP-002,MED-063,BATCH-0222638,1,2026-06-15,2028-06-14,2026-06-29
HOSP-SP-002,MED-063,BATCH-0223993,6,2026-06-22,2028-06-21,2026-06-29
HOSP-SP-002,MED-064,BATCH-0223994,45,2026-06-22,2031-06-22,2026-06-29
HOSP-SP-002,MED-064,BATCH-0225306,72,2026-06-29,2031-06-29,2026-06-29
HOSP-SP-002,MED-065,BATCH-0223995,14,2026-06-22,2026-07-22,2026-06-29
HOSP-SP-002,MED-066,BATCH-0222639,9,2026-06-15,2026-07-15,2026-06-29
HOSP-SP-002,MED-067,BATCH-0223996,24,2026-06-22,2029-06-21,2026-06-29
HOSP-SP-002,MED-067,BATCH-0225307,27,2026-06-29,2029-06-28,2026-06-29
HOSP-SP-002,MED-068,BATCH-0222640,9,2026-06-15,2029-06-14,2026-06-29
HOSP-SP-002,MED-069,BATCH-0221344,3,2026-06-08,2029-06-07,2026-06-29
HOSP-SP-002,MED-069,BATCH-0223997,15,2026-06-22,2029-06-21,2026-06-29
HOSP-SP-002,MED-070,BATCH-0203469,14,2026-02-16,2028-02-16,2026-06-29
HOSP-SP-002,MED-070,BATCH-0218761,150,2026-05-25,2028-05-24,2026-06-29
HOSP-SP-002,MED-071,BATCH-0221345,9,2026-06-08,2028-06-07,2026-06-29
HOSP-SP-002,MED-071,BATCH-0225308,10,2026-06-29,2028-06-28,2026-06-29
HOSP-SP-002,MED-072,BATCH-0225309,34,2026-06-29,2028-06-28,2026-06-29
HOSP-SP-003,MED-001,BATCH-0222094,76,2026-06-13,2029-06-12,2026-06-29
HOSP-SP-003,MED-002,BATCH-0224760,11,2026-06-28,2028-06-27,2026-06-29
HOSP-SP-003,MED-003,BATCH-0215001,119,2026-05-03,2029-05-02,2026-06-29
HOSP-SP-003,MED-004,BATCH-0223466,16,2026-06-20,2028-06-19,2026-06-29
HOSP-SP-003,MED-005,BATCH-0207618,130,2026-03-15,2028-03-14,2026-06-29
HOSP-SP-003,MED-006,BATCH-0224761,36,2026-06-28,2028-06-27,2026-06-29
HOSP-SP-003,MED-008,BATCH-0223468,9,2026-06-20,2029-06-19,2026-06-29
HOSP-SP-003,MED-009,BATCH-0223469,4,2026-06-21,2028-06-20,2026-06-29
HOSP-SP-003,MED-009,BATCH-0224762,9,2026-06-29,2028-06-28,2026-06-29
HOSP-SP-003,MED-010,BATCH-0210843,108,2026-04-05,2029-04-04,2026-06-29
HOSP-SP-003,MED-012,BATCH-0216161,76,2026-05-10,2029-05-09,2026-06-29
HOSP-SP-003,MED-013,BATCH-0222099,10,2026-06-14,2028-06-13,2026-06-29
HOSP-SP-003,MED-014,BATCH-0224763,24,2026-06-29,2028-06-28,2026-06-29
HOSP-SP-003,MED-015,BATCH-0223470,5,2026-06-20,2028-06-19,2026-06-29
HOSP-SP-003,MED-016,BATCH-0206421,29,2026-03-09,2028-03-08,2026-06-29
HOSP-SP-003,MED-017,BATCH-0202990,293,2026-02-14,2029-02-13,2026-06-29
HOSP-SP-003,MED-017,BATCH-0204197,300,2026-02-21,2029-02-20,2026-06-29
HOSP-SP-003,MED-018,BATCH-0224764,7,2026-06-27,2028-06-26,2026-06-29
HOSP-SP-003,MED-019,BATCH-0211887,8,2026-04-13,2028-04-12,2026-06-29
HOSP-SP-003,MED-021,BATCH-0220825,149,2026-06-07,2029-06-06,2026-06-29
HOSP-SP-003,MED-022,BATCH-0210847,155,2026-04-06,2029-04-05,2026-06-29
HOSP-SP-003,MED-022,BATCH-0211888,200,2026-04-11,2029-04-10,2026-06-29
HOSP-SP-003,MED-023,BATCH-0210848,109,2026-04-04,2029-04-03,2026-06-29
HOSP-SP-003,MED-024,BATCH-0216163,4,2026-05-11,2028-05-10,2026-06-29
HOSP-SP-003,MED-025,BATCH-0208665,179,2026-03-23,2029-03-22,2026-06-29
HOSP-SP-003,MED-025,BATCH-0209790,200,2026-03-29,2029-03-28,2026-06-29
HOSP-SP-003,MED-026,BATCH-0201878,121,2026-02-09,2029-02-08,2026-06-29
HOSP-SP-003,MED-027,BATCH-0215009,110,2026-05-04,2029-05-03,2026-06-29
HOSP-SP-003,MED-029,BATCH-0217230,35,2026-05-16,2029-05-15,2026-06-29
HOSP-SP-003,MED-029,BATCH-0218316,300,2026-05-25,2029-05-24,2026-06-29
HOSP-SP-003,MED-030,BATCH-0222101,2,2026-06-14,2029-06-13,2026-06-29
HOSP-SP-003,MED-031,BATCH-0219421,83,2026-06-01,2031-06-01,2026-06-29
HOSP-SP-003,MED-032,BATCH-0218318,52,2026-05-23,2031-05-23,2026-06-29
HOSP-SP-003,MED-033,BATCH-0217232,50,2026-05-18,2031-05-18,2026-06-29
HOSP-SP-003,MED-034,BATCH-0214013,10,2026-04-26,2028-04-25,2026-06-29
HOSP-SP-003,MED-035,BATCH-0210850,5,2026-04-05,2028-04-04,2026-06-29
HOSP-SP-003,MED-036,BATCH-0209793,100,2026-03-30,2028-03-29,2026-06-29
HOSP-SP-003,MED-037,BATCH-0224765,6,2026-06-29,2029-06-28,2026-06-29
HOSP-SP-003,MED-038,BATCH-0219423,1,2026-06-01,2028-05-31,2026-06-29
HOSP-SP-003,MED-038,BATCH-0220828,20,2026-06-08,2028-06-07,2026-06-29
HOSP-SP-003,MED-039,BATCH-0219424,16,2026-05-31,2029-05-30,2026-06-29
HOSP-SP-003,MED-040,BATCH-0216165,9,2026-05-10,2029-05-09,2026-06-29
HOSP-SP-003,MED-041,BATCH-0199500,2,2026-01-26,2028-01-26,2026-06-29
HOSP-SP-003,MED-041,BATCH-0222102,6,2026-06-15,2028-06-14,2026-06-29
HOSP-SP-003,MED-041,BATCH-0223472,6,2026-06-21,2028-06-20,2026-06-29
HOSP-SP-003,MED-042,BATCH-0199501,3,2026-01-26,2028-01-26,2026-06-29
HOSP-SP-003,MED-042,BATCH-0200712,5,2026-02-02,2028-02-02,2026-06-29
HOSP-SP-003,MED-043,BATCH-0189997,2,2025-12-01,2027-12-01,2026-06-29
HOSP-SP-003,MED-043,BATCH-0191103,5,2025-12-06,2027-12-06,2026-06-29
HOSP-SP-003,MED-044,BATCH-0209796,1,2026-03-29,2028-03-28,2026-06-29
HOSP-SP-003,MED-044,BATCH-0210853,5,2026-04-05,2028-04-04,2026-06-29
HOSP-SP-003,MED-045,BATCH-0168149,18,2025-08-02,2027-08-02,2026-06-29
HOSP-SP-003,MED-045,BATCH-0224766,40,2026-06-27,2028-06-26,2026-06-29
HOSP-SP-003,MED-046,BATCH-0218321,5,2026-05-24,2027-11-22,2026-06-29
HOSP-SP-003,MED-047,BATCH-0215012,40,2026-05-02,2029-05-01,2026-06-29
HOSP-SP-003,MED-048,BATCH-0223473,8,2026-06-20,2028-06-19,2026-06-29
HOSP-SP-003,MED-049,BATCH-0165260,100,2025-07-21,2027-07-21,2026-06-29
HOSP-SP-003,MED-050,BATCH-0215014,9,2026-05-03,2028-05-02,2026-06-29
HOSP-SP-003,MED-050,BATCH-0216166,20,2026-05-10,2028-05-09,2026-06-29
HOSP-SP-003,MED-051,BATCH-0218322,6,2026-05-24,2028-05-23,2026-06-29
HOSP-SP-003,MED-052,BATCH-0223474,8,2026-06-21,2028-06-20,2026-06-29
HOSP-SP-003,MED-053,BATCH-0219425,16,2026-05-31,2028-05-30,2026-06-29
HOSP-SP-003,MED-054,BATCH-0222105,2,2026-06-14,2028-06-13,2026-06-29
HOSP-SP-003,MED-055,BATCH-0220830,11,2026-06-07,2029-06-06,2026-06-29
HOSP-SP-003,MED-056,BATCH-0216168,6,2026-05-09,2029-05-08,2026-06-29
HOSP-SP-003,MED-057,BATCH-0204208,3,2026-02-23,2028-02-23,2026-06-29
HOSP-SP-003,MED-057,BATCH-0224767,6,2026-06-28,2028-06-27,2026-06-29
HOSP-SP-003,MED-058,BATCH-0215018,1,2026-05-02,2028-05-01,2026-06-29
HOSP-SP-003,MED-058,BATCH-0216169,7,2026-05-09,2028-05-08,2026-06-29
HOSP-SP-003,MED-059,BATCH-0208673,4,2026-03-23,2028-03-22,2026-06-29
HOSP-SP-003,MED-060,BATCH-0209798,4,2026-03-28,2028-03-27,2026-06-29
HOSP-SP-003,MED-061,BATCH-0205400,8,2026-02-28,2028-02-28,2026-06-29
HOSP-SP-003,MED-062,BATCH-0210855,11,2026-04-04,2029-04-03,2026-06-29
HOSP-SP-003,MED-063,BATCH-0223475,1,2026-06-21,2028-06-20,2026-06-29
HOSP-SP-003,MED-063,BATCH-0224768,8,2026-06-28,2028-06-27,2026-06-29
HOSP-SP-003,MED-064,BATCH-0219427,3,2026-05-30,2031-05-30,2026-06-29
HOSP-SP-003,MED-065,BATCH-0222106,1,2026-06-14,2026-07-14,2026-06-29
HOSP-SP-003,MED-066,BATCH-0223476,5,2026-06-22,2026-07-22,2026-06-29
HOSP-SP-003,MED-067,BATCH-0222108,2,2026-06-15,2029-06-14,2026-06-29
HOSP-SP-003,MED-068,BATCH-0214022,1,2026-04-26,2029-04-25,2026-06-29
HOSP-SP-003,MED-069,BATCH-0205402,1,2026-03-02,2029-03-01,2026-06-29
HOSP-SP-003,MED-069,BATCH-0220833,5,2026-06-07,2029-06-06,2026-06-29
HOSP-SP-003,MED-069,BATCH-0222109,5,2026-06-13,2029-06-12,2026-06-29
HOSP-SP-003,MED-070,BATCH-0214023,120,2026-04-26,2028-04-25,2026-06-29
HOSP-SP-003,MED-070,BATCH-0215021,150,2026-05-04,2028-05-03,2026-06-29
HOSP-SP-003,MED-071,BATCH-0216172,9,2026-05-09,2028-05-08,2026-06-29
HOSP-SP-003,MED-071,BATCH-0217235,20,2026-05-17,2028-05-16,2026-06-29
HOSP-SP-003,MED-072,BATCH-0224769,5,2026-06-27,2028-06-26,2026-06-29
HOSP-SP-004,MED-001,BATCH-0224770,197,2026-06-29,2029-06-28,2026-06-29
HOSP-SP-004,MED-002,BATCH-0223477,3,2026-06-21,2028-06-20,2026-06-29
HOSP-SP-004,MED-002,BATCH-0224771,13,2026-06-27,2028-06-26,2026-06-29
HOSP-SP-004,MED-003,BATCH-0222112,160,2026-06-15,2029-06-14,2026-06-29
HOSP-SP-004,MED-004,BATCH-0222113,4,2026-06-13,2028-06-12,2026-06-29
HOSP-SP-004,MED-005,BATCH-0216175,68,2026-05-09,2028-05-08,2026-06-29
HOSP-SP-004,MED-005,BATCH-0224772,200,2026-06-27,2028-06-26,2026-06-29
HOSP-SP-004,MED-006,BATCH-0222114,4,2026-06-13,2028-06-12,2026-06-29
HOSP-SP-004,MED-006,BATCH-0224773,20,2026-06-28,2028-06-27,2026-06-29
HOSP-SP-004,MED-007,BATCH-0223478,5,2026-06-21,2028-06-20,2026-06-29
HOSP-SP-004,MED-008,BATCH-0223479,20,2026-06-21,2029-06-20,2026-06-29
HOSP-SP-004,MED-009,BATCH-0224774,16,2026-06-27,2028-06-26,2026-06-29
HOSP-SP-004,MED-010,BATCH-0223480,173,2026-06-22,2029-06-21,2026-06-29
HOSP-SP-004,MED-011,BATCH-0222117,1,2026-06-14,2029-06-13,2026-06-29
HOSP-SP-004,MED-011,BATCH-0224775,50,2026-06-27,2029-06-26,2026-06-29
HOSP-SP-004,MED-012,BATCH-0222118,95,2026-06-14,2029-06-13,2026-06-29
HOSP-SP-004,MED-013,BATCH-0223481,4,2026-06-21,2028-06-20,2026-06-29
HOSP-SP-004,MED-013,BATCH-0224776,15,2026-06-27,2028-06-26,2026-06-29
HOSP-SP-004,MED-014,BATCH-0224777,26,2026-06-28,2028-06-27,2026-06-29
HOSP-SP-004,MED-015,BATCH-0224778,15,2026-06-27,2028-06-26,2026-06-29
HOSP-SP-004,MED-016,BATCH-0219435,34,2026-05-30,2028-05-29,2026-06-29
HOSP-SP-004,MED-017,BATCH-0197520,256,2025-10-27,2028-10-26,2026-06-29
HOSP-SP-004,MED-018,BATCH-0223483,1,2026-06-22,2028-06-21,2026-06-29
HOSP-SP-004,MED-019,BATCH-0224779,20,2026-06-27,2028-06-26,2026-06-29
HOSP-SP-004,MED-020,BATCH-0224780,3,2026-06-28,2028-06-27,2026-06-29
HOSP-SP-004,MED-021,BATCH-0217244,13,2026-05-18,2029-05-17,2026-06-29
HOSP-SP-004,MED-021,BATCH-0222122,300,2026-06-13,2029-06-12,2026-06-29
HOSP-SP-004,MED-022,BATCH-0210860,109,2026-04-05,2029-04-04,2026-06-29
HOSP-SP-004,MED-023,BATCH-0224781,180,2026-06-27,2029-06-26,2026-06-29
HOSP-SP-004,MED-024,BATCH-0222123,4,2026-06-14,2028-06-13,2026-06-29
HOSP-SP-004,MED-025,BATCH-0213027,100,2026-04-20,2029-04-19,2026-06-29
HOSP-SP-004,MED-026,BATCH-0215026,152,2026-05-04,2029-05-03,2026-06-29
HOSP-SP-004,MED-027,BATCH-0216183,78,2026-05-10,2029-05-09,2026-06-29
HOSP-SP-004,MED-028,BATCH-0224782,36,2026-06-29,2029-06-28,2026-06-29
HOSP-SP-004,MED-029,BATCH-0211898,103,2026-04-11,2029-04-10,2026-06-29
HOSP-SP-004,MED-031,BATCH-0222124,77,2026-06-14,2031-06-14,2026-06-29
HOSP-SP-004,MED-032,BATCH-0223484,191,2026-06-20,2031-06-20,2026-06-29
HOSP-SP-004,MED-033,BATCH-0220841,54,2026-06-07,2031-06-07,2026-06-29
HOSP-SP-004,MED-034,BATCH-0220842,7,2026-06-06,2028-06-05,2026-06-29
HOSP-SP-004,MED-035,BATCH-0215029,1,2026-05-02,2028-05-01,2026-06-29
HOSP-SP-004,MED-035,BATCH-0223485,7,2026-06-22,2028-06-21,2026-06-29
HOSP-SP-004,MED-036,BATCH-0204226,18,2026-02-22,2028-02-22,2026-06-29
HOSP-SP-004,MED-036,BATCH-0222125,300,2026-06-14,2028-06-13,2026-06-29
HOSP-SP-004,MED-037,BATCH-0222126,1,2026-06-13,2029-06-12,2026-06-29
HOSP-SP-004,MED-037,BATCH-0224783,10,2026-06-27,2029-06-26,2026-06-29
HOSP-SP-004,MED-038,BATCH-0223486,12,2026-06-22,2028-06-21,2026-06-29
HOSP-SP-004,MED-039,BATCH-0222127,8,2026-06-14,2029-06-13,2026-06-29
HOSP-SP-004,MED-040,BATCH-0224784,18,2026-06-29,2029-06-28,2026-06-29
HOSP-SP-004,MED-041,BATCH-0211902,1,2026-04-12,2028-04-11,2026-06-29
HOSP-SP-004,MED-041,BATCH-0222128,5,2026-06-13,2028-06-12,2026-06-29
HOSP-SP-004,MED-042,BATCH-0203015,5,2026-02-15,2028-02-15,2026-06-29
HOSP-SP-004,MED-043,BATCH-0197071,2,2026-01-11,2028-01-11,2026-06-29
HOSP-SP-004,MED-043,BATCH-0220845,6,2026-06-07,2028-06-06,2026-06-29
HOSP-SP-004,MED-044,BATCH-0192316,4,2025-12-13,2027-12-13,2026-06-29
HOSP-SP-004,MED-044,BATCH-0223487,5,2026-06-20,2028-06-19,2026-06-29
HOSP-SP-004,MED-045,BATCH-0206432,17,2026-03-07,2028-03-06,2026-06-29
HOSP-SP-004,MED-045,BATCH-0222129,40,2026-06-15,2028-06-14,2026-06-29
HOSP-SP-004,MED-046,BATCH-0199519,3,2026-01-26,2027-07-27,2026-06-29
HOSP-SP-004,MED-046,BATCH-0224785,6,2026-06-29,2027-12-28,2026-06-29
HOSP-SP-004,MED-047,BATCH-0223488,96,2026-06-21,2029-06-20,2026-06-29
HOSP-SP-004,MED-048,BATCH-0222130,1,2026-06-13,2028-06-12,2026-06-29
HOSP-SP-004,MED-048,BATCH-0224786,7,2026-06-29,2028-06-28,2026-06-29
HOSP-SP-004,MED-049,BATCH-0219440,142,2026-06-01,2028-05-31,2026-06-29
HOSP-SP-004,MED-050,BATCH-0219441,9,2026-06-01,2028-05-31,2026-06-29
HOSP-SP-004,MED-051,BATCH-0220846,5,2026-06-07,2028-06-06,2026-06-29
HOSP-SP-004,MED-051,BATCH-0223489,10,2026-06-22,2028-06-21,2026-06-29
HOSP-SP-004,MED-052,BATCH-0223490,4,2026-06-22,2028-06-21,2026-06-29
HOSP-SP-004,MED-053,BATCH-0216188,1,2026-05-09,2028-05-08,2026-06-29
HOSP-SP-004,MED-053,BATCH-0222132,10,2026-06-15,2028-06-14,2026-06-29
HOSP-SP-004,MED-054,BATCH-0222133,8,2026-06-13,2028-06-12,2026-06-29
HOSP-SP-004,MED-055,BATCH-0218333,11,2026-05-25,2029-05-24,2026-06-29
HOSP-SP-004,MED-056,BATCH-0224787,9,2026-06-28,2029-06-27,2026-06-29
HOSP-SP-004,MED-057,BATCH-0222134,5,2026-06-15,2028-06-14,2026-06-29
HOSP-SP-004,MED-058,BATCH-0218334,1,2026-05-25,2028-05-24,2026-06-29
HOSP-SP-004,MED-058,BATCH-0224788,5,2026-06-27,2028-06-26,2026-06-29
HOSP-SP-004,MED-059,BATCH-0217250,3,2026-05-17,2028-05-16,2026-06-29
HOSP-SP-004,MED-060,BATCH-0215034,4,2026-05-03,2028-05-02,2026-06-29
HOSP-SP-004,MED-060,BATCH-0224789,5,2026-06-28,2028-06-27,2026-06-29
HOSP-SP-004,MED-061,BATCH-0219445,14,2026-05-30,2028-05-29,2026-06-29
HOSP-SP-004,MED-062,BATCH-0216192,18,2026-05-10,2029-05-09,2026-06-29
HOSP-SP-004,MED-063,BATCH-0218335,4,2026-05-23,2028-05-22,2026-06-29
HOSP-SP-004,MED-064,BATCH-0222135,13,2026-06-13,2031-06-13,2026-06-29
HOSP-SP-004,MED-064,BATCH-0224790,24,2026-06-29,2031-06-29,2026-06-29
HOSP-SP-004,MED-065,BATCH-0225310,4,2026-05-25,2026-06-24,2026-06-29
HOSP-SP-004,MED-066,BATCH-0224791,5,2026-06-29,2026-07-29,2026-06-29
HOSP-SP-004,MED-067,BATCH-0222136,1,2026-06-14,2029-06-13,2026-06-29
HOSP-SP-004,MED-067,BATCH-0224792,7,2026-06-29,2029-06-28,2026-06-29
HOSP-SP-004,MED-068,BATCH-0222137,5,2026-06-13,2029-06-12,2026-06-29
HOSP-SP-004,MED-069,BATCH-0223491,5,2026-06-20,2029-06-19,2026-06-29
HOSP-SP-004,MED-070,BATCH-0163794,99,2025-07-13,2027-07-13,2026-06-29
HOSP-SP-004,MED-070,BATCH-0211907,150,2026-04-11,2028-04-10,2026-06-29
HOSP-SP-004,MED-071,BATCH-0205419,7,2026-03-01,2028-02-29,2026-06-29
HOSP-SP-004,MED-071,BATCH-0220848,10,2026-06-06,2028-06-05,2026-06-29
HOSP-SP-004,MED-072,BATCH-0222138,2,2026-06-14,2028-06-13,2026-06-29
