snapshot_date,batch_id,hospital_id,medicine_id,quantity_units,unit,unit_cost_npr,received_date,expiry_date,days_to_expiry,reorder_level,avg_daily_use,days_of_cover,stock_status,supplier,storage_condition
2026-06-30,BATCH-000001,DEMO-01,MED-001,3891,tablet,1.5,2026-06-14,2028-09-18,811,3706,370.631,10.5,OK,BPKMCH Pharmacy Store,Ambient
2026-06-30,BATCH-000002,DEMO-01,MED-001,3056,tablet,1.5,2026-05-01,2028-10-30,853,3706,370.631,8.25,LOW_STOCK,DoDA Logistics,Ambient
2026-06-30,BATCH-000003,DEMO-01,MED-001,3012,tablet,1.5,2025-05-08,2026-08-16,47,3706,370.631,8.13,LOW_AND_NEAR_EXPIRY,Nepal CMS,Ambient
2026-06-30,BATCH-000004,DEMO-01,MED-002,986,bottle,45.0,2026-02-22,2027-11-22,510,547,54.762,18.01,OK,Local Pharmacy Wholesaler,Ambient
2026-06-30,BATCH-000005,DEMO-01,MED-002,1219,bottle,45.0,2026-06-24,2027-11-23,511,547,54.762,22.26,OK,DoDA Logistics,Ambient
2026-06-30,BATCH-000006,DEMO-01,MED-003,1156,tablet,2.5,2026-06-22,2028-05-04,674,1289,128.952,8.96,LOW_STOCK,UNICEF Supply,Ambient
2026-06-30,BATCH-000007,DEMO-01,MED-003,1515,tablet,2.5,2025-09-28,2027-06-28,363,1289,128.952,11.75,OK,Provincial Medical Store,Ambient
2026-06-30,BATCH-000008,DEMO-01,MED-004,1012,ampoule,25.0,2025-06-11,2026-10-25,117,420,42.036,24.07,OK,UNICEF Supply,Ambient
2026-06-30,BATCH-000009,DEMO-01,MED-004,1026,ampoule,25.0,2026-05-20,2027-08-05,401,420,42.036,24.41,OK,UNICEF Supply,Ambient
2026-06-30,BATCH-000010,DEMO-01,MED-005,10717,capsule,6.0,2025-05-06,2026-08-02,33,1676,167.655,63.92,NEAR_EXPIRY,Nepal CMS,Ambient
2026-06-30,BATCH-000011,DEMO-01,MED-006,955,tablet,35.0,2025-03-10,2026-07-29,29,832,83.286,11.47,NEAR_EXPIRY,DoDA Logistics,Ambient
2026-06-30,BATCH-000012,DEMO-01,MED-006,702,tablet,35.0,2026-05-21,2028-06-02,703,832,83.286,8.43,LOW_STOCK,Private Distributor - Kathmandu,Ambient
2026-06-30,BATCH-000013,DEMO-01,MED-006,665,tablet,35.0,2025-10-04,2026-10-21,113,832,83.286,7.98,LOW_STOCK,DoDA Logistics,Ambient
2026-06-30,BATCH-000014,DEMO-01,MED-007,1460,tablet,40.0,2026-06-12,2027-09-09,436,645,64.524,22.63,OK,Kanti Central Store,Ambient
2026-06-30,BATCH-000015,DEMO-01,MED-008,2229,tablet,8.0,2026-06-15,2029-04-14,1019,998,99.845,22.32,OK,DoDA Logistics,Ambient
2026-06-30,BATCH-000016,DEMO-01,MED-009,93,vial,85.0,2026-01-08,2027-03-21,264,623,62.31,1.49,LOW_STOCK,DoDA Logistics,Ambient
2026-06-30,BATCH-000017,DEMO-01,MED-009,30,vial,85.0,2026-02-02,2027-01-01,185,623,62.31,0.48,LOW_STOCK,Provincial Medical Store,Ambient
2026-06-30,BATCH-000018,DEMO-01,MED-009,72,vial,85.0,2025-06-20,2026-09-16,78,623,62.31,1.16,LOW_AND_NEAR_EXPIRY,Nepal CMS,Ambient
2026-06-30,BATCH-000019,DEMO-01,MED-010,306,tablet,2.0,2026-03-03,2027-12-28,546,910,91.024,3.36,LOW_STOCK,DoDA Logistics,Ambient
2026-06-30,BATCH-000020,DEMO-01,MED-010,598,tablet,2.0,2026-06-14,2028-01-29,578,910,91.024,6.57,LOW_STOCK,BPKMCH Pharmacy Store,Ambient
2026-06-30,BATCH-000021,DEMO-01,MED-011,2618,sachet,8.0,2026-06-10,2028-05-01,671,2618,261.869,10.0,LOW_STOCK,Private Distributor - Kathmandu,Ambient
2026-06-30,BATCH-000022,DEMO-01,MED-011,1374,sachet,8.0,2024-09-13,2026-12-29,182,2618,261.869,5.25,LOW_STOCK,BPKMCH Pharmacy Store,Ambient
2026-06-30,BATCH-000023,DEMO-01,MED-011,1131,sachet,8.0,2025-03-29,2027-03-30,273,2618,261.869,4.32,LOW_STOCK,Local Pharmacy Wholesaler,Ambient
2026-06-30,BATCH-000024,DEMO-01,MED-012,2717,tablet,1.2,2024-07-13,2027-01-17,201,1277,127.75,21.27,OK,Provincial Medical Store,Ambient
2026-06-30,BATCH-000025,DEMO-01,MED-013,3587,bag,55.0,2026-02-24,2027-05-29,333,958,95.869,37.42,OK,Kanti Central Store,Ambient
2026-06-30,BATCH-000026,DEMO-01,MED-014,1713,bag,45.0,2026-04-25,2027-08-02,398,1396,139.607,12.27,OK,BPKMCH Pharmacy Store,Ambient
2026-06-30,BATCH-000027,DEMO-01,MED-014,4636,bag,45.0,2026-01-11,2026-12-24,177,1396,139.607,33.21,OK,DoDA Logistics,Ambient
2026-06-30,BATCH-000028,DEMO-01,MED-015,1497,bag,48.0,2026-05-24,2028-01-07,556,721,72.143,20.75,OK,UNICEF Supply,Ambient
2026-06-30,BATCH-000029,DEMO-01,MED-015,1069,bag,48.0,2026-04-08,2027-02-17,232,721,72.143,14.82,OK,Local Pharmacy Wholesaler,Ambient
2026-06-30,BATCH-000030,DEMO-01,MED-015,898,bag,48.0,2026-04-29,2027-03-23,266,721,72.143,12.45,OK,DoDA Logistics,Ambient
2026-06-30,BATCH-000031,DEMO-01,MED-016,180,tablet,15.0,2026-06-12,2027-08-01,397,205,20.56,8.76,LOW_STOCK,Private Distributor - Kathmandu,Ambient
2026-06-30,BATCH-000032,DEMO-01,MED-016,68,tablet,15.0,2026-06-26,2027-09-27,454,205,20.56,3.31,LOW_STOCK,Nepal CMS,Ambient
2026-06-30,BATCH-000033,DEMO-01,MED-016,80,tablet,15.0,2026-05-28,2027-09-26,453,205,20.56,3.89,LOW_STOCK,UNICEF Supply,Ambient
2026-06-30,BATCH-000034,DEMO-01,MED-017,125,tablet,1.8,2026-06-19,2028-12-21,905,104,10.429,11.99,OK,Kanti Central Store,Ambient
2026-06-30,BATCH-000035,DEMO-01,MED-017,137,tablet,1.8,2026-05-26,2028-05-29,699,104,10.429,13.14,OK,Provincial Medical Store,Ambient
2026-06-30,BATCH-000036,DEMO-01,MED-018,418,unit,180.0,2026-06-26,2028-03-18,627,282,28.298,14.77,OK,Nepal CMS,Ambient
2026-06-30,BATCH-000037,DEMO-01,MED-019,1472,ampoule,30.0,2026-03-22,2028-03-02,611,443,44.357,33.19,OK,BPKMCH Pharmacy Store,Ambient
2026-06-30,BATCH-000038,DEMO-01,MED-020,573,bottle,55.0,2025-06-12,2027-04-25,299,288,28.881,19.84,OK,Local Pharmacy Wholesaler,Ambient
2026-06-30,BATCH-000039,DEMO-01,MED-021,795,tablet,1.0,2026-05-19,2028-12-23,907,1150,115.036,6.91,LOW_STOCK,Private Distributor - Kathmandu,Ambient
2026-06-30,BATCH-000040,DEMO-01,MED-021,570,tablet,1.0,2026-05-28,2029-03-04,978,1150,115.036,4.95,LOW_STOCK,UNICEF Supply,Ambient
2026-06-30,BATCH-000041,DEMO-01,MED-021,864,tablet,1.0,2024-07-22,2026-09-19,81,1150,115.036,7.51,LOW_AND_NEAR_EXPIRY,Local Pharmacy Wholesaler,Ambient
2026-06-30,BATCH-000042,DEMO-01,MED-022,2101,tablet,2.5,2025-11-30,2027-04-14,288,1060,106.06,19.81,OK,Kanti Central Store,Ambient
2026-06-30,BATCH-000043,DEMO-01,MED-022,1871,tablet,2.5,2026-05-11,2028-05-10,680,1060,106.06,17.64,OK,Private Distributor - Kathmandu,Ambient
2026-06-30,BATCH-000044,DEMO-01,MED-022,3188,tablet,2.5,2024-12-02,2026-11-19,142,1060,106.06,30.06,OK,UNICEF Supply,Ambient
2026-06-30,BATCH-000045,DEMO-01,MED-023,1508,tablet,1.5,2025-04-01,2026-08-21,52,1605,160.548,9.39,LOW_AND_NEAR_EXPIRY,Provincial Medical Store,Ambient
2026-06-30,BATCH-000046,DEMO-01,MED-023,2698,tablet,1.5,2024-04-11,2026-08-13,44,1605,160.548,16.8,NEAR_EXPIRY,Kanti Central Store,Ambient
2026-06-30,BATCH-000047,DEMO-01,MED-024,483,vial,450.0,2025-03-18,2026-09-17,79,211,21.131,22.86,NEAR_EXPIRY,DoDA Logistics,Cold_Chain
2026-06-30,BATCH-000048,DEMO-01,MED-024,499,vial,450.0,2026-06-17,2028-03-14,623,211,21.131,23.61,OK,DoDA Logistics,Cold_Chain
2026-06-30,BATCH-000049,DEMO-01,MED-024,674,vial,450.0,2026-02-23,2027-12-12,530,211,21.131,31.9,OK,Nepal CMS,Cold_Chain
2026-06-30,BATCH-000050,DEMO-01,MED-025,2556,tablet,3.0,2026-06-20,2028-05-26,696,843,84.369,30.3,OK,Kanti Central Store,Ambient
2026-06-30,BATCH-000051,DEMO-01,MED-026,115,tablet,0.8,2026-06-21,2028-05-19,689,1081,108.119,1.06,LOW_STOCK,Private Distributor - Kathmandu,Ambient
2026-06-30,BATCH-000052,DEMO-01,MED-026,133,tablet,0.8,2026-04-28,2027-10-15,472,1081,108.119,1.23,LOW_STOCK,UNICEF Supply,Ambient
2026-06-30,BATCH-000053,DEMO-01,MED-026,213,tablet,0.8,2025-03-10,2027-07-20,385,1081,108.119,1.97,LOW_STOCK,Nepal CMS,Ambient
2026-06-30,BATCH-000054,DEMO-01,MED-027,1583,capsule,2.0,2024-09-22,2026-09-27,89,1538,153.869,10.29,NEAR_EXPIRY,UNICEF Supply,Ambient
2026-06-30,BATCH-000055,DEMO-01,MED-027,1223,capsule,2.0,2026-06-02,2029-04-12,1017,1538,153.869,7.95,LOW_STOCK,BPKMCH Pharmacy Store,Ambient
2026-06-30,BATCH-000056,DEMO-01,MED-027,1090,capsule,2.0,2026-01-29,2028-05-03,673,1538,153.869,7.08,LOW_STOCK,Private Distributor - Kathmandu,Ambient
2026-06-30,BATCH-000057,DEMO-01,MED-028,3274,tablet,6.0,2025-10-06,2028-05-22,692,705,70.548,46.41,OK,UNICEF Supply,Ambient
2026-06-30,BATCH-000058,DEMO-01,MED-029,2136,tablet,1.5,2026-06-17,2029-01-31,946,539,53.905,39.63,OK,UNICEF Supply,Ambient
2026-06-30,BATCH-000059,DEMO-01,MED-030,265,bottle_100ml,85.0,2026-03-22,2028-11-16,870,289,28.964,9.15,LOW_STOCK,Kanti Central Store,Ambient
2026-06-30,BATCH-000060,DEMO-01,MED-030,432,bottle_100ml,85.0,2026-05-28,2029-04-06,1011,289,28.964,14.91,OK,Private Distributor - Kathmandu,Ambient
2026-06-30,BATCH-000061,DEMO-01,MED-031,2098,pair,25.0,2026-03-09,2029-06-08,1074,1784,178.44,11.76,OK,Private Distributor - Kathmandu,Ambient
2026-06-30,BATCH-000062,DEMO-01,MED-031,668,pair,25.0,2025-09-01,2029-08-22,1149,1784,178.44,3.74,LOW_STOCK,Provincial Medical Store,Ambient
2026-06-30,BATCH-000063,DEMO-01,MED-031,1399,pair,25.0,2024-02-16,2026-08-08,39,1784,178.44,7.84,LOW_AND_NEAR_EXPIRY,Provincial Medical Store,Ambient
2026-06-30,BATCH-000064,DEMO-01,MED-032,6646,piece,5.0,2025-01-05,2028-05-04,674,2447,244.738,27.16,OK,UNICEF Supply,Ambient
2026-06-30,BATCH-000065,DEMO-01,MED-032,4237,piece,5.0,2024-01-11,2027-10-21,478,2447,244.738,17.31,OK,BPKMCH Pharmacy Store,Ambient
2026-06-30,BATCH-000066,DEMO-01,MED-032,12392,piece,5.0,2026-06-17,2031-01-11,1656,2447,244.738,50.63,OK,Kanti Central Store,Ambient
2026-06-30,BATCH-000067,DEMO-01,MED-033,1238,piece,35.0,2025-02-09,2027-06-12,347,1143,114.381,10.82,OK,Provincial Medical Store,Ambient
2026-06-30,BATCH-000068,DEMO-01,MED-033,2512,piece,35.0,2025-04-28,2029-07-30,1126,1143,114.381,21.96,OK,Private Distributor - Kathmandu,Ambient
2026-06-30,BATCH-000069,DEMO-01,MED-034,199,vial,25.0,2025-10-05,2026-11-21,144,185,18.583,10.71,OK,DoDA Logistics,Cold_Chain
2026-06-30,BATCH-000070,DEMO-01,MED-034,394,vial,25.0,2026-05-18,2027-05-11,315,185,18.583,21.2,OK,BPKMCH Pharmacy Store,Cold_Chain
2026-06-30,BATCH-000071,DEMO-01,MED-035,721,vial,350.0,2025-11-30,2027-06-25,360,96,9.655,74.68,OK,UNICEF Supply,Cold_Chain
2026-06-30,BATCH-000072,DEMO-01,MED-036,117,tablet,0.5,2025-10-24,2026-08-14,45,1310,131.0,0.89,LOW_AND_NEAR_EXPIRY,UNICEF Supply,Ambient
2026-06-30,BATCH-000073,DEMO-01,MED-036,150,tablet,0.5,2025-06-22,2026-07-22,22,1310,131.0,1.15,LOW_AND_NEAR_EXPIRY,UNICEF Supply,Ambient
2026-06-30,BATCH-000074,DEMO-01,MED-036,152,tablet,0.5,2024-08-15,2026-07-13,13,1310,131.0,1.16,LOW_AND_NEAR_EXPIRY,Nepal CMS,Ambient
2026-06-30,BATCH-000075,DEMO-01,MED-037,40,tablet,8.0,2025-10-06,2028-03-17,626,290,29.048,1.38,LOW_STOCK,DoDA Logistics,Ambient
2026-06-30,BATCH-000076,DEMO-01,MED-037,116,tablet,8.0,2024-09-04,2026-08-26,57,290,29.048,3.99,LOW_AND_NEAR_EXPIRY,Kanti Central Store,Ambient
2026-06-30,BATCH-000077,DEMO-01,MED-038,1040,ampoule,12.0,2025-05-12,2027-01-17,201,348,34.845,29.85,OK,Private Distributor - Kathmandu,Ambient
2026-06-30,BATCH-000078,DEMO-01,MED-039,388,ampoule,10.0,2026-05-22,2029-06-01,1067,252,25.286,15.34,OK,Private Distributor - Kathmandu,Ambient
2026-06-30,BATCH-000079,DEMO-01,MED-040,777,ampoule,28.0,2026-05-28,2028-11-22,876,210,21.095,36.83,OK,Private Distributor - Kathmandu,Ambient
2026-06-30,BATCH-000080,DEMO-01,MED-041,123,vial,180.0,2025-09-06,2026-09-27,89,35,3.536,34.79,NEAR_EXPIRY,Private Distributor - Kathmandu,Ambient
2026-06-30,BATCH-000081,DEMO-01,MED-041,197,vial,180.0,2026-01-02,2026-12-17,170,35,3.536,55.72,OK,Local Pharmacy Wholesaler,Ambient
2026-06-30,BATCH-000082,DEMO-01,MED-042,88,vial,1200.0,2025-10-31,2027-03-25,268,20,2.012,43.74,OK,Private Distributor - Kathmandu,Cold_Chain
2026-06-30,BATCH-000083,DEMO-01,MED-043,104,vial,3500.0,2025-04-11,2027-02-06,221,13,1.357,76.63,OK,Nepal CMS,Ambient
2026-06-30,BATCH-000084,DEMO-01,MED-044,18,vial,450.0,2026-06-01,2028-03-30,639,15,1.524,11.81,OK,Nepal CMS,Ambient
2026-06-30,BATCH-000085,DEMO-01,MED-044,24,vial,450.0,2026-06-21,2028-06-16,717,15,1.524,15.75,OK,Kanti Central Store,Ambient
2026-06-30,BATCH-000086,DEMO-01,MED-045,31,tablet,15.0,2026-06-06,2028-03-21,630,77,7.738,4.01,LOW_STOCK,Private Distributor - Kathmandu,Ambient
2026-06-30,BATCH-000087,DEMO-01,MED-046,25,prefilled,4500.0,2025-11-21,2027-02-16,231,9,0.976,25.61,OK,Private Distributor - Kathmandu,Cold_Chain
2026-06-30,BATCH-000088,DEMO-01,MED-047,1463,sachet,6.0,2025-04-15,2026-07-16,16,1036,103.667,14.11,NEAR_EXPIRY,Local Pharmacy Wholesaler,Ambient
2026-06-30,BATCH-000089,DEMO-01,MED-047,1288,sachet,6.0,2023-12-19,2026-07-18,18,1036,103.667,12.42,NEAR_EXPIRY,Nepal CMS,Ambient
2026-06-30,BATCH-000090,DEMO-01,MED-047,1405,sachet,6.0,2023-11-26,2026-07-11,11,1036,103.667,13.55,NEAR_EXPIRY,Kanti Central Store,Ambient
2026-06-30,BATCH-000091,DEMO-01,MED-048,64,bottle,65.0,2026-06-19,2028-06-06,707,336,33.679,1.9,LOW_STOCK,Provincial Medical Store,Ambient
2026-06-30,BATCH-000092,DEMO-01,MED-048,113,bottle,65.0,2026-05-17,2028-05-24,694,336,33.679,3.36,LOW_STOCK,BPKMCH Pharmacy Store,Ambient
2026-06-30,BATCH-000093,DEMO-01,MED-049,483,capsule,2.0,2025-09-18,2026-12-08,161,414,41.464,11.65,OK,Nepal CMS,Ambient
2026-06-30,BATCH-000094,DEMO-01,MED-049,304,capsule,2.0,2026-04-29,2027-06-20,355,414,41.464,7.33,LOW_STOCK,Provincial Medical Store,Ambient
2026-06-30,BATCH-000095,DEMO-01,MED-049,719,capsule,2.0,2026-06-19,2027-05-15,319,414,41.464,17.34,OK,Provincial Medical Store,Ambient
2026-06-30,BATCH-000096,DEMO-01,MED-050,382,vial,120.0,2025-07-23,2026-07-29,29,269,26.917,14.19,NEAR_EXPIRY,Private Distributor - Kathmandu,Cold_Chain
2026-06-30,BATCH-000097,DEMO-01,MED-051,800,vial,80.0,2024-12-03,2026-08-16,47,201,20.19,39.62,NEAR_EXPIRY,Nepal CMS,Cold_Chain
2026-06-30,BATCH-000098,DEMO-01,MED-052,926,kit,25.0,2026-05-02,2027-06-14,349,518,51.845,17.86,OK,Local Pharmacy Wholesaler,Ambient
2026-06-30,BATCH-000099,DEMO-01,MED-052,804,kit,25.0,2026-06-22,2028-03-23,632,518,51.845,15.51,OK,Nepal CMS,Ambient
2026-06-30,BATCH-000100,DEMO-01,MED-053,1812,ampoule,35.0,2025-08-16,2026-12-26,179,380,38.024,47.65,OK,Kanti Central Store,Cold_Chain
2026-06-30,BATCH-000101,DEMO-01,MED-054,148,tablet,20.0,2025-08-13,2026-10-29,121,205,20.595,7.19,LOW_STOCK,UNICEF Supply,Ambient
2026-06-30,BATCH-000102,DEMO-01,MED-055,602,ampoule,18.0,2026-06-13,2028-11-30,884,122,12.214,49.29,OK,BPKMCH Pharmacy Store,Ambient
2026-06-30,BATCH-000103,DEMO-01,MED-056,180,ampoule,45.0,2026-04-09,2028-02-25,605,102,10.226,17.6,OK,BPKMCH Pharmacy Store,Ambient
2026-06-30,BATCH-000104,DEMO-01,MED-056,144,ampoule,45.0,2025-08-26,2028-06-08,709,102,10.226,14.08,OK,Local Pharmacy Wholesaler,Ambient
2026-06-30,BATCH-000105,DEMO-01,MED-056,173,ampoule,45.0,2025-01-18,2027-01-13,197,102,10.226,16.92,OK,Kanti Central Store,Ambient
2026-06-30,BATCH-000106,DEMO-01,MED-057,203,bottle,55.0,2025-11-22,2027-03-18,261,89,8.976,22.62,OK,DoDA Logistics,Ambient
2026-06-30,BATCH-000107,DEMO-01,MED-058,111,bottle,90.0,2025-06-09,2026-09-24,86,75,7.512,14.78,NEAR_EXPIRY,BPKMCH Pharmacy Store,Ambient
2026-06-30,BATCH-000108,DEMO-01,MED-058,99,bottle,90.0,2026-03-20,2027-12-16,534,75,7.512,13.18,OK,DoDA Logistics,Ambient
2026-06-30,BATCH-000109,DEMO-01,MED-058,106,bottle,90.0,2025-02-24,2027-01-04,188,75,7.512,14.11,OK,Provincial Medical Store,Ambient
2026-06-30,BATCH-000110,DEMO-01,MED-059,146,bottle,70.0,2026-05-24,2028-03-05,614,56,5.655,25.82,OK,Provincial Medical Store,Ambient
2026-06-30,BATCH-000111,DEMO-01,MED-060,48,vial,2500.0,2026-05-19,2027-12-07,525,45,4.571,10.5,OK,Kanti Central Store,Cold_Chain
2026-06-30,BATCH-000112,DEMO-01,MED-060,105,vial,2500.0,2026-06-16,2028-04-26,666,45,4.571,22.97,OK,UNICEF Supply,Cold_Chain
2026-06-30,BATCH-000113,DEMO-01,MED-061,137,ampoule,25.0,2026-01-17,2027-11-19,507,133,13.333,10.28,OK,DoDA Logistics,Ambient
2026-06-30,BATCH-000114,DEMO-01,MED-061,139,ampoule,25.0,2025-05-28,2026-11-23,146,133,13.333,10.43,OK,UNICEF Supply,Ambient
2026-06-30,BATCH-000115,DEMO-01,MED-061,228,ampoule,25.0,2026-06-22,2028-04-26,666,133,13.333,17.1,OK,DoDA Logistics,Ambient
2026-06-30,BATCH-000116,DEMO-01,MED-062,293,ampoule,12.0,2025-02-13,2026-10-13,105,82,8.214,35.67,OK,Nepal CMS,Ambient
2026-06-30,BATCH-000117,DEMO-01,MED-063,244,vial,850.0,2025-09-11,2026-07-09,9,61,6.131,39.8,NEAR_EXPIRY,Provincial Medical Store,Cold_Chain
2026-06-30,BATCH-000118,DEMO-01,MED-064,469,roll,80.0,2026-06-14,2031-01-31,1676,482,48.274,9.72,LOW_STOCK,DoDA Logistics,Ambient
2026-06-30,BATCH-000119,DEMO-01,MED-064,455,roll,80.0,2026-05-28,2030-08-25,1517,482,48.274,9.43,LOW_STOCK,Kanti Central Store,Ambient
2026-06-30,BATCH-000120,DEMO-01,MED-065,88,unit,0.0,2026-06-26,2026-07-25,25,111,11.131,7.91,LOW_AND_NEAR_EXPIRY,DoDA Logistics,Cold_Chain
2026-06-30,BATCH-000121,DEMO-01,MED-065,43,unit,0.0,2026-05-20,2026-07-29,29,111,11.131,3.86,LOW_AND_NEAR_EXPIRY,BPKMCH Pharmacy Store,Cold_Chain
2026-06-30,BATCH-000122,DEMO-01,MED-065,35,unit,0.0,2026-05-27,2026-07-31,31,111,11.131,3.14,LOW_AND_NEAR_EXPIRY,DoDA Logistics,Cold_Chain
2026-06-30,BATCH-000123,DEMO-01,MED-066,87,unit,0.0,2026-05-31,2026-07-28,28,75,7.571,11.49,NEAR_EXPIRY,Nepal CMS,Cold_Chain
2026-06-30,BATCH-000124,DEMO-01,MED-066,104,unit,0.0,2026-06-23,2026-07-20,20,75,7.571,13.74,NEAR_EXPIRY,Nepal CMS,Cold_Chain
2026-06-30,BATCH-000125,DEMO-01,MED-067,26,vial,40.0,2025-01-24,2028-01-01,550,275,27.5,0.95,LOW_STOCK,UNICEF Supply,Ambient
2026-06-30,BATCH-000126,DEMO-01,MED-067,15,vial,40.0,2025-02-28,2027-07-14,379,275,27.5,0.55,LOW_STOCK,Kanti Central Store,Ambient
2026-06-30,BATCH-000127,DEMO-01,MED-067,13,vial,40.0,2025-07-15,2027-05-30,334,275,27.5,0.47,LOW_STOCK,UNICEF Supply,Ambient
2026-06-30,BATCH-000128,DEMO-01,MED-068,150,vial,180.0,2026-06-29,2029-03-14,988,98,9.821,15.27,OK,UNICEF Supply,Ambient
2026-06-30,BATCH-000129,DEMO-01,MED-068,40,vial,180.0,2025-02-12,2027-07-08,373,98,9.821,4.07,LOW_STOCK,BPKMCH Pharmacy Store,Ambient
2026-06-30,BATCH-000130,DEMO-01,MED-068,118,vial,180.0,2024-07-24,2026-10-28,120,98,9.821,12.01,OK,DoDA Logistics,Ambient
2026-06-30,BATCH-000131,DEMO-01,MED-069,402,ampoule,95.0,2023-10-06,2026-08-03,34,102,10.298,39.04,NEAR_EXPIRY,Local Pharmacy Wholesaler,Ambient
2026-06-30,BATCH-000132,DEMO-01,MED-070,318,sachet,120.0,2025-03-09,2026-09-25,87,296,29.679,10.71,NEAR_EXPIRY,Local Pharmacy Wholesaler,Ambient
2026-06-30,BATCH-000133,DEMO-01,MED-070,276,sachet,120.0,2026-06-01,2027-03-25,268,296,29.679,9.3,LOW_STOCK,Nepal CMS,Ambient
2026-06-30,BATCH-000134,DEMO-01,MED-070,270,sachet,120.0,2025-05-13,2026-07-24,24,296,29.679,9.1,LOW_AND_NEAR_EXPIRY,Private Distributor - Kathmandu,Ambient
2026-06-30,BATCH-000135,DEMO-01,MED-071,94,ampoule,150.0,2026-05-24,2027-03-23,266,85,8.56,10.98,OK,Kanti Central Store,Ambient
2026-06-30,BATCH-000136,DEMO-01,MED-071,235,ampoule,150.0,2025-12-20,2026-12-11,164,85,8.56,27.45,OK,Private Distributor - Kathmandu,Ambient
2026-06-30,BATCH-000137,DEMO-01,MED-072,136,vial,650.0,2025-09-05,2026-07-23,23,182,18.238,7.46,LOW_AND_NEAR_EXPIRY,Local Pharmacy Wholesaler,Ambient
2026-06-30,BATCH-000138,DEMO-01,MED-072,104,vial,650.0,2025-04-02,2026-08-23,54,182,18.238,5.7,LOW_AND_NEAR_EXPIRY,DoDA Logistics,Ambient
2026-06-30,BATCH-000139,DEMO-01,MED-072,202,vial,650.0,2024-11-30,2026-07-25,25,182,18.238,11.08,NEAR_EXPIRY,Nepal CMS,Ambient
2026-06-30,BATCH-000140,DEMO-02,MED-001,5876,tablet,1.5,2025-10-01,2027-04-19,293,3542,354.262,16.59,OK,Kanti Central Store,Ambient
2026-06-30,BATCH-000141,DEMO-02,MED-001,11890,tablet,1.5,2026-05-20,2029-04-26,1031,3542,354.262,33.56,OK,DoDA Logistics,Ambient
2026-06-30,BATCH-000142,DEMO-02,MED-002,1248,bottle,45.0,2025-05-22,2026-07-22,22,814,81.488,15.32,NEAR_EXPIRY,Kanti Central Store,Ambient
2026-06-30,BATCH-000143,DEMO-02,MED-002,944,bottle,45.0,2025-03-13,2026-08-06,37,814,81.488,11.58,NEAR_EXPIRY,UNICEF Supply,Ambient
2026-06-30,BATCH-000144,DEMO-02,MED-002,945,bottle,45.0,2024-10-24,2026-07-19,19,814,81.488,11.6,NEAR_EXPIRY,Nepal CMS,Ambient
2026-06-30,BATCH-000145,DEMO-02,MED-003,753,tablet,2.5,2025-06-19,2027-02-03,218,1522,152.202,4.95,LOW_STOCK,Kanti Central Store,Ambient
2026-06-30,BATCH-000146,DEMO-02,MED-004,917,ampoule,25.0,2025-02-19,2027-01-04,188,552,55.238,16.6,OK,Kanti Central Store,Ambient
2026-06-30,BATCH-000147,DEMO-02,MED-005,5211,capsule,6.0,2025-06-21,2026-07-28,28,2222,222.226,23.45,NEAR_EXPIRY,DoDA Logistics,Ambient
2026-06-30,BATCH-000148,DEMO-02,MED-005,6063,capsule,6.0,2025-04-14,2026-10-17,109,2222,222.226,27.28,OK,DoDA Logistics,Ambient
2026-06-30,BATCH-000149,DEMO-02,MED-006,4081,tablet,35.0,2024-10-28,2026-07-19,19,1239,123.94,32.93,NEAR_EXPIRY,Kanti Central Store,Ambient
2026-06-30,BATCH-000150,DEMO-02,MED-007,1633,tablet,40.0,2024-09-21,2026-07-19,19,796,79.619,20.51,NEAR_EXPIRY,BPKMCH Pharmacy Store,Ambient
2026-06-30,BATCH-000151,DEMO-02,MED-007,1504,tablet,40.0,2025-08-01,2026-11-01,124,796,79.619,18.89,OK,Private Distributor - Kathmandu,Ambient
2026-06-30,BATCH-000152,DEMO-02,MED-008,1178,tablet,8.0,2025-03-16,2027-12-24,542,1075,107.536,10.95,OK,Nepal CMS,Ambient
2026-06-30,BATCH-000153,DEMO-02,MED-008,1137,tablet,8.0,2026-05-15,2028-08-10,772,1075,107.536,10.57,OK,Provincial Medical Store,Ambient
2026-06-30,BATCH-000154,DEMO-02,MED-008,1346,tablet,8.0,2024-04-24,2027-02-19,234,1075,107.536,12.52,OK,Local Pharmacy Wholesaler,Ambient
2026-06-30,BATCH-000155,DEMO-02,MED-009,74,vial,85.0,2025-11-26,2027-02-13,228,912,91.226,0.81,LOW_STOCK,Local Pharmacy Wholesaler,Ambient
2026-06-30,BATCH-000156,DEMO-02,MED-009,70,vial,85.0,2026-04-05,2027-02-08,223,912,91.226,0.77,LOW_STOCK,Provincial Medical Store,Ambient
2026-06-30,BATCH-000157,DEMO-02,MED-010,3514,tablet,2.0,2024-02-14,2026-08-10,41,1370,137.024,25.65,NEAR_EXPIRY,BPKMCH Pharmacy Store,Ambient
2026-06-30,BATCH-000158,DEMO-02,MED-011,6941,sachet,8.0,2024-01-26,2026-09-06,68,3124,312.417,22.22,NEAR_EXPIRY,DoDA Logistics,Ambient
2026-06-30,BATCH-000159,DEMO-02,MED-012,1832,tablet,1.2,2024-09-29,2027-06-05,340,2027,202.726,9.04,LOW_STOCK,Local Pharmacy Wholesaler,Ambient
2026-06-30,BATCH-000160,DEMO-02,MED-012,5311,tablet,1.2,2024-06-25,2027-04-30,304,2027,202.726,26.2,OK,Nepal CMS,Ambient
2026-06-30,BATCH-000161,DEMO-02,MED-013,9823,bag,55.0,2025-08-01,2026-08-07,38,1239,123.94,79.26,NEAR_EXPIRY,Kanti Central Store,Ambient
2026-06-30,BATCH-000162,DEMO-02,MED-014,7852,bag,45.0,2025-11-18,2027-10-14,471,2085,208.548,37.65,OK,UNICEF Supply,Ambient
2026-06-30,BATCH-000163,DEMO-02,MED-014,12242,bag,45.0,2026-06-23,2028-04-12,652,2085,208.548,58.7,OK,Private Distributor - Kathmandu,Ambient
2026-06-30,BATCH-000164,DEMO-02,MED-015,1706,bag,48.0,2026-06-29,2028-02-17,597,909,90.929,18.76,OK,DoDA Logistics,Ambient
2026-06-30,BATCH-000165,DEMO-02,MED-015,905,bag,48.0,2026-03-18,2027-04-06,280,909,90.929,9.95,LOW_STOCK,DoDA Logistics,Ambient
2026-06-30,BATCH-000166,DEMO-02,MED-015,921,bag,48.0,2026-01-24,2027-08-19,415,909,90.929,10.13,OK,Nepal CMS,Ambient
2026-06-30,BATCH-000167,DEMO-02,MED-016,204,tablet,15.0,2025-09-23,2027-02-07,222,241,24.143,8.45,LOW_STOCK,Provincial Medical Store,Ambient
2026-06-30,BATCH-000168,DEMO-02,MED-016,262,tablet,15.0,2025-10-12,2027-04-15,289,241,24.143,10.85,OK,Provincial Medical Store,Ambient
2026-06-30,BATCH-000169,DEMO-02,MED-017,65,tablet,1.8,2026-05-22,2028-10-02,825,109,10.952,5.93,LOW_STOCK,UNICEF Supply,Ambient
2026-06-30,BATCH-000170,DEMO-02,MED-017,178,tablet,1.8,2025-06-28,2027-06-26,361,109,10.952,16.25,OK,Private Distributor - Kathmandu,Ambient
2026-06-30,BATCH-000171,DEMO-02,MED-018,772,unit,180.0,2026-05-25,2028-04-05,645,381,38.167,20.23,OK,Provincial Medical Store,Ambient
2026-06-30,BATCH-000172,DEMO-02,MED-018,934,unit,180.0,2026-03-12,2027-02-27,242,381,38.167,24.47,OK,Private Distributor - Kathmandu,Ambient
2026-06-30,BATCH-000173,DEMO-02,MED-019,1193,ampoule,30.0,2025-04-23,2026-07-08,8,452,45.298,26.34,NEAR_EXPIRY,Nepal CMS,Ambient
2026-06-30,BATCH-000174,DEMO-02,MED-019,779,ampoule,30.0,2026-05-27,2028-06-01,702,452,45.298,17.2,OK,UNICEF Supply,Ambient
2026-06-30,BATCH-000175,DEMO-02,MED-019,1669,ampoule,30.0,2026-02-15,2027-04-17,291,452,45.298,36.85,OK,Kanti Central Store,Ambient
2026-06-30,BATCH-000176,DEMO-02,MED-020,934,bottle,55.0,2026-06-04,2028-06-11,712,491,49.155,19.0,OK,Local Pharmacy Wholesaler,Ambient
2026-06-30,BATCH-000177,DEMO-02,MED-020,537,bottle,55.0,2026-05-18,2028-03-19,628,491,49.155,10.92,OK,Kanti Central Store,Ambient
2026-06-30,BATCH-000178,DEMO-02,MED-020,902,bottle,55.0,2024-11-21,2026-10-05,97,491,49.155,18.35,OK,BPKMCH Pharmacy Store,Ambient
2026-06-30,BATCH-000179,DEMO-02,MED-021,895,tablet,1.0,2025-06-10,2028-05-03,673,1701,170.167,5.26,LOW_STOCK,Local Pharmacy Wholesaler,Ambient
2026-06-30,BATCH-000180,DEMO-02,MED-022,4704,tablet,2.5,2024-05-04,2026-11-04,127,1168,116.869,40.25,OK,Local Pharmacy Wholesaler,Ambient
2026-06-30,BATCH-000181,DEMO-02,MED-023,3282,tablet,1.5,2025-03-13,2027-02-21,236,1737,173.798,18.88,OK,UNICEF Supply,Ambient
2026-06-30,BATCH-000182,DEMO-02,MED-023,3823,tablet,1.5,2025-04-22,2027-03-22,265,1737,173.798,22.0,OK,Nepal CMS,Ambient
2026-06-30,BATCH-000183,DEMO-02,MED-024,205,vial,450.0,2025-07-07,2027-03-11,254,247,24.702,8.3,LOW_STOCK,BPKMCH Pharmacy Store,Cold_Chain
2026-06-30,BATCH-000184,DEMO-02,MED-024,57,vial,450.0,2026-05-24,2028-04-28,668,247,24.702,2.31,LOW_STOCK,Local Pharmacy Wholesaler,Cold_Chain
2026-06-30,BATCH-000185,DEMO-02,MED-024,147,vial,450.0,2026-04-24,2027-08-09,405,247,24.702,5.95,LOW_STOCK,Nepal CMS,Cold_Chain
2026-06-30,BATCH-000186,DEMO-02,MED-025,4068,tablet,3.0,2026-06-14,2029-01-10,925,1190,119.095,34.16,OK,UNICEF Supply,Ambient
2026-06-30,BATCH-000187,DEMO-02,MED-025,3373,tablet,3.0,2026-05-30,2029-01-22,937,1190,119.095,28.32,OK,Local Pharmacy Wholesaler,Ambient
2026-06-30,BATCH-000188,DEMO-02,MED-025,4711,tablet,3.0,2026-01-22,2028-08-06,768,1190,119.095,39.56,OK,BPKMCH Pharmacy Store,Ambient
2026-06-30,BATCH-000189,DEMO-02,MED-026,4112,tablet,0.8,2023-12-28,2026-10-13,105,1746,174.607,23.55,OK,BPKMCH Pharmacy Store,Ambient
2026-06-30,BATCH-000190,DEMO-02,MED-026,2053,tablet,0.8,2024-08-21,2027-06-21,356,1746,174.607,11.76,OK,Private Distributor - Kathmandu,Ambient
2026-06-30,BATCH-000191,DEMO-02,MED-026,2674,tablet,0.8,2026-05-18,2029-05-30,1065,1746,174.607,15.31,OK,Provincial Medical Store,Ambient
2026-06-30,BATCH-000192,DEMO-02,MED-027,3711,capsule,2.0,2026-02-18,2028-12-02,886,2695,269.571,13.77,OK,UNICEF Supply,Ambient
2026-06-30,BATCH-000193,DEMO-02,MED-027,7726,capsule,2.0,2025-06-20,2028-02-03,583,2695,269.571,28.66,OK,Provincial Medical Store,Ambient
2026-06-30,BATCH-000194,DEMO-02,MED-028,565,tablet,6.0,2024-11-08,2026-12-29,182,923,92.357,6.12,LOW_STOCK,DoDA Logistics,Ambient
2026-06-30,BATCH-000195,DEMO-02,MED-029,353,tablet,1.5,2024-08-21,2027-06-04,339,658,65.821,5.36,LOW_STOCK,Nepal CMS,Ambient
2026-06-30,BATCH-000196,DEMO-02,MED-029,980,tablet,1.5,2026-06-26,2029-05-10,1045,658,65.821,14.89,OK,UNICEF Supply,Ambient
2026-06-30,BATCH-000197,DEMO-02,MED-030,306,bottle_100ml,85.0,2023-12-07,2026-08-02,33,337,33.786,9.06,LOW_AND_NEAR_EXPIRY,Provincial Medical Store,Ambient
2026-06-30,BATCH-000198,DEMO-02,MED-030,522,bottle_100ml,85.0,2025-02-10,2026-07-13,13,337,33.786,15.45,NEAR_EXPIRY,Nepal CMS,Ambient
2026-06-30,BATCH-000199,DEMO-02,MED-031,5903,pair,25.0,2025-06-04,2028-10-02,825,2785,278.548,21.19,OK,DoDA Logistics,Ambient
2026-06-30,BATCH-000200,DEMO-02,MED-031,3783,pair,25.0,2022-01-27,2026-12-14,167,2785,278.548,13.58,OK,Nepal CMS,Ambient
2026-06-30,BATCH-000201,DEMO-02,MED-031,3935,pair,25.0,2026-05-04,2029-07-01,1097,2785,278.548,14.13,OK,BPKMCH Pharmacy Store,Ambient
2026-06-30,BATCH-000202,DEMO-02,MED-032,25253,piece,5.0,2026-05-31,2030-12-31,1645,3371,337.155,74.9,OK,Private Distributor - Kathmandu,Ambient
2026-06-30,BATCH-000203,DEMO-02,MED-033,2525,piece,35.0,2024-03-18,2026-07-30,30,1261,126.19,20.01,NEAR_EXPIRY,Local Pharmacy Wholesaler,Ambient
2026-06-30,BATCH-000204,DEMO-02,MED-034,2417,vial,25.0,2025-01-25,2026-07-24,24,237,23.762,101.72,NEAR_EXPIRY,DoDA Logistics,Cold_Chain
2026-06-30,BATCH-000205,DEMO-02,MED-035,163,vial,350.0,2025-07-14,2026-11-02,125,103,10.345,15.76,OK,Local Pharmacy Wholesaler,Cold_Chain
2026-06-30,BATCH-000206,DEMO-02,MED-036,3421,tablet,0.5,2025-05-10,2026-12-03,156,2003,200.369,17.07,OK,Local Pharmacy Wholesaler,Ambient
2026-06-30,BATCH-000207,DEMO-02,MED-036,5979,tablet,0.5,2025-05-19,2027-01-06,190,2003,200.369,29.84,OK,Nepal CMS,Ambient
2026-06-30,BATCH-000208,DEMO-02,MED-037,1508,tablet,8.0,2025-04-24,2026-08-17,48,349,34.952,43.14,NEAR_EXPIRY,Kanti Central Store,Ambient
2026-06-30,BATCH-000209,DEMO-02,MED-038,642,ampoule,12.0,2025-05-29,2027-05-05,309,431,43.155,14.88,OK,Local Pharmacy Wholesaler,Ambient
2026-06-30,BATCH-000210,DEMO-02,MED-038,530,ampoule,12.0,2026-06-13,2027-10-26,483,431,43.155,12.28,OK,Private Distributor - Kathmandu,Ambient
2026-06-30,BATCH-000211,DEMO-02,MED-039,1516,ampoule,10.0,2026-06-10,2029-05-29,1064,316,31.607,47.96,OK,Local Pharmacy Wholesaler,Ambient
2026-06-30,BATCH-000212,DEMO-02,MED-040,207,ampoule,28.0,2024-11-01,2027-07-18,383,241,24.179,8.56,LOW_STOCK,Provincial Medical Store,Ambient
2026-06-30,BATCH-000213,DEMO-02,MED-040,127,ampoule,28.0,2024-06-14,2026-07-18,18,241,24.179,5.25,LOW_AND_NEAR_EXPIRY,Local Pharmacy Wholesaler,Ambient
2026-06-30,BATCH-000214,DEMO-02,MED-040,164,ampoule,28.0,2026-02-23,2028-07-16,747,241,24.179,6.78,LOW_STOCK,Provincial Medical Store,Ambient
2026-06-30,BATCH-000215,DEMO-02,MED-041,86,vial,180.0,2025-04-05,2027-02-19,234,43,4.321,19.9,OK,Private Distributor - Kathmandu,Ambient
2026-06-30,BATCH-000216,DEMO-02,MED-041,108,vial,180.0,2026-06-24,2028-04-16,656,43,4.321,24.99,OK,DoDA Logistics,Ambient
2026-06-30,BATCH-000217,DEMO-02,MED-042,62,vial,1200.0,2026-06-02,2028-03-17,626,25,2.5,24.8,OK,Nepal CMS,Cold_Chain
2026-06-30,BATCH-000218,DEMO-02,MED-042,167,vial,1200.0,2024-10-17,2026-09-25,87,25,2.5,66.8,NEAR_EXPIRY,Private Distributor - Kathmandu,Cold_Chain
2026-06-30,BATCH-000219,DEMO-02,MED-043,103,vial,3500.0,2026-06-19,2028-05-31,701,21,2.155,47.8,OK,Local Pharmacy Wholesaler,Ambient
2026-06-30,BATCH-000220,DEMO-02,MED-043,115,vial,3500.0,2026-05-10,2027-12-25,543,21,2.155,53.37,OK,Nepal CMS,Ambient
2026-06-30,BATCH-000221,DEMO-02,MED-044,99,vial,450.0,2025-12-07,2027-01-19,203,21,2.167,45.69,OK,Private Distributor - Kathmandu,Ambient
2026-06-30,BATCH-000222,DEMO-02,MED-045,464,tablet,15.0,2025-04-19,2026-08-19,50,100,10.071,46.07,NEAR_EXPIRY,Private Distributor - Kathmandu,Ambient
2026-06-30,BATCH-000223,DEMO-02,MED-045,236,tablet,15.0,2025-08-04,2026-07-08,8,100,10.071,23.43,NEAR_EXPIRY,Nepal CMS,Ambient
2026-06-30,BATCH-000224,DEMO-02,MED-045,337,tablet,15.0,2024-09-20,2026-08-19,50,100,10.071,33.46,NEAR_EXPIRY,Nepal CMS,Ambient
2026-06-30,BATCH-000225,DEMO-02,MED-046,17,prefilled,4500.0,2025-07-29,2026-07-25,25,12,1.214,14.0,NEAR_EXPIRY,Kanti Central Store,Cold_Chain
2026-06-30,BATCH-000226,DEMO-02,MED-046,35,prefilled,4500.0,2025-09-22,2026-07-30,30,12,1.214,28.82,NEAR_EXPIRY,Provincial Medical Store,Cold_Chain
2026-06-30,BATCH-000227,DEMO-02,MED-047,3256,sachet,6.0,2025-02-04,2026-08-14,45,1085,108.524,30.0,NEAR_EXPIRY,BPKMCH Pharmacy Store,Ambient
2026-06-30,BATCH-000228,DEMO-02,MED-047,1744,sachet,6.0,2023-10-22,2026-08-16,47,1085,108.524,16.07,NEAR_EXPIRY,UNICEF Supply,Ambient
2026-06-30,BATCH-000229,DEMO-02,MED-047,4126,sachet,6.0,2024-06-27,2026-08-06,37,1085,108.524,38.02,NEAR_EXPIRY,Nepal CMS,Ambient
2026-06-30,BATCH-000230,DEMO-02,MED-048,809,bottle,65.0,2025-08-27,2026-11-01,124,385,38.595,20.96,OK,Kanti Central Store,Ambient
2026-06-30,BATCH-000231,DEMO-02,MED-049,254,capsule,2.0,2024-08-21,2026-07-07,7,465,46.548,5.46,LOW_AND_NEAR_EXPIRY,Nepal CMS,Ambient
2026-06-30,BATCH-000232,DEMO-02,MED-049,583,capsule,2.0,2025-11-02,2026-08-29,60,465,46.548,12.52,NEAR_EXPIRY,Provincial Medical Store,Ambient
2026-06-30,BATCH-000233,DEMO-02,MED-050,184,vial,120.0,2025-07-14,2026-08-05,36,361,36.155,5.09,LOW_AND_NEAR_EXPIRY,Kanti Central Store,Cold_Chain
2026-06-30,BATCH-000234,DEMO-02,MED-050,373,vial,120.0,2025-10-14,2026-08-18,49,361,36.155,10.32,NEAR_EXPIRY,UNICEF Supply,Cold_Chain
2026-06-30,BATCH-000235,DEMO-02,MED-051,304,vial,80.0,2025-01-28,2027-01-02,186,245,24.536,12.39,OK,Provincial Medical Store,Cold_Chain
2026-06-30,BATCH-000236,DEMO-02,MED-051,439,vial,80.0,2025-07-06,2026-12-01,154,245,24.536,17.89,OK,BPKMCH Pharmacy Store,Cold_Chain
2026-06-30,BATCH-000237,DEMO-02,MED-052,2933,kit,25.0,2025-10-07,2027-09-21,448,773,77.333,37.93,OK,DoDA Logistics,Ambient
2026-06-30,BATCH-000238,DEMO-02,MED-053,4102,ampoule,35.0,2026-05-01,2028-01-28,577,447,44.798,91.57,OK,BPKMCH Pharmacy Store,Cold_Chain
2026-06-30,BATCH-000239,DEMO-02,MED-054,700,tablet,20.0,2025-08-18,2027-05-31,335,347,34.75,20.14,OK,Local Pharmacy Wholesaler,Ambient
2026-06-30,BATCH-000240,DEMO-02,MED-054,184,tablet,20.0,2026-06-10,2028-06-15,716,347,34.75,5.29,LOW_STOCK,Provincial Medical Store,Ambient
2026-06-30,BATCH-000241,DEMO-02,MED-054,447,tablet,20.0,2025-06-12,2026-11-20,143,347,34.75,12.86,OK,Provincial Medical Store,Ambient
2026-06-30,BATCH-000242,DEMO-02,MED-055,812,ampoule,18.0,2026-06-25,2029-05-29,1064,197,19.774,41.06,OK,Provincial Medical Store,Ambient
2026-06-30,BATCH-000243,DEMO-02,MED-056,110,ampoule,45.0,2023-11-25,2026-10-03,95,164,16.429,6.7,LOW_STOCK,Kanti Central Store,Ambient
2026-06-30,BATCH-000244,DEMO-02,MED-056,178,ampoule,45.0,2025-08-25,2028-07-20,751,164,16.429,10.83,OK,Local Pharmacy Wholesaler,Ambient
2026-06-30,BATCH-000245,DEMO-02,MED-057,127,bottle,55.0,2026-06-17,2027-10-04,461,126,12.679,10.02,OK,Nepal CMS,Ambient
2026-06-30,BATCH-000246,DEMO-02,MED-057,109,bottle,55.0,2026-06-21,2028-06-10,711,126,12.679,8.6,LOW_STOCK,Kanti Central Store,Ambient
2026-06-30,BATCH-000247,DEMO-02,MED-057,116,bottle,55.0,2026-02-14,2028-01-22,571,126,12.679,9.15,LOW_STOCK,Private Distributor - Kathmandu,Ambient
2026-06-30,BATCH-000248,DEMO-02,MED-058,406,bottle,90.0,2026-02-01,2027-01-12,196,86,8.69,46.72,OK,Private Distributor - Kathmandu,Ambient
2026-06-30,BATCH-000249,DEMO-02,MED-059,290,bottle,70.0,2026-05-27,2028-05-31,701,78,7.869,36.85,OK,DoDA Logistics,Ambient
2026-06-30,BATCH-000250,DEMO-02,MED-060,134,vial,2500.0,2025-09-30,2027-06-13,348,60,6.024,22.25,OK,DoDA Logistics,Cold_Chain
2026-06-30,BATCH-000251,DEMO-02,MED-060,142,vial,2500.0,2025-12-19,2026-12-22,175,60,6.024,23.57,OK,Local Pharmacy Wholesaler,Cold_Chain
2026-06-30,BATCH-000252,DEMO-02,MED-061,240,ampoule,25.0,2025-10-18,2027-05-08,312,135,13.524,17.75,OK,Local Pharmacy Wholesaler,Ambient
2026-06-30,BATCH-000253,DEMO-02,MED-061,216,ampoule,25.0,2025-08-07,2027-07-25,390,135,13.524,15.97,OK,Private Distributor - Kathmandu,Ambient
2026-06-30,BATCH-000254,DEMO-02,MED-062,237,ampoule,12.0,2024-11-14,2026-07-12,12,94,9.476,25.01,NEAR_EXPIRY,UNICEF Supply,Ambient
2026-06-30,BATCH-000255,DEMO-02,MED-062,221,ampoule,12.0,2024-05-01,2026-08-21,52,94,9.476,23.32,NEAR_EXPIRY,UNICEF Supply,Ambient
2026-06-30,BATCH-000256,DEMO-02,MED-062,332,ampoule,12.0,2024-12-21,2026-08-18,49,94,9.476,35.04,NEAR_EXPIRY,UNICEF Supply,Ambient
2026-06-30,BATCH-000257,DEMO-02,MED-063,79,vial,850.0,2026-01-22,2027-10-07,464,80,8.083,9.77,LOW_STOCK,UNICEF Supply,Cold_Chain
2026-06-30,BATCH-000258,DEMO-02,MED-063,234,vial,850.0,2025-12-05,2027-05-15,319,80,8.083,28.95,OK,BPKMCH Pharmacy Store,Cold_Chain
2026-06-30,BATCH-000259,DEMO-02,MED-064,2877,roll,80.0,2022-12-31,2027-10-08,465,722,72.214,39.84,OK,DoDA Logistics,Ambient
2026-06-30,BATCH-000260,DEMO-02,MED-064,2763,roll,80.0,2022-12-30,2027-01-03,187,722,72.214,38.26,OK,Nepal CMS,Ambient
2026-06-30,BATCH-000261,DEMO-02,MED-065,308,unit,0.0,2026-06-23,2026-07-08,8,149,14.917,20.65,NEAR_EXPIRY,Private Distributor - Kathmandu,Cold_Chain
2026-06-30,BATCH-000262,DEMO-02,MED-065,335,unit,0.0,2026-05-26,2026-07-31,31,149,14.917,22.46,NEAR_EXPIRY,BPKMCH Pharmacy Store,Cold_Chain
2026-06-30,BATCH-000263,DEMO-02,MED-066,166,unit,0.0,2026-06-17,2026-07-09,9,107,10.726,15.48,NEAR_EXPIRY,BPKMCH Pharmacy Store,Cold_Chain
2026-06-30,BATCH-000264,DEMO-02,MED-066,55,unit,0.0,2026-06-18,2026-07-07,7,107,10.726,5.13,LOW_AND_NEAR_EXPIRY,Kanti Central Store,Cold_Chain
2026-06-30,BATCH-000265,DEMO-02,MED-066,146,unit,0.0,2026-06-17,2026-07-28,28,107,10.726,13.61,NEAR_EXPIRY,Private Distributor - Kathmandu,Cold_Chain
2026-06-30,BATCH-000266,DEMO-02,MED-067,1438,vial,40.0,2024-06-28,2026-07-29,29,400,40.071,35.89,NEAR_EXPIRY,Provincial Medical Store,Ambient
2026-06-30,BATCH-000267,DEMO-02,MED-067,2159,vial,40.0,2024-07-02,2026-08-15,46,400,40.071,53.88,NEAR_EXPIRY,Private Distributor - Kathmandu,Ambient
2026-06-30,BATCH-000268,DEMO-02,MED-068,87,vial,180.0,2024-09-16,2026-07-22,22,127,12.774,6.81,LOW_AND_NEAR_EXPIRY,BPKMCH Pharmacy Store,Ambient
2026-06-30,BATCH-000269,DEMO-02,MED-068,38,vial,180.0,2024-03-21,2026-07-27,27,127,12.774,2.97,LOW_AND_NEAR_EXPIRY,DoDA Logistics,Ambient
2026-06-30,BATCH-000270,DEMO-02,MED-068,64,vial,180.0,2024-01-23,2026-07-21,21,127,12.774,5.01,LOW_AND_NEAR_EXPIRY,Private Distributor - Kathmandu,Ambient
2026-06-30,BATCH-000271,DEMO-02,MED-069,267,ampoule,95.0,2024-01-26,2026-07-20,20,156,15.607,17.11,NEAR_EXPIRY,Private Distributor - Kathmandu,Ambient
2026-06-30,BATCH-000272,DEMO-02,MED-069,358,ampoule,95.0,2024-07-02,2026-08-22,53,156,15.607,22.94,NEAR_EXPIRY,Private Distributor - Kathmandu,Ambient
2026-06-30,BATCH-000273,DEMO-02,MED-070,1246,sachet,120.0,2026-02-26,2027-02-26,241,364,36.464,34.17,OK,Provincial Medical Store,Ambient
2026-06-30,BATCH-000274,DEMO-02,MED-071,166,ampoule,150.0,2025-08-07,2027-01-01,185,121,12.131,13.68,OK,Local Pharmacy Wholesaler,Ambient
2026-06-30,BATCH-000275,DEMO-02,MED-071,199,ampoule,150.0,2025-07-01,2026-09-05,67,121,12.131,16.4,NEAR_EXPIRY,UNICEF Supply,Ambient
2026-06-30,BATCH-000276,DEMO-02,MED-072,214,vial,650.0,2026-05-31,2028-04-05,645,242,24.238,8.83,LOW_STOCK,Nepal CMS,Ambient
2026-06-30,BATCH-000277,DEMO-02,MED-072,277,vial,650.0,2025-11-16,2027-08-27,423,242,24.238,11.43,OK,BPKMCH Pharmacy Store,Ambient
2026-06-30,BATCH-000278,DEMO-03,MED-001,286,tablet,1.5,2024-06-05,2026-10-26,118,287,28.738,9.95,LOW_STOCK,UNICEF Supply,Ambient
2026-06-30,BATCH-000279,DEMO-03,MED-001,143,tablet,1.5,2026-06-09,2028-09-13,806,287,28.738,4.98,LOW_STOCK,DoDA Logistics,Ambient
2026-06-30,BATCH-000280,DEMO-03,MED-001,353,tablet,1.5,2026-04-20,2027-07-21,386,287,28.738,12.28,OK,Local Pharmacy Wholesaler,Ambient
2026-06-30,BATCH-000281,DEMO-03,MED-002,110,bottle,45.0,2026-03-04,2027-08-06,402,42,4.262,25.81,OK,BPKMCH Pharmacy Store,Ambient
2026-06-30,BATCH-000282,DEMO-03,MED-003,562,tablet,2.5,2025-10-16,2028-03-16,625,252,25.202,22.3,OK,BPKMCH Pharmacy Store,Ambient
2026-06-30,BATCH-000283,DEMO-03,MED-003,489,tablet,2.5,2026-01-01,2027-06-25,360,252,25.202,19.4,OK,Private Distributor - Kathmandu,Ambient
2026-06-30,BATCH-000284,DEMO-03,MED-004,73,ampoule,25.0,2025-01-23,2026-10-23,115,87,8.762,8.33,LOW_STOCK,Local Pharmacy Wholesaler,Ambient
2026-06-30,BATCH-000285,DEMO-03,MED-004,108,ampoule,25.0,2026-02-15,2027-08-13,409,87,8.762,12.33,OK,UNICEF Supply,Ambient
2026-06-30,BATCH-000286,DEMO-03,MED-005,59,capsule,6.0,2025-03-06,2026-11-06,129,309,30.952,1.91,LOW_STOCK,DoDA Logistics,Ambient
2026-06-30,BATCH-000287,DEMO-03,MED-006,272,tablet,35.0,2025-04-10,2026-08-19,50,137,13.774,19.75,NEAR_EXPIRY,Provincial Medical Store,Ambient
2026-06-30,BATCH-000288,DEMO-03,MED-006,427,tablet,35.0,2025-06-06,2026-07-17,17,137,13.774,31.0,NEAR_EXPIRY,UNICEF Supply,Ambient
2026-06-30,BATCH-000289,DEMO-03,MED-007,189,tablet,40.0,2026-06-26,2028-03-31,640,95,9.571,19.75,OK,Private Distributor - Kathmandu,Ambient
2026-06-30,BATCH-000290,DEMO-03,MED-008,648,tablet,8.0,2026-06-27,2029-05-11,1046,150,15.036,43.1,OK,Private Distributor - Kathmandu,Ambient
2026-06-30,BATCH-000291,DEMO-03,MED-008,254,tablet,8.0,2026-06-28,2028-04-14,654,150,15.036,16.89,OK,BPKMCH Pharmacy Store,Ambient
2026-06-30,BATCH-000292,DEMO-03,MED-008,306,tablet,8.0,2026-06-22,2029-02-28,974,150,15.036,20.35,OK,Nepal CMS,Ambient
2026-06-30,BATCH-000293,DEMO-03,MED-009,224,vial,85.0,2026-01-14,2027-11-22,510,131,13.107,17.09,OK,BPKMCH Pharmacy Store,Ambient
2026-06-30,BATCH-000294,DEMO-03,MED-010,630,tablet,2.0,2023-09-09,2026-07-14,14,132,13.262,47.5,NEAR_EXPIRY,Provincial Medical Store,Ambient
2026-06-30,BATCH-000295,DEMO-03,MED-011,174,sachet,8.0,2024-12-23,2026-12-26,179,161,16.107,10.8,OK,Local Pharmacy Wholesaler,Ambient
2026-06-30,BATCH-000296,DEMO-03,MED-011,301,sachet,8.0,2026-05-08,2028-01-21,570,161,16.107,18.69,OK,Local Pharmacy Wholesaler,Ambient
2026-06-30,BATCH-000297,DEMO-03,MED-012,189,tablet,1.2,2024-10-21,2027-07-09,374,114,11.464,16.49,OK,Local Pharmacy Wholesaler,Ambient
2026-06-30,BATCH-000298,DEMO-03,MED-012,129,tablet,1.2,2025-01-23,2027-07-19,384,114,11.464,11.25,OK,UNICEF Supply,Ambient
2026-06-30,BATCH-000299,DEMO-03,MED-012,228,tablet,1.2,2026-06-20,2028-07-22,753,114,11.464,19.89,OK,DoDA Logistics,Ambient
2026-06-30,BATCH-000300,DEMO-03,MED-013,706,bag,55.0,2025-01-24,2026-08-20,51,190,19.048,37.06,NEAR_EXPIRY,DoDA Logistics,Ambient
2026-06-30,BATCH-000301,DEMO-03,MED-014,31,bag,45.0,2025-07-21,2026-09-07,69,307,30.726,1.01,LOW_AND_NEAR_EXPIRY,BPKMCH Pharmacy Store,Ambient
2026-06-30,BATCH-000302,DEMO-03,MED-014,46,bag,45.0,2026-05-02,2027-05-23,327,307,30.726,1.5,LOW_STOCK,Kanti Central Store,Ambient
2026-06-30,BATCH-000303,DEMO-03,MED-015,764,bag,48.0,2026-06-15,2027-10-04,461,161,16.155,47.29,OK,Nepal CMS,Ambient
2026-06-30,BATCH-000304,DEMO-03,MED-016,42,tablet,15.0,2026-05-22,2028-04-29,669,12,1.214,34.59,OK,Nepal CMS,Ambient
2026-06-30,BATCH-000305,DEMO-03,MED-017,6,tablet,1.8,2026-06-19,2028-04-29,669,5,0.571,10.5,OK,DoDA Logistics,Ambient
2026-06-30,BATCH-000306,DEMO-03,MED-017,4,tablet,1.8,2026-06-23,2029-02-23,969,5,0.571,7.0,LOW_STOCK,Kanti Central Store,Ambient
2026-06-30,BATCH-000307,DEMO-03,MED-017,5,tablet,1.8,2026-06-06,2029-06-10,1076,5,0.571,8.75,LOW_STOCK,Local Pharmacy Wholesaler,Ambient
2026-06-30,BATCH-000308,DEMO-03,MED-018,40,unit,180.0,2025-03-19,2026-08-06,37,19,1.976,20.24,NEAR_EXPIRY,Kanti Central Store,Ambient
2026-06-30,BATCH-000309,DEMO-03,MED-018,16,unit,180.0,2026-06-20,2028-04-18,658,19,1.976,8.1,LOW_STOCK,Kanti Central Store,Ambient
2026-06-30,BATCH-000310,DEMO-03,MED-018,32,unit,180.0,2025-10-11,2027-03-01,244,19,1.976,16.19,OK,Local Pharmacy Wholesaler,Ambient
2026-06-30,BATCH-000311,DEMO-03,MED-019,50,ampoule,30.0,2025-09-03,2027-06-22,357,25,2.583,19.35,OK,Local Pharmacy Wholesaler,Ambient
2026-06-30,BATCH-000312,DEMO-03,MED-019,25,ampoule,30.0,2025-11-27,2027-10-20,477,25,2.583,9.68,LOW_STOCK,Local Pharmacy Wholesaler,Ambient
2026-06-30,BATCH-000313,DEMO-03,MED-019,39,ampoule,30.0,2025-03-13,2026-07-29,29,25,2.583,15.1,NEAR_EXPIRY,Provincial Medical Store,Ambient
2026-06-30,BATCH-000314,DEMO-03,MED-020,14,bottle,55.0,2025-08-01,2026-07-11,11,15,1.583,8.84,LOW_AND_NEAR_EXPIRY,Provincial Medical Store,Ambient
2026-06-30,BATCH-000315,DEMO-03,MED-020,12,bottle,55.0,2024-08-23,2026-08-04,35,15,1.583,7.58,LOW_AND_NEAR_EXPIRY,Private Distributor - Kathmandu,Ambient
2026-06-30,BATCH-000316,DEMO-03,MED-020,30,bottle,55.0,2024-10-11,2026-07-30,30,15,1.583,18.95,NEAR_EXPIRY,Nepal CMS,Ambient
2026-06-30,BATCH-000317,DEMO-03,MED-021,106,tablet,1.0,2025-06-25,2027-11-25,513,85,8.571,12.37,OK,UNICEF Supply,Ambient
2026-06-30,BATCH-000318,DEMO-03,MED-021,127,tablet,1.0,2026-05-17,2029-03-22,996,85,8.571,14.82,OK,Private Distributor - Kathmandu,Ambient
2026-06-30,BATCH-000319,DEMO-03,MED-022,52,tablet,2.5,2025-01-11,2026-11-24,147,64,6.452,8.06,LOW_STOCK,DoDA Logistics,Ambient
2026-06-30,BATCH-000320,DEMO-03,MED-023,116,tablet,1.5,2024-01-11,2026-08-02,33,72,7.262,15.97,NEAR_EXPIRY,DoDA Logistics,Ambient
2026-06-30,BATCH-000321,DEMO-03,MED-023,107,tablet,1.5,2024-05-10,2026-08-23,54,72,7.262,14.73,NEAR_EXPIRY,Provincial Medical Store,Ambient
2026-06-30,BATCH-000322,DEMO-03,MED-023,95,tablet,1.5,2024-10-25,2026-07-24,24,72,7.262,13.08,NEAR_EXPIRY,Kanti Central Store,Ambient
2026-06-30,BATCH-000323,DEMO-03,MED-024,11,vial,450.0,2024-10-05,2026-07-22,22,12,1.214,9.06,LOW_AND_NEAR_EXPIRY,Kanti Central Store,Cold_Chain
2026-06-30,BATCH-000324,DEMO-03,MED-024,24,vial,450.0,2025-04-20,2026-07-19,19,12,1.214,19.76,NEAR_EXPIRY,Local Pharmacy Wholesaler,Cold_Chain
2026-06-30,BATCH-000325,DEMO-03,MED-025,259,tablet,3.0,2025-02-23,2027-11-19,507,57,5.726,45.23,OK,Provincial Medical Store,Ambient
2026-06-30,BATCH-000326,DEMO-03,MED-026,44,tablet,0.8,2025-06-12,2027-03-03,246,90,9.0,4.89,LOW_STOCK,UNICEF Supply,Ambient
2026-06-30,BATCH-000327,DEMO-03,MED-026,33,tablet,0.8,2026-05-03,2028-07-19,750,90,9.0,3.67,LOW_STOCK,Nepal CMS,Ambient
2026-06-30,BATCH-000328,DEMO-03,MED-026,49,tablet,0.8,2026-06-24,2028-06-16,717,90,9.0,5.44,LOW_STOCK,Private Distributor - Kathmandu,Ambient
2026-06-30,BATCH-000329,DEMO-03,MED-027,373,capsule,2.0,2025-08-16,2027-04-14,288,105,10.583,35.24,OK,Kanti Central Store,Ambient
2026-06-30,BATCH-000330,DEMO-03,MED-028,49,tablet,6.0,2023-11-03,2026-10-04,96,40,4.095,11.97,OK,Provincial Medical Store,Ambient
2026-06-30,BATCH-000331,DEMO-03,MED-028,25,tablet,6.0,2026-06-01,2029-03-02,976,40,4.095,6.1,LOW_STOCK,Private Distributor - Kathmandu,Ambient
2026-06-30,BATCH-000332,DEMO-03,MED-028,69,tablet,6.0,2026-06-24,2028-08-09,771,40,4.095,16.85,OK,UNICEF Supply,Ambient
2026-06-30,BATCH-000333,DEMO-03,MED-029,27,tablet,1.5,2024-08-21,2026-10-11,103,33,3.393,7.96,LOW_STOCK,Nepal CMS,Ambient
2026-06-30,BATCH-000334,DEMO-03,MED-029,26,tablet,1.5,2024-04-09,2026-07-16,16,33,3.393,7.66,LOW_AND_NEAR_EXPIRY,Provincial Medical Store,Ambient
2026-06-30,BATCH-000335,DEMO-03,MED-030,32,bottle_100ml,85.0,2026-03-11,2027-12-21,539,23,2.357,13.58,OK,Kanti Central Store,Ambient
2026-06-30,BATCH-000336,DEMO-03,MED-030,28,bottle_100ml,85.0,2026-06-01,2029-05-19,1054,23,2.357,11.88,OK,UNICEF Supply,Ambient
2026-06-30,BATCH-000337,DEMO-03,MED-031,197,pair,25.0,2022-05-26,2026-07-25,25,148,14.81,13.3,NEAR_EXPIRY,BPKMCH Pharmacy Store,Ambient
2026-06-30,BATCH-000338,DEMO-03,MED-031,72,pair,25.0,2023-12-10,2026-07-24,24,148,14.81,4.86,LOW_AND_NEAR_EXPIRY,BPKMCH Pharmacy Store,Ambient
2026-06-30,BATCH-000339,DEMO-03,MED-031,138,pair,25.0,2021-11-07,2026-07-20,20,148,14.81,9.32,LOW_AND_NEAR_EXPIRY,Private Distributor - Kathmandu,Ambient
2026-06-30,BATCH-000340,DEMO-03,MED-032,612,piece,5.0,2024-08-01,2027-04-02,276,189,18.976,32.25,OK,DoDA Logistics,Ambient
2026-06-30,BATCH-000341,DEMO-03,MED-033,229,piece,35.0,2024-02-24,2026-09-02,64,68,6.869,33.34,NEAR_EXPIRY,Local Pharmacy Wholesaler,Ambient
2026-06-30,BATCH-000342,DEMO-03,MED-034,8,vial,25.0,2026-06-24,2027-07-16,381,8,0.845,9.46,LOW_STOCK,Kanti Central Store,Cold_Chain
2026-06-30,BATCH-000343,DEMO-03,MED-035,9,vial,350.0,2026-02-05,2027-10-20,477,3,0.369,24.39,OK,Local Pharmacy Wholesaler,Cold_Chain
2026-06-30,BATCH-000344,DEMO-03,MED-035,10,vial,350.0,2025-05-06,2026-12-08,161,3,0.369,27.1,OK,DoDA Logistics,Cold_Chain
2026-06-30,BATCH-000345,DEMO-03,MED-036,47,tablet,0.5,2025-07-19,2027-05-04,308,45,4.524,10.39,OK,Private Distributor - Kathmandu,Ambient
2026-06-30,BATCH-000346,DEMO-03,MED-036,14,tablet,0.5,2025-11-27,2027-09-07,434,45,4.524,3.09,LOW_STOCK,Local Pharmacy Wholesaler,Ambient
2026-06-30,BATCH-000347,DEMO-03,MED-036,33,tablet,0.5,2025-12-01,2027-03-11,254,45,4.524,7.29,LOW_STOCK,Provincial Medical Store,Ambient
2026-06-30,BATCH-000348,DEMO-03,MED-037,5,tablet,8.0,2024-07-15,2026-08-12,43,19,1.976,2.53,LOW_AND_NEAR_EXPIRY,Kanti Central Store,Ambient
2026-06-30,BATCH-000349,DEMO-03,MED-037,6,tablet,8.0,2025-01-09,2026-08-22,53,19,1.976,3.04,LOW_AND_NEAR_EXPIRY,BPKMCH Pharmacy Store,Ambient
2026-06-30,BATCH-000350,DEMO-03,MED-038,73,ampoule,12.0,2026-06-25,2027-11-09,497,25,2.5,29.2,OK,Nepal CMS,Ambient
2026-06-30,BATCH-000351,DEMO-03,MED-039,77,ampoule,10.0,2025-11-26,2027-04-08,282,15,1.595,48.27,OK,Nepal CMS,Ambient
2026-06-30,BATCH-000352,DEMO-03,MED-040,85,ampoule,28.0,2024-05-21,2026-09-01,63,40,4.06,20.94,NEAR_EXPIRY,Kanti Central Store,Ambient
2026-06-30,BATCH-000353,DEMO-03,MED-040,43,ampoule,28.0,2026-04-25,2027-10-18,475,40,4.06,10.59,OK,Provincial Medical Store,Ambient
2026-06-30,BATCH-000354,DEMO-03,MED-040,38,ampoule,28.0,2026-06-03,2028-01-08,557,40,4.06,9.36,LOW_STOCK,Local Pharmacy Wholesaler,Ambient
2026-06-30,BATCH-000355,DEMO-03,MED-041,639,vial,180.0,2026-06-27,2027-12-23,541,140,14.048,45.49,OK,Private Distributor - Kathmandu,Ambient
2026-06-30,BATCH-000356,DEMO-03,MED-042,182,vial,1200.0,2025-09-08,2026-08-09,40,107,10.786,16.87,NEAR_EXPIRY,DoDA Logistics,Cold_Chain
2026-06-30,BATCH-000357,DEMO-03,MED-042,162,vial,1200.0,2026-05-31,2028-05-17,687,107,10.786,15.02,OK,Kanti Central Store,Cold_Chain
2026-06-30,BATCH-000358,DEMO-03,MED-042,147,vial,1200.0,2025-11-13,2027-04-13,287,107,10.786,13.63,OK,BPKMCH Pharmacy Store,Cold_Chain
2026-06-30,BATCH-000359,DEMO-03,MED-043,34,vial,3500.0,2026-06-03,2027-12-28,546,69,6.905,4.92,LOW_STOCK,DoDA Logistics,Ambient
2026-06-30,BATCH-000360,DEMO-03,MED-043,94,vial,3500.0,2025-10-16,2027-05-13,317,69,6.905,13.61,OK,Local Pharmacy Wholesaler,Ambient
2026-06-30,BATCH-000361,DEMO-03,MED-044,95,vial,450.0,2026-01-26,2026-12-31,184,59,5.964,15.93,OK,Nepal CMS,Ambient
2026-06-30,BATCH-000362,DEMO-03,MED-045,368,tablet,15.0,2026-06-23,2028-04-22,662,266,26.679,13.79,OK,DoDA Logistics,Ambient
2026-06-30,BATCH-000363,DEMO-03,MED-046,19,prefilled,4500.0,2026-05-22,2027-10-12,469,36,3.69,5.15,LOW_STOCK,Nepal CMS,Cold_Chain
2026-06-30,BATCH-000364,DEMO-03,MED-046,38,prefilled,4500.0,2026-05-19,2027-11-12,500,36,3.69,10.3,OK,BPKMCH Pharmacy Store,Cold_Chain
2026-06-30,BATCH-000365,DEMO-03,MED-047,62,sachet,6.0,2026-06-22,2028-03-12,621,43,4.333,14.31,OK,UNICEF Supply,Ambient
2026-06-30,BATCH-000366,DEMO-03,MED-047,70,sachet,6.0,2024-07-15,2027-06-14,349,43,4.333,16.15,OK,BPKMCH Pharmacy Store,Ambient
2026-06-30,BATCH-000367,DEMO-03,MED-048,31,bottle,65.0,2026-05-29,2027-11-30,518,15,1.56,19.88,OK,Kanti Central Store,Ambient
2026-06-30,BATCH-000368,DEMO-03,MED-048,79,bottle,65.0,2026-03-03,2026-12-18,171,15,1.56,50.66,OK,Nepal CMS,Ambient
2026-06-30,BATCH-000369,DEMO-03,MED-049,70,capsule,2.0,2024-12-27,2026-07-19,19,21,2.107,33.22,NEAR_EXPIRY,Nepal CMS,Ambient
2026-06-30,BATCH-000370,DEMO-03,MED-050,16,vial,120.0,2025-07-13,2026-08-20,51,10,1.083,14.77,NEAR_EXPIRY,Private Distributor - Kathmandu,Cold_Chain
2026-06-30,BATCH-000371,DEMO-03,MED-050,25,vial,120.0,2025-11-26,2026-09-16,78,10,1.083,23.08,NEAR_EXPIRY,Provincial Medical Store,Cold_Chain
2026-06-30,BATCH-000372,DEMO-03,MED-051,6,vial,80.0,2025-06-30,2027-06-13,348,9,0.952,6.3,LOW_STOCK,Nepal CMS,Cold_Chain
2026-06-30,BATCH-000373,DEMO-03,MED-052,37,kit,25.0,2026-03-18,2027-03-03,246,20,2.06,17.97,OK,BPKMCH Pharmacy Store,Ambient
2026-06-30,BATCH-000374,DEMO-03,MED-052,59,kit,25.0,2025-09-01,2027-06-25,360,20,2.06,28.65,OK,BPKMCH Pharmacy Store,Ambient
2026-06-30,BATCH-000375,DEMO-03,MED-053,19,ampoule,35.0,2025-01-06,2026-07-30,30,12,1.262,15.06,NEAR_EXPIRY,Provincial Medical Store,Cold_Chain
2026-06-30,BATCH-000376,DEMO-03,MED-053,8,ampoule,35.0,2024-10-15,2026-07-29,29,12,1.262,6.34,LOW_AND_NEAR_EXPIRY,Provincial Medical Store,Cold_Chain
2026-06-30,BATCH-000377,DEMO-03,MED-053,19,ampoule,35.0,2025-09-24,2026-08-18,49,12,1.262,15.06,NEAR_EXPIRY,UNICEF Supply,Cold_Chain
2026-06-30,BATCH-000378,DEMO-03,MED-054,1,tablet,20.0,2026-05-27,2028-02-15,595,7,0.714,1.4,LOW_STOCK,BPKMCH Pharmacy Store,Ambient
2026-06-30,BATCH-000379,DEMO-03,MED-054,2,tablet,20.0,2025-06-20,2026-09-14,76,7,0.714,2.8,LOW_AND_NEAR_EXPIRY,DoDA Logistics,Ambient
2026-06-30,BATCH-000380,DEMO-03,MED-055,16,ampoule,18.0,2025-08-31,2027-04-13,287,4,0.476,33.6,OK,Local Pharmacy Wholesaler,Ambient
2026-06-30,BATCH-000381,DEMO-03,MED-055,8,ampoule,18.0,2026-05-30,2028-02-06,586,4,0.476,16.8,OK,Provincial Medical Store,Ambient
2026-06-30,BATCH-000382,DEMO-03,MED-055,21,ampoule,18.0,2026-04-26,2029-02-10,956,4,0.476,44.1,OK,BPKMCH Pharmacy Store,Ambient
2026-06-30,BATCH-000383,DEMO-03,MED-056,10,ampoule,45.0,2024-09-25,2027-03-17,260,3,0.393,25.45,OK,BPKMCH Pharmacy Store,Ambient
2026-06-30,BATCH-000384,DEMO-03,MED-057,70,bottle,55.0,2025-05-09,2026-07-16,16,15,1.512,46.3,NEAR_EXPIRY,UNICEF Supply,Ambient
2026-06-30,BATCH-000385,DEMO-03,MED-058,7,bottle,90.0,2025-06-22,2027-03-16,259,9,0.929,7.54,LOW_STOCK,DoDA Logistics,Ambient
2026-06-30,BATCH-000386,DEMO-03,MED-058,18,bottle,90.0,2025-10-28,2027-09-02,429,9,0.929,19.38,OK,Local Pharmacy Wholesaler,Ambient
2026-06-30,BATCH-000387,DEMO-03,MED-059,18,bottle,70.0,2025-10-27,2027-03-25,268,8,0.81,22.24,OK,BPKMCH Pharmacy Store,Ambient
2026-06-30,BATCH-000388,DEMO-03,MED-059,17,bottle,70.0,2025-07-29,2027-01-07,191,8,0.81,21.0,OK,Private Distributor - Kathmandu,Ambient
2026-06-30,BATCH-000389,DEMO-03,MED-060,15,vial,2500.0,2024-07-25,2026-07-07,7,3,0.393,38.18,NEAR_EXPIRY,Provincial Medical Store,Cold_Chain
2026-06-30,BATCH-000390,DEMO-03,MED-061,7,ampoule,25.0,2025-10-07,2026-07-27,27,8,0.881,7.95,LOW_AND_NEAR_EXPIRY,Provincial Medical Store,Ambient
2026-06-30,BATCH-000391,DEMO-03,MED-061,4,ampoule,25.0,2025-07-16,2026-08-11,42,8,0.881,4.54,LOW_AND_NEAR_EXPIRY,UNICEF Supply,Ambient
2026-06-30,BATCH-000392,DEMO-03,MED-061,3,ampoule,25.0,2025-09-28,2026-08-13,44,8,0.881,3.41,LOW_AND_NEAR_EXPIRY,Nepal CMS,Ambient
2026-06-30,BATCH-000393,DEMO-03,MED-062,10,ampoule,12.0,2026-06-12,2029-02-18,964,8,0.833,12.0,OK,Kanti Central Store,Ambient
2026-06-30,BATCH-000394,DEMO-03,MED-062,4,ampoule,12.0,2026-06-03,2029-02-07,953,8,0.833,4.8,LOW_STOCK,Kanti Central Store,Ambient
2026-06-30,BATCH-000395,DEMO-03,MED-062,5,ampoule,12.0,2026-06-23,2028-09-25,818,8,0.833,6.0,LOW_STOCK,BPKMCH Pharmacy Store,Ambient
2026-06-30,BATCH-000396,DEMO-03,MED-063,35,vial,850.0,2025-07-31,2027-01-29,213,5,0.583,60.0,OK,BPKMCH Pharmacy Store,Cold_Chain
2026-06-30,BATCH-000397,DEMO-03,MED-064,200,roll,80.0,2022-04-30,2026-08-02,33,46,4.679,42.75,NEAR_EXPIRY,Private Distributor - Kathmandu,Ambient
2026-06-30,BATCH-000398,DEMO-03,MED-065,24,unit,0.0,2026-06-12,2026-07-10,10,32,3.274,7.33,LOW_AND_NEAR_EXPIRY,Nepal CMS,Cold_Chain
2026-06-30,BATCH-000399,DEMO-03,MED-065,28,unit,0.0,2026-05-26,2026-07-18,18,32,3.274,8.55,LOW_AND_NEAR_EXPIRY,Local Pharmacy Wholesaler,Cold_Chain
2026-06-30,BATCH-000400,DEMO-03,MED-065,43,unit,0.0,2026-06-12,2026-08-02,33,32,3.274,13.13,NEAR_EXPIRY,Local Pharmacy Wholesaler,Cold_Chain
2026-06-30,BATCH-000401,DEMO-03,MED-066,91,unit,0.0,2026-06-22,2026-07-12,12,29,2.964,30.7,NEAR_EXPIRY,Local Pharmacy Wholesaler,Cold_Chain
2026-06-30,BATCH-000402,DEMO-03,MED-066,46,unit,0.0,2026-06-16,2026-07-14,14,29,2.964,15.52,NEAR_EXPIRY,Private Distributor - Kathmandu,Cold_Chain
2026-06-30,BATCH-000403,DEMO-03,MED-066,103,unit,0.0,2026-06-02,2026-08-02,33,29,2.964,34.75,NEAR_EXPIRY,BPKMCH Pharmacy Store,Cold_Chain
2026-06-30,BATCH-000404,DEMO-03,MED-067,19,vial,40.0,2026-06-13,2029-06-12,1078,23,2.345,8.1,LOW_STOCK,UNICEF Supply,Ambient
2026-06-30,BATCH-000405,DEMO-03,MED-067,40,vial,40.0,2025-01-06,2026-12-24,177,23,2.345,17.06,OK,UNICEF Supply,Ambient
2026-06-30,BATCH-000406,DEMO-03,MED-068,4,vial,180.0,2024-01-10,2026-08-31,62,7,0.786,5.09,LOW_AND_NEAR_EXPIRY,UNICEF Supply,Ambient
2026-06-30,BATCH-000407,DEMO-03,MED-068,8,vial,180.0,2024-03-21,2026-08-01,32,7,0.786,10.18,NEAR_EXPIRY,UNICEF Supply,Ambient
2026-06-30,BATCH-000408,DEMO-03,MED-069,18,ampoule,95.0,2025-07-19,2027-03-19,262,8,0.81,22.24,OK,UNICEF Supply,Ambient
2026-06-30,BATCH-000409,DEMO-03,MED-069,20,ampoule,95.0,2025-05-12,2026-09-16,78,8,0.81,24.71,NEAR_EXPIRY,Nepal CMS,Ambient
2026-06-30,BATCH-000410,DEMO-03,MED-070,283,sachet,120.0,2025-09-22,2027-01-23,207,66,6.69,42.3,OK,BPKMCH Pharmacy Store,Ambient
2026-06-30,BATCH-000411,DEMO-03,MED-071,26,ampoule,150.0,2025-02-28,2026-07-14,14,18,1.821,14.27,NEAR_EXPIRY,UNICEF Supply,Ambient
2026-06-30,BATCH-000412,DEMO-03,MED-071,14,ampoule,150.0,2024-12-26,2026-08-17,48,18,1.821,7.69,LOW_AND_NEAR_EXPIRY,DoDA Logistics,Ambient
2026-06-30,BATCH-000413,DEMO-03,MED-071,20,ampoule,150.0,2025-03-16,2026-08-10,41,18,1.821,10.98,NEAR_EXPIRY,BPKMCH Pharmacy Store,Ambient
2026-06-30,BATCH-000414,DEMO-03,MED-072,47,vial,650.0,2026-03-22,2028-02-21,601,27,2.786,16.87,OK,Nepal CMS,Ambient
2026-06-30,BATCH-000415,DEMO-03,MED-072,95,vial,650.0,2026-03-05,2027-10-01,458,27,2.786,34.1,OK,Local Pharmacy Wholesaler,Ambient
2026-06-30,BATCH-000416,DEMO-04,MED-001,23926,tablet,1.5,2025-09-14,2027-08-16,412,2769,276.952,86.39,OK,Private Distributor - Kathmandu,Ambient
2026-06-30,BATCH-000417,DEMO-04,MED-002,201,bottle,45.0,2026-06-06,2028-05-15,685,510,51.048,3.94,LOW_STOCK,Provincial Medical Store,Ambient
2026-06-30,BATCH-000418,DEMO-04,MED-002,313,bottle,45.0,2026-05-07,2027-03-13,256,510,51.048,6.13,LOW_STOCK,UNICEF Supply,Ambient
2026-06-30,BATCH-000419,DEMO-04,MED-003,171,tablet,2.5,2026-05-19,2028-09-17,810,230,23.083,7.41,LOW_STOCK,Local Pharmacy Wholesaler,Ambient
2026-06-30,BATCH-000420,DEMO-04,MED-003,329,tablet,2.5,2024-07-05,2027-02-11,226,230,23.083,14.25,OK,Kanti Central Store,Ambient
2026-06-30,BATCH-000421,DEMO-04,MED-004,65,ampoule,25.0,2026-02-03,2027-12-03,521,85,8.583,7.57,LOW_STOCK,Nepal CMS,Ambient
2026-06-30,BATCH-000422,DEMO-04,MED-004,62,ampoule,25.0,2026-05-22,2028-03-01,610,85,8.583,7.22,LOW_STOCK,Local Pharmacy Wholesaler,Ambient
2026-06-30,BATCH-000423,DEMO-04,MED-005,5037,capsule,6.0,2025-06-12,2026-10-03,95,1197,119.738,42.07,OK,Nepal CMS,Ambient
2026-06-30,BATCH-000424,DEMO-04,MED-006,232,tablet,35.0,2025-07-17,2026-08-14,45,614,61.476,3.77,LOW_AND_NEAR_EXPIRY,Private Distributor - Kathmandu,Ambient
2026-06-30,BATCH-000425,DEMO-04,MED-006,302,tablet,35.0,2026-05-17,2027-09-03,430,614,61.476,4.91,LOW_STOCK,BPKMCH Pharmacy Store,Ambient
2026-06-30,BATCH-000426,DEMO-04,MED-006,296,tablet,35.0,2026-06-28,2028-06-16,717,614,61.476,4.81,LOW_STOCK,Nepal CMS,Ambient
2026-06-30,BATCH-000427,DEMO-04,MED-007,1595,tablet,40.0,2025-05-13,2026-07-11,11,438,43.821,36.4,NEAR_EXPIRY,Kanti Central Store,Ambient
2026-06-30,BATCH-000428,DEMO-04,MED-007,502,tablet,40.0,2025-09-08,2027-05-24,328,438,43.821,11.46,OK,Provincial Medical Store,Ambient
2026-06-30,BATCH-000429,DEMO-04,MED-007,1002,tablet,40.0,2025-11-14,2026-12-28,181,438,43.821,22.87,OK,BPKMCH Pharmacy Store,Ambient
2026-06-30,BATCH-000430,DEMO-04,MED-008,944,tablet,8.0,2026-06-05,2028-03-06,615,712,71.226,13.25,OK,Nepal CMS,Ambient
2026-06-30,BATCH-000431,DEMO-04,MED-008,2487,tablet,8.0,2024-12-17,2027-12-01,519,712,71.226,34.92,OK,BPKMCH Pharmacy Store,Ambient
2026-06-30,BATCH-000432,DEMO-04,MED-009,1051,vial,85.0,2026-06-08,2027-10-26,483,581,58.179,18.07,OK,Provincial Medical Store,Ambient
2026-06-30,BATCH-000433,DEMO-04,MED-009,301,vial,85.0,2026-06-29,2028-05-07,677,581,58.179,5.17,LOW_STOCK,UNICEF Supply,Ambient
2026-06-30,BATCH-000434,DEMO-04,MED-009,643,vial,85.0,2025-09-14,2027-05-19,323,581,58.179,11.05,OK,Private Distributor - Kathmandu,Ambient
2026-06-30,BATCH-000435,DEMO-04,MED-010,1927,tablet,2.0,2025-03-19,2026-07-07,7,832,83.202,23.16,NEAR_EXPIRY,Provincial Medical Store,Ambient
2026-06-30,BATCH-000436,DEMO-04,MED-011,4796,sachet,8.0,2024-07-29,2026-07-24,24,2894,289.429,16.57,NEAR_EXPIRY,UNICEF Supply,Ambient
2026-06-30,BATCH-000437,DEMO-04,MED-011,5504,sachet,8.0,2025-01-21,2026-07-26,26,2894,289.429,19.02,NEAR_EXPIRY,Provincial Medical Store,Ambient
2026-06-30,BATCH-000438,DEMO-04,MED-012,2265,tablet,1.2,2025-05-31,2026-08-21,52,1564,156.464,14.48,NEAR_EXPIRY,Nepal CMS,Ambient
2026-06-30,BATCH-000439,DEMO-04,MED-012,997,tablet,1.2,2024-06-17,2026-08-01,32,1564,156.464,6.37,LOW_AND_NEAR_EXPIRY,Kanti Central Store,Ambient
2026-06-30,BATCH-000440,DEMO-04,MED-012,1042,tablet,1.2,2024-06-25,2026-07-25,25,1564,156.464,6.66,LOW_AND_NEAR_EXPIRY,DoDA Logistics,Ambient
2026-06-30,BATCH-000441,DEMO-04,MED-013,505,bag,55.0,2026-05-21,2028-01-16,565,233,23.321,21.65,OK,Private Distributor - Kathmandu,Ambient
2026-06-30,BATCH-000442,DEMO-04,MED-013,550,bag,55.0,2026-01-12,2027-02-26,241,233,23.321,23.58,OK,UNICEF Supply,Ambient
2026-06-30,BATCH-000443,DEMO-04,MED-014,848,bag,45.0,2026-04-25,2027-08-05,401,315,31.512,26.91,OK,Provincial Medical Store,Ambient
2026-06-30,BATCH-000444,DEMO-04,MED-015,505,bag,48.0,2025-06-17,2026-07-16,16,187,18.726,26.97,NEAR_EXPIRY,Nepal CMS,Ambient
2026-06-30,BATCH-000445,DEMO-04,MED-015,437,bag,48.0,2025-09-28,2026-08-08,39,187,18.726,23.34,NEAR_EXPIRY,UNICEF Supply,Ambient
2026-06-30,BATCH-000446,DEMO-04,MED-016,21,tablet,15.0,2025-10-19,2027-07-18,383,47,4.774,4.4,LOW_STOCK,Local Pharmacy Wholesaler,Ambient
2026-06-30,BATCH-000447,DEMO-04,MED-016,9,tablet,15.0,2025-04-09,2026-08-10,41,47,4.774,1.89,LOW_AND_NEAR_EXPIRY,UNICEF Supply,Ambient
2026-06-30,BATCH-000448,DEMO-04,MED-016,16,tablet,15.0,2026-05-18,2027-11-29,517,47,4.774,3.35,LOW_STOCK,Kanti Central Store,Ambient
2026-06-30,BATCH-000449,DEMO-04,MED-017,8,tablet,1.8,2024-10-20,2026-08-16,47,25,2.595,3.08,LOW_AND_NEAR_EXPIRY,Provincial Medical Store,Ambient
2026-06-30,BATCH-000450,DEMO-04,MED-017,3,tablet,1.8,2024-06-14,2026-12-05,158,25,2.595,1.16,LOW_STOCK,Kanti Central Store,Ambient
2026-06-30,BATCH-000451,DEMO-04,MED-017,5,tablet,1.8,2026-05-11,2028-08-16,778,25,2.595,1.93,LOW_STOCK,UNICEF Supply,Ambient
2026-06-30,BATCH-000452,DEMO-04,MED-018,1138,unit,180.0,2026-03-19,2027-12-17,535,320,32.036,35.52,OK,Local Pharmacy Wholesaler,Ambient
2026-06-30,BATCH-000453,DEMO-04,MED-019,2891,ampoule,30.0,2024-12-27,2026-12-02,155,337,33.738,85.69,OK,UNICEF Supply,Ambient
2026-06-30,BATCH-000454,DEMO-04,MED-020,930,bottle,55.0,2025-04-24,2027-01-31,215,1211,121.155,7.68,LOW_STOCK,DoDA Logistics,Ambient
2026-06-30,BATCH-000455,DEMO-04,MED-020,1650,bottle,55.0,2025-05-01,2026-07-12,12,1211,121.155,13.62,NEAR_EXPIRY,Nepal CMS,Ambient
2026-06-30,BATCH-000456,DEMO-04,MED-022,140,tablet,2.5,2024-07-28,2026-11-11,134,79,7.917,17.68,OK,Private Distributor - Kathmandu,Ambient
2026-06-30,BATCH-000457,DEMO-04,MED-023,94,tablet,1.5,2026-05-10,2028-08-06,768,125,12.524,7.51,LOW_STOCK,Nepal CMS,Ambient
2026-06-30,BATCH-000458,DEMO-04,MED-023,43,tablet,1.5,2026-06-14,2028-06-17,718,125,12.524,3.43,LOW_STOCK,BPKMCH Pharmacy Store,Ambient
2026-06-30,BATCH-000459,DEMO-04,MED-023,125,tablet,1.5,2025-03-10,2027-08-09,405,125,12.524,9.98,LOW_STOCK,Private Distributor - Kathmandu,Ambient
2026-06-30,BATCH-000460,DEMO-04,MED-024,66,vial,450.0,2026-05-06,2027-12-31,549,15,1.571,42.0,OK,Provincial Medical Store,Cold_Chain
2026-06-30,BATCH-000461,DEMO-04,MED-025,151,tablet,3.0,2025-01-26,2027-10-03,460,57,5.738,26.32,OK,Kanti Central Store,Ambient
2026-06-30,BATCH-000462,DEMO-04,MED-025,84,tablet,3.0,2026-06-10,2029-05-18,1053,57,5.738,14.64,OK,UNICEF Supply,Ambient
2026-06-30,BATCH-000463,DEMO-04,MED-025,155,tablet,3.0,2024-12-26,2026-12-13,166,57,5.738,27.01,OK,BPKMCH Pharmacy Store,Ambient
2026-06-30,BATCH-000464,DEMO-04,MED-026,403,tablet,0.8,2024-11-01,2026-10-02,94,111,11.131,36.21,OK,DoDA Logistics,Ambient
2026-06-30,BATCH-000465,DEMO-04,MED-027,2054,capsule,2.0,2026-06-27,2029-01-31,946,419,41.929,48.99,OK,DoDA Logistics,Ambient
2026-06-30,BATCH-000466,DEMO-04,MED-028,116,tablet,6.0,2024-09-26,2026-08-26,57,135,13.512,8.59,LOW_AND_NEAR_EXPIRY,Private Distributor - Kathmandu,Ambient
2026-06-30,BATCH-000467,DEMO-04,MED-028,302,tablet,6.0,2026-05-21,2028-07-31,762,135,13.512,22.35,OK,Kanti Central Store,Ambient
2026-06-30,BATCH-000468,DEMO-04,MED-029,223,tablet,1.5,2025-11-26,2027-02-14,229,119,11.905,18.73,OK,BPKMCH Pharmacy Store,Ambient
2026-06-30,BATCH-000469,DEMO-04,MED-029,116,tablet,1.5,2026-03-29,2028-04-07,647,119,11.905,9.74,LOW_STOCK,DoDA Logistics,Ambient
2026-06-30,BATCH-000470,DEMO-04,MED-029,145,tablet,1.5,2026-06-05,2029-01-13,928,119,11.905,12.18,OK,Nepal CMS,Ambient
2026-06-30,BATCH-000471,DEMO-04,MED-030,145,bottle_100ml,85.0,2023-12-22,2026-10-14,106,80,8.0,18.12,OK,BPKMCH Pharmacy Store,Ambient
2026-06-30,BATCH-000472,DEMO-04,MED-030,70,bottle_100ml,85.0,2024-08-24,2026-09-21,83,80,8.0,8.75,LOW_AND_NEAR_EXPIRY,Private Distributor - Kathmandu,Ambient
2026-06-30,BATCH-000473,DEMO-04,MED-030,103,bottle_100ml,85.0,2025-05-10,2026-09-23,85,80,8.0,12.88,NEAR_EXPIRY,UNICEF Supply,Ambient
2026-06-30,BATCH-000474,DEMO-04,MED-031,1717,pair,25.0,2023-10-23,2026-11-07,130,446,44.631,38.47,OK,Provincial Medical Store,Ambient
2026-06-30,BATCH-000475,DEMO-04,MED-032,579,piece,5.0,2022-12-04,2026-11-26,149,617,61.798,9.37,LOW_STOCK,Provincial Medical Store,Ambient
2026-06-30,BATCH-000476,DEMO-04,MED-032,224,piece,5.0,2026-06-10,2029-04-18,1023,617,61.798,3.62,LOW_STOCK,BPKMCH Pharmacy Store,Ambient
2026-06-30,BATCH-000477,DEMO-04,MED-032,554,piece,5.0,2025-10-08,2027-11-24,512,617,61.798,8.96,LOW_STOCK,UNICEF Supply,Ambient
2026-06-30,BATCH-000478,DEMO-04,MED-033,733,piece,35.0,2026-06-11,2029-01-12,927,232,23.214,31.58,OK,Local Pharmacy Wholesaler,Ambient
2026-06-30,BATCH-000479,DEMO-04,MED-034,414,vial,25.0,2026-06-11,2028-04-07,647,245,24.595,16.83,OK,Local Pharmacy Wholesaler,Cold_Chain
2026-06-30,BATCH-000480,DEMO-04,MED-035,112,vial,350.0,2025-08-05,2027-02-08,223,122,12.226,9.16,LOW_STOCK,Kanti Central Store,Cold_Chain
2026-06-30,BATCH-000481,DEMO-04,MED-035,146,vial,350.0,2026-04-19,2027-12-29,547,122,12.226,11.94,OK,BPKMCH Pharmacy Store,Cold_Chain
2026-06-30,BATCH-000482,DEMO-04,MED-037,76,tablet,8.0,2025-10-09,2028-06-12,713,45,4.524,16.8,OK,Kanti Central Store,Ambient
2026-06-30,BATCH-000483,DEMO-04,MED-037,28,tablet,8.0,2026-06-25,2029-03-27,1001,45,4.524,6.19,LOW_STOCK,Kanti Central Store,Ambient
2026-06-30,BATCH-000484,DEMO-04,MED-037,51,tablet,8.0,2025-07-24,2027-07-02,367,45,4.524,11.27,OK,Provincial Medical Store,Ambient
2026-06-30,BATCH-000485,DEMO-04,MED-038,535,ampoule,12.0,2024-08-31,2026-08-06,37,319,31.929,16.76,NEAR_EXPIRY,Kanti Central Store,Ambient
2026-06-30,BATCH-000486,DEMO-04,MED-038,293,ampoule,12.0,2025-06-11,2026-07-31,31,319,31.929,9.18,LOW_AND_NEAR_EXPIRY,UNICEF Supply,Ambient
2026-06-30,BATCH-000487,DEMO-04,MED-038,259,ampoule,12.0,2025-09-05,2026-08-14,45,319,31.929,8.11,LOW_AND_NEAR_EXPIRY,Local Pharmacy Wholesaler,Ambient
2026-06-30,BATCH-000488,DEMO-04,MED-039,164,ampoule,10.0,2026-05-09,2027-11-04,492,249,24.988,6.56,LOW_STOCK,BPKMCH Pharmacy Store,Ambient
2026-06-30,BATCH-000489,DEMO-04,MED-039,238,ampoule,10.0,2026-05-04,2028-12-21,905,249,24.988,9.52,LOW_STOCK,BPKMCH Pharmacy Store,Ambient
2026-06-30,BATCH-000490,DEMO-04,MED-039,206,ampoule,10.0,2025-10-13,2028-05-04,674,249,24.988,8.24,LOW_STOCK,Nepal CMS,Ambient
2026-06-30,BATCH-000491,DEMO-04,MED-040,484,ampoule,28.0,2026-04-19,2028-07-11,742,50,5.012,96.57,OK,Nepal CMS,Ambient
2026-06-30,BATCH-000492,DEMO-04,MED-041,63,vial,180.0,2026-03-23,2027-12-02,520,39,3.94,15.99,OK,BPKMCH Pharmacy Store,Ambient
2026-06-30,BATCH-000493,DEMO-04,MED-042,37,vial,1200.0,2026-06-04,2028-02-20,600,22,2.274,16.27,OK,UNICEF Supply,Cold_Chain
2026-06-30,BATCH-000494,DEMO-04,MED-042,16,vial,1200.0,2025-09-04,2027-01-26,210,22,2.274,7.04,LOW_STOCK,Provincial Medical Store,Cold_Chain
2026-06-30,BATCH-000495,DEMO-04,MED-042,33,vial,1200.0,2026-06-07,2028-01-09,558,22,2.274,14.51,OK,Kanti Central Store,Cold_Chain
2026-06-30,BATCH-000496,DEMO-04,MED-043,23,vial,3500.0,2026-06-14,2028-06-17,718,19,1.917,12.0,OK,UNICEF Supply,Ambient
2026-06-30,BATCH-000497,DEMO-04,MED-043,58,vial,3500.0,2026-06-15,2027-11-29,517,19,1.917,30.26,OK,Nepal CMS,Ambient
2026-06-30,BATCH-000498,DEMO-04,MED-044,91,vial,450.0,2026-01-05,2027-02-27,242,26,2.607,34.9,OK,Local Pharmacy Wholesaler,Ambient
2026-06-30,BATCH-000499,DEMO-04,MED-044,79,vial,450.0,2026-05-22,2028-04-28,668,26,2.607,30.3,OK,UNICEF Supply,Ambient
2026-06-30,BATCH-000500,DEMO-04,MED-045,114,tablet,15.0,2026-06-12,2028-05-04,674,73,7.31,15.6,OK,Provincial Medical Store,Ambient
2026-06-30,BATCH-000501,DEMO-04,MED-045,206,tablet,15.0,2025-11-10,2026-10-21,113,73,7.31,28.18,OK,Kanti Central Store,Ambient
2026-06-30,BATCH-000502,DEMO-04,MED-046,65,prefilled,4500.0,2026-06-20,2027-08-29,425,16,1.655,39.28,OK,Local Pharmacy Wholesaler,Cold_Chain
2026-06-30,BATCH-000503,DEMO-04,MED-047,3629,sachet,6.0,2024-10-31,2026-09-01,63,3354,335.417,10.82,NEAR_EXPIRY,Provincial Medical Store,Ambient
2026-06-30,BATCH-000504,DEMO-04,MED-047,4003,sachet,6.0,2025-03-14,2026-10-21,113,3354,335.417,11.93,OK,UNICEF Supply,Ambient
2026-06-30,BATCH-000505,DEMO-04,MED-047,4721,sachet,6.0,2026-06-05,2028-12-28,912,3354,335.417,14.08,OK,BPKMCH Pharmacy Store,Ambient
2026-06-30,BATCH-000506,DEMO-04,MED-048,2651,bottle,65.0,2026-06-20,2028-05-20,690,1185,118.56,22.36,OK,Kanti Central Store,Ambient
2026-06-30,BATCH-000507,DEMO-04,MED-048,3086,bottle,65.0,2025-08-12,2027-05-22,326,1185,118.56,26.03,OK,BPKMCH Pharmacy Store,Ambient
2026-06-30,BATCH-000508,DEMO-04,MED-049,697,capsule,2.0,2025-07-03,2027-02-06,221,1429,142.952,4.88,LOW_STOCK,Provincial Medical Store,Ambient
2026-06-30,BATCH-000509,DEMO-04,MED-049,607,capsule,2.0,2025-12-30,2027-08-14,410,1429,142.952,4.25,LOW_STOCK,Local Pharmacy Wholesaler,Ambient
2026-06-30,BATCH-000510,DEMO-04,MED-050,610,vial,120.0,2026-03-26,2027-01-17,201,347,34.774,17.54,OK,Local Pharmacy Wholesaler,Cold_Chain
2026-06-30,BATCH-000511,DEMO-04,MED-050,293,vial,120.0,2025-08-20,2027-06-29,364,347,34.774,8.43,LOW_STOCK,UNICEF Supply,Cold_Chain
2026-06-30,BATCH-000512,DEMO-04,MED-050,720,vial,120.0,2026-03-23,2027-11-03,491,347,34.774,20.71,OK,Private Distributor - Kathmandu,Cold_Chain
2026-06-30,BATCH-000513,DEMO-04,MED-051,1057,vial,80.0,2025-03-22,2026-07-19,19,352,35.262,29.98,NEAR_EXPIRY,Private Distributor - Kathmandu,Cold_Chain
2026-06-30,BATCH-000514,DEMO-04,MED-052,778,kit,25.0,2025-09-03,2027-04-28,302,2021,202.155,3.85,LOW_STOCK,UNICEF Supply,Ambient
2026-06-30,BATCH-000515,DEMO-04,MED-052,747,kit,25.0,2026-06-16,2028-06-03,704,2021,202.155,3.7,LOW_STOCK,Kanti Central Store,Ambient
2026-06-30,BATCH-000516,DEMO-04,MED-052,1243,kit,25.0,2026-05-14,2027-12-19,537,2021,202.155,6.15,LOW_STOCK,Kanti Central Store,Ambient
2026-06-30,BATCH-000517,DEMO-04,MED-054,3,tablet,20.0,2026-05-24,2027-09-06,433,15,1.5,2.0,LOW_STOCK,Kanti Central Store,Ambient
2026-06-30,BATCH-000518,DEMO-04,MED-054,3,tablet,20.0,2025-05-18,2026-07-14,14,15,1.5,2.0,LOW_AND_NEAR_EXPIRY,Local Pharmacy Wholesaler,Ambient
2026-06-30,BATCH-000519,DEMO-04,MED-054,3,tablet,20.0,2025-02-09,2027-01-12,196,15,1.5,2.0,LOW_STOCK,Private Distributor - Kathmandu,Ambient
2026-06-30,BATCH-000520,DEMO-04,MED-055,6,ampoule,18.0,2024-10-14,2026-10-05,97,7,0.75,8.0,LOW_STOCK,Provincial Medical Store,Ambient
2026-06-30,BATCH-000521,DEMO-04,MED-055,11,ampoule,18.0,2025-07-31,2027-02-21,236,7,0.75,14.67,OK,Kanti Central Store,Ambient
2026-06-30,BATCH-000522,DEMO-04,MED-057,346,bottle,55.0,2025-04-28,2026-12-20,173,100,10.06,34.4,OK,DoDA Logistics,Ambient
2026-06-30,BATCH-000523,DEMO-04,MED-058,41,bottle,90.0,2025-03-15,2026-08-03,34,66,6.655,6.16,LOW_AND_NEAR_EXPIRY,DoDA Logistics,Ambient
2026-06-30,BATCH-000524,DEMO-04,MED-058,48,bottle,90.0,2025-03-17,2027-01-22,206,66,6.655,7.21,LOW_STOCK,Nepal CMS,Ambient
2026-06-30,BATCH-000525,DEMO-04,MED-058,43,bottle,90.0,2026-06-05,2028-05-25,695,66,6.655,6.46,LOW_STOCK,BPKMCH Pharmacy Store,Ambient
2026-06-30,BATCH-000526,DEMO-04,MED-059,120,bottle,70.0,2026-04-11,2027-11-22,510,56,5.667,21.18,OK,Kanti Central Store,Ambient
2026-06-30,BATCH-000527,DEMO-04,MED-059,134,bottle,70.0,2025-01-26,2026-11-22,145,56,5.667,23.65,OK,UNICEF Supply,Ambient
2026-06-30,BATCH-000528,DEMO-04,MED-059,157,bottle,70.0,2026-04-14,2028-03-09,618,56,5.667,27.71,OK,Provincial Medical Store,Ambient
2026-06-30,BATCH-000529,DEMO-04,MED-060,125,vial,2500.0,2026-06-01,2028-01-05,554,12,1.238,100.96,OK,BPKMCH Pharmacy Store,Cold_Chain
2026-06-30,BATCH-000530,DEMO-04,MED-061,91,ampoule,25.0,2025-10-27,2026-09-19,81,30,3.06,29.74,NEAR_EXPIRY,Private Distributor - Kathmandu,Ambient
2026-06-30,BATCH-000531,DEMO-04,MED-062,61,ampoule,12.0,2024-06-03,2026-12-04,157,27,2.75,22.18,OK,BPKMCH Pharmacy Store,Ambient
2026-06-30,BATCH-000532,DEMO-04,MED-062,28,ampoule,12.0,2026-01-30,2029-01-04,919,27,2.75,10.18,OK,UNICEF Supply,Ambient
2026-06-30,BATCH-000533,DEMO-04,MED-062,26,ampoule,12.0,2024-07-08,2026-08-04,35,27,2.75,9.45,LOW_AND_NEAR_EXPIRY,UNICEF Supply,Ambient
2026-06-30,BATCH-000534,DEMO-04,MED-063,51,vial,850.0,2025-09-28,2026-10-06,98,12,1.274,40.04,OK,Provincial Medical Store,Cold_Chain
2026-06-30,BATCH-000535,DEMO-04,MED-064,308,roll,80.0,2023-07-20,2027-05-16,320,145,14.536,21.19,OK,DoDA Logistics,Ambient
2026-06-30,BATCH-000536,DEMO-04,MED-065,26,unit,0.0,2026-06-29,2026-07-16,16,32,3.286,7.91,LOW_AND_NEAR_EXPIRY,Provincial Medical Store,Cold_Chain
2026-06-30,BATCH-000537,DEMO-04,MED-065,21,unit,0.0,2026-06-27,2026-07-20,20,32,3.286,6.39,LOW_AND_NEAR_EXPIRY,Private Distributor - Kathmandu,Cold_Chain
2026-06-30,BATCH-000538,DEMO-04,MED-065,44,unit,0.0,2026-06-10,2026-07-21,21,32,3.286,13.39,NEAR_EXPIRY,Nepal CMS,Cold_Chain
2026-06-30,BATCH-000539,DEMO-04,MED-066,33,unit,0.0,2026-06-26,2026-07-21,21,24,2.417,13.66,NEAR_EXPIRY,UNICEF Supply,Cold_Chain
2026-06-30,BATCH-000540,DEMO-04,MED-066,29,unit,0.0,2026-06-13,2026-07-11,11,24,2.417,12.0,NEAR_EXPIRY,Local Pharmacy Wholesaler,Cold_Chain
2026-06-30,BATCH-000541,DEMO-04,MED-067,146,vial,40.0,2025-10-29,2027-08-06,402,117,11.726,12.45,OK,UNICEF Supply,Ambient
2026-06-30,BATCH-000542,DEMO-04,MED-067,165,vial,40.0,2024-09-26,2027-04-28,302,117,11.726,14.07,OK,UNICEF Supply,Ambient
2026-06-30,BATCH-000543,DEMO-04,MED-068,125,vial,180.0,2025-05-17,2027-05-27,331,39,3.917,31.91,OK,Local Pharmacy Wholesaler,Ambient
2026-06-30,BATCH-000544,DEMO-04,MED-069,164,ampoule,95.0,2026-06-29,2029-05-28,1063,48,4.869,33.68,OK,Nepal CMS,Ambient
2026-06-30,BATCH-000545,DEMO-04,MED-070,239,sachet,120.0,2026-06-05,2028-03-15,624,193,19.321,12.37,OK,Kanti Central Store,Ambient
2026-06-30,BATCH-000546,DEMO-04,MED-070,222,sachet,120.0,2025-04-11,2027-02-27,242,193,19.321,11.49,OK,UNICEF Supply,Ambient
2026-06-30,BATCH-000547,DEMO-04,MED-070,202,sachet,120.0,2025-10-28,2026-12-24,177,193,19.321,10.45,OK,Nepal CMS,Ambient
2026-06-30,BATCH-000548,DEMO-04,MED-071,15,ampoule,150.0,2026-03-08,2027-06-22,357,15,1.548,9.69,LOW_STOCK,Nepal CMS,Ambient
2026-06-30,BATCH-000549,DEMO-04,MED-071,29,ampoule,150.0,2025-11-22,2027-08-31,427,15,1.548,18.74,OK,Provincial Medical Store,Ambient
2026-06-30,BATCH-000550,DEMO-04,MED-072,244,vial,650.0,2025-06-26,2026-08-05,36,125,12.512,19.5,NEAR_EXPIRY,Kanti Central Store,Ambient
2026-06-30,BATCH-000551,DEMO-04,MED-072,297,vial,650.0,2025-10-05,2026-08-22,53,125,12.512,23.74,NEAR_EXPIRY,Provincial Medical Store,Ambient
2026-06-30,BATCH-000552,DEMO-05,MED-001,326,tablet,1.5,2026-05-26,2028-12-24,908,847,84.774,3.85,LOW_STOCK,BPKMCH Pharmacy Store,Ambient
2026-06-30,BATCH-000553,DEMO-05,MED-001,403,tablet,1.5,2025-11-11,2027-04-28,302,847,84.774,4.75,LOW_STOCK,DoDA Logistics,Ambient
2026-06-30,BATCH-000554,DEMO-05,MED-001,429,tablet,1.5,2025-04-01,2028-01-28,577,847,84.774,5.06,LOW_STOCK,Provincial Medical Store,Ambient
2026-06-30,BATCH-000555,DEMO-05,MED-002,207,bottle,45.0,2025-04-17,2026-07-27,27,176,17.631,11.74,NEAR_EXPIRY,BPKMCH Pharmacy Store,Ambient
2026-06-30,BATCH-000556,DEMO-05,MED-002,132,bottle,45.0,2026-04-08,2027-05-02,306,176,17.631,7.49,LOW_STOCK,BPKMCH Pharmacy Store,Ambient
2026-06-30,BATCH-000557,DEMO-05,MED-002,147,bottle,45.0,2025-09-16,2026-09-26,88,176,17.631,8.34,LOW_AND_NEAR_EXPIRY,Nepal CMS,Ambient
2026-06-30,BATCH-000558,DEMO-05,MED-003,671,tablet,2.5,2026-06-07,2027-10-12,469,812,81.298,8.25,LOW_STOCK,UNICEF Supply,Ambient
2026-06-30,BATCH-000559,DEMO-05,MED-003,891,tablet,2.5,2025-05-11,2027-03-25,268,812,81.298,10.96,OK,Kanti Central Store,Ambient
2026-06-30,BATCH-000560,DEMO-05,MED-004,1088,ampoule,25.0,2026-06-26,2027-11-11,499,252,25.286,43.03,OK,UNICEF Supply,Ambient
2026-06-30,BATCH-000561,DEMO-05,MED-005,494,capsule,6.0,2026-04-18,2027-09-11,438,922,92.238,5.36,LOW_STOCK,Private Distributor - Kathmandu,Ambient
2026-06-30,BATCH-000562,DEMO-05,MED-005,1468,capsule,6.0,2025-12-15,2027-02-03,218,922,92.238,15.92,OK,BPKMCH Pharmacy Store,Ambient
2026-06-30,BATCH-000563,DEMO-05,MED-006,2456,tablet,35.0,2026-06-12,2028-04-16,656,499,49.964,49.16,OK,Kanti Central Store,Ambient
2026-06-30,BATCH-000564,DEMO-05,MED-007,385,tablet,40.0,2026-02-27,2027-06-07,342,366,36.667,10.5,OK,BPKMCH Pharmacy Store,Ambient
2026-06-30,BATCH-000565,DEMO-05,MED-007,916,tablet,40.0,2024-11-17,2026-09-02,64,366,36.667,24.98,NEAR_EXPIRY,Kanti Central Store,Ambient
2026-06-30,BATCH-000566,DEMO-05,MED-008,882,tablet,8.0,2026-04-19,2029-01-17,932,523,52.345,16.85,OK,DoDA Logistics,Ambient
2026-06-30,BATCH-000567,DEMO-05,MED-009,814,vial,85.0,2026-01-05,2027-08-18,414,475,47.583,17.11,OK,Provincial Medical Store,Ambient
2026-06-30,BATCH-000568,DEMO-05,MED-009,1503,vial,85.0,2026-06-10,2028-04-21,661,475,47.583,31.59,OK,UNICEF Supply,Ambient
2026-06-30,BATCH-000569,DEMO-05,MED-010,498,tablet,2.0,2025-02-11,2026-09-01,63,776,77.631,6.41,LOW_AND_NEAR_EXPIRY,Local Pharmacy Wholesaler,Ambient
2026-06-30,BATCH-000570,DEMO-05,MED-010,557,tablet,2.0,2024-08-23,2027-04-14,288,776,77.631,7.17,LOW_STOCK,Kanti Central Store,Ambient
2026-06-30,BATCH-000571,DEMO-05,MED-011,985,sachet,8.0,2026-04-03,2027-11-24,512,666,66.643,14.78,OK,UNICEF Supply,Ambient
2026-06-30,BATCH-000572,DEMO-05,MED-011,1159,sachet,8.0,2026-05-24,2028-07-03,734,666,66.643,17.39,OK,UNICEF Supply,Ambient
2026-06-30,BATCH-000573,DEMO-05,MED-012,1445,tablet,1.2,2025-12-02,2028-02-03,583,288,28.821,50.14,OK,DoDA Logistics,Ambient
2026-06-30,BATCH-000574,DEMO-05,MED-013,1145,bag,55.0,2025-01-18,2026-08-17,48,886,88.619,12.92,NEAR_EXPIRY,Private Distributor - Kathmandu,Ambient
2026-06-30,BATCH-000575,DEMO-05,MED-013,595,bag,55.0,2025-04-13,2026-07-20,20,886,88.619,6.71,LOW_AND_NEAR_EXPIRY,Kanti Central Store,Ambient
2026-06-30,BATCH-000576,DEMO-05,MED-013,940,bag,55.0,2024-08-03,2026-07-11,11,886,88.619,10.61,NEAR_EXPIRY,Private Distributor - Kathmandu,Ambient
2026-06-30,BATCH-000577,DEMO-05,MED-014,2521,bag,45.0,2025-08-04,2027-04-13,287,1277,127.798,19.73,OK,Provincial Medical Store,Ambient
2026-06-30,BATCH-000578,DEMO-05,MED-014,1398,bag,45.0,2026-05-18,2027-07-16,381,1277,127.798,10.94,OK,DoDA Logistics,Ambient
2026-06-30,BATCH-000579,DEMO-05,MED-014,1797,bag,45.0,2025-07-07,2026-09-14,76,1277,127.798,14.06,NEAR_EXPIRY,Nepal CMS,Ambient
2026-06-30,BATCH-000580,DEMO-05,MED-015,213,bag,48.0,2026-04-01,2027-11-12,500,736,73.679,2.89,LOW_STOCK,Kanti Central Store,Ambient
2026-06-30,BATCH-000581,DEMO-05,MED-015,196,bag,48.0,2025-05-11,2027-01-25,209,736,73.679,2.66,LOW_STOCK,DoDA Logistics,Ambient
2026-06-30,BATCH-000582,DEMO-05,MED-016,84,tablet,15.0,2026-05-27,2028-03-22,631,51,5.107,16.45,OK,Nepal CMS,Ambient
2026-06-30,BATCH-000583,DEMO-05,MED-016,27,tablet,15.0,2026-04-24,2027-12-14,532,51,5.107,5.29,LOW_STOCK,Provincial Medical Store,Ambient
2026-06-30,BATCH-000584,DEMO-05,MED-016,54,tablet,15.0,2025-09-28,2026-12-17,170,51,5.107,10.57,OK,Nepal CMS,Ambient
2026-06-30,BATCH-000585,DEMO-05,MED-017,24,tablet,1.8,2024-01-07,2026-10-31,123,13,1.381,17.38,OK,Kanti Central Store,Ambient
2026-06-30,BATCH-000586,DEMO-05,MED-017,40,tablet,1.8,2025-08-06,2027-03-07,250,13,1.381,28.97,OK,Kanti Central Store,Ambient
2026-06-30,BATCH-000587,DEMO-05,MED-018,69,unit,180.0,2025-07-01,2026-11-27,150,71,7.143,9.66,LOW_STOCK,BPKMCH Pharmacy Store,Ambient
2026-06-30,BATCH-000588,DEMO-05,MED-018,92,unit,180.0,2026-06-05,2027-06-12,347,71,7.143,12.88,OK,Private Distributor - Kathmandu,Ambient
2026-06-30,BATCH-000589,DEMO-05,MED-019,1049,ampoule,30.0,2024-12-15,2026-08-13,44,100,10.095,103.91,NEAR_EXPIRY,Nepal CMS,Ambient
2026-06-30,BATCH-000590,DEMO-05,MED-020,618,bottle,55.0,2026-06-03,2028-04-20,660,240,24.06,25.69,OK,Provincial Medical Store,Ambient
2026-06-30,BATCH-000591,DEMO-05,MED-021,1617,tablet,1.0,2024-07-18,2027-05-11,315,383,38.345,42.17,OK,Provincial Medical Store,Ambient
2026-06-30,BATCH-000592,DEMO-05,MED-022,224,tablet,2.5,2026-03-12,2028-02-08,588,276,27.607,8.11,LOW_STOCK,Provincial Medical Store,Ambient
2026-06-30,BATCH-000593,DEMO-05,MED-022,510,tablet,2.5,2024-02-18,2026-09-08,70,276,27.607,18.47,NEAR_EXPIRY,Kanti Central Store,Ambient
2026-06-30,BATCH-000594,DEMO-05,MED-023,1638,tablet,1.5,2024-10-22,2027-01-21,205,386,38.607,42.43,OK,Nepal CMS,Ambient
2026-06-30,BATCH-000595,DEMO-05,MED-024,73,vial,450.0,2026-06-20,2028-03-02,611,49,4.988,14.63,OK,Local Pharmacy Wholesaler,Cold_Chain
2026-06-30,BATCH-000596,DEMO-05,MED-025,149,tablet,3.0,2025-08-01,2028-07-06,737,189,18.952,7.86,LOW_STOCK,Local Pharmacy Wholesaler,Ambient
2026-06-30,BATCH-000597,DEMO-05,MED-026,328,tablet,0.8,2024-02-28,2026-07-20,20,317,31.75,10.33,NEAR_EXPIRY,Private Distributor - Kathmandu,Ambient
2026-06-30,BATCH-000598,DEMO-05,MED-026,913,tablet,0.8,2023-12-31,2026-07-18,18,317,31.75,28.76,NEAR_EXPIRY,UNICEF Supply,Ambient
2026-06-30,BATCH-000599,DEMO-05,MED-027,70,capsule,2.0,2026-06-19,2028-05-14,684,440,44.071,1.59,LOW_STOCK,Provincial Medical Store,Ambient
2026-06-30,BATCH-000600,DEMO-05,MED-027,50,capsule,2.0,2026-06-14,2028-07-30,761,440,44.071,1.13,LOW_STOCK,Nepal CMS,Ambient
2026-06-30,BATCH-000601,DEMO-05,MED-027,74,capsule,2.0,2026-05-08,2028-07-17,748,440,44.071,1.68,LOW_STOCK,Provincial Medical Store,Ambient
2026-06-30,BATCH-000602,DEMO-05,MED-028,28,tablet,6.0,2025-03-14,2027-11-08,496,174,17.429,1.61,LOW_STOCK,Kanti Central Store,Ambient
2026-06-30,BATCH-000603,DEMO-05,MED-028,49,tablet,6.0,2026-06-17,2029-04-02,1007,174,17.429,2.81,LOW_STOCK,UNICEF Supply,Ambient
2026-06-30,BATCH-000604,DEMO-05,MED-029,441,tablet,1.5,2024-02-01,2026-08-20,51,137,13.762,32.04,NEAR_EXPIRY,BPKMCH Pharmacy Store,Ambient
2026-06-30,BATCH-000605,DEMO-05,MED-029,194,tablet,1.5,2023-09-20,2026-07-28,28,137,13.762,14.1,NEAR_EXPIRY,BPKMCH Pharmacy Store,Ambient
2026-06-30,BATCH-000606,DEMO-05,MED-029,272,tablet,1.5,2024-09-03,2026-08-16,47,137,13.762,19.76,NEAR_EXPIRY,Private Distributor - Kathmandu,Ambient
2026-06-30,BATCH-000607,DEMO-05,MED-030,127,bottle_100ml,85.0,2024-09-08,2026-08-12,43,71,7.119,17.84,NEAR_EXPIRY,Local Pharmacy Wholesaler,Ambient
2026-06-30,BATCH-000608,DEMO-05,MED-030,40,bottle_100ml,85.0,2024-03-21,2026-07-22,22,71,7.119,5.62,LOW_AND_NEAR_EXPIRY,Nepal CMS,Ambient
2026-06-30,BATCH-000609,DEMO-05,MED-030,98,bottle_100ml,85.0,2024-07-20,2026-07-28,28,71,7.119,13.77,NEAR_EXPIRY,Nepal CMS,Ambient
2026-06-30,BATCH-000610,DEMO-05,MED-031,503,pair,25.0,2024-12-24,2028-09-07,800,489,48.929,10.28,OK,Private Distributor - Kathmandu,Ambient
2026-06-30,BATCH-000611,DEMO-05,MED-031,1092,pair,25.0,2024-01-07,2028-09-29,822,489,48.929,22.32,OK,UNICEF Supply,Ambient
2026-06-30,BATCH-000612,DEMO-05,MED-032,3045,piece,5.0,2024-04-27,2026-07-14,14,648,64.857,46.95,NEAR_EXPIRY,UNICEF Supply,Ambient
2026-06-30,BATCH-000613,DEMO-05,MED-033,173,piece,35.0,2026-05-12,2028-10-13,836,267,26.762,6.46,LOW_STOCK,Provincial Medical Store,Ambient
2026-06-30,BATCH-000614,DEMO-05,MED-034,73,vial,25.0,2025-01-05,2026-07-07,7,109,10.94,6.67,LOW_AND_NEAR_EXPIRY,BPKMCH Pharmacy Store,Cold_Chain
2026-06-30,BATCH-000615,DEMO-05,MED-034,50,vial,25.0,2025-07-29,2026-08-18,49,109,10.94,4.57,LOW_AND_NEAR_EXPIRY,UNICEF Supply,Cold_Chain
2026-06-30,BATCH-000616,DEMO-05,MED-034,108,vial,25.0,2025-10-09,2027-06-11,346,109,10.94,9.87,LOW_STOCK,Nepal CMS,Cold_Chain
2026-06-30,BATCH-000617,DEMO-05,MED-035,26,vial,350.0,2025-07-21,2026-08-09,40,49,4.929,5.28,LOW_AND_NEAR_EXPIRY,Local Pharmacy Wholesaler,Cold_Chain
2026-06-30,BATCH-000618,DEMO-05,MED-035,23,vial,350.0,2025-01-28,2026-07-13,13,49,4.929,4.67,LOW_AND_NEAR_EXPIRY,Private Distributor - Kathmandu,Cold_Chain
2026-06-30,BATCH-000619,DEMO-05,MED-035,45,vial,350.0,2025-06-24,2026-07-27,27,49,4.929,9.13,LOW_AND_NEAR_EXPIRY,DoDA Logistics,Cold_Chain
2026-06-30,BATCH-000620,DEMO-05,MED-036,17111,tablet,0.5,2026-02-09,2027-12-02,520,6114,611.44,27.98,OK,Kanti Central Store,Ambient
2026-06-30,BATCH-000621,DEMO-05,MED-037,164,tablet,8.0,2025-11-21,2027-12-27,545,79,7.964,20.59,OK,Kanti Central Store,Ambient
2026-06-30,BATCH-000622,DEMO-05,MED-037,187,tablet,8.0,2026-03-03,2028-05-13,683,79,7.964,23.48,OK,Kanti Central Store,Ambient
2026-06-30,BATCH-000623,DEMO-05,MED-037,255,tablet,8.0,2025-04-28,2028-02-01,581,79,7.964,32.02,OK,Kanti Central Store,Ambient
2026-06-30,BATCH-000624,DEMO-05,MED-038,200,ampoule,12.0,2025-09-18,2026-07-13,13,78,7.857,25.45,NEAR_EXPIRY,Nepal CMS,Ambient
2026-06-30,BATCH-000625,DEMO-05,MED-039,32,ampoule,10.0,2026-06-28,2028-06-28,729,67,6.702,4.77,LOW_STOCK,Local Pharmacy Wholesaler,Ambient
2026-06-30,BATCH-000626,DEMO-05,MED-039,62,ampoule,10.0,2024-01-06,2026-10-24,116,67,6.702,9.25,LOW_STOCK,DoDA Logistics,Ambient
2026-06-30,BATCH-000627,DEMO-05,MED-040,1321,ampoule,28.0,2024-12-11,2026-09-30,92,144,14.44,91.48,OK,BPKMCH Pharmacy Store,Ambient
2026-06-30,BATCH-000628,DEMO-05,MED-041,12,vial,180.0,2026-04-08,2027-12-25,543,13,1.393,8.62,LOW_STOCK,Provincial Medical Store,Ambient
2026-06-30,BATCH-000629,DEMO-05,MED-042,31,vial,1200.0,2024-10-15,2026-09-08,70,6,0.679,45.68,NEAR_EXPIRY,Local Pharmacy Wholesaler,Cold_Chain
2026-06-30,BATCH-000630,DEMO-05,MED-043,25,vial,3500.0,2025-06-21,2027-03-12,255,5,0.571,43.75,OK,Kanti Central Store,Ambient
2026-06-30,BATCH-000631,DEMO-05,MED-044,1,vial,450.0,2025-02-11,2026-08-27,58,6,0.643,1.56,LOW_AND_NEAR_EXPIRY,Provincial Medical Store,Ambient
2026-06-30,BATCH-000633,DEMO-05,MED-044,1,vial,450.0,2025-03-09,2027-01-28,212,6,0.643,1.56,LOW_STOCK,Nepal CMS,Ambient
2026-06-30,BATCH-000634,DEMO-05,MED-045,13,tablet,15.0,2026-06-03,2027-10-09,466,26,2.69,4.83,LOW_STOCK,BPKMCH Pharmacy Store,Ambient
2026-06-30,BATCH-000635,DEMO-05,MED-045,39,tablet,15.0,2026-06-04,2027-07-28,393,26,2.69,14.5,OK,BPKMCH Pharmacy Store,Ambient
2026-06-30,BATCH-000636,DEMO-05,MED-046,18,prefilled,4500.0,2026-05-24,2027-09-06,433,3,0.381,47.25,OK,Nepal CMS,Cold_Chain
2026-06-30,BATCH-000637,DEMO-05,MED-047,620,sachet,6.0,2023-09-15,2026-08-12,43,973,97.345,6.37,LOW_AND_NEAR_EXPIRY,Local Pharmacy Wholesaler,Ambient
2026-06-30,BATCH-000638,DEMO-05,MED-047,1714,sachet,6.0,2025-01-09,2026-07-07,7,973,97.345,17.61,NEAR_EXPIRY,DoDA Logistics,Ambient
2026-06-30,BATCH-000639,DEMO-05,MED-048,36,bottle,65.0,2025-03-03,2026-11-12,135,237,23.75,1.52,LOW_STOCK,UNICEF Supply,Ambient
2026-06-30,BATCH-000640,DEMO-05,MED-048,98,bottle,65.0,2026-06-29,2027-05-01,305,237,23.75,4.13,LOW_STOCK,Nepal CMS,Ambient
2026-06-30,BATCH-000641,DEMO-05,MED-049,322,capsule,2.0,2025-12-25,2027-11-05,493,259,25.94,12.41,OK,UNICEF Supply,Ambient
2026-06-30,BATCH-000642,DEMO-05,MED-049,609,capsule,2.0,2025-07-07,2026-08-19,50,259,25.94,23.48,NEAR_EXPIRY,Local Pharmacy Wholesaler,Ambient
2026-06-30,BATCH-000643,DEMO-05,MED-050,119,vial,120.0,2025-07-16,2026-08-16,47,169,16.952,7.02,LOW_AND_NEAR_EXPIRY,UNICEF Supply,Cold_Chain
2026-06-30,BATCH-000644,DEMO-05,MED-050,56,vial,120.0,2026-06-12,2027-12-09,527,169,16.952,3.3,LOW_STOCK,Provincial Medical Store,Cold_Chain
2026-06-30,BATCH-000645,DEMO-05,MED-050,136,vial,120.0,2025-11-24,2026-12-03,156,169,16.952,8.02,LOW_STOCK,Kanti Central Store,Cold_Chain
2026-06-30,BATCH-000646,DEMO-05,MED-051,182,vial,80.0,2026-06-06,2028-05-22,692,126,12.619,14.42,OK,UNICEF Supply,Cold_Chain
2026-06-30,BATCH-000647,DEMO-05,MED-052,784,kit,25.0,2025-03-23,2026-07-30,30,378,37.81,20.74,NEAR_EXPIRY,UNICEF Supply,Ambient
2026-06-30,BATCH-000648,DEMO-05,MED-053,8679,ampoule,35.0,2025-11-04,2027-04-23,297,1989,198.976,43.62,OK,DoDA Logistics,Cold_Chain
2026-06-30,BATCH-000649,DEMO-05,MED-054,1789,tablet,20.0,2026-04-26,2027-02-26,241,952,95.25,18.78,OK,Provincial Medical Store,Ambient
2026-06-30,BATCH-000650,DEMO-05,MED-054,2475,tablet,20.0,2025-10-17,2027-07-18,383,952,95.25,25.98,OK,BPKMCH Pharmacy Store,Ambient
2026-06-30,BATCH-000651,DEMO-05,MED-054,2859,tablet,20.0,2025-05-13,2026-10-09,101,952,95.25,30.02,OK,Kanti Central Store,Ambient
2026-06-30,BATCH-000652,DEMO-05,MED-055,941,ampoule,18.0,2026-06-28,2029-02-26,972,571,57.119,16.47,OK,Local Pharmacy Wholesaler,Ambient
2026-06-30,BATCH-000653,DEMO-05,MED-055,483,ampoule,18.0,2025-04-11,2026-07-20,20,571,57.119,8.46,LOW_AND_NEAR_EXPIRY,DoDA Logistics,Ambient
2026-06-30,BATCH-000654,DEMO-05,MED-055,709,ampoule,18.0,2026-06-24,2029-02-18,964,571,57.119,12.41,OK,BPKMCH Pharmacy Store,Ambient
2026-06-30,BATCH-000655,DEMO-05,MED-056,3093,ampoule,45.0,2024-03-06,2026-07-15,15,460,46.095,67.1,NEAR_EXPIRY,BPKMCH Pharmacy Store,Ambient
2026-06-30,BATCH-000656,DEMO-05,MED-057,590,bottle,55.0,2024-11-16,2026-08-16,47,93,9.321,63.3,NEAR_EXPIRY,Kanti Central Store,Ambient
2026-06-30,BATCH-000657,DEMO-05,MED-058,164,bottle,90.0,2024-11-14,2026-10-16,108,72,7.214,22.73,OK,Kanti Central Store,Ambient
2026-06-30,BATCH-000658,DEMO-05,MED-058,143,bottle,90.0,2026-05-30,2028-01-11,560,72,7.214,19.82,OK,BPKMCH Pharmacy Store,Ambient
2026-06-30,BATCH-000659,DEMO-05,MED-059,236,bottle,70.0,2024-09-22,2026-07-16,16,58,5.833,40.46,NEAR_EXPIRY,BPKMCH Pharmacy Store,Ambient
2026-06-30,BATCH-000660,DEMO-05,MED-060,19,vial,2500.0,2025-10-19,2026-08-29,60,15,1.583,12.0,NEAR_EXPIRY,UNICEF Supply,Cold_Chain
2026-06-30,BATCH-000661,DEMO-05,MED-060,21,vial,2500.0,2026-06-28,2028-05-09,679,15,1.583,13.26,OK,BPKMCH Pharmacy Store,Cold_Chain
2026-06-30,BATCH-000662,DEMO-05,MED-061,108,ampoule,25.0,2024-08-25,2026-07-20,20,35,3.524,30.65,NEAR_EXPIRY,DoDA Logistics,Ambient
2026-06-30,BATCH-000663,DEMO-05,MED-062,38,ampoule,12.0,2024-02-10,2027-01-16,200,19,1.952,19.46,OK,UNICEF Supply,Ambient
2026-06-30,BATCH-000664,DEMO-05,MED-062,45,ampoule,12.0,2025-03-03,2027-02-23,238,19,1.952,23.05,OK,DoDA Logistics,Ambient
2026-06-30,BATCH-000665,DEMO-05,MED-063,22,vial,850.0,2025-04-09,2026-12-16,169,17,1.774,12.4,OK,Private Distributor - Kathmandu,Cold_Chain
2026-06-30,BATCH-000666,DEMO-05,MED-063,61,vial,850.0,2026-05-07,2027-04-09,283,17,1.774,34.39,OK,Nepal CMS,Cold_Chain
2026-06-30,BATCH-000667,DEMO-05,MED-064,227,roll,80.0,2023-08-14,2028-05-27,697,128,12.821,17.7,OK,Private Distributor - Kathmandu,Ambient
2026-06-30,BATCH-000668,DEMO-05,MED-065,131,unit,0.0,2026-05-19,2026-07-20,20,164,16.417,7.98,LOW_AND_NEAR_EXPIRY,BPKMCH Pharmacy Store,Cold_Chain
2026-06-30,BATCH-000669,DEMO-05,MED-066,383,unit,0.0,2026-06-09,2026-07-05,5,151,15.131,25.31,NEAR_EXPIRY,BPKMCH Pharmacy Store,Cold_Chain
2026-06-30,BATCH-000670,DEMO-05,MED-066,212,unit,0.0,2026-06-21,2026-07-09,9,151,15.131,14.01,NEAR_EXPIRY,Nepal CMS,Cold_Chain
2026-06-30,BATCH-000671,DEMO-05,MED-066,328,unit,0.0,2026-06-23,2026-07-06,6,151,15.131,21.68,NEAR_EXPIRY,Private Distributor - Kathmandu,Cold_Chain
2026-06-30,BATCH-000672,DEMO-05,MED-067,284,vial,40.0,2026-06-19,2029-04-22,1027,385,38.571,7.36,LOW_STOCK,UNICEF Supply,Ambient
2026-06-30,BATCH-000673,DEMO-05,MED-067,749,vial,40.0,2024-06-01,2027-05-10,314,385,38.571,19.42,OK,DoDA Logistics,Ambient
2026-06-30,BATCH-000674,DEMO-05,MED-068,114,vial,180.0,2025-08-23,2027-10-18,475,122,12.214,9.33,LOW_STOCK,BPKMCH Pharmacy Store,Ambient
2026-06-30,BATCH-000675,DEMO-05,MED-068,111,vial,180.0,2026-01-31,2028-11-23,877,122,12.214,9.09,LOW_STOCK,Local Pharmacy Wholesaler,Ambient
2026-06-30,BATCH-000676,DEMO-05,MED-068,98,vial,180.0,2026-06-24,2028-01-09,558,122,12.214,8.02,LOW_STOCK,Nepal CMS,Ambient
2026-06-30,BATCH-000677,DEMO-05,MED-069,419,ampoule,95.0,2025-01-22,2027-08-24,420,144,14.488,28.92,OK,Private Distributor - Kathmandu,Ambient
2026-06-30,BATCH-000678,DEMO-05,MED-070,59,sachet,120.0,2025-06-30,2026-11-01,124,64,6.476,9.11,LOW_STOCK,Local Pharmacy Wholesaler,Ambient
2026-06-30,BATCH-000679,DEMO-05,MED-070,88,sachet,120.0,2025-11-24,2026-09-13,75,64,6.476,13.59,NEAR_EXPIRY,BPKMCH Pharmacy Store,Ambient
2026-06-30,BATCH-000680,DEMO-05,MED-071,25,ampoule,150.0,2026-06-13,2028-05-20,690,48,4.857,5.15,LOW_STOCK,DoDA Logistics,Ambient
2026-06-30,BATCH-000681,DEMO-05,MED-071,22,ampoule,150.0,2026-01-22,2027-01-19,203,48,4.857,4.53,LOW_STOCK,Provincial Medical Store,Ambient
2026-06-30,BATCH-000682,DEMO-05,MED-071,35,ampoule,150.0,2026-06-26,2028-04-01,641,48,4.857,7.21,LOW_STOCK,BPKMCH Pharmacy Store,Ambient
2026-06-30,BATCH-000683,DEMO-05,MED-072,108,vial,650.0,2026-01-17,2027-08-01,397,118,11.845,9.12,LOW_STOCK,Provincial Medical Store,Ambient
2026-06-30,BATCH-000684,DEMO-05,MED-072,161,vial,650.0,2025-05-10,2026-12-18,171,118,11.845,13.59,OK,UNICEF Supply,Ambient
2026-06-30,BATCH-000685,DEMO-06,MED-001,541,tablet,1.5,2026-06-20,2029-05-16,1051,2137,213.75,2.53,LOW_STOCK,Kanti Central Store,Ambient
2026-06-30,BATCH-000686,DEMO-06,MED-002,1049,bottle,45.0,2025-09-22,2027-06-26,361,417,41.798,25.1,OK,Local Pharmacy Wholesaler,Ambient
2026-06-30,BATCH-000687,DEMO-06,MED-002,948,bottle,45.0,2026-06-03,2028-02-23,603,417,41.798,22.68,OK,Private Distributor - Kathmandu,Ambient
2026-06-30,BATCH-000688,DEMO-06,MED-003,500,tablet,2.5,2024-05-09,2026-08-09,40,581,58.167,8.6,LOW_AND_NEAR_EXPIRY,Provincial Medical Store,Ambient
2026-06-30,BATCH-000689,DEMO-06,MED-003,624,tablet,2.5,2024-07-22,2026-07-25,25,581,58.167,10.73,NEAR_EXPIRY,Provincial Medical Store,Ambient
2026-06-30,BATCH-000690,DEMO-06,MED-003,676,tablet,2.5,2024-02-19,2026-07-22,22,581,58.167,11.62,NEAR_EXPIRY,Provincial Medical Store,Ambient
2026-06-30,BATCH-000691,DEMO-06,MED-004,228,ampoule,25.0,2026-06-27,2028-01-25,574,202,20.274,11.25,OK,Nepal CMS,Ambient
2026-06-30,BATCH-000692,DEMO-06,MED-004,276,ampoule,25.0,2025-12-15,2026-12-30,183,202,20.274,13.61,OK,Kanti Central Store,Ambient
2026-06-30,BATCH-000693,DEMO-06,MED-005,898,capsule,6.0,2025-10-11,2027-02-01,216,936,93.667,9.59,LOW_STOCK,Kanti Central Store,Ambient
2026-06-30,BATCH-000694,DEMO-06,MED-005,984,capsule,6.0,2025-12-04,2026-11-19,142,936,93.667,10.51,OK,Private Distributor - Kathmandu,Ambient
2026-06-30,BATCH-000695,DEMO-06,MED-005,1453,capsule,6.0,2025-05-10,2027-01-23,207,936,93.667,15.51,OK,Private Distributor - Kathmandu,Ambient
2026-06-30,BATCH-000696,DEMO-06,MED-006,988,tablet,35.0,2026-02-19,2027-04-30,304,419,41.964,23.54,OK,Provincial Medical Store,Ambient
2026-06-30,BATCH-000697,DEMO-06,MED-007,483,tablet,40.0,2026-05-02,2027-07-03,368,405,40.56,11.91,OK,UNICEF Supply,Ambient
2026-06-30,BATCH-000698,DEMO-06,MED-007,857,tablet,40.0,2025-05-27,2026-10-16,108,405,40.56,21.13,OK,Local Pharmacy Wholesaler,Ambient
2026-06-30,BATCH-000699,DEMO-06,MED-008,530,tablet,8.0,2025-10-24,2028-02-06,586,425,42.5,12.47,OK,Local Pharmacy Wholesaler,Ambient
2026-06-30,BATCH-000700,DEMO-06,MED-008,136,tablet,8.0,2025-03-10,2026-10-26,118,425,42.5,3.2,LOW_STOCK,Private Distributor - Kathmandu,Ambient
2026-06-30,BATCH-000701,DEMO-06,MED-008,337,tablet,8.0,2025-01-21,2026-07-16,16,425,42.5,7.93,LOW_AND_NEAR_EXPIRY,UNICEF Supply,Ambient
2026-06-30,BATCH-000702,DEMO-06,MED-009,158,vial,85.0,2025-12-25,2027-10-08,465,323,32.393,4.88,LOW_STOCK,Local Pharmacy Wholesaler,Ambient
2026-06-30,BATCH-000703,DEMO-06,MED-009,99,vial,85.0,2025-05-07,2026-12-19,172,323,32.393,3.06,LOW_STOCK,Private Distributor - Kathmandu,Ambient
2026-06-30,BATCH-000704,DEMO-06,MED-009,276,vial,85.0,2026-06-02,2028-06-02,703,323,32.393,8.52,LOW_STOCK,Nepal CMS,Ambient
2026-06-30,BATCH-000705,DEMO-06,MED-010,47,tablet,2.0,2026-04-29,2028-02-20,600,507,50.786,0.93,LOW_STOCK,DoDA Logistics,Ambient
2026-06-30,BATCH-000706,DEMO-06,MED-010,32,tablet,2.0,2024-07-08,2027-06-01,336,507,50.786,0.63,LOW_STOCK,DoDA Logistics,Ambient
2026-06-30,BATCH-000707,DEMO-06,MED-010,73,tablet,2.0,2025-05-25,2027-06-01,336,507,50.786,1.44,LOW_STOCK,Private Distributor - Kathmandu,Ambient
2026-06-30,BATCH-000708,DEMO-06,MED-011,734,sachet,8.0,2024-01-27,2026-08-21,52,1229,122.94,5.97,LOW_AND_NEAR_EXPIRY,Provincial Medical Store,Ambient
2026-06-30,BATCH-000709,DEMO-06,MED-011,329,sachet,8.0,2026-01-26,2028-07-23,754,1229,122.94,2.68,LOW_STOCK,Nepal CMS,Ambient
2026-06-30,BATCH-000710,DEMO-06,MED-011,921,sachet,8.0,2025-05-23,2027-03-28,271,1229,122.94,7.49,LOW_STOCK,Provincial Medical Store,Ambient
2026-06-30,BATCH-000711,DEMO-06,MED-012,1194,tablet,1.2,2026-05-28,2028-06-22,723,923,92.393,12.92,OK,Nepal CMS,Ambient
2026-06-30,BATCH-000712,DEMO-06,MED-012,916,tablet,1.2,2024-09-25,2026-09-21,83,923,92.393,9.91,LOW_AND_NEAR_EXPIRY,Local Pharmacy Wholesaler,Ambient
2026-06-30,BATCH-000713,DEMO-06,MED-012,897,tablet,1.2,2026-06-26,2028-09-06,799,923,92.393,9.71,LOW_STOCK,DoDA Logistics,Ambient
2026-06-30,BATCH-000714,DEMO-06,MED-013,72,bag,55.0,2025-09-19,2027-09-02,429,482,48.298,1.49,LOW_STOCK,DoDA Logistics,Ambient
2026-06-30,BATCH-000715,DEMO-06,MED-014,717,bag,45.0,2026-03-09,2027-03-31,274,680,68.036,10.54,OK,Provincial Medical Store,Ambient
2026-06-30,BATCH-000716,DEMO-06,MED-014,958,bag,45.0,2025-12-06,2027-05-01,305,680,68.036,14.08,OK,Private Distributor - Kathmandu,Ambient
2026-06-30,BATCH-000717,DEMO-06,MED-015,333,bag,48.0,2026-01-27,2027-03-03,246,399,39.929,8.34,LOW_STOCK,BPKMCH Pharmacy Store,Ambient
2026-06-30,BATCH-000718,DEMO-06,MED-015,91,bag,48.0,2024-12-25,2026-10-03,95,399,39.929,2.28,LOW_STOCK,UNICEF Supply,Ambient
2026-06-30,BATCH-000719,DEMO-06,MED-015,187,bag,48.0,2025-11-29,2027-07-11,376,399,39.929,4.68,LOW_STOCK,UNICEF Supply,Ambient
2026-06-30,BATCH-000720,DEMO-06,MED-016,802,tablet,15.0,2026-05-17,2027-12-28,546,251,25.131,31.91,OK,Local Pharmacy Wholesaler,Ambient
2026-06-30,BATCH-000721,DEMO-06,MED-017,115,tablet,1.8,2025-10-11,2028-03-24,633,106,10.631,10.82,OK,Nepal CMS,Ambient
2026-06-30,BATCH-000722,DEMO-06,MED-017,92,tablet,1.8,2026-05-27,2028-04-20,660,106,10.631,8.65,LOW_STOCK,BPKMCH Pharmacy Store,Ambient
2026-06-30,BATCH-000723,DEMO-06,MED-017,102,tablet,1.8,2024-08-03,2026-07-26,26,106,10.631,9.59,LOW_AND_NEAR_EXPIRY,Kanti Central Store,Ambient
2026-06-30,BATCH-000724,DEMO-06,MED-018,101,unit,180.0,2025-05-16,2026-08-06,37,135,13.595,7.43,LOW_AND_NEAR_EXPIRY,Nepal CMS,Ambient
2026-06-30,BATCH-000725,DEMO-06,MED-018,76,unit,180.0,2024-11-11,2026-08-03,34,135,13.595,5.59,LOW_AND_NEAR_EXPIRY,Local Pharmacy Wholesaler,Ambient
2026-06-30,BATCH-000726,DEMO-06,MED-018,124,unit,180.0,2024-10-01,2026-07-27,27,135,13.595,9.12,LOW_AND_NEAR_EXPIRY,Provincial Medical Store,Ambient
2026-06-30,BATCH-000727,DEMO-06,MED-019,46,ampoule,30.0,2025-09-16,2026-11-04,127,180,18.095,2.54,LOW_STOCK,Nepal CMS,Ambient
2026-06-30,BATCH-000728,DEMO-06,MED-019,60,ampoule,30.0,2025-07-06,2027-03-26,269,180,18.095,3.32,LOW_STOCK,Provincial Medical Store,Ambient
2026-06-30,BATCH-000729,DEMO-06,MED-019,67,ampoule,30.0,2025-05-05,2027-01-21,205,180,18.095,3.7,LOW_STOCK,DoDA Logistics,Ambient
2026-06-30,BATCH-000730,DEMO-06,MED-020,170,bottle,55.0,2026-05-18,2027-05-18,322,180,18.024,9.43,LOW_STOCK,BPKMCH Pharmacy Store,Ambient
2026-06-30,BATCH-000731,DEMO-06,MED-020,113,bottle,55.0,2026-05-21,2028-01-17,566,180,18.024,6.27,LOW_STOCK,BPKMCH Pharmacy Store,Ambient
2026-06-30,BATCH-000732,DEMO-06,MED-020,317,bottle,55.0,2026-03-19,2027-05-06,310,180,18.024,17.59,OK,Nepal CMS,Ambient
2026-06-30,BATCH-000733,DEMO-06,MED-021,110,tablet,1.0,2026-01-02,2028-11-30,884,621,62.19,1.77,LOW_STOCK,BPKMCH Pharmacy Store,Ambient
2026-06-30,BATCH-000734,DEMO-06,MED-021,297,tablet,1.0,2024-12-25,2027-05-23,327,621,62.19,4.78,LOW_STOCK,Private Distributor - Kathmandu,Ambient
2026-06-30,BATCH-000735,DEMO-06,MED-022,344,tablet,2.5,2025-08-13,2027-10-09,466,502,50.202,6.85,LOW_STOCK,Provincial Medical Store,Ambient
2026-06-30,BATCH-000736,DEMO-06,MED-022,557,tablet,2.5,2024-10-10,2027-08-23,419,502,50.202,11.1,OK,Kanti Central Store,Ambient
2026-06-30,BATCH-000737,DEMO-06,MED-023,2085,tablet,1.5,2025-09-30,2028-04-02,642,643,64.345,32.4,OK,UNICEF Supply,Ambient
2026-06-30,BATCH-000738,DEMO-06,MED-024,36,vial,450.0,2025-11-06,2026-10-08,100,85,8.5,4.24,LOW_STOCK,Provincial Medical Store,Cold_Chain
2026-06-30,BATCH-000739,DEMO-06,MED-024,73,vial,450.0,2025-11-14,2027-10-30,487,85,8.5,8.59,LOW_STOCK,Nepal CMS,Cold_Chain
2026-06-30,BATCH-000740,DEMO-06,MED-025,657,tablet,3.0,2024-05-01,2026-09-26,88,401,40.19,16.35,NEAR_EXPIRY,Kanti Central Store,Ambient
2026-06-30,BATCH-000741,DEMO-06,MED-026,1478,tablet,0.8,2024-10-06,2026-07-28,28,676,67.619,21.86,NEAR_EXPIRY,Provincial Medical Store,Ambient
2026-06-30,BATCH-000742,DEMO-06,MED-026,413,tablet,0.8,2025-04-14,2026-07-26,26,676,67.619,6.11,LOW_AND_NEAR_EXPIRY,Provincial Medical Store,Ambient
2026-06-30,BATCH-000743,DEMO-06,MED-026,1067,tablet,0.8,2025-05-26,2026-08-16,47,676,67.619,15.78,NEAR_EXPIRY,UNICEF Supply,Ambient
2026-06-30,BATCH-000744,DEMO-06,MED-027,145,capsule,2.0,2024-09-30,2026-08-17,48,963,96.321,1.51,LOW_AND_NEAR_EXPIRY,Private Distributor - Kathmandu,Ambient
2026-06-30,BATCH-000745,DEMO-06,MED-027,39,capsule,2.0,2023-11-10,2026-08-12,43,963,96.321,0.4,LOW_AND_NEAR_EXPIRY,Provincial Medical Store,Ambient
2026-06-30,BATCH-000746,DEMO-06,MED-027,94,capsule,2.0,2024-12-28,2026-07-10,10,963,96.321,0.98,LOW_AND_NEAR_EXPIRY,Private Distributor - Kathmandu,Ambient
2026-06-30,BATCH-000747,DEMO-06,MED-028,514,tablet,6.0,2025-12-08,2028-06-23,724,288,28.821,17.83,OK,Provincial Medical Store,Ambient
2026-06-30,BATCH-000748,DEMO-06,MED-028,434,tablet,6.0,2025-10-31,2028-01-02,551,288,28.821,15.06,OK,Private Distributor - Kathmandu,Ambient
2026-06-30,BATCH-000749,DEMO-06,MED-029,126,tablet,1.5,2024-09-27,2026-08-04,35,400,40.083,3.14,LOW_AND_NEAR_EXPIRY,UNICEF Supply,Ambient
2026-06-30,BATCH-000750,DEMO-06,MED-029,167,tablet,1.5,2026-06-12,2028-09-19,812,400,40.083,4.17,LOW_STOCK,Kanti Central Store,Ambient
2026-06-30,BATCH-000751,DEMO-06,MED-029,144,tablet,1.5,2026-06-17,2029-02-22,968,400,40.083,3.59,LOW_STOCK,Nepal CMS,Ambient
2026-06-30,BATCH-000752,DEMO-06,MED-030,243,bottle_100ml,85.0,2025-02-08,2027-12-21,539,141,14.19,17.12,OK,Nepal CMS,Ambient
2026-06-30,BATCH-000753,DEMO-06,MED-031,1976,pair,25.0,2025-01-27,2027-05-06,310,1047,104.738,18.87,OK,Nepal CMS,Ambient
2026-06-30,BATCH-000754,DEMO-06,MED-032,5515,piece,5.0,2025-02-06,2028-03-30,639,1294,129.476,42.59,OK,Provincial Medical Store,Ambient
2026-06-30,BATCH-000755,DEMO-06,MED-033,1123,piece,35.0,2023-10-31,2028-08-03,765,434,43.488,25.82,OK,Provincial Medical Store,Ambient
2026-06-30,BATCH-000756,DEMO-06,MED-034,122,vial,25.0,2025-08-22,2027-04-02,276,99,9.917,12.3,OK,Private Distributor - Kathmandu,Cold_Chain
2026-06-30,BATCH-000757,DEMO-06,MED-034,126,vial,25.0,2026-06-11,2027-10-10,467,99,9.917,12.71,OK,Nepal CMS,Cold_Chain
2026-06-30,BATCH-000758,DEMO-06,MED-035,41,vial,350.0,2026-06-10,2028-05-15,685,44,4.417,9.28,LOW_STOCK,BPKMCH Pharmacy Store,Cold_Chain
2026-06-30,BATCH-000759,DEMO-06,MED-035,43,vial,350.0,2026-05-27,2027-05-08,312,44,4.417,9.74,LOW_STOCK,Nepal CMS,Cold_Chain
2026-06-30,BATCH-000760,DEMO-06,MED-036,453,tablet,0.5,2025-10-31,2027-03-08,251,624,62.405,7.26,LOW_STOCK,BPKMCH Pharmacy Store,Ambient
2026-06-30,BATCH-000761,DEMO-06,MED-036,1327,tablet,0.5,2026-05-27,2027-11-10,498,624,62.405,21.26,OK,Nepal CMS,Ambient
2026-06-30,BATCH-000762,DEMO-06,MED-037,63,tablet,8.0,2024-11-20,2026-09-14,76,123,12.357,5.1,LOW_AND_NEAR_EXPIRY,Local Pharmacy Wholesaler,Ambient
2026-06-30,BATCH-000763,DEMO-06,MED-037,160,tablet,8.0,2025-02-15,2027-05-10,314,123,12.357,12.95,OK,Provincial Medical Store,Ambient
2026-06-30,BATCH-000764,DEMO-06,MED-038,136,ampoule,12.0,2026-06-03,2028-04-16,656,143,14.381,9.46,LOW_STOCK,UNICEF Supply,Ambient
2026-06-30,BATCH-000765,DEMO-06,MED-038,71,ampoule,12.0,2026-06-14,2027-12-18,536,143,14.381,4.94,LOW_STOCK,Kanti Central Store,Ambient
2026-06-30,BATCH-000766,DEMO-06,MED-038,78,ampoule,12.0,2024-12-24,2026-12-03,156,143,14.381,5.42,LOW_STOCK,DoDA Logistics,Ambient
2026-06-30,BATCH-000767,DEMO-06,MED-039,882,ampoule,10.0,2024-02-22,2026-09-29,91,121,12.179,72.42,OK,DoDA Logistics,Ambient
2026-06-30,BATCH-000768,DEMO-06,MED-040,67,ampoule,28.0,2023-12-01,2026-11-01,124,102,10.214,6.56,LOW_STOCK,DoDA Logistics,Ambient
2026-06-30,BATCH-000769,DEMO-06,MED-040,73,ampoule,28.0,2024-06-16,2026-08-01,32,102,10.214,7.15,LOW_AND_NEAR_EXPIRY,Private Distributor - Kathmandu,Ambient
2026-06-30,BATCH-000770,DEMO-06,MED-041,19,vial,180.0,2025-04-24,2026-11-20,143,16,1.607,11.82,OK,Nepal CMS,Ambient
2026-06-30,BATCH-000771,DEMO-06,MED-041,13,vial,180.0,2026-06-09,2028-04-15,655,16,1.607,8.09,LOW_STOCK,UNICEF Supply,Ambient
2026-06-30,BATCH-000772,DEMO-06,MED-041,16,vial,180.0,2026-06-28,2027-12-28,546,16,1.607,9.96,LOW_STOCK,UNICEF Supply,Ambient
2026-06-30,BATCH-000773,DEMO-06,MED-042,18,vial,1200.0,2025-01-07,2026-10-09,101,11,1.167,15.43,OK,BPKMCH Pharmacy Store,Cold_Chain
2026-06-30,BATCH-000774,DEMO-06,MED-042,16,vial,1200.0,2026-06-25,2027-08-29,425,11,1.167,13.71,OK,Nepal CMS,Cold_Chain
2026-06-30,BATCH-000775,DEMO-06,MED-043,7,vial,3500.0,2024-10-30,2026-08-22,53,7,0.714,9.8,LOW_AND_NEAR_EXPIRY,Local Pharmacy Wholesaler,Ambient
2026-06-30,BATCH-000776,DEMO-06,MED-043,3,vial,3500.0,2024-10-20,2026-08-14,45,7,0.714,4.2,LOW_AND_NEAR_EXPIRY,BPKMCH Pharmacy Store,Ambient
2026-06-30,BATCH-000777,DEMO-06,MED-043,9,vial,3500.0,2025-01-28,2026-08-22,53,7,0.714,12.6,NEAR_EXPIRY,Private Distributor - Kathmandu,Ambient
2026-06-30,BATCH-000778,DEMO-06,MED-044,4,vial,450.0,2025-08-27,2026-12-24,177,7,0.786,5.09,LOW_STOCK,Provincial Medical Store,Ambient
2026-06-30,BATCH-000779,DEMO-06,MED-044,3,vial,450.0,2025-06-17,2026-10-15,107,7,0.786,3.82,LOW_STOCK,Private Distributor - Kathmandu,Ambient
2026-06-30,BATCH-000780,DEMO-06,MED-044,5,vial,450.0,2026-06-04,2028-03-02,611,7,0.786,6.36,LOW_STOCK,Private Distributor - Kathmandu,Ambient
2026-06-30,BATCH-000781,DEMO-06,MED-045,1,tablet,15.0,2026-01-10,2027-03-18,261,30,3.095,0.32,LOW_STOCK,Local Pharmacy Wholesaler,Ambient
2026-06-30,BATCH-000782,DEMO-06,MED-045,3,tablet,15.0,2026-06-27,2027-11-13,501,30,3.095,0.97,LOW_STOCK,UNICEF Supply,Ambient
2026-06-30,BATCH-000783,DEMO-06,MED-046,6,prefilled,4500.0,2025-05-06,2026-08-13,44,3,0.381,15.75,NEAR_EXPIRY,Kanti Central Store,Cold_Chain
2026-06-30,BATCH-000784,DEMO-06,MED-046,6,prefilled,4500.0,2026-01-02,2026-10-29,121,3,0.381,15.75,OK,Local Pharmacy Wholesaler,Cold_Chain
2026-06-30,BATCH-000785,DEMO-06,MED-046,11,prefilled,4500.0,2025-12-22,2027-04-25,299,3,0.381,28.88,OK,Kanti Central Store,Cold_Chain
2026-06-30,BATCH-000786,DEMO-06,MED-047,946,sachet,6.0,2026-01-23,2028-12-16,900,500,50.0,18.92,OK,Provincial Medical Store,Ambient
2026-06-30,BATCH-000787,DEMO-06,MED-047,807,sachet,6.0,2024-10-31,2027-02-27,242,500,50.0,16.14,OK,Local Pharmacy Wholesaler,Ambient
2026-06-30,BATCH-000788,DEMO-06,MED-048,891,bottle,65.0,2026-06-27,2028-04-12,652,159,15.94,55.9,OK,Local Pharmacy Wholesaler,Ambient
2026-06-30,BATCH-000789,DEMO-06,MED-049,1081,capsule,2.0,2025-03-03,2026-11-01,124,207,20.786,52.01,OK,BPKMCH Pharmacy Store,Ambient
2026-06-30,BATCH-000790,DEMO-06,MED-050,19,vial,120.0,2026-06-10,2028-06-02,703,129,12.964,1.47,LOW_STOCK,Kanti Central Store,Cold_Chain
2026-06-30,BATCH-000791,DEMO-06,MED-050,42,vial,120.0,2026-06-24,2028-02-19,599,129,12.964,3.24,LOW_STOCK,Local Pharmacy Wholesaler,Cold_Chain
2026-06-30,BATCH-000792,DEMO-06,MED-051,334,vial,80.0,2026-02-28,2027-07-06,371,106,10.69,31.24,OK,Kanti Central Store,Cold_Chain
2026-06-30,BATCH-000793,DEMO-06,MED-052,95,kit,25.0,2026-05-20,2028-03-31,640,296,29.679,3.2,LOW_STOCK,BPKMCH Pharmacy Store,Ambient
2026-06-30,BATCH-000794,DEMO-06,MED-052,271,kit,25.0,2025-10-26,2027-09-01,428,296,29.679,9.13,LOW_STOCK,Provincial Medical Store,Ambient
2026-06-30,BATCH-000795,DEMO-06,MED-053,153,ampoule,35.0,2025-09-20,2026-11-24,147,206,20.69,7.39,LOW_STOCK,Private Distributor - Kathmandu,Cold_Chain
2026-06-30,BATCH-000796,DEMO-06,MED-053,101,ampoule,35.0,2026-04-06,2027-05-31,335,206,20.69,4.88,LOW_STOCK,Local Pharmacy Wholesaler,Cold_Chain
2026-06-30,BATCH-000797,DEMO-06,MED-053,212,ampoule,35.0,2026-06-03,2028-05-17,687,206,20.69,10.25,OK,DoDA Logistics,Cold_Chain
2026-06-30,BATCH-000798,DEMO-06,MED-054,299,tablet,20.0,2026-05-28,2028-03-23,632,112,11.226,26.63,OK,Nepal CMS,Ambient
2026-06-30,BATCH-000799,DEMO-06,MED-055,59,ampoule,18.0,2024-07-16,2027-03-26,269,72,7.202,8.19,LOW_STOCK,Provincial Medical Store,Ambient
2026-06-30,BATCH-000800,DEMO-06,MED-055,126,ampoule,18.0,2024-05-25,2026-09-11,73,72,7.202,17.49,NEAR_EXPIRY,Provincial Medical Store,Ambient
2026-06-30,BATCH-000801,DEMO-06,MED-056,96,ampoule,45.0,2025-11-03,2028-08-02,764,61,6.155,15.6,OK,BPKMCH Pharmacy Store,Ambient
2026-06-30,BATCH-000802,DEMO-06,MED-056,45,ampoule,45.0,2026-03-19,2029-02-05,951,61,6.155,7.31,LOW_STOCK,Local Pharmacy Wholesaler,Ambient
2026-06-30,BATCH-000803,DEMO-06,MED-056,49,ampoule,45.0,2023-08-26,2026-07-07,7,61,6.155,7.96,LOW_AND_NEAR_EXPIRY,Nepal CMS,Ambient
2026-06-30,BATCH-000804,DEMO-06,MED-057,18,bottle,55.0,2026-05-26,2027-09-22,449,48,4.893,3.68,LOW_STOCK,Private Distributor - Kathmandu,Ambient
2026-06-30,BATCH-000805,DEMO-06,MED-057,43,bottle,55.0,2026-06-04,2027-10-04,461,48,4.893,8.79,LOW_STOCK,Kanti Central Store,Ambient
2026-06-30,BATCH-000806,DEMO-06,MED-058,224,bottle,90.0,2026-06-18,2028-06-06,707,35,3.5,64.0,OK,Nepal CMS,Ambient
2026-06-30,BATCH-000807,DEMO-06,MED-059,27,bottle,70.0,2026-03-30,2027-08-17,413,28,2.857,9.45,LOW_STOCK,Provincial Medical Store,Ambient
2026-06-30,BATCH-000808,DEMO-06,MED-059,15,bottle,70.0,2025-12-17,2027-08-09,405,28,2.857,5.25,LOW_STOCK,Provincial Medical Store,Ambient
2026-06-30,BATCH-000809,DEMO-06,MED-059,38,bottle,70.0,2025-07-29,2026-11-09,132,28,2.857,13.3,OK,Private Distributor - Kathmandu,Ambient
2026-06-30,BATCH-000810,DEMO-06,MED-060,35,vial,2500.0,2026-05-22,2027-08-23,419,26,2.607,13.42,OK,UNICEF Supply,Cold_Chain
2026-06-30,BATCH-000811,DEMO-06,MED-060,56,vial,2500.0,2026-06-15,2028-06-14,715,26,2.607,21.48,OK,Local Pharmacy Wholesaler,Cold_Chain
2026-06-30,BATCH-000812,DEMO-06,MED-061,114,ampoule,25.0,2025-12-07,2027-01-13,197,57,5.798,19.66,OK,UNICEF Supply,Ambient
2026-06-30,BATCH-000813,DEMO-06,MED-062,166,ampoule,12.0,2026-05-15,2029-04-18,1023,39,3.94,42.13,OK,Provincial Medical Store,Ambient
2026-06-30,BATCH-000814,DEMO-06,MED-063,20,vial,850.0,2026-05-25,2028-02-22,602,26,2.607,7.67,LOW_STOCK,Kanti Central Store,Cold_Chain
2026-06-30,BATCH-000815,DEMO-06,MED-063,43,vial,850.0,2025-03-13,2026-08-21,52,26,2.607,16.49,NEAR_EXPIRY,UNICEF Supply,Cold_Chain
2026-06-30,BATCH-000816,DEMO-06,MED-064,993,roll,80.0,2023-12-19,2028-01-20,569,205,20.548,48.33,OK,DoDA Logistics,Ambient
2026-06-30,BATCH-000817,DEMO-06,MED-065,175,unit,0.0,2026-06-16,2026-07-07,7,51,5.143,34.03,NEAR_EXPIRY,Private Distributor - Kathmandu,Cold_Chain
2026-06-30,BATCH-000818,DEMO-06,MED-066,24,unit,0.0,2026-06-28,2026-07-31,31,37,3.798,6.32,LOW_AND_NEAR_EXPIRY,Kanti Central Store,Cold_Chain
2026-06-30,BATCH-000819,DEMO-06,MED-066,36,unit,0.0,2026-06-24,2026-07-15,15,37,3.798,9.48,LOW_AND_NEAR_EXPIRY,UNICEF Supply,Cold_Chain
2026-06-30,BATCH-000820,DEMO-06,MED-067,217,vial,40.0,2024-03-16,2026-12-24,177,179,17.94,12.1,OK,Provincial Medical Store,Ambient
2026-06-30,BATCH-000821,DEMO-06,MED-067,82,vial,40.0,2024-08-08,2026-10-23,115,179,17.94,4.57,LOW_STOCK,Local Pharmacy Wholesaler,Ambient
2026-06-30,BATCH-000822,DEMO-06,MED-067,222,vial,40.0,2026-05-25,2028-11-21,875,179,17.94,12.37,OK,Provincial Medical Store,Ambient
2026-06-30,BATCH-000823,DEMO-06,MED-068,166,vial,180.0,2026-01-13,2028-04-21,661,48,4.833,34.34,OK,UNICEF Supply,Ambient
2026-06-30,BATCH-000824,DEMO-06,MED-069,174,ampoule,95.0,2026-05-19,2028-07-16,747,57,5.75,30.26,OK,DoDA Logistics,Ambient
2026-06-30,BATCH-000825,DEMO-06,MED-070,52,sachet,120.0,2026-06-02,2027-05-13,317,150,15.071,3.45,LOW_STOCK,Private Distributor - Kathmandu,Ambient
2026-06-30,BATCH-000826,DEMO-06,MED-070,147,sachet,120.0,2025-03-09,2026-12-22,175,150,15.071,9.75,LOW_STOCK,Nepal CMS,Ambient
2026-06-30,BATCH-000827,DEMO-06,MED-071,87,ampoule,150.0,2025-07-03,2026-07-23,23,36,3.655,23.8,NEAR_EXPIRY,Nepal CMS,Ambient
2026-06-30,BATCH-000828,DEMO-06,MED-072,191,vial,650.0,2025-05-10,2026-11-27,150,99,9.964,19.17,OK,BPKMCH Pharmacy Store,Ambient
2026-06-30,BATCH-000829,DEMO-07,MED-001,450,tablet,1.5,2025-09-08,2027-09-15,442,2568,256.881,1.75,LOW_STOCK,DoDA Logistics,Ambient
2026-06-30,BATCH-000830,DEMO-07,MED-001,737,tablet,1.5,2025-08-09,2027-04-20,294,2568,256.881,2.87,LOW_STOCK,Provincial Medical Store,Ambient
2026-06-30,BATCH-000831,DEMO-07,MED-002,1802,bottle,45.0,2025-05-23,2027-02-07,222,477,47.798,37.7,OK,Local Pharmacy Wholesaler,Ambient
2026-06-30,BATCH-000832,DEMO-07,MED-002,1701,bottle,45.0,2026-06-22,2027-10-06,463,477,47.798,35.59,OK,Provincial Medical Store,Ambient
2026-06-30,BATCH-000833,DEMO-07,MED-003,496,tablet,2.5,2026-05-17,2029-05-30,1065,803,80.345,6.17,LOW_STOCK,Nepal CMS,Ambient
2026-06-30,BATCH-000834,DEMO-07,MED-003,717,tablet,2.5,2025-11-15,2027-11-20,508,803,80.345,8.92,LOW_STOCK,Kanti Central Store,Ambient
2026-06-30,BATCH-000835,DEMO-07,MED-003,756,tablet,2.5,2026-06-01,2029-03-08,982,803,80.345,9.41,LOW_STOCK,Nepal CMS,Ambient
2026-06-30,BATCH-000836,DEMO-07,MED-004,1156,ampoule,25.0,2026-01-21,2026-11-08,131,307,30.762,37.58,OK,Local Pharmacy Wholesaler,Ambient
2026-06-30,BATCH-000837,DEMO-07,MED-004,713,ampoule,25.0,2026-06-21,2027-10-11,468,307,30.762,23.18,OK,Provincial Medical Store,Ambient
2026-06-30,BATCH-000838,DEMO-07,MED-004,707,ampoule,25.0,2026-06-07,2028-03-05,614,307,30.762,22.98,OK,Provincial Medical Store,Ambient
2026-06-30,BATCH-000839,DEMO-07,MED-005,1594,capsule,6.0,2026-02-04,2027-09-15,442,1051,105.131,15.16,OK,Kanti Central Store,Ambient
2026-06-30,BATCH-000840,DEMO-07,MED-005,2332,capsule,6.0,2026-02-07,2026-11-22,145,1051,105.131,22.18,OK,Private Distributor - Kathmandu,Ambient
2026-06-30,BATCH-000841,DEMO-07,MED-006,2164,tablet,35.0,2025-12-18,2027-05-06,310,583,58.31,37.11,OK,DoDA Logistics,Ambient
2026-06-30,BATCH-000842,DEMO-07,MED-006,3215,tablet,35.0,2026-06-22,2028-02-29,609,583,58.31,55.14,OK,Local Pharmacy Wholesaler,Ambient
2026-06-30,BATCH-000843,DEMO-07,MED-007,1747,tablet,40.0,2026-05-12,2027-07-11,376,600,60.083,29.08,OK,Provincial Medical Store,Ambient
2026-06-30,BATCH-000844,DEMO-07,MED-008,1523,tablet,8.0,2026-06-10,2028-10-16,839,665,66.583,22.87,OK,UNICEF Supply,Ambient
2026-06-30,BATCH-000845,DEMO-07,MED-008,1641,tablet,8.0,2024-03-20,2026-10-21,113,665,66.583,24.65,OK,Nepal CMS,Ambient
2026-06-30,BATCH-000846,DEMO-07,MED-008,1724,tablet,8.0,2025-08-07,2027-07-05,370,665,66.583,25.89,OK,DoDA Logistics,Ambient
2026-06-30,BATCH-000847,DEMO-07,MED-009,396,vial,85.0,2026-03-14,2027-01-03,187,567,56.762,6.98,LOW_STOCK,DoDA Logistics,Ambient
2026-06-30,BATCH-000848,DEMO-07,MED-009,439,vial,85.0,2025-08-10,2026-12-06,159,567,56.762,7.73,LOW_STOCK,BPKMCH Pharmacy Store,Ambient
2026-06-30,BATCH-000849,DEMO-07,MED-009,522,vial,85.0,2026-06-05,2027-10-11,468,567,56.762,9.2,LOW_STOCK,Private Distributor - Kathmandu,Ambient
2026-06-30,BATCH-000850,DEMO-07,MED-010,3046,tablet,2.0,2025-06-20,2026-08-26,57,740,74.024,41.15,NEAR_EXPIRY,Nepal CMS,Ambient
2026-06-30,BATCH-000851,DEMO-07,MED-011,4285,sachet,8.0,2026-06-09,2027-12-24,542,1827,182.738,23.45,OK,Provincial Medical Store,Ambient
2026-06-30,BATCH-000852,DEMO-07,MED-012,1519,tablet,1.2,2024-11-27,2026-08-08,39,1047,104.702,14.51,NEAR_EXPIRY,BPKMCH Pharmacy Store,Ambient
2026-06-30,BATCH-000853,DEMO-07,MED-012,1410,tablet,1.2,2024-11-02,2026-07-09,9,1047,104.702,13.47,NEAR_EXPIRY,Nepal CMS,Ambient
2026-06-30,BATCH-000854,DEMO-07,MED-013,653,bag,55.0,2025-12-18,2027-06-22,357,691,69.119,9.45,LOW_STOCK,Nepal CMS,Ambient
2026-06-30,BATCH-000855,DEMO-07,MED-013,844,bag,55.0,2026-06-18,2027-07-30,395,691,69.119,12.21,OK,BPKMCH Pharmacy Store,Ambient
2026-06-30,BATCH-000856,DEMO-07,MED-014,1383,bag,45.0,2025-04-25,2027-04-01,275,969,96.988,14.26,OK,Local Pharmacy Wholesaler,Ambient
2026-06-30,BATCH-000857,DEMO-07,MED-014,2232,bag,45.0,2025-07-02,2026-09-22,84,969,96.988,23.01,NEAR_EXPIRY,Kanti Central Store,Ambient
2026-06-30,BATCH-000858,DEMO-07,MED-015,535,bag,48.0,2025-05-02,2027-04-02,276,555,55.548,9.63,LOW_STOCK,UNICEF Supply,Ambient
2026-06-30,BATCH-000859,DEMO-07,MED-015,1168,bag,48.0,2026-06-05,2027-12-20,538,555,55.548,21.03,OK,BPKMCH Pharmacy Store,Ambient
2026-06-30,BATCH-000860,DEMO-07,MED-016,144,tablet,15.0,2024-12-17,2026-08-06,37,137,13.738,10.48,NEAR_EXPIRY,Nepal CMS,Ambient
2026-06-30,BATCH-000861,DEMO-07,MED-016,153,tablet,15.0,2025-02-25,2026-12-02,155,137,13.738,11.14,OK,DoDA Logistics,Ambient
2026-06-30,BATCH-000862,DEMO-07,MED-016,239,tablet,15.0,2026-02-24,2027-11-15,503,137,13.738,17.4,OK,Local Pharmacy Wholesaler,Ambient
2026-06-30,BATCH-000863,DEMO-07,MED-017,186,tablet,1.8,2026-06-03,2027-11-21,509,73,7.393,25.16,OK,Provincial Medical Store,Ambient
2026-06-30,BATCH-000864,DEMO-07,MED-017,330,tablet,1.8,2024-06-30,2027-05-01,305,73,7.393,44.64,OK,Nepal CMS,Ambient
2026-06-30,BATCH-000865,DEMO-07,MED-018,1811,unit,180.0,2026-06-18,2028-03-28,637,222,22.25,81.39,OK,Kanti Central Store,Ambient
2026-06-30,BATCH-000866,DEMO-07,MED-019,821,ampoule,30.0,2026-01-23,2027-09-15,442,260,26.095,31.46,OK,Local Pharmacy Wholesaler,Ambient
2026-06-30,BATCH-000867,DEMO-07,MED-020,324,bottle,55.0,2025-08-15,2027-05-13,317,259,25.952,12.48,OK,UNICEF Supply,Ambient
2026-06-30,BATCH-000868,DEMO-07,MED-020,847,bottle,55.0,2026-06-27,2028-03-06,615,259,25.952,32.64,OK,UNICEF Supply,Ambient
2026-06-30,BATCH-000869,DEMO-07,MED-021,3330,tablet,1.0,2026-05-20,2028-09-26,819,1008,100.81,33.03,OK,DoDA Logistics,Ambient
2026-06-30,BATCH-000870,DEMO-07,MED-022,1147,tablet,2.5,2025-03-14,2026-08-19,50,725,72.595,15.8,NEAR_EXPIRY,Kanti Central Store,Ambient
2026-06-30,BATCH-000871,DEMO-07,MED-022,569,tablet,2.5,2024-07-13,2026-08-01,32,725,72.595,7.84,LOW_AND_NEAR_EXPIRY,BPKMCH Pharmacy Store,Ambient
2026-06-30,BATCH-000872,DEMO-07,MED-022,1283,tablet,2.5,2024-03-11,2026-07-28,28,725,72.595,17.67,NEAR_EXPIRY,UNICEF Supply,Ambient
2026-06-30,BATCH-000873,DEMO-07,MED-023,2794,tablet,1.5,2025-08-07,2028-01-22,571,1213,121.369,23.02,OK,Private Distributor - Kathmandu,Ambient
2026-06-30,BATCH-000874,DEMO-07,MED-024,1029,vial,450.0,2024-10-23,2026-08-31,62,110,11.071,92.94,NEAR_EXPIRY,BPKMCH Pharmacy Store,Cold_Chain
2026-06-30,BATCH-000875,DEMO-07,MED-025,828,tablet,3.0,2026-06-03,2028-05-31,701,597,59.75,13.86,OK,Kanti Central Store,Ambient
2026-06-30,BATCH-000876,DEMO-07,MED-025,411,tablet,3.0,2025-03-02,2026-08-06,37,597,59.75,6.88,LOW_AND_NEAR_EXPIRY,Nepal CMS,Ambient
2026-06-30,BATCH-000877,DEMO-07,MED-025,652,tablet,3.0,2026-05-19,2029-04-22,1027,597,59.75,10.91,OK,Local Pharmacy Wholesaler,Ambient
2026-06-30,BATCH-000878,DEMO-07,MED-026,1332,tablet,0.8,2024-12-11,2027-09-18,445,694,69.44,19.18,OK,UNICEF Supply,Ambient
2026-06-30,BATCH-000879,DEMO-07,MED-026,1185,tablet,0.8,2026-05-17,2028-06-15,716,694,69.44,17.06,OK,Nepal CMS,Ambient
2026-06-30,BATCH-000880,DEMO-07,MED-027,1097,capsule,2.0,2025-07-01,2028-05-27,697,983,98.345,11.15,OK,DoDA Logistics,Ambient
2026-06-30,BATCH-000881,DEMO-07,MED-027,1203,capsule,2.0,2026-06-25,2028-08-22,784,983,98.345,12.23,OK,Private Distributor - Kathmandu,Ambient
2026-06-30,BATCH-000882,DEMO-07,MED-028,1226,tablet,6.0,2025-06-17,2028-04-04,644,541,54.155,22.64,OK,Provincial Medical Store,Ambient
2026-06-30,BATCH-000883,DEMO-07,MED-028,488,tablet,6.0,2025-01-12,2027-04-18,292,541,54.155,9.01,LOW_STOCK,Local Pharmacy Wholesaler,Ambient
2026-06-30,BATCH-000884,DEMO-07,MED-028,921,tablet,6.0,2026-05-23,2028-06-12,713,541,54.155,17.01,OK,Local Pharmacy Wholesaler,Ambient
2026-06-30,BATCH-000885,DEMO-07,MED-029,528,tablet,1.5,2026-05-25,2029-03-29,1003,430,43.024,12.27,OK,Nepal CMS,Ambient
2026-06-30,BATCH-000886,DEMO-07,MED-029,933,tablet,1.5,2025-08-17,2027-01-18,202,430,43.024,21.69,OK,DoDA Logistics,Ambient
2026-06-30,BATCH-000887,DEMO-07,MED-030,282,bottle_100ml,85.0,2026-03-27,2028-03-09,618,198,19.857,14.2,OK,Kanti Central Store,Ambient
2026-06-30,BATCH-000888,DEMO-07,MED-030,701,bottle_100ml,85.0,2024-06-06,2026-09-18,80,198,19.857,35.3,NEAR_EXPIRY,Private Distributor - Kathmandu,Ambient
2026-06-30,BATCH-000889,DEMO-07,MED-031,1586,pair,25.0,2024-10-22,2027-05-31,335,1315,131.536,12.06,OK,DoDA Logistics,Ambient
2026-06-30,BATCH-000890,DEMO-07,MED-031,4465,pair,25.0,2024-04-01,2027-12-02,520,1315,131.536,33.95,OK,Provincial Medical Store,Ambient
2026-06-30,BATCH-000891,DEMO-07,MED-032,2484,piece,5.0,2022-05-03,2026-09-08,70,1370,137.036,18.13,NEAR_EXPIRY,Local Pharmacy Wholesaler,Ambient
2026-06-30,BATCH-000892,DEMO-07,MED-032,2077,piece,5.0,2024-09-03,2029-03-26,1000,1370,137.036,15.16,OK,UNICEF Supply,Ambient
2026-06-30,BATCH-000893,DEMO-07,MED-032,2045,piece,5.0,2023-07-01,2026-08-29,60,1370,137.036,14.92,NEAR_EXPIRY,Nepal CMS,Ambient
2026-06-30,BATCH-000894,DEMO-07,MED-033,2498,piece,35.0,2026-06-22,2031-03-03,1707,668,66.845,37.37,OK,Kanti Central Store,Ambient
2026-06-30,BATCH-000895,DEMO-07,MED-034,153,vial,25.0,2025-05-16,2027-02-07,222,150,15.0,10.2,OK,BPKMCH Pharmacy Store,Cold_Chain
2026-06-30,BATCH-000896,DEMO-07,MED-034,145,vial,25.0,2026-06-06,2027-10-12,469,150,15.0,9.67,LOW_STOCK,Nepal CMS,Cold_Chain
2026-06-30,BATCH-000897,DEMO-07,MED-034,138,vial,25.0,2025-11-21,2027-08-19,415,150,15.0,9.2,LOW_STOCK,Private Distributor - Kathmandu,Cold_Chain
2026-06-30,BATCH-000898,DEMO-07,MED-035,35,vial,350.0,2026-05-21,2028-04-01,641,65,6.524,5.36,LOW_STOCK,Kanti Central Store,Cold_Chain
2026-06-30,BATCH-000899,DEMO-07,MED-035,57,vial,350.0,2025-03-18,2027-02-18,233,65,6.524,8.74,LOW_STOCK,Nepal CMS,Cold_Chain
2026-06-30,BATCH-000900,DEMO-07,MED-035,47,vial,350.0,2025-06-22,2026-07-24,24,65,6.524,7.2,LOW_AND_NEAR_EXPIRY,Local Pharmacy Wholesaler,Cold_Chain
2026-06-30,BATCH-000901,DEMO-07,MED-036,6445,tablet,0.5,2026-06-01,2027-11-15,503,918,91.893,70.14,OK,Local Pharmacy Wholesaler,Ambient
2026-06-30,BATCH-000902,DEMO-07,MED-037,289,tablet,8.0,2024-04-21,2027-01-10,194,180,18.071,15.99,OK,Nepal CMS,Ambient
2026-06-30,BATCH-000903,DEMO-07,MED-037,143,tablet,8.0,2025-04-04,2027-02-04,219,180,18.071,7.91,LOW_STOCK,Provincial Medical Store,Ambient
2026-06-30,BATCH-000904,DEMO-07,MED-037,391,tablet,8.0,2024-12-19,2027-10-03,460,180,18.071,21.64,OK,Private Distributor - Kathmandu,Ambient
2026-06-30,BATCH-000905,DEMO-07,MED-038,209,ampoule,12.0,2026-01-13,2027-07-12,377,213,21.357,9.79,LOW_STOCK,Nepal CMS,Ambient
2026-06-30,BATCH-000906,DEMO-07,MED-038,111,ampoule,12.0,2026-06-04,2028-02-09,589,213,21.357,5.2,LOW_STOCK,BPKMCH Pharmacy Store,Ambient
2026-06-30,BATCH-000907,DEMO-07,MED-038,133,ampoule,12.0,2026-06-26,2027-12-07,525,213,21.357,6.23,LOW_STOCK,UNICEF Supply,Ambient
2026-06-30,BATCH-000908,DEMO-07,MED-039,122,ampoule,10.0,2025-03-23,2026-07-12,12,179,17.976,6.79,LOW_AND_NEAR_EXPIRY,Kanti Central Store,Ambient
2026-06-30,BATCH-000909,DEMO-07,MED-039,95,ampoule,10.0,2025-03-28,2026-07-14,14,179,17.976,5.28,LOW_AND_NEAR_EXPIRY,UNICEF Supply,Ambient
2026-06-30,BATCH-000910,DEMO-07,MED-039,225,ampoule,10.0,2025-02-26,2026-07-13,13,179,17.976,12.52,NEAR_EXPIRY,Nepal CMS,Ambient
2026-06-30,BATCH-000911,DEMO-07,MED-040,246,ampoule,28.0,2023-09-20,2026-08-18,49,139,13.976,17.6,NEAR_EXPIRY,Local Pharmacy Wholesaler,Ambient
2026-06-30,BATCH-000912,DEMO-07,MED-040,121,ampoule,28.0,2024-06-26,2026-07-19,19,139,13.976,8.66,LOW_AND_NEAR_EXPIRY,Local Pharmacy Wholesaler,Ambient
2026-06-30,BATCH-000913,DEMO-07,MED-040,173,ampoule,28.0,2025-02-24,2026-08-09,40,139,13.976,12.38,NEAR_EXPIRY,Local Pharmacy Wholesaler,Ambient
2026-06-30,BATCH-000914,DEMO-07,MED-041,49,vial,180.0,2026-03-13,2027-03-08,251,26,2.619,18.71,OK,Kanti Central Store,Ambient
2026-06-30,BATCH-000915,DEMO-07,MED-041,28,vial,180.0,2025-02-02,2026-10-16,108,26,2.619,10.69,OK,BPKMCH Pharmacy Store,Ambient
2026-06-30,BATCH-000916,DEMO-07,MED-041,32,vial,180.0,2026-06-14,2028-04-12,652,26,2.619,12.22,OK,Nepal CMS,Ambient
2026-06-30,BATCH-000917,DEMO-07,MED-042,3,vial,1200.0,2026-06-17,2028-06-13,714,16,1.655,1.81,LOW_STOCK,Local Pharmacy Wholesaler,Cold_Chain
2026-06-30,BATCH-000918,DEMO-07,MED-042,5,vial,1200.0,2025-09-26,2026-11-30,153,16,1.655,3.02,LOW_STOCK,Private Distributor - Kathmandu,Cold_Chain
2026-06-30,BATCH-000919,DEMO-07,MED-043,11,vial,3500.0,2024-10-24,2026-08-01,32,10,1.0,11.0,NEAR_EXPIRY,BPKMCH Pharmacy Store,Ambient
2026-06-30,BATCH-000920,DEMO-07,MED-043,15,vial,3500.0,2025-04-15,2026-08-22,53,10,1.0,15.0,NEAR_EXPIRY,BPKMCH Pharmacy Store,Ambient
2026-06-30,BATCH-000921,DEMO-07,MED-044,21,vial,450.0,2026-06-20,2027-12-18,536,11,1.155,18.19,OK,Provincial Medical Store,Ambient
2026-06-30,BATCH-000922,DEMO-07,MED-044,9,vial,450.0,2026-03-29,2027-08-09,405,11,1.155,7.79,LOW_STOCK,Nepal CMS,Ambient
2026-06-30,BATCH-000923,DEMO-07,MED-044,15,vial,450.0,2026-01-13,2027-08-23,419,11,1.155,12.99,OK,Provincial Medical Store,Ambient
2026-06-30,BATCH-000924,DEMO-07,MED-045,54,tablet,15.0,2026-06-08,2028-04-09,649,45,4.595,11.75,OK,BPKMCH Pharmacy Store,Ambient
2026-06-30,BATCH-000925,DEMO-07,MED-045,149,tablet,15.0,2025-08-30,2027-07-05,370,45,4.595,32.42,OK,Provincial Medical Store,Ambient
2026-06-30,BATCH-000926,DEMO-07,MED-046,8,prefilled,4500.0,2025-11-07,2027-03-28,271,7,0.75,10.67,OK,Provincial Medical Store,Cold_Chain
2026-06-30,BATCH-000927,DEMO-07,MED-046,18,prefilled,4500.0,2025-12-04,2026-08-05,36,7,0.75,24.0,NEAR_EXPIRY,BPKMCH Pharmacy Store,Cold_Chain
2026-06-30,BATCH-000928,DEMO-07,MED-047,542,sachet,6.0,2024-06-11,2026-08-18,49,772,77.25,7.02,LOW_AND_NEAR_EXPIRY,BPKMCH Pharmacy Store,Ambient
2026-06-30,BATCH-000929,DEMO-07,MED-047,1542,sachet,6.0,2024-09-04,2026-07-25,25,772,77.25,19.96,NEAR_EXPIRY,Provincial Medical Store,Ambient
2026-06-30,BATCH-000930,DEMO-07,MED-048,434,bottle,65.0,2026-03-08,2027-06-07,342,209,20.988,20.68,OK,Private Distributor - Kathmandu,Ambient
2026-06-30,BATCH-000931,DEMO-07,MED-049,240,capsule,2.0,2026-06-03,2028-04-09,649,278,27.893,8.6,LOW_STOCK,UNICEF Supply,Ambient
2026-06-30,BATCH-000932,DEMO-07,MED-049,504,capsule,2.0,2026-02-13,2027-08-31,427,278,27.893,18.07,OK,Local Pharmacy Wholesaler,Ambient
2026-06-30,BATCH-000933,DEMO-07,MED-050,201,vial,120.0,2025-06-15,2027-01-01,185,202,20.274,9.91,LOW_STOCK,BPKMCH Pharmacy Store,Cold_Chain
2026-06-30,BATCH-000934,DEMO-07,MED-050,82,vial,120.0,2026-03-09,2027-06-13,348,202,20.274,4.04,LOW_STOCK,Provincial Medical Store,Cold_Chain
2026-06-30,BATCH-000935,DEMO-07,MED-050,188,vial,120.0,2026-06-14,2027-09-06,433,202,20.274,9.27,LOW_STOCK,Private Distributor - Kathmandu,Cold_Chain
2026-06-30,BATCH-000936,DEMO-07,MED-051,503,vial,80.0,2026-06-15,2028-03-22,631,148,14.869,33.83,OK,Kanti Central Store,Cold_Chain
2026-06-30,BATCH-000937,DEMO-07,MED-052,121,kit,25.0,2025-09-25,2026-12-06,159,392,39.298,3.08,LOW_STOCK,Kanti Central Store,Ambient
2026-06-30,BATCH-000938,DEMO-07,MED-052,47,kit,25.0,2026-03-07,2027-03-19,262,392,39.298,1.2,LOW_STOCK,Nepal CMS,Ambient
2026-06-30,BATCH-000939,DEMO-07,MED-052,68,kit,25.0,2026-05-23,2027-10-24,481,392,39.298,1.73,LOW_STOCK,UNICEF Supply,Ambient
2026-06-30,BATCH-000940,DEMO-07,MED-053,272,ampoule,35.0,2026-06-10,2028-03-21,630,260,26.071,10.43,OK,Local Pharmacy Wholesaler,Cold_Chain
2026-06-30,BATCH-000941,DEMO-07,MED-053,188,ampoule,35.0,2025-11-27,2027-02-08,223,260,26.071,7.21,LOW_STOCK,Local Pharmacy Wholesaler,Cold_Chain
2026-06-30,BATCH-000942,DEMO-07,MED-053,321,ampoule,35.0,2026-05-18,2027-06-23,358,260,26.071,12.31,OK,Nepal CMS,Cold_Chain
2026-06-30,BATCH-000943,DEMO-07,MED-054,796,tablet,20.0,2025-08-07,2027-04-12,286,182,18.25,43.62,OK,UNICEF Supply,Ambient
2026-06-30,BATCH-000944,DEMO-07,MED-055,339,ampoule,18.0,2024-07-29,2026-10-08,100,95,9.571,35.42,OK,UNICEF Supply,Ambient
2026-06-30,BATCH-000945,DEMO-07,MED-056,16,ampoule,45.0,2025-06-01,2026-09-03,65,86,8.631,1.85,LOW_AND_NEAR_EXPIRY,Kanti Central Store,Ambient
2026-06-30,BATCH-000946,DEMO-07,MED-056,8,ampoule,45.0,2026-06-06,2028-01-30,579,86,8.631,0.93,LOW_STOCK,DoDA Logistics,Ambient
2026-06-30,BATCH-000947,DEMO-07,MED-056,24,ampoule,45.0,2024-06-13,2027-01-10,194,86,8.631,2.78,LOW_STOCK,DoDA Logistics,Ambient
2026-06-30,BATCH-000948,DEMO-07,MED-057,102,bottle,55.0,2025-06-16,2027-05-10,314,78,7.893,12.92,OK,UNICEF Supply,Ambient
2026-06-30,BATCH-000949,DEMO-07,MED-057,93,bottle,55.0,2025-05-05,2027-02-15,230,78,7.893,11.78,OK,Kanti Central Store,Ambient
2026-06-30,BATCH-000950,DEMO-07,MED-058,83,bottle,90.0,2025-09-26,2026-07-13,13,52,5.202,15.95,NEAR_EXPIRY,DoDA Logistics,Ambient
2026-06-30,BATCH-000951,DEMO-07,MED-058,120,bottle,90.0,2026-05-25,2028-03-01,610,52,5.202,23.07,OK,Nepal CMS,Ambient
2026-06-30,BATCH-000952,DEMO-07,MED-059,317,bottle,70.0,2025-05-01,2026-08-21,52,34,3.44,92.14,NEAR_EXPIRY,Private Distributor - Kathmandu,Ambient
2026-06-30,BATCH-000953,DEMO-07,MED-060,7,vial,2500.0,2026-06-28,2028-01-20,569,30,3.083,2.27,LOW_STOCK,Nepal CMS,Cold_Chain
2026-06-30,BATCH-000954,DEMO-07,MED-060,9,vial,2500.0,2026-06-25,2028-05-08,678,30,3.083,2.92,LOW_STOCK,Kanti Central Store,Cold_Chain
2026-06-30,BATCH-000955,DEMO-07,MED-060,9,vial,2500.0,2025-07-18,2026-10-27,119,30,3.083,2.92,LOW_STOCK,Private Distributor - Kathmandu,Cold_Chain
2026-06-30,BATCH-000956,DEMO-07,MED-061,38,ampoule,25.0,2026-06-24,2028-01-06,555,86,8.667,4.38,LOW_STOCK,Local Pharmacy Wholesaler,Ambient
2026-06-30,BATCH-000957,DEMO-07,MED-061,18,ampoule,25.0,2026-01-01,2026-12-25,178,86,8.667,2.08,LOW_STOCK,UNICEF Supply,Ambient
2026-06-30,BATCH-000958,DEMO-07,MED-061,21,ampoule,25.0,2024-12-01,2026-07-13,13,86,8.667,2.42,LOW_AND_NEAR_EXPIRY,Nepal CMS,Ambient
2026-06-30,BATCH-000959,DEMO-07,MED-062,150,ampoule,12.0,2026-05-31,2028-07-18,749,51,5.19,28.9,OK,Kanti Central Store,Ambient
2026-06-30,BATCH-000960,DEMO-07,MED-062,390,ampoule,12.0,2024-11-08,2026-10-13,105,51,5.19,75.14,OK,Nepal CMS,Ambient
2026-06-30,BATCH-000961,DEMO-07,MED-063,56,vial,850.0,2025-10-28,2027-05-19,323,48,4.81,11.64,OK,BPKMCH Pharmacy Store,Cold_Chain
2026-06-30,BATCH-000962,DEMO-07,MED-063,85,vial,850.0,2026-06-06,2028-06-18,719,48,4.81,17.67,OK,Local Pharmacy Wholesaler,Cold_Chain
2026-06-30,BATCH-000963,DEMO-07,MED-064,695,roll,80.0,2026-06-20,2029-07-22,1118,347,34.798,19.97,OK,Kanti Central Store,Ambient
2026-06-30,BATCH-000964,DEMO-07,MED-065,41,unit,0.0,2026-06-10,2026-07-31,31,85,8.583,4.78,LOW_AND_NEAR_EXPIRY,Private Distributor - Kathmandu,Cold_Chain
2026-06-30,BATCH-000965,DEMO-07,MED-066,12,unit,0.0,2026-06-14,2026-07-13,13,46,4.631,2.59,LOW_AND_NEAR_EXPIRY,BPKMCH Pharmacy Store,Cold_Chain
2026-06-30,BATCH-000966,DEMO-07,MED-067,617,vial,40.0,2025-04-28,2026-07-22,22,185,18.595,33.18,NEAR_EXPIRY,Nepal CMS,Ambient
2026-06-30,BATCH-000967,DEMO-07,MED-068,49,vial,180.0,2026-03-03,2028-10-25,848,50,5.071,9.66,LOW_STOCK,Local Pharmacy Wholesaler,Ambient
2026-06-30,BATCH-000968,DEMO-07,MED-069,153,ampoule,95.0,2025-03-14,2027-06-01,336,75,7.583,20.18,OK,BPKMCH Pharmacy Store,Ambient
2026-06-30,BATCH-000969,DEMO-07,MED-069,211,ampoule,95.0,2026-04-21,2027-11-18,506,75,7.583,27.82,OK,Provincial Medical Store,Ambient
2026-06-30,BATCH-000970,DEMO-07,MED-070,373,sachet,120.0,2024-11-01,2026-07-23,23,195,19.571,19.06,NEAR_EXPIRY,UNICEF Supply,Ambient
2026-06-30,BATCH-000971,DEMO-07,MED-070,191,sachet,120.0,2026-02-08,2027-11-22,510,195,19.571,9.76,LOW_STOCK,Kanti Central Store,Ambient
2026-06-30,BATCH-000972,DEMO-07,MED-070,327,sachet,120.0,2024-12-22,2026-12-05,158,195,19.571,16.71,OK,Kanti Central Store,Ambient
2026-06-30,BATCH-000973,DEMO-07,MED-071,62,ampoule,150.0,2026-06-10,2028-02-27,607,56,5.619,11.03,OK,Private Distributor - Kathmandu,Ambient
2026-06-30,BATCH-000974,DEMO-07,MED-071,45,ampoule,150.0,2025-03-14,2026-08-19,50,56,5.619,8.01,LOW_AND_NEAR_EXPIRY,Local Pharmacy Wholesaler,Ambient
2026-06-30,BATCH-000975,DEMO-07,MED-071,70,ampoule,150.0,2025-11-13,2026-11-30,153,56,5.619,12.46,OK,Nepal CMS,Ambient
2026-06-30,BATCH-000976,DEMO-07,MED-072,99,vial,650.0,2026-05-30,2028-04-12,652,136,13.679,7.24,LOW_STOCK,Private Distributor - Kathmandu,Ambient
2026-06-30,BATCH-000977,DEMO-07,MED-072,96,vial,650.0,2025-12-01,2027-10-30,487,136,13.679,7.02,LOW_STOCK,BPKMCH Pharmacy Store,Ambient
2026-06-30,BATCH-000978,DEMO-07,MED-072,119,vial,650.0,2026-05-30,2027-07-21,386,136,13.679,8.7,LOW_STOCK,Local Pharmacy Wholesaler,Ambient
2026-06-30,BATCH-000979,DEMO-08,MED-001,52,tablet,1.5,2024-10-30,2026-09-07,69,66,6.643,7.83,LOW_AND_NEAR_EXPIRY,UNICEF Supply,Ambient
2026-06-30,BATCH-000980,DEMO-08,MED-001,94,tablet,1.5,2025-06-04,2027-09-07,434,66,6.643,14.15,OK,Nepal CMS,Ambient
2026-06-30,BATCH-000981,DEMO-08,MED-002,47,bottle,45.0,2026-06-21,2027-10-14,471,10,1.071,43.87,OK,Local Pharmacy Wholesaler,Ambient
2026-06-30,BATCH-000982,DEMO-08,MED-003,188,tablet,2.5,2025-11-18,2028-03-29,638,23,2.369,79.36,OK,Kanti Central Store,Ambient
2026-06-30,BATCH-000983,DEMO-08,MED-003,159,tablet,2.5,2025-01-28,2026-08-16,47,23,2.369,67.12,NEAR_EXPIRY,Kanti Central Store,Ambient
2026-06-30,BATCH-000984,DEMO-08,MED-004,59,ampoule,25.0,2026-05-29,2028-04-01,641,9,0.976,60.44,OK,BPKMCH Pharmacy Store,Ambient
2026-06-30,BATCH-000985,DEMO-08,MED-005,132,capsule,6.0,2026-02-13,2027-10-24,481,40,4.0,33.0,OK,UNICEF Supply,Ambient
2026-06-30,BATCH-000986,DEMO-08,MED-005,137,capsule,6.0,2025-07-18,2026-12-02,155,40,4.0,34.25,OK,Local Pharmacy Wholesaler,Ambient
2026-06-30,BATCH-000987,DEMO-08,MED-005,141,capsule,6.0,2025-08-24,2026-12-13,166,40,4.0,35.25,OK,DoDA Logistics,Ambient
2026-06-30,BATCH-000988,DEMO-08,MED-006,98,tablet,35.0,2025-07-20,2026-10-10,102,14,1.44,68.03,OK,Kanti Central Store,Ambient
2026-06-30,BATCH-000989,DEMO-08,MED-006,102,tablet,35.0,2025-07-17,2027-04-25,299,14,1.44,70.81,OK,Kanti Central Store,Ambient
2026-06-30,BATCH-000990,DEMO-08,MED-007,67,tablet,40.0,2026-05-31,2027-07-21,386,15,1.536,43.63,OK,Kanti Central Store,Ambient
2026-06-30,BATCH-000991,DEMO-08,MED-007,28,tablet,40.0,2026-06-03,2027-11-09,497,15,1.536,18.23,OK,Provincial Medical Store,Ambient
2026-06-30,BATCH-000992,DEMO-08,MED-007,77,tablet,40.0,2025-12-22,2027-03-15,258,15,1.536,50.14,OK,Kanti Central Store,Ambient
2026-06-30,BATCH-000993,DEMO-08,MED-008,38,tablet,8.0,2025-03-25,2026-09-11,73,18,1.857,20.46,NEAR_EXPIRY,UNICEF Supply,Ambient
2026-06-30,BATCH-000994,DEMO-08,MED-008,46,tablet,8.0,2026-02-25,2028-05-29,699,18,1.857,24.77,OK,Private Distributor - Kathmandu,Ambient
2026-06-30,BATCH-000995,DEMO-08,MED-008,46,tablet,8.0,2026-06-17,2029-03-18,992,18,1.857,24.77,OK,Nepal CMS,Ambient
2026-06-30,BATCH-000996,DEMO-08,MED-009,70,vial,85.0,2025-10-09,2027-05-01,305,18,1.833,38.18,OK,Provincial Medical Store,Ambient
2026-06-30,BATCH-000997,DEMO-08,MED-010,38,tablet,2.0,2025-08-19,2028-07-10,741,18,1.845,20.59,OK,BPKMCH Pharmacy Store,Ambient
2026-06-30,BATCH-000998,DEMO-08,MED-010,71,tablet,2.0,2024-08-26,2026-08-19,50,18,1.845,38.48,NEAR_EXPIRY,Provincial Medical Store,Ambient
2026-06-30,BATCH-000999,DEMO-08,MED-011,136,sachet,8.0,2026-06-21,2029-04-25,1030,49,4.94,27.53,OK,Provincial Medical Store,Ambient
2026-06-30,BATCH-001000,DEMO-08,MED-011,108,sachet,8.0,2025-10-23,2028-07-25,756,49,4.94,21.86,OK,Private Distributor - Kathmandu,Ambient
2026-06-30,BATCH-001001,DEMO-08,MED-011,127,sachet,8.0,2026-06-03,2029-04-21,1026,49,4.94,25.71,OK,Provincial Medical Store,Ambient
2026-06-30,BATCH-001002,DEMO-08,MED-012,111,tablet,1.2,2024-04-15,2026-11-17,140,27,2.786,39.85,OK,UNICEF Supply,Ambient
2026-06-30,BATCH-001003,DEMO-08,MED-012,61,tablet,1.2,2026-06-18,2027-12-31,549,27,2.786,21.9,OK,UNICEF Supply,Ambient
2026-06-30,BATCH-001004,DEMO-08,MED-012,184,tablet,1.2,2024-12-29,2027-03-14,257,27,2.786,66.05,OK,BPKMCH Pharmacy Store,Ambient
2026-06-30,BATCH-001005,DEMO-08,MED-013,41,bag,55.0,2025-04-06,2026-07-25,25,15,1.583,25.89,NEAR_EXPIRY,UNICEF Supply,Ambient
2026-06-30,BATCH-001006,DEMO-08,MED-013,61,bag,55.0,2025-05-15,2026-07-18,18,15,1.583,38.53,NEAR_EXPIRY,Nepal CMS,Ambient
2026-06-30,BATCH-001007,DEMO-08,MED-014,77,bag,45.0,2025-07-22,2026-11-14,137,25,2.571,29.94,OK,Local Pharmacy Wholesaler,Ambient
2026-06-30,BATCH-001008,DEMO-08,MED-014,55,bag,45.0,2024-12-16,2026-10-08,100,25,2.571,21.39,OK,Kanti Central Store,Ambient
2026-06-30,BATCH-001009,DEMO-08,MED-014,110,bag,45.0,2025-11-19,2026-10-17,109,25,2.571,42.78,OK,Local Pharmacy Wholesaler,Ambient
2026-06-30,BATCH-001010,DEMO-08,MED-015,6,bag,48.0,2025-08-07,2027-06-04,339,13,1.393,4.31,LOW_STOCK,Provincial Medical Store,Ambient
2026-06-30,BATCH-001011,DEMO-08,MED-015,4,bag,48.0,2026-03-04,2027-04-07,281,13,1.393,2.87,LOW_STOCK,BPKMCH Pharmacy Store,Ambient
2026-06-30,BATCH-001012,DEMO-08,MED-015,11,bag,48.0,2026-05-22,2028-01-22,571,13,1.393,7.9,LOW_STOCK,Kanti Central Store,Ambient
2026-06-30,BATCH-001013,DEMO-08,MED-016,1,tablet,15.0,2026-03-23,2027-06-15,350,3,0.202,4.94,LOW_STOCK,Local Pharmacy Wholesaler,Ambient
2026-06-30,BATCH-001014,DEMO-08,MED-016,1,tablet,15.0,2025-08-20,2027-05-14,318,3,0.202,4.94,LOW_STOCK,Local Pharmacy Wholesaler,Ambient
2026-06-30,BATCH-001015,DEMO-08,MED-017,4,tablet,1.8,2026-06-02,2028-11-18,872,3,0.071,56.0,OK,Nepal CMS,Ambient
2026-06-30,BATCH-001016,DEMO-08,MED-018,18,unit,180.0,2025-06-14,2026-11-21,144,8,0.833,21.6,OK,Local Pharmacy Wholesaler,Ambient
2026-06-30,BATCH-001017,DEMO-08,MED-018,20,unit,180.0,2026-01-16,2027-05-16,320,8,0.833,24.0,OK,UNICEF Supply,Ambient
2026-06-30,BATCH-001018,DEMO-08,MED-018,23,unit,180.0,2025-06-29,2027-06-11,346,8,0.833,27.6,OK,Local Pharmacy Wholesaler,Ambient
2026-06-30,BATCH-001019,DEMO-08,MED-019,13,ampoule,30.0,2025-04-27,2026-07-21,21,7,0.75,17.33,NEAR_EXPIRY,Kanti Central Store,Ambient
2026-06-30,BATCH-001020,DEMO-08,MED-019,15,ampoule,30.0,2026-06-30,2027-06-05,340,7,0.75,20.0,OK,BPKMCH Pharmacy Store,Ambient
2026-06-30,BATCH-001021,DEMO-08,MED-020,15,bottle,55.0,2025-05-24,2026-09-28,90,10,1.012,14.82,NEAR_EXPIRY,Nepal CMS,Ambient
2026-06-30,BATCH-001022,DEMO-08,MED-020,5,bottle,55.0,2026-06-10,2027-07-15,380,10,1.012,4.94,LOW_STOCK,Kanti Central Store,Ambient
2026-06-30,BATCH-001023,DEMO-08,MED-020,14,bottle,55.0,2026-05-13,2028-04-03,643,10,1.012,13.84,OK,UNICEF Supply,Ambient
2026-06-30,BATCH-001024,DEMO-08,MED-021,65,tablet,1.0,2026-06-21,2029-01-11,926,27,2.738,23.74,OK,Provincial Medical Store,Ambient
2026-06-30,BATCH-001025,DEMO-08,MED-021,99,tablet,1.0,2026-05-21,2028-11-09,863,27,2.738,36.16,OK,Nepal CMS,Ambient
2026-06-30,BATCH-001026,DEMO-08,MED-022,143,tablet,2.5,2025-09-30,2028-08-07,769,19,1.988,71.93,OK,BPKMCH Pharmacy Store,Ambient
2026-06-30,BATCH-001027,DEMO-08,MED-023,184,tablet,1.5,2026-02-20,2028-02-02,582,29,2.929,62.83,OK,DoDA Logistics,Ambient
2026-06-30,BATCH-001028,DEMO-08,MED-024,14,vial,450.0,2025-06-18,2027-04-27,301,3,0.31,45.23,OK,Local Pharmacy Wholesaler,Cold_Chain
2026-06-30,BATCH-001029,DEMO-08,MED-025,33,tablet,3.0,2025-12-18,2027-08-14,410,14,1.476,22.35,OK,Local Pharmacy Wholesaler,Ambient
2026-06-30,BATCH-001030,DEMO-08,MED-026,60,tablet,0.8,2025-09-22,2027-10-08,465,22,2.226,26.95,OK,DoDA Logistics,Ambient
2026-06-30,BATCH-001031,DEMO-08,MED-026,63,tablet,0.8,2026-06-15,2029-02-05,951,22,2.226,28.3,OK,Provincial Medical Store,Ambient
2026-06-30,BATCH-001032,DEMO-08,MED-027,135,capsule,2.0,2026-01-25,2028-10-08,831,39,3.94,34.26,OK,Nepal CMS,Ambient
2026-06-30,BATCH-001033,DEMO-08,MED-027,124,capsule,2.0,2024-03-07,2027-02-18,233,39,3.94,31.47,OK,Kanti Central Store,Ambient
2026-06-30,BATCH-001034,DEMO-08,MED-028,158,tablet,6.0,2026-05-23,2027-12-08,526,13,1.369,115.41,OK,Kanti Central Store,Ambient
2026-06-30,BATCH-001035,DEMO-08,MED-029,22,tablet,1.5,2025-06-03,2027-06-21,356,10,1.0,22.0,OK,Nepal CMS,Ambient
2026-06-30,BATCH-001036,DEMO-08,MED-029,27,tablet,1.5,2025-07-12,2026-11-18,141,10,1.0,27.0,OK,UNICEF Supply,Ambient
2026-06-30,BATCH-001037,DEMO-08,MED-029,26,tablet,1.5,2024-11-26,2026-09-26,88,10,1.0,26.0,NEAR_EXPIRY,Private Distributor - Kathmandu,Ambient
2026-06-30,BATCH-001038,DEMO-08,MED-030,16,bottle_100ml,85.0,2025-07-19,2028-02-13,593,6,0.667,24.0,OK,Provincial Medical Store,Ambient
2026-06-30,BATCH-001039,DEMO-08,MED-030,15,bottle_100ml,85.0,2025-02-10,2027-03-09,252,6,0.667,22.5,OK,Nepal CMS,Ambient
2026-06-30,BATCH-001040,DEMO-08,MED-030,17,bottle_100ml,85.0,2026-06-21,2028-05-05,675,6,0.667,25.5,OK,Nepal CMS,Ambient
2026-06-30,BATCH-001041,DEMO-08,MED-031,141,pair,25.0,2024-05-10,2027-04-11,285,33,3.369,41.85,OK,UNICEF Supply,Ambient
2026-06-30,BATCH-001042,DEMO-08,MED-031,115,pair,25.0,2024-05-20,2026-10-02,94,33,3.369,34.13,OK,UNICEF Supply,Ambient
2026-06-30,BATCH-001043,DEMO-08,MED-031,141,pair,25.0,2026-05-20,2029-09-16,1174,33,3.369,41.85,OK,Kanti Central Store,Ambient
2026-06-30,BATCH-001044,DEMO-08,MED-032,95,piece,5.0,2023-02-05,2026-11-06,129,58,5.833,16.29,OK,BPKMCH Pharmacy Store,Ambient
2026-06-30,BATCH-001045,DEMO-08,MED-032,198,piece,5.0,2022-09-23,2027-02-26,241,58,5.833,33.94,OK,DoDA Logistics,Ambient
2026-06-30,BATCH-001046,DEMO-08,MED-033,142,piece,35.0,2026-06-21,2030-11-12,1596,23,2.369,59.94,OK,DoDA Logistics,Ambient
2026-06-30,BATCH-001047,DEMO-08,MED-033,151,piece,35.0,2024-05-22,2027-03-26,269,23,2.369,63.74,OK,BPKMCH Pharmacy Store,Ambient
2026-06-30,BATCH-001048,DEMO-08,MED-034,6,vial,25.0,2026-01-19,2027-10-16,473,3,0.25,24.0,OK,Private Distributor - Kathmandu,Cold_Chain
2026-06-30,BATCH-001049,DEMO-08,MED-034,6,vial,25.0,2024-12-02,2026-10-18,110,3,0.25,24.0,OK,BPKMCH Pharmacy Store,Cold_Chain
2026-06-30,BATCH-001050,DEMO-08,MED-035,1,vial,350.0,2025-10-03,2027-05-07,311,3,0.119,8.4,LOW_STOCK,BPKMCH Pharmacy Store,Cold_Chain
2026-06-30,BATCH-001051,DEMO-08,MED-035,1,vial,350.0,2026-01-26,2027-11-22,510,3,0.119,8.4,LOW_STOCK,Kanti Central Store,Cold_Chain
2026-06-30,BATCH-001052,DEMO-08,MED-035,1,vial,350.0,2026-06-04,2027-11-14,502,3,0.119,8.4,LOW_STOCK,DoDA Logistics,Cold_Chain
2026-06-30,BATCH-001053,DEMO-08,MED-036,31,tablet,0.5,2025-11-12,2027-05-03,307,23,2.345,13.22,OK,Local Pharmacy Wholesaler,Ambient
2026-06-30,BATCH-001054,DEMO-08,MED-036,54,tablet,0.5,2025-01-04,2026-08-17,48,23,2.345,23.03,NEAR_EXPIRY,Kanti Central Store,Ambient
2026-06-30,BATCH-001055,DEMO-08,MED-037,20,tablet,8.0,2026-06-12,2028-12-09,893,4,0.476,42.0,OK,DoDA Logistics,Ambient
2026-06-30,BATCH-001056,DEMO-08,MED-037,8,tablet,8.0,2026-02-26,2028-01-01,550,4,0.476,16.8,OK,Provincial Medical Store,Ambient
2026-06-30,BATCH-001057,DEMO-08,MED-037,17,tablet,8.0,2025-05-13,2026-12-20,173,4,0.476,35.7,OK,Nepal CMS,Ambient
2026-06-30,BATCH-001058,DEMO-08,MED-038,44,ampoule,12.0,2024-11-20,2026-07-22,22,7,0.738,59.61,NEAR_EXPIRY,BPKMCH Pharmacy Store,Ambient
2026-06-30,BATCH-001059,DEMO-08,MED-039,6,ampoule,10.0,2025-03-18,2027-01-15,199,4,0.452,13.26,OK,Private Distributor - Kathmandu,Ambient
2026-06-30,BATCH-001060,DEMO-08,MED-039,15,ampoule,10.0,2025-10-27,2028-01-29,578,4,0.452,33.16,OK,Provincial Medical Store,Ambient
2026-06-30,BATCH-001061,DEMO-08,MED-040,8,ampoule,28.0,2024-09-08,2026-10-05,97,4,0.488,16.39,OK,Local Pharmacy Wholesaler,Ambient
2026-06-30,BATCH-001062,DEMO-08,MED-040,12,ampoule,28.0,2024-03-27,2026-10-13,105,4,0.488,24.59,OK,Provincial Medical Store,Ambient
2026-06-30,BATCH-001063,DEMO-08,MED-041,6,vial,180.0,2025-10-13,2027-04-17,291,3,0.107,56.0,OK,Nepal CMS,Ambient
2026-06-30,BATCH-001064,DEMO-08,MED-041,6,vial,180.0,2025-04-11,2026-11-20,143,3,0.107,56.0,OK,UNICEF Supply,Ambient
2026-06-30,BATCH-001065,DEMO-08,MED-042,2,vial,1200.0,2026-04-24,2028-01-04,553,3,0.048,42.0,LOW_STOCK,Private Distributor - Kathmandu,Cold_Chain
2026-06-30,BATCH-001068,DEMO-08,MED-044,4,vial,450.0,2025-09-27,2027-05-08,312,3,0.06,67.2,OK,Kanti Central Store,Ambient
2026-06-30,BATCH-001069,DEMO-08,MED-045,4,tablet,15.0,2025-10-12,2026-08-21,52,3,0.274,14.61,NEAR_EXPIRY,Provincial Medical Store,Ambient
2026-06-30,BATCH-001070,DEMO-08,MED-045,5,tablet,15.0,2024-11-05,2026-08-08,39,3,0.274,18.26,NEAR_EXPIRY,Provincial Medical Store,Ambient
2026-06-30,BATCH-001071,DEMO-08,MED-046,1,prefilled,4500.0,2026-06-02,2027-12-06,524,3,0.012,84.0,LOW_STOCK,BPKMCH Pharmacy Store,Cold_Chain
2026-06-30,BATCH-001073,DEMO-08,MED-047,58,sachet,6.0,2025-12-21,2027-04-25,299,21,2.167,26.77,OK,DoDA Logistics,Ambient
2026-06-30,BATCH-001074,DEMO-08,MED-048,75,bottle,65.0,2026-06-29,2027-07-15,380,8,0.81,92.65,OK,Provincial Medical Store,Ambient
2026-06-30,BATCH-001075,DEMO-08,MED-049,2,capsule,2.0,2026-04-11,2027-11-27,515,6,0.631,3.17,LOW_STOCK,Nepal CMS,Ambient
2026-06-30,BATCH-001076,DEMO-08,MED-049,5,capsule,2.0,2026-05-18,2028-05-19,689,6,0.631,7.92,LOW_STOCK,BPKMCH Pharmacy Store,Ambient
2026-06-30,BATCH-001077,DEMO-08,MED-050,41,vial,120.0,2025-05-04,2026-12-19,172,3,0.369,111.1,OK,DoDA Logistics,Cold_Chain
2026-06-30,BATCH-001078,DEMO-08,MED-051,24,vial,80.0,2026-05-19,2027-10-29,486,3,0.31,77.54,OK,DoDA Logistics,Cold_Chain
2026-06-30,BATCH-001079,DEMO-08,MED-052,164,kit,25.0,2025-03-17,2027-01-13,197,11,1.143,143.5,OK,Private Distributor - Kathmandu,Ambient
2026-06-30,BATCH-001080,DEMO-08,MED-053,15,ampoule,35.0,2025-06-11,2026-10-05,97,7,0.738,20.32,OK,Kanti Central Store,Cold_Chain
2026-06-30,BATCH-001081,DEMO-08,MED-053,19,ampoule,35.0,2025-09-02,2027-04-11,285,7,0.738,25.74,OK,DoDA Logistics,Cold_Chain
2026-06-30,BATCH-001082,DEMO-08,MED-054,2,tablet,20.0,2025-09-03,2027-05-01,305,5,0.5,4.0,LOW_STOCK,Kanti Central Store,Ambient
2026-06-30,BATCH-001083,DEMO-08,MED-054,4,tablet,20.0,2026-03-24,2028-02-07,587,5,0.5,8.0,LOW_STOCK,Provincial Medical Store,Ambient
2026-06-30,BATCH-001084,DEMO-08,MED-055,10,ampoule,18.0,2026-06-05,2029-04-17,1022,3,0.274,36.52,OK,Kanti Central Store,Ambient
2026-06-30,BATCH-001085,DEMO-08,MED-056,5,ampoule,45.0,2025-09-20,2028-06-25,726,3,0.19,26.25,OK,DoDA Logistics,Ambient
2026-06-30,BATCH-001086,DEMO-08,MED-056,2,ampoule,45.0,2024-04-14,2026-07-19,19,3,0.19,10.5,LOW_AND_NEAR_EXPIRY,Local Pharmacy Wholesaler,Ambient
2026-06-30,BATCH-001087,DEMO-08,MED-056,5,ampoule,45.0,2025-06-06,2027-08-22,418,3,0.19,26.25,OK,Local Pharmacy Wholesaler,Ambient
2026-06-30,BATCH-001088,DEMO-08,MED-057,7,bottle,55.0,2025-02-04,2026-11-26,149,3,0.238,29.4,OK,Nepal CMS,Ambient
2026-06-30,BATCH-001089,DEMO-08,MED-058,8,bottle,90.0,2025-09-09,2026-08-08,39,3,0.155,51.69,NEAR_EXPIRY,Private Distributor - Kathmandu,Ambient
2026-06-30,BATCH-001090,DEMO-08,MED-059,3,bottle,70.0,2025-07-26,2027-07-09,374,3,0.155,19.38,LOW_STOCK,UNICEF Supply,Ambient
2026-06-30,BATCH-001091,DEMO-08,MED-059,8,bottle,70.0,2026-01-09,2027-06-26,361,3,0.155,51.69,OK,Nepal CMS,Ambient
2026-06-30,BATCH-001094,DEMO-08,MED-060,1,vial,2500.0,2026-06-19,2028-02-07,587,3,0.048,21.0,LOW_STOCK,Kanti Central Store,Cold_Chain
2026-06-30,BATCH-001095,DEMO-08,MED-061,8,ampoule,25.0,2025-06-12,2026-11-12,135,3,0.214,37.33,OK,Kanti Central Store,Ambient
2026-06-30,BATCH-001096,DEMO-08,MED-062,1,ampoule,12.0,2024-02-06,2026-09-05,67,3,0.179,5.6,LOW_AND_NEAR_EXPIRY,Kanti Central Store,Ambient
2026-06-30,BATCH-001099,DEMO-08,MED-063,5,vial,850.0,2026-06-04,2028-04-07,647,3,0.131,38.18,OK,DoDA Logistics,Cold_Chain
2026-06-30,BATCH-001100,DEMO-08,MED-063,5,vial,850.0,2025-04-05,2026-09-15,77,3,0.131,38.18,NEAR_EXPIRY,UNICEF Supply,Cold_Chain
2026-06-30,BATCH-001101,DEMO-08,MED-064,13,roll,80.0,2026-06-20,2029-05-08,1043,7,0.774,16.8,OK,DoDA Logistics,Ambient
2026-06-30,BATCH-001102,DEMO-08,MED-064,35,roll,80.0,2026-05-21,2029-09-19,1177,7,0.774,45.23,OK,BPKMCH Pharmacy Store,Ambient
2026-06-30,BATCH-001103,DEMO-08,MED-065,15,unit,0.0,2026-06-18,2026-07-13,13,3,0.214,70.0,NEAR_EXPIRY,UNICEF Supply,Cold_Chain
2026-06-30,BATCH-001104,DEMO-08,MED-066,3,unit,0.0,2026-05-27,2026-07-31,31,3,0.083,36.0,LOW_AND_NEAR_EXPIRY,Local Pharmacy Wholesaler,Cold_Chain
2026-06-30,BATCH-001105,DEMO-08,MED-066,4,unit,0.0,2026-06-12,2026-07-05,5,3,0.083,48.0,NEAR_EXPIRY,Provincial Medical Store,Cold_Chain
2026-06-30,BATCH-001106,DEMO-08,MED-066,5,unit,0.0,2026-06-08,2026-07-18,18,3,0.083,60.0,NEAR_EXPIRY,UNICEF Supply,Cold_Chain
2026-06-30,BATCH-001107,DEMO-08,MED-067,6,vial,40.0,2026-05-28,2028-06-22,723,6,0.69,8.69,LOW_STOCK,DoDA Logistics,Ambient
2026-06-30,BATCH-001108,DEMO-08,MED-067,14,vial,40.0,2026-05-18,2028-11-09,863,6,0.69,20.28,OK,Provincial Medical Store,Ambient
2026-06-30,BATCH-001109,DEMO-08,MED-068,1,vial,180.0,2026-06-14,2028-08-24,786,3,0.167,6.0,LOW_STOCK,UNICEF Supply,Ambient
2026-06-30,BATCH-001111,DEMO-08,MED-068,1,vial,180.0,2026-02-11,2027-05-19,323,3,0.167,6.0,LOW_STOCK,Local Pharmacy Wholesaler,Ambient
2026-06-30,BATCH-001112,DEMO-08,MED-069,18,ampoule,95.0,2026-06-05,2029-05-18,1053,3,0.274,65.74,OK,UNICEF Supply,Ambient
2026-06-30,BATCH-001113,DEMO-08,MED-069,20,ampoule,95.0,2024-03-12,2026-09-21,83,3,0.274,73.04,NEAR_EXPIRY,Local Pharmacy Wholesaler,Ambient
2026-06-30,BATCH-001114,DEMO-08,MED-070,39,sachet,120.0,2025-01-07,2026-10-31,123,6,0.643,60.67,OK,DoDA Logistics,Ambient
2026-06-30,BATCH-001115,DEMO-08,MED-071,6,ampoule,150.0,2025-07-20,2026-08-13,44,3,0.119,50.4,NEAR_EXPIRY,Local Pharmacy Wholesaler,Ambient
2026-06-30,BATCH-001116,DEMO-08,MED-072,5,vial,650.0,2024-10-27,2026-07-12,12,4,0.405,12.35,NEAR_EXPIRY,Provincial Medical Store,Ambient
2026-06-30,BATCH-001117,DEMO-08,MED-072,8,vial,650.0,2025-08-03,2026-08-31,62,4,0.405,19.76,NEAR_EXPIRY,BPKMCH Pharmacy Store,Ambient
2026-06-30,BATCH-001118,HOSP-BG-010,MED-001,686,tablet,1.5,2026-02-12,2028-03-06,615,951,95.19,7.21,LOW_STOCK,UNICEF Supply,Ambient
2026-06-30,BATCH-001119,HOSP-BG-010,MED-001,330,tablet,1.5,2025-04-28,2027-05-01,305,951,95.19,3.47,LOW_STOCK,Kanti Central Store,Ambient
2026-06-30,BATCH-001120,HOSP-BG-010,MED-001,733,tablet,1.5,2026-06-10,2029-04-19,1024,951,95.19,7.7,LOW_STOCK,Local Pharmacy Wholesaler,Ambient
2026-06-30,BATCH-001121,HOSP-BG-010,MED-002,189,bottle,45.0,2025-05-14,2027-04-19,293,150,15.048,12.56,OK,UNICEF Supply,Ambient
2026-06-30,BATCH-001122,HOSP-BG-010,MED-003,1693,tablet,2.5,2024-06-16,2026-07-30,30,1076,107.631,15.73,NEAR_EXPIRY,Local Pharmacy Wholesaler,Ambient
2026-06-30,BATCH-001123,HOSP-BG-010,MED-004,163,ampoule,25.0,2025-12-11,2026-10-22,114,294,29.464,5.53,LOW_STOCK,Private Distributor - Kathmandu,Ambient
2026-06-30,BATCH-001124,HOSP-BG-010,MED-004,154,ampoule,25.0,2026-04-06,2027-02-04,219,294,29.464,5.23,LOW_STOCK,DoDA Logistics,Ambient
2026-06-30,BATCH-001125,HOSP-BG-010,MED-004,156,ampoule,25.0,2026-06-14,2027-09-27,454,294,29.464,5.29,LOW_STOCK,DoDA Logistics,Ambient
2026-06-30,BATCH-001126,HOSP-BG-010,MED-005,2664,capsule,6.0,2025-11-21,2026-11-07,130,1006,100.667,26.46,OK,Provincial Medical Store,Ambient
2026-06-30,BATCH-001127,HOSP-BG-010,MED-006,594,tablet,35.0,2025-04-05,2026-09-11,73,464,46.405,12.8,NEAR_EXPIRY,UNICEF Supply,Ambient
2026-06-30,BATCH-001128,HOSP-BG-010,MED-006,281,tablet,35.0,2026-01-28,2027-03-04,247,464,46.405,6.06,LOW_STOCK,DoDA Logistics,Ambient
2026-06-30,BATCH-001129,HOSP-BG-010,MED-006,374,tablet,35.0,2025-08-22,2027-06-13,348,464,46.405,8.06,LOW_STOCK,UNICEF Supply,Ambient
2026-06-30,BATCH-001130,HOSP-BG-010,MED-007,364,tablet,40.0,2026-05-17,2028-04-03,643,306,30.667,11.87,OK,Kanti Central Store,Ambient
2026-06-30,BATCH-001131,HOSP-BG-010,MED-007,288,tablet,40.0,2025-08-19,2026-08-23,54,306,30.667,9.39,LOW_AND_NEAR_EXPIRY,Kanti Central Store,Ambient
2026-06-30,BATCH-001132,HOSP-BG-010,MED-007,289,tablet,40.0,2025-07-21,2026-07-10,10,306,30.667,9.42,LOW_AND_NEAR_EXPIRY,Provincial Medical Store,Ambient
2026-06-30,BATCH-001133,HOSP-BG-010,MED-008,317,tablet,8.0,2024-01-17,2026-07-07,7,546,54.655,5.8,LOW_AND_NEAR_EXPIRY,DoDA Logistics,Ambient
2026-06-30,BATCH-001134,HOSP-BG-010,MED-008,131,tablet,8.0,2026-06-22,2028-09-12,805,546,54.655,2.4,LOW_STOCK,Nepal CMS,Ambient
2026-06-30,BATCH-001135,HOSP-BG-010,MED-008,203,tablet,8.0,2025-07-07,2028-01-13,562,546,54.655,3.71,LOW_STOCK,Provincial Medical Store,Ambient
2026-06-30,BATCH-001136,HOSP-BG-010,MED-009,254,vial,85.0,2024-11-10,2026-10-05,97,360,36.083,7.04,LOW_STOCK,DoDA Logistics,Ambient
2026-06-30,BATCH-001137,HOSP-BG-010,MED-009,178,vial,85.0,2026-05-15,2027-07-31,396,360,36.083,4.93,LOW_STOCK,Nepal CMS,Ambient
2026-06-30,BATCH-001138,HOSP-BG-010,MED-009,194,vial,85.0,2025-12-24,2027-01-11,195,360,36.083,5.38,LOW_STOCK,Local Pharmacy Wholesaler,Ambient
2026-06-30,BATCH-001139,HOSP-BG-010,MED-010,790,tablet,2.0,2026-05-20,2029-01-17,932,581,58.107,13.6,OK,Kanti Central Store,Ambient
2026-06-30,BATCH-001140,HOSP-BG-010,MED-010,746,tablet,2.0,2026-05-29,2029-05-09,1044,581,58.107,12.84,OK,Nepal CMS,Ambient
2026-06-30,BATCH-001141,HOSP-BG-010,MED-011,508,sachet,8.0,2026-05-28,2029-02-28,974,840,84.083,6.04,LOW_STOCK,Kanti Central Store,Ambient
2026-06-30,BATCH-001142,HOSP-BG-010,MED-011,1143,sachet,8.0,2025-05-13,2027-11-23,511,840,84.083,13.59,OK,DoDA Logistics,Ambient
2026-06-30,BATCH-001143,HOSP-BG-010,MED-012,489,tablet,1.2,2026-06-27,2028-02-13,593,408,40.833,11.98,OK,Nepal CMS,Ambient
2026-06-30,BATCH-001144,HOSP-BG-010,MED-013,1031,bag,55.0,2025-11-27,2026-12-27,180,451,45.107,22.86,OK,DoDA Logistics,Ambient
2026-06-30,BATCH-001145,HOSP-BG-010,MED-014,3885,bag,45.0,2025-03-26,2026-11-19,142,1119,111.917,34.71,OK,Private Distributor - Kathmandu,Ambient
2026-06-30,BATCH-001146,HOSP-BG-010,MED-015,321,bag,48.0,2025-12-25,2027-10-13,470,674,67.464,4.76,LOW_STOCK,Local Pharmacy Wholesaler,Ambient
2026-06-30,BATCH-001147,HOSP-BG-010,MED-015,456,bag,48.0,2026-05-31,2028-03-25,634,674,67.464,6.76,LOW_STOCK,Kanti Central Store,Ambient
2026-06-30,BATCH-001148,HOSP-BG-010,MED-016,145,tablet,15.0,2025-07-15,2026-08-01,32,63,6.333,22.89,NEAR_EXPIRY,BPKMCH Pharmacy Store,Ambient
2026-06-30,BATCH-001149,HOSP-BG-010,MED-017,24,tablet,1.8,2026-06-26,2028-06-03,704,24,2.464,9.74,LOW_STOCK,Private Distributor - Kathmandu,Ambient
2026-06-30,BATCH-001150,HOSP-BG-010,MED-017,46,tablet,1.8,2025-05-21,2028-02-07,587,24,2.464,18.67,OK,BPKMCH Pharmacy Store,Ambient
2026-06-30,BATCH-001151,HOSP-BG-010,MED-018,80,unit,180.0,2024-11-01,2026-10-03,95,57,5.75,13.91,OK,Nepal CMS,Ambient
2026-06-30,BATCH-001152,HOSP-BG-010,MED-019,111,ampoule,30.0,2026-06-11,2027-09-17,444,63,6.369,17.43,OK,UNICEF Supply,Ambient
2026-06-30,BATCH-001153,HOSP-BG-010,MED-019,36,ampoule,30.0,2026-05-20,2027-10-31,488,63,6.369,5.65,LOW_STOCK,Local Pharmacy Wholesaler,Ambient
2026-06-30,BATCH-001154,HOSP-BG-010,MED-019,74,ampoule,30.0,2026-02-11,2028-01-29,578,63,6.369,11.62,OK,UNICEF Supply,Ambient
2026-06-30,BATCH-001155,HOSP-BG-010,MED-020,70,bottle,55.0,2025-12-07,2027-11-20,508,62,6.226,11.24,OK,Kanti Central Store,Ambient
2026-06-30,BATCH-001156,HOSP-BG-010,MED-021,226,tablet,1.0,2026-06-11,2029-01-26,941,270,27.0,8.37,LOW_STOCK,Local Pharmacy Wholesaler,Ambient
2026-06-30,BATCH-001157,HOSP-BG-010,MED-021,192,tablet,1.0,2024-02-01,2026-09-24,86,270,27.0,7.11,LOW_AND_NEAR_EXPIRY,Local Pharmacy Wholesaler,Ambient
2026-06-30,BATCH-001158,HOSP-BG-010,MED-022,65,tablet,2.5,2026-05-31,2028-06-14,715,243,24.381,2.67,LOW_STOCK,Local Pharmacy Wholesaler,Ambient
2026-06-30,BATCH-001159,HOSP-BG-010,MED-022,195,tablet,2.5,2026-01-11,2027-09-19,446,243,24.381,8.0,LOW_STOCK,BPKMCH Pharmacy Store,Ambient
2026-06-30,BATCH-001160,HOSP-BG-010,MED-023,221,tablet,1.5,2024-11-10,2027-03-21,264,345,34.583,6.39,LOW_STOCK,BPKMCH Pharmacy Store,Ambient
2026-06-30,BATCH-001161,HOSP-BG-010,MED-023,388,tablet,1.5,2026-06-01,2028-11-21,875,345,34.583,11.22,OK,Private Distributor - Kathmandu,Ambient
2026-06-30,BATCH-001162,HOSP-BG-010,MED-024,45,vial,450.0,2025-01-15,2026-11-23,146,41,4.155,10.83,OK,DoDA Logistics,Cold_Chain
2026-06-30,BATCH-001163,HOSP-BG-010,MED-024,34,vial,450.0,2025-03-29,2026-10-16,108,41,4.155,8.18,LOW_STOCK,DoDA Logistics,Cold_Chain
2026-06-30,BATCH-001164,HOSP-BG-010,MED-024,32,vial,450.0,2026-06-25,2027-10-21,478,41,4.155,7.7,LOW_STOCK,Nepal CMS,Cold_Chain
2026-06-30,BATCH-001165,HOSP-BG-010,MED-025,391,tablet,3.0,2026-06-12,2029-02-18,964,181,18.107,21.59,OK,Private Distributor - Kathmandu,Ambient
2026-06-30,BATCH-001166,HOSP-BG-010,MED-026,666,tablet,0.8,2026-02-08,2027-05-25,329,300,30.036,22.17,OK,BPKMCH Pharmacy Store,Ambient
2026-06-30,BATCH-001167,HOSP-BG-010,MED-027,166,capsule,2.0,2024-02-24,2026-11-18,141,350,35.012,4.74,LOW_STOCK,Kanti Central Store,Ambient
2026-06-30,BATCH-001168,HOSP-BG-010,MED-027,246,capsule,2.0,2025-04-21,2026-08-23,54,350,35.012,7.03,LOW_AND_NEAR_EXPIRY,UNICEF Supply,Ambient
2026-06-30,BATCH-001169,HOSP-BG-010,MED-028,286,tablet,6.0,2025-04-16,2028-03-17,626,136,13.655,20.95,OK,Local Pharmacy Wholesaler,Ambient
2026-06-30,BATCH-001170,HOSP-BG-010,MED-029,361,tablet,1.5,2026-05-28,2027-11-26,514,164,16.44,21.96,OK,UNICEF Supply,Ambient
2026-06-30,BATCH-001171,HOSP-BG-010,MED-030,80,bottle_100ml,85.0,2026-05-27,2027-10-02,459,77,7.774,10.29,OK,Provincial Medical Store,Ambient
2026-06-30,BATCH-001172,HOSP-BG-010,MED-031,365,pair,25.0,2023-07-01,2027-11-05,493,307,30.726,11.88,OK,Private Distributor - Kathmandu,Ambient
2026-06-30,BATCH-001173,HOSP-BG-010,MED-032,765,piece,5.0,2026-04-25,2028-05-04,674,620,62.012,12.34,OK,BPKMCH Pharmacy Store,Ambient
2026-06-30,BATCH-001174,HOSP-BG-010,MED-032,972,piece,5.0,2025-11-17,2029-02-02,948,620,62.012,15.67,OK,UNICEF Supply,Ambient
2026-06-30,BATCH-001175,HOSP-BG-010,MED-033,270,piece,35.0,2022-08-16,2026-08-22,53,213,21.345,12.65,NEAR_EXPIRY,Nepal CMS,Ambient
2026-06-30,BATCH-001176,HOSP-BG-010,MED-033,75,piece,35.0,2025-04-08,2029-04-13,1018,213,21.345,3.51,LOW_STOCK,Nepal CMS,Ambient
2026-06-30,BATCH-001177,HOSP-BG-010,MED-033,193,piece,35.0,2022-12-08,2026-09-01,63,213,21.345,9.04,LOW_AND_NEAR_EXPIRY,Nepal CMS,Ambient
2026-06-30,BATCH-001178,HOSP-BG-010,MED-034,33,vial,25.0,2026-05-10,2027-09-21,448,33,3.321,9.94,LOW_STOCK,Nepal CMS,Cold_Chain
2026-06-30,BATCH-001179,HOSP-BG-010,MED-034,42,vial,25.0,2026-05-19,2028-03-09,618,33,3.321,12.65,OK,BPKMCH Pharmacy Store,Cold_Chain
2026-06-30,BATCH-001180,HOSP-BG-010,MED-034,40,vial,25.0,2026-04-30,2028-01-19,568,33,3.321,12.04,OK,Provincial Medical Store,Cold_Chain
2026-06-30,BATCH-001181,HOSP-BG-010,MED-035,15,vial,350.0,2026-06-07,2027-08-29,425,15,1.5,10.0,LOW_STOCK,Kanti Central Store,Cold_Chain
2026-06-30,BATCH-001182,HOSP-BG-010,MED-035,7,vial,350.0,2025-04-19,2026-07-31,31,15,1.5,4.67,LOW_AND_NEAR_EXPIRY,BPKMCH Pharmacy Store,Cold_Chain
2026-06-30,BATCH-001183,HOSP-BG-010,MED-035,6,vial,350.0,2025-03-22,2026-08-15,46,15,1.5,4.0,LOW_AND_NEAR_EXPIRY,UNICEF Supply,Cold_Chain
2026-06-30,BATCH-001184,HOSP-BG-010,MED-036,270,tablet,0.5,2025-11-27,2026-10-26,118,174,17.405,15.51,OK,Kanti Central Store,Ambient
2026-06-30,BATCH-001185,HOSP-BG-010,MED-037,55,tablet,8.0,2026-06-23,2028-04-20,660,55,5.583,9.85,LOW_STOCK,Provincial Medical Store,Ambient
2026-06-30,BATCH-001186,HOSP-BG-010,MED-037,25,tablet,8.0,2025-07-10,2026-10-14,106,55,5.583,4.48,LOW_STOCK,Private Distributor - Kathmandu,Ambient
2026-06-30,BATCH-001187,HOSP-BG-010,MED-037,33,tablet,8.0,2025-12-25,2028-02-24,604,55,5.583,5.91,LOW_STOCK,UNICEF Supply,Ambient
2026-06-30,BATCH-001188,HOSP-BG-010,MED-038,42,ampoule,12.0,2025-12-20,2027-06-24,359,71,7.131,5.89,LOW_STOCK,BPKMCH Pharmacy Store,Ambient
2026-06-30,BATCH-001189,HOSP-BG-010,MED-038,63,ampoule,12.0,2025-02-03,2026-12-30,183,71,7.131,8.83,LOW_STOCK,BPKMCH Pharmacy Store,Ambient
2026-06-30,BATCH-001190,HOSP-BG-010,MED-039,51,ampoule,10.0,2025-08-22,2027-01-11,195,55,5.512,9.25,LOW_STOCK,Local Pharmacy Wholesaler,Ambient
2026-06-30,BATCH-001191,HOSP-BG-010,MED-039,71,ampoule,10.0,2026-05-26,2028-05-27,697,55,5.512,12.88,OK,BPKMCH Pharmacy Store,Ambient
2026-06-30,BATCH-001192,HOSP-BG-010,MED-039,74,ampoule,10.0,2026-05-17,2028-12-15,899,55,5.512,13.43,OK,UNICEF Supply,Ambient
2026-06-30,BATCH-001193,HOSP-BG-010,MED-040,136,ampoule,28.0,2026-06-24,2028-08-07,769,130,13.012,10.45,OK,UNICEF Supply,Ambient
2026-06-30,BATCH-001194,HOSP-BG-010,MED-040,61,ampoule,28.0,2023-11-13,2026-09-11,73,130,13.012,4.69,LOW_AND_NEAR_EXPIRY,DoDA Logistics,Ambient
2026-06-30,BATCH-001195,HOSP-BG-010,MED-040,52,ampoule,28.0,2026-05-21,2028-12-26,910,130,13.012,4.0,LOW_STOCK,Kanti Central Store,Ambient
2026-06-30,BATCH-001196,HOSP-BG-010,MED-041,1097,vial,180.0,2026-01-07,2027-11-26,514,443,44.321,24.75,OK,Provincial Medical Store,Ambient
2026-06-30,BATCH-001197,HOSP-BG-010,MED-042,478,vial,1200.0,2026-05-20,2028-02-29,609,286,28.667,16.67,OK,DoDA Logistics,Cold_Chain
2026-06-30,BATCH-001198,HOSP-BG-010,MED-043,220,vial,3500.0,2026-06-24,2027-07-24,389,178,17.81,12.35,OK,Kanti Central Store,Ambient
2026-06-30,BATCH-001199,HOSP-BG-010,MED-043,193,vial,3500.0,2026-03-10,2027-06-04,339,178,17.81,10.84,OK,Nepal CMS,Ambient
2026-06-30,BATCH-001200,HOSP-BG-010,MED-044,508,vial,450.0,2026-06-02,2027-09-21,448,176,17.643,28.79,OK,Provincial Medical Store,Ambient
2026-06-30,BATCH-001201,HOSP-BG-010,MED-045,1211,tablet,15.0,2026-01-20,2027-11-25,513,881,88.107,13.74,OK,Nepal CMS,Ambient
2026-06-30,BATCH-001202,HOSP-BG-010,MED-045,2149,tablet,15.0,2026-05-17,2027-09-16,443,881,88.107,24.39,OK,Nepal CMS,Ambient
2026-06-30,BATCH-001203,HOSP-BG-010,MED-046,142,prefilled,4500.0,2025-06-13,2026-11-04,127,111,11.155,12.73,OK,Kanti Central Store,Cold_Chain
2026-06-30,BATCH-001204,HOSP-BG-010,MED-046,74,prefilled,4500.0,2026-04-11,2027-02-01,216,111,11.155,6.63,LOW_STOCK,DoDA Logistics,Cold_Chain
2026-06-30,BATCH-001205,HOSP-BG-010,MED-046,180,prefilled,4500.0,2026-05-18,2027-10-17,474,111,11.155,16.14,OK,UNICEF Supply,Cold_Chain
2026-06-30,BATCH-001206,HOSP-BG-010,MED-047,241,sachet,6.0,2024-01-18,2026-10-11,103,142,14.214,16.95,OK,Private Distributor - Kathmandu,Ambient
2026-06-30,BATCH-001207,HOSP-BG-010,MED-048,92,bottle,65.0,2026-02-07,2027-01-21,205,56,5.679,16.2,OK,Provincial Medical Store,Ambient
2026-06-30,BATCH-001208,HOSP-BG-010,MED-049,162,capsule,2.0,2025-01-29,2026-09-10,72,59,5.988,27.05,NEAR_EXPIRY,Private Distributor - Kathmandu,Ambient
2026-06-30,BATCH-001209,HOSP-BG-010,MED-050,101,vial,120.0,2025-12-25,2027-05-26,330,35,3.512,28.76,OK,Provincial Medical Store,Cold_Chain
2026-06-30,BATCH-001210,HOSP-BG-010,MED-051,19,vial,80.0,2025-03-24,2026-09-21,83,36,3.607,5.27,LOW_AND_NEAR_EXPIRY,Local Pharmacy Wholesaler,Cold_Chain
2026-06-30,BATCH-001211,HOSP-BG-010,MED-051,17,vial,80.0,2025-09-28,2027-06-13,348,36,3.607,4.71,LOW_STOCK,BPKMCH Pharmacy Store,Cold_Chain
2026-06-30,BATCH-001212,HOSP-BG-010,MED-052,238,kit,25.0,2026-06-09,2028-03-08,617,78,7.881,30.2,OK,Kanti Central Store,Ambient
2026-06-30,BATCH-001213,HOSP-BG-010,MED-053,35,ampoule,35.0,2025-07-10,2026-10-24,116,30,3.071,11.4,OK,Private Distributor - Kathmandu,Cold_Chain
2026-06-30,BATCH-001214,HOSP-BG-010,MED-054,71,tablet,20.0,2025-06-20,2027-02-19,234,30,3.0,23.67,OK,BPKMCH Pharmacy Store,Ambient
2026-06-30,BATCH-001215,HOSP-BG-010,MED-055,16,ampoule,18.0,2025-07-25,2026-10-01,93,15,1.524,10.5,OK,Private Distributor - Kathmandu,Ambient
2026-06-30,BATCH-001216,HOSP-BG-010,MED-055,13,ampoule,18.0,2026-04-20,2028-04-08,648,15,1.524,8.53,LOW_STOCK,DoDA Logistics,Ambient
2026-06-30,BATCH-001217,HOSP-BG-010,MED-055,19,ampoule,18.0,2026-06-29,2028-06-27,728,15,1.524,12.47,OK,BPKMCH Pharmacy Store,Ambient
2026-06-30,BATCH-001218,HOSP-BG-010,MED-056,15,ampoule,45.0,2025-02-26,2028-01-23,572,11,1.143,13.12,OK,UNICEF Supply,Ambient
2026-06-30,BATCH-001219,HOSP-BG-010,MED-056,15,ampoule,45.0,2025-11-19,2028-06-26,727,11,1.143,13.12,OK,Kanti Central Store,Ambient
2026-06-30,BATCH-001220,HOSP-BG-010,MED-057,26,bottle,55.0,2026-05-24,2027-10-22,479,47,4.75,5.47,LOW_STOCK,UNICEF Supply,Ambient
2026-06-30,BATCH-001221,HOSP-BG-010,MED-057,72,bottle,55.0,2026-06-18,2028-01-26,575,47,4.75,15.16,OK,UNICEF Supply,Ambient
2026-06-30,BATCH-001222,HOSP-BG-010,MED-058,82,bottle,90.0,2026-04-28,2027-03-19,262,35,3.595,22.81,OK,UNICEF Supply,Ambient
2026-06-30,BATCH-001223,HOSP-BG-010,MED-059,59,bottle,70.0,2025-10-12,2027-03-15,258,31,3.119,18.92,OK,Private Distributor - Kathmandu,Ambient
2026-06-30,BATCH-001224,HOSP-BG-010,MED-059,15,bottle,70.0,2026-01-25,2027-06-14,349,31,3.119,4.81,LOW_STOCK,Nepal CMS,Ambient
2026-06-30,BATCH-001225,HOSP-BG-010,MED-059,34,bottle,70.0,2025-10-05,2027-02-17,232,31,3.119,10.9,OK,Nepal CMS,Ambient
2026-06-30,BATCH-001226,HOSP-BG-010,MED-060,9,vial,2500.0,2026-06-29,2028-03-16,625,11,1.19,7.56,LOW_STOCK,DoDA Logistics,Cold_Chain
2026-06-30,BATCH-001227,HOSP-BG-010,MED-060,5,vial,2500.0,2026-06-04,2028-01-18,567,11,1.19,4.2,LOW_STOCK,Kanti Central Store,Cold_Chain
2026-06-30,BATCH-001228,HOSP-BG-010,MED-060,5,vial,2500.0,2026-06-20,2027-08-12,408,11,1.19,4.2,LOW_STOCK,Nepal CMS,Cold_Chain
2026-06-30,BATCH-001229,HOSP-BG-010,MED-061,20,ampoule,25.0,2026-03-15,2027-05-23,327,32,3.298,6.06,LOW_STOCK,DoDA Logistics,Ambient
2026-06-30,BATCH-001230,HOSP-BG-010,MED-061,26,ampoule,25.0,2026-04-15,2027-07-02,367,32,3.298,7.88,LOW_STOCK,Local Pharmacy Wholesaler,Ambient
2026-06-30,BATCH-001231,HOSP-BG-010,MED-061,30,ampoule,25.0,2024-08-27,2026-07-17,17,32,3.298,9.1,LOW_AND_NEAR_EXPIRY,Local Pharmacy Wholesaler,Ambient
2026-06-30,BATCH-001232,HOSP-BG-010,MED-062,27,ampoule,12.0,2025-11-09,2028-08-13,775,24,2.464,10.96,OK,Provincial Medical Store,Ambient
2026-06-30,BATCH-001233,HOSP-BG-010,MED-063,28,vial,850.0,2026-05-26,2028-03-02,611,14,1.429,19.6,OK,UNICEF Supply,Cold_Chain
2026-06-30,BATCH-001234,HOSP-BG-010,MED-064,173,roll,80.0,2024-06-04,2028-12-25,909,135,13.571,12.75,OK,Nepal CMS,Ambient
2026-06-30,BATCH-001235,HOSP-BG-010,MED-064,207,roll,80.0,2024-10-27,2027-10-12,469,135,13.571,15.25,OK,Private Distributor - Kathmandu,Ambient
2026-06-30,BATCH-001236,HOSP-BG-010,MED-065,205,unit,0.0,2026-06-25,2026-07-16,16,133,13.333,15.38,NEAR_EXPIRY,UNICEF Supply,Cold_Chain
2026-06-30,BATCH-001237,HOSP-BG-010,MED-065,133,unit,0.0,2026-05-28,2026-07-29,29,133,13.333,9.98,LOW_AND_NEAR_EXPIRY,BPKMCH Pharmacy Store,Cold_Chain
2026-06-30,BATCH-001238,HOSP-BG-010,MED-065,113,unit,0.0,2026-05-28,2026-07-29,29,133,13.333,8.48,LOW_AND_NEAR_EXPIRY,Private Distributor - Kathmandu,Cold_Chain
2026-06-30,BATCH-001239,HOSP-BG-010,MED-066,154,unit,0.0,2026-06-27,2026-07-13,13,114,11.464,13.43,NEAR_EXPIRY,Private Distributor - Kathmandu,Cold_Chain
2026-06-30,BATCH-001240,HOSP-BG-010,MED-066,215,unit,0.0,2026-06-29,2026-07-26,26,114,11.464,18.75,NEAR_EXPIRY,Provincial Medical Store,Cold_Chain
2026-06-30,BATCH-001241,HOSP-BG-010,MED-067,41,vial,40.0,2024-07-22,2026-10-10,102,62,6.298,6.51,LOW_STOCK,BPKMCH Pharmacy Store,Ambient
2026-06-30,BATCH-001242,HOSP-BG-010,MED-067,31,vial,40.0,2025-07-08,2026-11-14,137,62,6.298,4.92,LOW_STOCK,UNICEF Supply,Ambient
2026-06-30,BATCH-001243,HOSP-BG-010,MED-067,35,vial,40.0,2026-02-04,2028-03-28,637,62,6.298,5.56,LOW_STOCK,Kanti Central Store,Ambient
2026-06-30,BATCH-001244,HOSP-BG-010,MED-068,27,vial,180.0,2025-12-17,2027-06-13,348,19,1.94,13.91,OK,Provincial Medical Store,Ambient
2026-06-30,BATCH-001245,HOSP-BG-010,MED-068,31,vial,180.0,2024-09-23,2027-02-13,228,19,1.94,15.98,OK,Kanti Central Store,Ambient
2026-06-30,BATCH-001246,HOSP-BG-010,MED-069,92,ampoule,95.0,2025-11-03,2027-08-10,406,27,2.774,33.17,OK,BPKMCH Pharmacy Store,Ambient
2026-06-30,BATCH-001247,HOSP-BG-010,MED-070,373,sachet,120.0,2026-06-02,2028-02-21,601,235,23.524,15.86,OK,Provincial Medical Store,Ambient
2026-06-30,BATCH-001248,HOSP-BG-010,MED-071,188,ampoule,150.0,2026-04-12,2027-11-07,495,74,7.417,25.35,OK,DoDA Logistics,Ambient
2026-06-30,BATCH-001249,HOSP-BG-010,MED-072,291,vial,650.0,2025-12-12,2027-05-24,328,100,10.0,29.1,OK,Local Pharmacy Wholesaler,Ambient
2026-06-30,BATCH-001250,HOSP-BG-011,MED-001,122,tablet,1.5,2025-12-13,2028-05-11,681,129,12.94,9.43,LOW_STOCK,UNICEF Supply,Ambient
2026-06-30,BATCH-001251,HOSP-BG-011,MED-001,318,tablet,1.5,2025-06-03,2027-12-10,528,129,12.94,24.57,OK,Local Pharmacy Wholesaler,Ambient
2026-06-30,BATCH-001252,HOSP-BG-011,MED-002,36,bottle,45.0,2026-04-13,2027-09-08,435,28,2.881,12.5,OK,Kanti Central Store,Ambient
2026-06-30,BATCH-001253,HOSP-BG-011,MED-002,15,bottle,45.0,2026-06-05,2028-04-27,667,28,2.881,5.21,LOW_STOCK,DoDA Logistics,Ambient
2026-06-30,BATCH-001254,HOSP-BG-011,MED-002,21,bottle,45.0,2025-07-12,2027-06-08,343,28,2.881,7.29,LOW_STOCK,DoDA Logistics,Ambient
2026-06-30,BATCH-001255,HOSP-BG-011,MED-003,131,tablet,2.5,2026-06-12,2029-04-29,1034,114,11.452,11.44,OK,Local Pharmacy Wholesaler,Ambient
2026-06-30,BATCH-001256,HOSP-BG-011,MED-003,74,tablet,2.5,2025-07-02,2027-09-27,454,114,11.452,6.46,LOW_STOCK,DoDA Logistics,Ambient
2026-06-30,BATCH-001257,HOSP-BG-011,MED-003,75,tablet,2.5,2026-01-13,2028-04-06,646,114,11.452,6.55,LOW_STOCK,Kanti Central Store,Ambient
2026-06-30,BATCH-001258,HOSP-BG-011,MED-004,62,ampoule,25.0,2026-03-03,2027-04-26,300,38,3.869,16.02,OK,Local Pharmacy Wholesaler,Ambient
2026-06-30,BATCH-001259,HOSP-BG-011,MED-004,70,ampoule,25.0,2025-03-05,2026-12-13,166,38,3.869,18.09,OK,Nepal CMS,Ambient
2026-06-30,BATCH-001260,HOSP-BG-011,MED-005,437,capsule,6.0,2026-06-03,2028-05-09,679,112,11.25,38.84,OK,Kanti Central Store,Ambient
2026-06-30,BATCH-001261,HOSP-BG-011,MED-006,290,tablet,35.0,2026-06-10,2028-03-06,615,64,6.464,44.86,OK,Provincial Medical Store,Ambient
2026-06-30,BATCH-001262,HOSP-BG-011,MED-007,64,tablet,40.0,2025-01-19,2026-12-09,162,51,5.131,12.47,OK,Kanti Central Store,Ambient
2026-06-30,BATCH-001263,HOSP-BG-011,MED-007,80,tablet,40.0,2026-05-30,2028-05-03,673,51,5.131,15.59,OK,DoDA Logistics,Ambient
2026-06-30,BATCH-001264,HOSP-BG-011,MED-007,88,tablet,40.0,2025-09-18,2027-07-13,378,51,5.131,17.15,OK,Private Distributor - Kathmandu,Ambient
2026-06-30,BATCH-001265,HOSP-BG-011,MED-008,105,tablet,8.0,2024-09-05,2027-07-18,383,63,6.345,16.55,OK,UNICEF Supply,Ambient
2026-06-30,BATCH-001266,HOSP-BG-011,MED-008,187,tablet,8.0,2025-08-21,2027-01-07,191,63,6.345,29.47,OK,Private Distributor - Kathmandu,Ambient
2026-06-30,BATCH-001267,HOSP-BG-011,MED-009,61,vial,85.0,2025-02-10,2026-12-14,167,55,5.595,10.9,OK,Local Pharmacy Wholesaler,Ambient
2026-06-30,BATCH-001268,HOSP-BG-011,MED-009,58,vial,85.0,2025-06-14,2026-10-18,110,55,5.595,10.37,OK,Local Pharmacy Wholesaler,Ambient
2026-06-30,BATCH-001269,HOSP-BG-011,MED-009,105,vial,85.0,2026-05-24,2028-02-02,582,55,5.595,18.77,OK,BPKMCH Pharmacy Store,Ambient
2026-06-30,BATCH-001270,HOSP-BG-011,MED-010,50,tablet,2.0,2026-06-23,2029-03-21,995,72,7.226,6.92,LOW_STOCK,Private Distributor - Kathmandu,Ambient
2026-06-30,BATCH-001271,HOSP-BG-011,MED-010,73,tablet,2.0,2025-05-27,2028-03-25,634,72,7.226,10.1,OK,BPKMCH Pharmacy Store,Ambient
2026-06-30,BATCH-001272,HOSP-BG-011,MED-011,72,sachet,8.0,2026-06-03,2028-03-09,618,54,5.429,13.26,OK,BPKMCH Pharmacy Store,Ambient
2026-06-30,BATCH-001273,HOSP-BG-011,MED-011,177,sachet,8.0,2026-03-10,2028-11-30,884,54,5.429,32.61,OK,Local Pharmacy Wholesaler,Ambient
2026-06-30,BATCH-001274,HOSP-BG-011,MED-012,92,tablet,1.2,2025-02-12,2027-08-21,417,36,3.619,25.42,OK,BPKMCH Pharmacy Store,Ambient
2026-06-30,BATCH-001275,HOSP-BG-011,MED-012,81,tablet,1.2,2026-06-20,2028-07-10,741,36,3.619,22.38,OK,BPKMCH Pharmacy Store,Ambient
2026-06-30,BATCH-001276,HOSP-BG-011,MED-013,28,bag,55.0,2026-06-27,2027-10-20,477,36,3.643,7.69,LOW_STOCK,Local Pharmacy Wholesaler,Ambient
2026-06-30,BATCH-001277,HOSP-BG-011,MED-013,70,bag,55.0,2024-12-29,2026-11-11,134,36,3.643,19.22,OK,BPKMCH Pharmacy Store,Ambient
2026-06-30,BATCH-001278,HOSP-BG-011,MED-014,36,bag,45.0,2025-11-03,2027-03-16,259,49,4.94,7.29,LOW_STOCK,BPKMCH Pharmacy Store,Ambient
2026-06-30,BATCH-001279,HOSP-BG-011,MED-014,18,bag,45.0,2025-10-23,2027-03-28,271,49,4.94,3.64,LOW_STOCK,UNICEF Supply,Ambient
2026-06-30,BATCH-001280,HOSP-BG-011,MED-014,33,bag,45.0,2025-11-08,2026-11-09,132,49,4.94,6.68,LOW_STOCK,DoDA Logistics,Ambient
2026-06-30,BATCH-001281,HOSP-BG-011,MED-015,95,bag,48.0,2026-05-19,2028-03-30,639,31,3.155,30.11,OK,UNICEF Supply,Ambient
2026-06-30,BATCH-001282,HOSP-BG-011,MED-016,7,tablet,15.0,2026-04-18,2027-04-07,281,3,0.345,20.28,OK,BPKMCH Pharmacy Store,Ambient
2026-06-30,BATCH-001283,HOSP-BG-011,MED-017,1,tablet,1.8,2025-06-15,2027-05-25,329,3,0.083,12.0,LOW_STOCK,Local Pharmacy Wholesaler,Ambient
2026-06-30,BATCH-001284,HOSP-BG-011,MED-017,1,tablet,1.8,2025-02-18,2026-07-07,7,3,0.083,12.0,LOW_AND_NEAR_EXPIRY,Kanti Central Store,Ambient
2026-06-30,BATCH-001285,HOSP-BG-011,MED-017,1,tablet,1.8,2026-05-07,2028-05-29,699,3,0.083,12.0,LOW_STOCK,Provincial Medical Store,Ambient
2026-06-30,BATCH-001286,HOSP-BG-011,MED-018,8,unit,180.0,2025-07-01,2027-06-14,349,10,1.083,7.38,LOW_STOCK,Local Pharmacy Wholesaler,Ambient
2026-06-30,BATCH-001287,HOSP-BG-011,MED-018,4,unit,180.0,2026-05-26,2027-03-21,264,10,1.083,3.69,LOW_STOCK,Provincial Medical Store,Ambient
2026-06-30,BATCH-001288,HOSP-BG-011,MED-018,10,unit,180.0,2025-09-25,2027-06-18,353,10,1.083,9.23,LOW_STOCK,UNICEF Supply,Ambient
2026-06-30,BATCH-001289,HOSP-BG-011,MED-019,12,ampoule,30.0,2026-06-14,2027-10-30,487,15,1.595,7.52,LOW_STOCK,Kanti Central Store,Ambient
2026-06-30,BATCH-001290,HOSP-BG-011,MED-019,27,ampoule,30.0,2025-07-27,2026-08-15,46,15,1.595,16.93,NEAR_EXPIRY,UNICEF Supply,Ambient
2026-06-30,BATCH-001291,HOSP-BG-011,MED-020,62,bottle,55.0,2026-02-25,2027-05-14,318,16,1.643,37.74,OK,BPKMCH Pharmacy Store,Ambient
2026-06-30,BATCH-001292,HOSP-BG-011,MED-021,266,tablet,1.0,2025-11-29,2027-09-30,457,56,5.619,47.34,OK,Private Distributor - Kathmandu,Ambient
2026-06-30,BATCH-001293,HOSP-BG-011,MED-022,137,tablet,2.5,2026-05-20,2029-03-04,978,46,4.655,29.43,OK,Provincial Medical Store,Ambient
2026-06-30,BATCH-001294,HOSP-BG-011,MED-023,41,tablet,1.5,2026-06-24,2029-03-25,999,68,6.833,6.0,LOW_STOCK,BPKMCH Pharmacy Store,Ambient
2026-06-30,BATCH-001295,HOSP-BG-011,MED-023,52,tablet,1.5,2024-07-26,2027-03-30,273,68,6.833,7.61,LOW_STOCK,Provincial Medical Store,Ambient
2026-06-30,BATCH-001296,HOSP-BG-011,MED-023,62,tablet,1.5,2025-10-29,2027-05-17,321,68,6.833,9.07,LOW_STOCK,BPKMCH Pharmacy Store,Ambient
2026-06-30,BATCH-001297,HOSP-BG-011,MED-024,3,vial,450.0,2026-05-26,2027-09-14,441,6,0.643,4.67,LOW_STOCK,Local Pharmacy Wholesaler,Cold_Chain
2026-06-30,BATCH-001298,HOSP-BG-011,MED-024,3,vial,450.0,2025-05-28,2027-02-24,239,6,0.643,4.67,LOW_STOCK,BPKMCH Pharmacy Store,Cold_Chain
2026-06-30,BATCH-001299,HOSP-BG-011,MED-024,3,vial,450.0,2026-05-19,2027-07-14,379,6,0.643,4.67,LOW_STOCK,Provincial Medical Store,Cold_Chain
2026-06-30,BATCH-001300,HOSP-BG-011,MED-025,39,tablet,3.0,2024-10-03,2027-06-16,351,34,3.405,11.45,OK,UNICEF Supply,Ambient
2026-06-30,BATCH-001301,HOSP-BG-011,MED-025,12,tablet,3.0,2025-03-04,2027-08-10,406,34,3.405,3.52,LOW_STOCK,UNICEF Supply,Ambient
2026-06-30,BATCH-001302,HOSP-BG-011,MED-025,24,tablet,3.0,2025-05-28,2027-12-14,532,34,3.405,7.05,LOW_STOCK,DoDA Logistics,Ambient
2026-06-30,BATCH-001303,HOSP-BG-011,MED-026,44,tablet,0.8,2025-04-18,2026-07-25,25,51,5.167,8.52,LOW_AND_NEAR_EXPIRY,Private Distributor - Kathmandu,Ambient
2026-06-30,BATCH-001304,HOSP-BG-011,MED-026,61,tablet,0.8,2025-02-17,2027-08-11,407,51,5.167,11.81,OK,DoDA Logistics,Ambient
2026-06-30,BATCH-001305,HOSP-BG-011,MED-027,286,capsule,2.0,2025-08-25,2027-10-27,484,61,6.155,46.47,OK,Nepal CMS,Ambient
2026-06-30,BATCH-001306,HOSP-BG-011,MED-028,59,tablet,6.0,2026-01-27,2028-01-11,560,22,2.274,25.95,OK,Kanti Central Store,Ambient
2026-06-30,BATCH-001307,HOSP-BG-011,MED-028,52,tablet,6.0,2026-06-06,2028-09-18,811,22,2.274,22.87,OK,UNICEF Supply,Ambient
2026-06-30,BATCH-001308,HOSP-BG-011,MED-029,76,tablet,1.5,2025-01-30,2027-09-03,430,24,2.488,30.55,OK,Local Pharmacy Wholesaler,Ambient
2026-06-30,BATCH-001309,HOSP-BG-011,MED-030,8,bottle_100ml,85.0,2025-08-16,2027-01-17,201,12,1.286,6.22,LOW_STOCK,DoDA Logistics,Ambient
2026-06-30,BATCH-001310,HOSP-BG-011,MED-030,4,bottle_100ml,85.0,2026-05-07,2029-04-18,1023,12,1.286,3.11,LOW_STOCK,Nepal CMS,Ambient
2026-06-30,BATCH-001311,HOSP-BG-011,MED-030,9,bottle_100ml,85.0,2026-01-20,2028-05-03,673,12,1.286,7.0,LOW_STOCK,Local Pharmacy Wholesaler,Ambient
2026-06-30,BATCH-001312,HOSP-BG-011,MED-031,238,pair,25.0,2023-12-06,2028-03-13,622,247,24.762,9.61,LOW_STOCK,DoDA Logistics,Ambient
2026-06-30,BATCH-001313,HOSP-BG-011,MED-031,171,pair,25.0,2026-06-11,2030-06-11,1442,247,24.762,6.91,LOW_STOCK,DoDA Logistics,Ambient
2026-06-30,BATCH-001314,HOSP-BG-011,MED-031,143,pair,25.0,2025-05-14,2027-12-14,532,247,24.762,5.77,LOW_STOCK,BPKMCH Pharmacy Store,Ambient
2026-06-30,BATCH-001315,HOSP-BG-011,MED-032,398,piece,5.0,2022-10-16,2026-12-06,159,376,37.631,10.58,OK,Provincial Medical Store,Ambient
2026-06-30,BATCH-001316,HOSP-BG-011,MED-032,347,piece,5.0,2025-09-02,2030-06-09,1440,376,37.631,9.22,LOW_STOCK,BPKMCH Pharmacy Store,Ambient
2026-06-30,BATCH-001317,HOSP-BG-011,MED-032,285,piece,5.0,2026-06-23,2031-05-08,1773,376,37.631,7.57,LOW_STOCK,BPKMCH Pharmacy Store,Ambient
2026-06-30,BATCH-001318,HOSP-BG-011,MED-033,144,piece,35.0,2023-12-04,2026-09-24,86,160,16.024,8.99,LOW_AND_NEAR_EXPIRY,DoDA Logistics,Ambient
2026-06-30,BATCH-001319,HOSP-BG-011,MED-033,68,piece,35.0,2026-06-25,2030-12-11,1625,160,16.024,4.24,LOW_STOCK,DoDA Logistics,Ambient
2026-06-30,BATCH-001320,HOSP-BG-011,MED-033,159,piece,35.0,2025-08-22,2028-11-14,868,160,16.024,9.92,LOW_STOCK,Nepal CMS,Ambient
2026-06-30,BATCH-001321,HOSP-BG-011,MED-034,2,vial,25.0,2025-02-03,2026-12-05,158,3,0.238,8.4,LOW_STOCK,Nepal CMS,Cold_Chain
2026-06-30,BATCH-001322,HOSP-BG-011,MED-034,2,vial,25.0,2026-06-16,2028-01-17,566,3,0.238,8.4,LOW_STOCK,BPKMCH Pharmacy Store,Cold_Chain
2026-06-30,BATCH-001323,HOSP-BG-011,MED-034,2,vial,25.0,2026-06-09,2027-06-09,344,3,0.238,8.4,LOW_STOCK,BPKMCH Pharmacy Store,Cold_Chain
2026-06-30,BATCH-001324,HOSP-BG-011,MED-035,9,vial,350.0,2026-03-04,2027-11-26,514,3,0.226,39.79,OK,Local Pharmacy Wholesaler,Cold_Chain
2026-06-30,BATCH-001325,HOSP-BG-011,MED-037,22,tablet,8.0,2025-01-25,2027-10-20,477,12,1.274,17.27,OK,UNICEF Supply,Ambient
2026-06-30,BATCH-001326,HOSP-BG-011,MED-037,11,tablet,8.0,2026-05-26,2028-12-14,898,12,1.274,8.64,LOW_STOCK,Local Pharmacy Wholesaler,Ambient
2026-06-30,BATCH-001327,HOSP-BG-011,MED-037,28,tablet,8.0,2026-06-27,2029-02-25,971,12,1.274,21.98,OK,Kanti Central Store,Ambient
2026-06-30,BATCH-001328,HOSP-BG-011,MED-038,17,ampoule,12.0,2025-12-23,2026-11-01,124,14,1.464,11.61,OK,Private Distributor - Kathmandu,Ambient
2026-06-30,BATCH-001329,HOSP-BG-011,MED-038,20,ampoule,12.0,2025-07-04,2026-09-10,72,14,1.464,13.66,NEAR_EXPIRY,UNICEF Supply,Ambient
2026-06-30,BATCH-001330,HOSP-BG-011,MED-039,23,ampoule,10.0,2024-12-08,2026-12-01,154,11,1.19,19.32,OK,Nepal CMS,Ambient
2026-06-30,BATCH-001331,HOSP-BG-011,MED-039,8,ampoule,10.0,2024-11-19,2026-07-14,14,11,1.19,6.72,LOW_AND_NEAR_EXPIRY,Provincial Medical Store,Ambient
2026-06-30,BATCH-001332,HOSP-BG-011,MED-039,14,ampoule,10.0,2025-02-18,2026-09-18,80,11,1.19,11.76,NEAR_EXPIRY,DoDA Logistics,Ambient
2026-06-30,BATCH-001333,HOSP-BG-011,MED-040,13,ampoule,28.0,2025-03-22,2027-03-19,262,13,1.31,9.93,LOW_STOCK,DoDA Logistics,Ambient
2026-06-30,BATCH-001334,HOSP-BG-011,MED-040,5,ampoule,28.0,2026-03-30,2028-08-04,766,13,1.31,3.82,LOW_STOCK,Kanti Central Store,Ambient
2026-06-30,BATCH-001335,HOSP-BG-011,MED-040,6,ampoule,28.0,2026-06-13,2028-09-07,800,13,1.31,4.58,LOW_STOCK,Kanti Central Store,Ambient
2026-06-30,BATCH-001336,HOSP-BG-011,MED-041,10,vial,180.0,2025-07-17,2026-12-03,156,3,0.226,44.21,OK,DoDA Logistics,Ambient
2026-06-30,BATCH-001337,HOSP-BG-011,MED-042,3,vial,1200.0,2026-05-23,2028-03-22,631,3,0.071,42.0,LOW_STOCK,DoDA Logistics,Cold_Chain
2026-06-30,BATCH-001338,HOSP-BG-011,MED-043,4,vial,3500.0,2026-04-30,2027-02-22,237,3,0.083,48.0,OK,Kanti Central Store,Ambient
2026-06-30,BATCH-001339,HOSP-BG-011,MED-044,2,vial,450.0,2025-04-30,2027-03-30,273,3,0.143,14.0,LOW_STOCK,DoDA Logistics,Ambient
2026-06-30,BATCH-001340,HOSP-BG-011,MED-044,1,vial,450.0,2025-06-14,2027-03-30,273,3,0.143,7.0,LOW_STOCK,DoDA Logistics,Ambient
2026-06-30,BATCH-001341,HOSP-BG-011,MED-044,3,vial,450.0,2025-09-27,2027-04-20,294,3,0.143,21.0,LOW_STOCK,Provincial Medical Store,Ambient
2026-06-30,BATCH-001342,HOSP-BG-011,MED-045,9,tablet,15.0,2026-05-21,2028-01-10,559,4,0.488,18.44,OK,Provincial Medical Store,Ambient
2026-06-30,BATCH-001343,HOSP-BG-011,MED-045,13,tablet,15.0,2025-06-24,2027-02-17,232,4,0.488,26.63,OK,UNICEF Supply,Ambient
2026-06-30,BATCH-001344,HOSP-BG-011,MED-046,1,prefilled,4500.0,2026-06-18,2027-07-16,381,3,0.071,14.0,LOW_STOCK,Nepal CMS,Cold_Chain
2026-06-30,BATCH-001345,HOSP-BG-011,MED-046,2,prefilled,4500.0,2026-04-25,2027-07-01,366,3,0.071,28.0,LOW_STOCK,Provincial Medical Store,Cold_Chain
2026-06-30,BATCH-001346,HOSP-BG-011,MED-047,24,sachet,6.0,2026-06-28,2029-04-12,1017,41,4.167,5.76,LOW_STOCK,Private Distributor - Kathmandu,Ambient
2026-06-30,BATCH-001347,HOSP-BG-011,MED-047,32,sachet,6.0,2024-12-12,2027-04-27,301,41,4.167,7.68,LOW_STOCK,Private Distributor - Kathmandu,Ambient
2026-06-30,BATCH-001348,HOSP-BG-011,MED-047,32,sachet,6.0,2026-03-17,2028-01-20,569,41,4.167,7.68,LOW_STOCK,UNICEF Supply,Ambient
2026-06-30,BATCH-001349,HOSP-BG-011,MED-048,15,bottle,65.0,2026-06-29,2027-05-12,316,15,1.56,9.62,LOW_STOCK,UNICEF Supply,Ambient
2026-06-30,BATCH-001350,HOSP-BG-011,MED-048,43,bottle,65.0,2025-07-08,2027-06-10,345,15,1.56,27.57,OK,Provincial Medical Store,Ambient
2026-06-30,BATCH-001351,HOSP-BG-011,MED-049,42,capsule,2.0,2025-03-12,2027-02-22,237,18,1.845,22.76,OK,BPKMCH Pharmacy Store,Ambient
2026-06-30,BATCH-001352,HOSP-BG-011,MED-049,20,capsule,2.0,2026-06-21,2028-04-13,653,18,1.845,10.84,OK,Nepal CMS,Ambient
2026-06-30,BATCH-001353,HOSP-BG-011,MED-049,23,capsule,2.0,2026-06-26,2028-02-01,581,18,1.845,12.46,OK,BPKMCH Pharmacy Store,Ambient
2026-06-30,BATCH-001354,HOSP-BG-011,MED-050,3,vial,120.0,2024-10-20,2026-07-16,16,5,0.571,5.25,LOW_AND_NEAR_EXPIRY,BPKMCH Pharmacy Store,Cold_Chain
2026-06-30,BATCH-001355,HOSP-BG-011,MED-050,2,vial,120.0,2026-06-10,2027-11-06,494,5,0.571,3.5,LOW_STOCK,Nepal CMS,Cold_Chain
2026-06-30,BATCH-001356,HOSP-BG-011,MED-050,3,vial,120.0,2026-02-12,2028-01-22,571,5,0.571,5.25,LOW_STOCK,Private Distributor - Kathmandu,Cold_Chain
2026-06-30,BATCH-001357,HOSP-BG-011,MED-051,2,vial,80.0,2025-10-10,2026-12-19,172,3,0.369,5.42,LOW_STOCK,Provincial Medical Store,Cold_Chain
2026-06-30,BATCH-001358,HOSP-BG-011,MED-051,1,vial,80.0,2026-03-23,2027-11-05,493,3,0.369,2.71,LOW_STOCK,UNICEF Supply,Cold_Chain
2026-06-30,BATCH-001359,HOSP-BG-011,MED-051,2,vial,80.0,2026-06-22,2028-01-29,578,3,0.369,5.42,LOW_STOCK,Kanti Central Store,Cold_Chain
2026-06-30,BATCH-001360,HOSP-BG-011,MED-052,46,kit,25.0,2025-10-02,2026-11-01,124,26,2.667,17.25,OK,Nepal CMS,Ambient
2026-06-30,BATCH-001361,HOSP-BG-011,MED-052,16,kit,25.0,2026-05-23,2028-05-07,677,26,2.667,6.0,LOW_STOCK,Local Pharmacy Wholesaler,Ambient
2026-06-30,BATCH-001362,HOSP-BG-011,MED-052,38,kit,25.0,2026-06-11,2028-05-22,692,26,2.667,14.25,OK,Nepal CMS,Ambient
2026-06-30,BATCH-001363,HOSP-BG-011,MED-053,5,ampoule,35.0,2026-06-22,2027-11-21,509,3,0.381,13.12,OK,DoDA Logistics,Cold_Chain
2026-06-30,BATCH-001364,HOSP-BG-011,MED-055,1,ampoule,18.0,2026-06-25,2028-10-14,837,3,0.155,6.46,LOW_STOCK,Provincial Medical Store,Ambient
2026-06-30,BATCH-001366,HOSP-BG-011,MED-055,1,ampoule,18.0,2026-02-10,2028-04-20,660,3,0.155,6.46,LOW_STOCK,Private Distributor - Kathmandu,Ambient
2026-06-30,BATCH-001367,HOSP-BG-011,MED-056,1,ampoule,45.0,2026-05-28,2028-10-11,834,3,0.179,5.6,LOW_STOCK,DoDA Logistics,Ambient
2026-06-30,BATCH-001368,HOSP-BG-011,MED-056,1,ampoule,45.0,2025-08-09,2027-03-19,262,3,0.179,5.6,LOW_STOCK,Nepal CMS,Ambient
2026-06-30,BATCH-001369,HOSP-BG-011,MED-056,1,ampoule,45.0,2026-06-06,2029-05-28,1063,3,0.179,5.6,LOW_STOCK,Local Pharmacy Wholesaler,Ambient
2026-06-30,BATCH-001370,HOSP-BG-011,MED-057,899,bottle,55.0,2026-05-19,2028-06-13,714,328,32.81,27.4,OK,DoDA Logistics,Ambient
2026-06-30,BATCH-001371,HOSP-BG-011,MED-058,296,bottle,90.0,2025-01-12,2026-09-19,81,230,23.048,12.84,NEAR_EXPIRY,BPKMCH Pharmacy Store,Ambient
2026-06-30,BATCH-001372,HOSP-BG-011,MED-058,341,bottle,90.0,2025-10-05,2026-12-04,157,230,23.048,14.8,OK,Kanti Central Store,Ambient
2026-06-30,BATCH-001373,HOSP-BG-011,MED-059,286,bottle,70.0,2026-05-16,2027-10-10,467,193,19.345,14.78,OK,Kanti Central Store,Ambient
2026-06-30,BATCH-001374,HOSP-BG-011,MED-059,99,bottle,70.0,2025-04-12,2027-03-10,253,193,19.345,5.12,LOW_STOCK,BPKMCH Pharmacy Store,Ambient
2026-06-30,BATCH-001375,HOSP-BG-011,MED-059,174,bottle,70.0,2026-01-06,2027-09-22,449,193,19.345,8.99,LOW_STOCK,UNICEF Supply,Ambient
2026-06-30,BATCH-001376,HOSP-BG-011,MED-060,2,vial,2500.0,2025-08-15,2026-08-11,42,3,0.19,10.5,LOW_AND_NEAR_EXPIRY,Kanti Central Store,Cold_Chain
2026-06-30,BATCH-001377,HOSP-BG-011,MED-060,7,vial,2500.0,2025-12-12,2027-05-15,319,3,0.19,36.75,OK,Kanti Central Store,Cold_Chain
2026-06-30,BATCH-001378,HOSP-BG-011,MED-061,16,ampoule,25.0,2026-02-01,2027-10-12,469,5,0.571,28.0,OK,Provincial Medical Store,Ambient
2026-06-30,BATCH-001379,HOSP-BG-011,MED-062,20,ampoule,12.0,2026-06-05,2028-09-08,801,3,0.393,50.91,OK,Local Pharmacy Wholesaler,Ambient
2026-06-30,BATCH-001380,HOSP-BG-011,MED-063,3,vial,850.0,2025-01-15,2026-10-08,100,3,0.31,9.69,LOW_STOCK,Private Distributor - Kathmandu,Cold_Chain
2026-06-30,BATCH-001381,HOSP-BG-011,MED-063,9,vial,850.0,2026-03-20,2027-11-27,515,3,0.31,29.08,OK,DoDA Logistics,Cold_Chain
2026-06-30,BATCH-001382,HOSP-BG-011,MED-064,81,roll,80.0,2024-03-11,2027-06-25,360,22,2.202,36.78,OK,Kanti Central Store,Ambient
2026-06-30,BATCH-001383,HOSP-BG-011,MED-065,9,unit,0.0,2026-06-18,2026-07-16,16,6,0.667,13.5,NEAR_EXPIRY,Local Pharmacy Wholesaler,Cold_Chain
2026-06-30,BATCH-001384,HOSP-BG-011,MED-065,22,unit,0.0,2026-05-31,2026-07-25,25,6,0.667,33.0,NEAR_EXPIRY,BPKMCH Pharmacy Store,Cold_Chain
2026-06-30,BATCH-001385,HOSP-BG-011,MED-066,7,unit,0.0,2026-05-22,2026-07-29,29,5,0.512,13.67,NEAR_EXPIRY,Kanti Central Store,Cold_Chain
2026-06-30,BATCH-001386,HOSP-BG-011,MED-066,3,unit,0.0,2026-06-09,2026-07-08,8,5,0.512,5.86,LOW_AND_NEAR_EXPIRY,Nepal CMS,Cold_Chain
2026-06-30,BATCH-001387,HOSP-BG-011,MED-066,5,unit,0.0,2026-06-12,2026-07-22,22,5,0.512,9.77,LOW_AND_NEAR_EXPIRY,Local Pharmacy Wholesaler,Cold_Chain
2026-06-30,BATCH-001388,HOSP-BG-011,MED-067,41,vial,40.0,2026-02-17,2028-02-11,591,43,4.369,9.38,LOW_STOCK,Private Distributor - Kathmandu,Ambient
2026-06-30,BATCH-001389,HOSP-BG-011,MED-067,44,vial,40.0,2026-01-31,2028-10-12,835,43,4.369,10.07,OK,Local Pharmacy Wholesaler,Ambient
2026-06-30,BATCH-001390,HOSP-BG-011,MED-067,72,vial,40.0,2024-12-28,2027-08-08,404,43,4.369,16.48,OK,BPKMCH Pharmacy Store,Ambient
2026-06-30,BATCH-001391,HOSP-BG-011,MED-068,47,vial,180.0,2026-06-28,2029-06-07,1073,10,1.0,47.0,OK,Private Distributor - Kathmandu,Ambient
2026-06-30,BATCH-001392,HOSP-BG-011,MED-069,33,ampoule,95.0,2025-08-02,2028-04-05,645,16,1.607,20.53,OK,Private Distributor - Kathmandu,Ambient
2026-06-30,BATCH-001393,HOSP-BG-011,MED-069,49,ampoule,95.0,2026-01-27,2027-07-25,390,16,1.607,30.49,OK,BPKMCH Pharmacy Store,Ambient
2026-06-30,BATCH-001394,HOSP-BG-011,MED-070,60,sachet,120.0,2025-06-26,2027-06-03,338,12,1.202,49.9,OK,Provincial Medical Store,Ambient
2026-06-30,BATCH-001395,HOSP-BG-011,MED-071,6,ampoule,150.0,2024-08-14,2026-07-20,20,6,0.667,9.0,LOW_AND_NEAR_EXPIRY,Kanti Central Store,Ambient
2026-06-30,BATCH-001396,HOSP-BG-011,MED-071,9,ampoule,150.0,2025-10-28,2026-10-05,97,6,0.667,13.5,OK,Local Pharmacy Wholesaler,Ambient
2026-06-30,BATCH-001397,HOSP-BG-011,MED-072,28,vial,650.0,2026-01-04,2027-10-09,466,18,1.821,15.37,OK,Local Pharmacy Wholesaler,Ambient
2026-06-30,BATCH-001398,HOSP-BG-012,MED-001,605,tablet,1.5,2025-06-19,2026-10-14,106,564,56.405,10.73,OK,Provincial Medical Store,Ambient
2026-06-30,BATCH-001399,HOSP-BG-012,MED-001,265,tablet,1.5,2026-02-18,2027-11-07,495,564,56.405,4.7,LOW_STOCK,UNICEF Supply,Ambient
2026-06-30,BATCH-001400,HOSP-BG-012,MED-001,468,tablet,1.5,2024-02-08,2026-11-11,134,564,56.405,8.3,LOW_STOCK,Provincial Medical Store,Ambient
2026-06-30,BATCH-001401,HOSP-BG-012,MED-002,134,bottle,45.0,2025-10-22,2026-11-08,131,85,8.571,15.63,OK,Nepal CMS,Ambient
2026-06-30,BATCH-001402,HOSP-BG-012,MED-002,195,bottle,45.0,2026-06-15,2028-06-03,704,85,8.571,22.75,OK,BPKMCH Pharmacy Store,Ambient
2026-06-30,BATCH-001403,HOSP-BG-012,MED-003,1386,tablet,2.5,2025-08-07,2027-04-21,295,860,86.036,16.11,OK,Provincial Medical Store,Ambient
2026-06-30,BATCH-001404,HOSP-BG-012,MED-003,635,tablet,2.5,2024-06-10,2027-05-06,310,860,86.036,7.38,LOW_STOCK,Local Pharmacy Wholesaler,Ambient
2026-06-30,BATCH-001405,HOSP-BG-012,MED-003,960,tablet,2.5,2023-12-21,2026-08-06,37,860,86.036,11.16,NEAR_EXPIRY,UNICEF Supply,Ambient
2026-06-30,BATCH-001406,HOSP-BG-012,MED-004,150,ampoule,25.0,2026-06-27,2027-12-14,532,287,28.75,5.22,LOW_STOCK,DoDA Logistics,Ambient
2026-06-30,BATCH-001407,HOSP-BG-012,MED-004,167,ampoule,25.0,2026-05-30,2028-05-05,675,287,28.75,5.81,LOW_STOCK,UNICEF Supply,Ambient
2026-06-30,BATCH-001408,HOSP-BG-012,MED-004,137,ampoule,25.0,2026-06-27,2028-01-22,571,287,28.75,4.77,LOW_STOCK,BPKMCH Pharmacy Store,Ambient
2026-06-30,BATCH-001409,HOSP-BG-012,MED-005,1206,capsule,6.0,2024-11-10,2026-08-30,61,592,59.274,20.35,NEAR_EXPIRY,DoDA Logistics,Ambient
2026-06-30,BATCH-001410,HOSP-BG-012,MED-005,818,capsule,6.0,2025-05-06,2027-03-19,262,592,59.274,13.8,OK,Provincial Medical Store,Ambient
2026-06-30,BATCH-001411,HOSP-BG-012,MED-005,776,capsule,6.0,2026-02-18,2027-11-21,509,592,59.274,13.09,OK,DoDA Logistics,Ambient
2026-06-30,BATCH-001412,HOSP-BG-012,MED-006,1284,tablet,35.0,2026-06-18,2027-10-07,464,314,31.476,40.79,OK,Private Distributor - Kathmandu,Ambient
2026-06-30,BATCH-001413,HOSP-BG-012,MED-007,436,tablet,40.0,2025-10-20,2026-10-23,115,243,24.369,17.89,OK,DoDA Logistics,Ambient
2026-06-30,BATCH-001414,HOSP-BG-012,MED-008,327,tablet,8.0,2024-05-27,2026-09-25,87,288,28.833,11.34,NEAR_EXPIRY,Private Distributor - Kathmandu,Ambient
2026-06-30,BATCH-001415,HOSP-BG-012,MED-008,255,tablet,8.0,2026-06-28,2028-10-18,841,288,28.833,8.84,LOW_STOCK,Local Pharmacy Wholesaler,Ambient
2026-06-30,BATCH-001416,HOSP-BG-012,MED-008,243,tablet,8.0,2025-12-29,2028-07-19,750,288,28.833,8.43,LOW_STOCK,Kanti Central Store,Ambient
2026-06-30,BATCH-001417,HOSP-BG-012,MED-009,808,vial,85.0,2026-02-03,2027-05-14,318,354,35.44,22.8,OK,Private Distributor - Kathmandu,Ambient
2026-06-30,BATCH-001418,HOSP-BG-012,MED-009,407,vial,85.0,2026-06-24,2027-12-14,532,354,35.44,11.48,OK,Local Pharmacy Wholesaler,Ambient
2026-06-30,BATCH-001419,HOSP-BG-012,MED-009,344,vial,85.0,2026-06-02,2027-12-30,548,354,35.44,9.71,LOW_STOCK,BPKMCH Pharmacy Store,Ambient
2026-06-30,BATCH-001420,HOSP-BG-012,MED-010,722,tablet,2.0,2026-05-22,2029-02-15,961,517,51.726,13.96,OK,Nepal CMS,Ambient
2026-06-30,BATCH-001421,HOSP-BG-012,MED-010,187,tablet,2.0,2025-08-14,2027-07-29,394,517,51.726,3.62,LOW_STOCK,Kanti Central Store,Ambient
2026-06-30,BATCH-001422,HOSP-BG-012,MED-010,439,tablet,2.0,2023-12-14,2026-07-20,20,517,51.726,8.49,LOW_AND_NEAR_EXPIRY,DoDA Logistics,Ambient
2026-06-30,BATCH-001423,HOSP-BG-012,MED-011,608,sachet,8.0,2025-12-22,2027-03-14,257,390,39.024,15.58,OK,Nepal CMS,Ambient
2026-06-30,BATCH-001424,HOSP-BG-012,MED-011,660,sachet,8.0,2026-02-04,2028-10-19,842,390,39.024,16.91,OK,DoDA Logistics,Ambient
2026-06-30,BATCH-001425,HOSP-BG-012,MED-012,198,tablet,1.2,2026-05-04,2027-10-27,484,226,22.619,8.75,LOW_STOCK,Nepal CMS,Ambient
2026-06-30,BATCH-001426,HOSP-BG-012,MED-012,187,tablet,1.2,2026-05-24,2028-01-14,563,226,22.619,8.27,LOW_STOCK,Private Distributor - Kathmandu,Ambient
2026-06-30,BATCH-001427,HOSP-BG-012,MED-013,864,bag,55.0,2025-10-30,2027-04-26,300,630,63.048,13.7,OK,Kanti Central Store,Ambient
2026-06-30,BATCH-001428,HOSP-BG-012,MED-013,310,bag,55.0,2026-05-28,2027-09-01,428,630,63.048,4.92,LOW_STOCK,UNICEF Supply,Ambient
2026-06-30,BATCH-001429,HOSP-BG-012,MED-013,458,bag,55.0,2026-01-29,2027-09-24,451,630,63.048,7.26,LOW_STOCK,Nepal CMS,Ambient
2026-06-30,BATCH-001430,HOSP-BG-012,MED-014,2103,bag,45.0,2025-06-27,2027-04-17,291,810,81.012,25.96,OK,Nepal CMS,Ambient
2026-06-30,BATCH-001431,HOSP-BG-012,MED-014,902,bag,45.0,2025-03-16,2027-01-22,206,810,81.012,11.13,OK,UNICEF Supply,Ambient
2026-06-30,BATCH-001432,HOSP-BG-012,MED-014,943,bag,45.0,2026-05-28,2028-02-25,605,810,81.012,11.64,OK,DoDA Logistics,Ambient
2026-06-30,BATCH-001433,HOSP-BG-012,MED-015,2187,bag,48.0,2025-04-22,2027-03-10,253,467,46.786,46.75,OK,Kanti Central Store,Ambient
2026-06-30,BATCH-001434,HOSP-BG-012,MED-016,67,tablet,15.0,2026-04-22,2027-02-19,234,28,2.857,23.45,OK,UNICEF Supply,Ambient
2026-06-30,BATCH-001435,HOSP-BG-012,MED-016,22,tablet,15.0,2026-06-17,2028-05-20,690,28,2.857,7.7,LOW_STOCK,BPKMCH Pharmacy Store,Ambient
2026-06-30,BATCH-001436,HOSP-BG-012,MED-016,43,tablet,15.0,2026-06-27,2028-05-13,683,28,2.857,15.05,OK,Provincial Medical Store,Ambient
2026-06-30,BATCH-001437,HOSP-BG-012,MED-017,11,tablet,1.8,2026-01-25,2028-02-22,602,14,1.476,7.45,LOW_STOCK,BPKMCH Pharmacy Store,Ambient
2026-06-30,BATCH-001438,HOSP-BG-012,MED-017,22,tablet,1.8,2026-04-06,2027-10-07,464,14,1.476,14.9,OK,UNICEF Supply,Ambient
2026-06-30,BATCH-001439,HOSP-BG-012,MED-018,66,unit,180.0,2026-05-21,2028-01-04,553,45,4.536,14.55,OK,Provincial Medical Store,Ambient
2026-06-30,BATCH-001440,HOSP-BG-012,MED-018,43,unit,180.0,2025-02-28,2026-10-15,107,45,4.536,9.48,LOW_STOCK,Private Distributor - Kathmandu,Ambient
2026-06-30,BATCH-001441,HOSP-BG-012,MED-018,48,unit,180.0,2026-01-16,2027-04-23,297,45,4.536,10.58,OK,DoDA Logistics,Ambient
2026-06-30,BATCH-001442,HOSP-BG-012,MED-019,80,ampoule,30.0,2026-06-02,2028-01-29,578,50,5.024,15.92,OK,Provincial Medical Store,Ambient
2026-06-30,BATCH-001443,HOSP-BG-012,MED-019,21,ampoule,30.0,2025-06-16,2026-08-18,49,50,5.024,4.18,LOW_AND_NEAR_EXPIRY,Private Distributor - Kathmandu,Ambient
2026-06-30,BATCH-001444,HOSP-BG-012,MED-019,51,ampoule,30.0,2024-10-01,2026-07-23,23,50,5.024,10.15,NEAR_EXPIRY,DoDA Logistics,Ambient
2026-06-30,BATCH-001445,HOSP-BG-012,MED-020,114,bottle,55.0,2026-05-21,2027-03-31,274,78,7.869,14.49,OK,Nepal CMS,Ambient
2026-06-30,BATCH-001446,HOSP-BG-012,MED-020,217,bottle,55.0,2025-01-25,2026-12-05,158,78,7.869,27.58,OK,DoDA Logistics,Ambient
2026-06-30,BATCH-001447,HOSP-BG-012,MED-021,232,tablet,1.0,2026-06-28,2028-09-14,807,201,20.131,11.52,OK,Local Pharmacy Wholesaler,Ambient
2026-06-30,BATCH-001448,HOSP-BG-012,MED-021,493,tablet,1.0,2025-11-16,2028-06-01,702,201,20.131,24.49,OK,Local Pharmacy Wholesaler,Ambient
2026-06-30,BATCH-001449,HOSP-BG-012,MED-022,176,tablet,2.5,2024-06-01,2027-03-14,257,184,18.476,9.53,LOW_STOCK,Local Pharmacy Wholesaler,Ambient
2026-06-30,BATCH-001450,HOSP-BG-012,MED-022,255,tablet,2.5,2024-11-14,2027-07-09,374,184,18.476,13.8,OK,Kanti Central Store,Ambient
2026-06-30,BATCH-001451,HOSP-BG-012,MED-022,270,tablet,2.5,2024-08-18,2027-03-12,255,184,18.476,14.61,OK,Local Pharmacy Wholesaler,Ambient
2026-06-30,BATCH-001452,HOSP-BG-012,MED-023,392,tablet,1.5,2025-04-15,2027-07-27,392,238,23.893,16.41,OK,BPKMCH Pharmacy Store,Ambient
2026-06-30,BATCH-001453,HOSP-BG-012,MED-024,26,vial,450.0,2026-01-11,2027-05-24,328,26,2.619,9.93,LOW_STOCK,Kanti Central Store,Cold_Chain
2026-06-30,BATCH-001454,HOSP-BG-012,MED-024,21,vial,450.0,2026-01-24,2027-07-10,375,26,2.619,8.02,LOW_STOCK,Kanti Central Store,Cold_Chain
2026-06-30,BATCH-001455,HOSP-BG-012,MED-024,28,vial,450.0,2026-06-04,2027-09-07,434,26,2.619,10.69,OK,DoDA Logistics,Cold_Chain
2026-06-30,BATCH-001456,HOSP-BG-012,MED-025,59,tablet,3.0,2026-03-16,2028-09-27,820,114,11.429,5.16,LOW_STOCK,Nepal CMS,Ambient
2026-06-30,BATCH-001457,HOSP-BG-012,MED-025,32,tablet,3.0,2024-12-21,2027-09-05,432,114,11.429,2.8,LOW_STOCK,BPKMCH Pharmacy Store,Ambient
2026-06-30,BATCH-001458,HOSP-BG-012,MED-025,89,tablet,3.0,2026-04-30,2028-08-24,786,114,11.429,7.79,LOW_STOCK,BPKMCH Pharmacy Store,Ambient
2026-06-30,BATCH-001459,HOSP-BG-012,MED-026,152,tablet,0.8,2025-09-06,2027-12-06,524,186,18.631,8.16,LOW_STOCK,Private Distributor - Kathmandu,Ambient
2026-06-30,BATCH-001460,HOSP-BG-012,MED-026,190,tablet,0.8,2026-05-22,2028-05-03,673,186,18.631,10.2,OK,Provincial Medical Store,Ambient
2026-06-30,BATCH-001461,HOSP-BG-012,MED-026,172,tablet,0.8,2025-06-17,2027-02-13,228,186,18.631,9.23,LOW_STOCK,BPKMCH Pharmacy Store,Ambient
2026-06-30,BATCH-001462,HOSP-BG-012,MED-027,289,capsule,2.0,2026-01-27,2028-01-11,560,237,23.786,12.15,OK,Private Distributor - Kathmandu,Ambient
2026-06-30,BATCH-001463,HOSP-BG-012,MED-027,231,capsule,2.0,2026-06-07,2028-12-06,890,237,23.786,9.71,LOW_STOCK,Provincial Medical Store,Ambient
2026-06-30,BATCH-001464,HOSP-BG-012,MED-027,325,capsule,2.0,2026-06-06,2029-02-19,965,237,23.786,13.66,OK,BPKMCH Pharmacy Store,Ambient
2026-06-30,BATCH-001465,HOSP-BG-012,MED-028,410,tablet,6.0,2025-07-24,2028-05-18,688,87,8.762,46.79,OK,DoDA Logistics,Ambient
2026-06-30,BATCH-001466,HOSP-BG-012,MED-029,76,tablet,1.5,2025-08-26,2027-01-14,198,83,8.31,9.15,LOW_STOCK,Private Distributor - Kathmandu,Ambient
2026-06-30,BATCH-001467,HOSP-BG-012,MED-029,26,tablet,1.5,2025-02-20,2026-09-17,79,83,8.31,3.13,LOW_AND_NEAR_EXPIRY,DoDA Logistics,Ambient
2026-06-30,BATCH-001468,HOSP-BG-012,MED-029,50,tablet,1.5,2026-06-01,2028-05-15,685,83,8.31,6.02,LOW_STOCK,Nepal CMS,Ambient
2026-06-30,BATCH-001469,HOSP-BG-012,MED-030,143,bottle_100ml,85.0,2024-05-30,2026-12-18,171,162,16.214,8.82,LOW_STOCK,BPKMCH Pharmacy Store,Ambient
2026-06-30,BATCH-001470,HOSP-BG-012,MED-030,186,bottle_100ml,85.0,2024-07-23,2026-09-10,72,162,16.214,11.47,NEAR_EXPIRY,UNICEF Supply,Ambient
2026-06-30,BATCH-001471,HOSP-BG-012,MED-030,201,bottle_100ml,85.0,2024-08-07,2027-01-02,186,162,16.214,12.4,OK,DoDA Logistics,Ambient
2026-06-30,BATCH-001472,HOSP-BG-012,MED-031,1202,pair,25.0,2025-11-01,2028-01-20,569,1457,145.774,8.25,LOW_STOCK,Local Pharmacy Wholesaler,Ambient
2026-06-30,BATCH-001473,HOSP-BG-012,MED-031,1485,pair,25.0,2025-08-18,2028-07-13,744,1457,145.774,10.19,OK,Nepal CMS,Ambient
2026-06-30,BATCH-001474,HOSP-BG-012,MED-031,2090,pair,25.0,2024-11-26,2029-10-09,1197,1457,145.774,14.34,OK,Provincial Medical Store,Ambient
2026-06-30,BATCH-001475,HOSP-BG-012,MED-032,3798,piece,5.0,2024-06-26,2027-05-26,330,2240,224.071,16.95,OK,Provincial Medical Store,Ambient
2026-06-30,BATCH-001476,HOSP-BG-012,MED-033,2252,piece,35.0,2026-06-19,2029-06-18,1084,804,80.417,28.0,OK,Local Pharmacy Wholesaler,Ambient
2026-06-30,BATCH-001477,HOSP-BG-012,MED-034,32,vial,25.0,2026-05-25,2028-06-12,713,24,2.452,13.05,OK,Nepal CMS,Cold_Chain
2026-06-30,BATCH-001478,HOSP-BG-012,MED-034,82,vial,25.0,2026-05-30,2027-11-21,509,24,2.452,33.44,OK,Nepal CMS,Cold_Chain
2026-06-30,BATCH-001479,HOSP-BG-012,MED-035,56,vial,350.0,2026-05-18,2028-02-21,601,13,1.31,42.76,OK,Nepal CMS,Cold_Chain
2026-06-30,BATCH-001480,HOSP-BG-012,MED-036,289,tablet,0.5,2026-03-05,2027-09-14,441,152,15.25,18.95,OK,Provincial Medical Store,Ambient
2026-06-30,BATCH-001481,HOSP-BG-012,MED-036,244,tablet,0.5,2026-05-21,2028-01-07,556,152,15.25,16.0,OK,BPKMCH Pharmacy Store,Ambient
2026-06-30,BATCH-001482,HOSP-BG-012,MED-037,200,tablet,8.0,2024-05-02,2026-08-04,35,39,3.988,50.15,NEAR_EXPIRY,Private Distributor - Kathmandu,Ambient
2026-06-30,BATCH-001483,HOSP-BG-012,MED-038,118,ampoule,12.0,2026-05-26,2027-12-25,543,51,5.167,22.84,OK,DoDA Logistics,Ambient
2026-06-30,BATCH-001484,HOSP-BG-012,MED-039,78,ampoule,10.0,2026-06-05,2028-09-29,822,38,3.893,20.04,OK,Local Pharmacy Wholesaler,Ambient
2026-06-30,BATCH-001485,HOSP-BG-012,MED-039,24,ampoule,10.0,2026-05-28,2028-06-12,713,38,3.893,6.17,LOW_STOCK,BPKMCH Pharmacy Store,Ambient
2026-06-30,BATCH-001486,HOSP-BG-012,MED-039,68,ampoule,10.0,2026-06-01,2029-06-08,1074,38,3.893,17.47,OK,DoDA Logistics,Ambient
2026-06-30,BATCH-001487,HOSP-BG-012,MED-040,132,ampoule,28.0,2026-06-16,2029-04-25,1030,121,12.143,10.87,OK,BPKMCH Pharmacy Store,Ambient
2026-06-30,BATCH-001488,HOSP-BG-012,MED-040,180,ampoule,28.0,2024-08-30,2026-11-15,138,121,12.143,14.82,OK,Local Pharmacy Wholesaler,Ambient
2026-06-30,BATCH-001489,HOSP-BG-012,MED-041,8,vial,180.0,2026-05-30,2027-06-29,364,5,0.536,14.93,OK,Nepal CMS,Ambient
2026-06-30,BATCH-001490,HOSP-BG-012,MED-041,10,vial,180.0,2026-03-19,2027-10-18,475,5,0.536,18.67,OK,Provincial Medical Store,Ambient
2026-06-30,BATCH-001491,HOSP-BG-012,MED-042,12,vial,1200.0,2026-06-18,2028-06-15,716,4,0.488,24.59,OK,DoDA Logistics,Cold_Chain
2026-06-30,BATCH-001492,HOSP-BG-012,MED-042,3,vial,1200.0,2025-12-01,2027-08-18,414,4,0.488,6.15,LOW_STOCK,BPKMCH Pharmacy Store,Cold_Chain
2026-06-30,BATCH-001493,HOSP-BG-012,MED-042,8,vial,1200.0,2026-01-08,2027-06-15,350,4,0.488,16.39,OK,BPKMCH Pharmacy Store,Cold_Chain
2026-06-30,BATCH-001494,HOSP-BG-012,MED-043,3,vial,3500.0,2025-05-31,2027-04-16,290,3,0.321,9.33,LOW_STOCK,Private Distributor - Kathmandu,Ambient
2026-06-30,BATCH-001495,HOSP-BG-012,MED-043,4,vial,3500.0,2026-06-03,2028-02-06,586,3,0.321,12.44,OK,Kanti Central Store,Ambient
2026-06-30,BATCH-001496,HOSP-BG-012,MED-044,18,vial,450.0,2026-01-28,2026-12-10,163,5,0.5,36.0,OK,Private Distributor - Kathmandu,Ambient
2026-06-30,BATCH-001497,HOSP-BG-012,MED-045,81,tablet,15.0,2025-12-25,2027-02-13,228,17,1.786,45.36,OK,Local Pharmacy Wholesaler,Ambient
2026-06-30,BATCH-001498,HOSP-BG-012,MED-046,5,prefilled,4500.0,2026-05-09,2027-10-15,472,3,0.131,38.18,OK,DoDA Logistics,Cold_Chain
2026-06-30,BATCH-001499,HOSP-BG-012,MED-047,306,sachet,6.0,2026-02-25,2027-08-13,409,164,16.464,18.59,OK,Private Distributor - Kathmandu,Ambient
2026-06-30,BATCH-001500,HOSP-BG-012,MED-047,161,sachet,6.0,2024-10-28,2027-06-09,344,164,16.464,9.78,LOW_STOCK,BPKMCH Pharmacy Store,Ambient
2026-06-30,BATCH-001501,HOSP-BG-012,MED-047,235,sachet,6.0,2026-05-31,2028-05-01,671,164,16.464,14.27,OK,Local Pharmacy Wholesaler,Ambient
2026-06-30,BATCH-001502,HOSP-BG-012,MED-048,63,bottle,65.0,2026-05-19,2027-11-05,493,63,6.393,9.85,LOW_STOCK,Kanti Central Store,Ambient
2026-06-30,BATCH-001503,HOSP-BG-012,MED-048,76,bottle,65.0,2026-06-04,2027-07-10,375,63,6.393,11.89,OK,Kanti Central Store,Ambient
2026-06-30,BATCH-001504,HOSP-BG-012,MED-049,218,capsule,2.0,2025-10-02,2027-03-12,255,90,9.036,24.13,OK,BPKMCH Pharmacy Store,Ambient
2026-06-30,BATCH-001505,HOSP-BG-012,MED-050,87,vial,120.0,2026-02-09,2027-07-16,381,36,3.667,23.73,OK,Local Pharmacy Wholesaler,Cold_Chain
2026-06-30,BATCH-001506,HOSP-BG-012,MED-050,39,vial,120.0,2025-09-25,2027-06-26,361,36,3.667,10.64,OK,Private Distributor - Kathmandu,Cold_Chain
2026-06-30,BATCH-001507,HOSP-BG-012,MED-050,38,vial,120.0,2026-05-31,2028-03-01,610,36,3.667,10.36,OK,BPKMCH Pharmacy Store,Cold_Chain
2026-06-30,BATCH-001508,HOSP-BG-012,MED-051,36,vial,80.0,2026-06-07,2028-03-19,628,30,3.06,11.77,OK,UNICEF Supply,Cold_Chain
2026-06-30,BATCH-001509,HOSP-BG-012,MED-051,81,vial,80.0,2025-02-21,2026-08-09,40,30,3.06,26.47,NEAR_EXPIRY,UNICEF Supply,Cold_Chain
2026-06-30,BATCH-001510,HOSP-BG-012,MED-052,535,kit,25.0,2026-03-07,2027-01-05,189,107,10.786,49.6,OK,UNICEF Supply,Ambient
2026-06-30,BATCH-001511,HOSP-BG-012,MED-053,48,ampoule,35.0,2026-02-03,2027-05-02,306,37,3.702,12.96,OK,Nepal CMS,Cold_Chain
2026-06-30,BATCH-001512,HOSP-BG-012,MED-053,49,ampoule,35.0,2026-06-22,2028-02-10,590,37,3.702,13.23,OK,DoDA Logistics,Cold_Chain
2026-06-30,BATCH-001513,HOSP-BG-012,MED-053,44,ampoule,35.0,2026-05-26,2027-10-23,480,37,3.702,11.88,OK,Private Distributor - Kathmandu,Cold_Chain
2026-06-30,BATCH-001514,HOSP-BG-012,MED-054,82,tablet,20.0,2026-06-24,2027-11-06,494,21,2.19,37.43,OK,Nepal CMS,Ambient
2026-06-30,BATCH-001515,HOSP-BG-012,MED-055,23,ampoule,18.0,2026-05-30,2028-07-30,761,15,1.56,14.75,OK,Local Pharmacy Wholesaler,Ambient
2026-06-30,BATCH-001516,HOSP-BG-012,MED-055,17,ampoule,18.0,2025-12-07,2027-08-31,427,15,1.56,10.9,OK,BPKMCH Pharmacy Store,Ambient
2026-06-30,BATCH-001517,HOSP-BG-012,MED-055,24,ampoule,18.0,2024-01-16,2026-08-02,33,15,1.56,15.39,NEAR_EXPIRY,DoDA Logistics,Ambient
2026-06-30,BATCH-001518,HOSP-BG-012,MED-056,13,ampoule,45.0,2025-07-05,2027-06-24,359,11,1.19,10.92,OK,DoDA Logistics,Ambient
2026-06-30,BATCH-001519,HOSP-BG-012,MED-056,14,ampoule,45.0,2026-05-17,2029-01-13,928,11,1.19,11.76,OK,Nepal CMS,Ambient
2026-06-30,BATCH-001520,HOSP-BG-012,MED-057,37,bottle,55.0,2025-01-12,2026-07-09,9,43,4.357,8.49,LOW_AND_NEAR_EXPIRY,Nepal CMS,Ambient
2026-06-30,BATCH-001521,HOSP-BG-012,MED-057,11,bottle,55.0,2026-02-11,2027-03-13,256,43,4.357,2.52,LOW_STOCK,BPKMCH Pharmacy Store,Ambient
2026-06-30,BATCH-001522,HOSP-BG-012,MED-057,27,bottle,55.0,2026-06-14,2027-06-09,344,43,4.357,6.2,LOW_STOCK,UNICEF Supply,Ambient
2026-06-30,BATCH-001523,HOSP-BG-012,MED-058,130,bottle,90.0,2026-05-10,2027-09-19,446,32,3.202,40.59,OK,BPKMCH Pharmacy Store,Ambient
2026-06-30,BATCH-001524,HOSP-BG-012,MED-059,30,bottle,70.0,2026-01-17,2027-05-17,321,24,2.405,12.48,OK,Local Pharmacy Wholesaler,Ambient
2026-06-30,BATCH-001525,HOSP-BG-012,MED-059,21,bottle,70.0,2026-04-01,2027-08-13,409,24,2.405,8.73,LOW_STOCK,Provincial Medical Store,Ambient
2026-06-30,BATCH-001526,HOSP-BG-012,MED-059,30,bottle,70.0,2026-05-11,2027-06-04,339,24,2.405,12.48,OK,BPKMCH Pharmacy Store,Ambient
2026-06-30,BATCH-001527,HOSP-BG-012,MED-060,427,vial,2500.0,2026-05-23,2028-05-09,679,89,8.929,47.82,OK,Kanti Central Store,Cold_Chain
2026-06-30,BATCH-001528,HOSP-BG-012,MED-061,858,ampoule,25.0,2025-10-11,2027-02-26,241,272,27.226,31.51,OK,Nepal CMS,Ambient
2026-06-30,BATCH-001529,HOSP-BG-012,MED-062,104,ampoule,12.0,2024-09-13,2027-07-01,366,156,15.679,6.63,LOW_STOCK,Kanti Central Store,Ambient
2026-06-30,BATCH-001530,HOSP-BG-012,MED-062,159,ampoule,12.0,2026-01-28,2028-09-15,808,156,15.679,10.14,OK,Kanti Central Store,Ambient
2026-06-30,BATCH-001531,HOSP-BG-012,MED-063,127,vial,850.0,2026-01-14,2027-06-20,355,81,8.167,15.55,OK,Provincial Medical Store,Cold_Chain
2026-06-30,BATCH-001532,HOSP-BG-012,MED-064,715,roll,80.0,2024-01-17,2027-09-18,445,711,71.131,10.05,OK,Local Pharmacy Wholesaler,Ambient
2026-06-30,BATCH-001533,HOSP-BG-012,MED-064,841,roll,80.0,2024-07-21,2028-12-09,893,711,71.131,11.82,OK,DoDA Logistics,Ambient
2026-06-30,BATCH-001534,HOSP-BG-012,MED-065,143,unit,0.0,2026-06-17,2026-07-21,21,109,10.976,13.03,NEAR_EXPIRY,DoDA Logistics,Cold_Chain
2026-06-30,BATCH-001535,HOSP-BG-012,MED-065,312,unit,0.0,2026-06-20,2026-07-13,13,109,10.976,28.43,NEAR_EXPIRY,Private Distributor - Kathmandu,Cold_Chain
2026-06-30,BATCH-001536,HOSP-BG-012,MED-066,85,unit,0.0,2026-06-28,2026-07-18,18,75,7.56,11.24,NEAR_EXPIRY,Kanti Central Store,Cold_Chain
2026-06-30,BATCH-001537,HOSP-BG-012,MED-066,150,unit,0.0,2026-06-24,2026-08-01,32,75,7.56,19.84,NEAR_EXPIRY,DoDA Logistics,Cold_Chain
2026-06-30,BATCH-001538,HOSP-BG-012,MED-067,136,vial,40.0,2025-06-05,2027-12-17,535,206,20.679,6.58,LOW_STOCK,DoDA Logistics,Ambient
2026-06-30,BATCH-001539,HOSP-BG-012,MED-067,330,vial,40.0,2026-02-11,2028-07-01,732,206,20.679,15.96,OK,Provincial Medical Store,Ambient
2026-06-30,BATCH-001540,HOSP-BG-012,MED-068,47,vial,180.0,2025-06-07,2027-03-18,261,75,7.512,6.26,LOW_STOCK,Provincial Medical Store,Ambient
2026-06-30,BATCH-001541,HOSP-BG-012,MED-068,107,vial,180.0,2026-06-09,2028-12-03,887,75,7.512,14.24,OK,UNICEF Supply,Ambient
2026-06-30,BATCH-001542,HOSP-BG-012,MED-069,66,ampoule,95.0,2025-09-10,2027-11-12,500,65,6.571,10.04,OK,Kanti Central Store,Ambient
2026-06-30,BATCH-001543,HOSP-BG-012,MED-069,89,ampoule,95.0,2024-07-01,2026-10-05,97,65,6.571,13.54,OK,Private Distributor - Kathmandu,Ambient
2026-06-30,BATCH-001544,HOSP-BG-012,MED-070,66,sachet,120.0,2026-05-20,2028-06-03,704,39,3.964,16.65,OK,Kanti Central Store,Ambient
2026-06-30,BATCH-001545,HOSP-BG-012,MED-070,28,sachet,120.0,2026-06-18,2028-01-19,568,39,3.964,7.06,LOW_STOCK,UNICEF Supply,Ambient
2026-06-30,BATCH-001546,HOSP-BG-012,MED-070,48,sachet,120.0,2026-01-21,2027-05-12,316,39,3.964,12.11,OK,DoDA Logistics,Ambient
2026-06-30,BATCH-001547,HOSP-BG-012,MED-071,223,ampoule,150.0,2026-06-07,2028-05-27,697,63,6.333,35.21,OK,Provincial Medical Store,Ambient
2026-06-30,BATCH-001548,HOSP-BG-012,MED-072,171,vial,650.0,2025-05-30,2026-09-04,66,69,6.905,24.77,NEAR_EXPIRY,Private Distributor - Kathmandu,Ambient
2026-06-30,BATCH-001549,HOSP-BG-013,MED-001,5418,tablet,1.5,2024-12-13,2027-07-01,366,2805,280.536,19.31,OK,Private Distributor - Kathmandu,Ambient
2026-06-30,BATCH-001550,HOSP-BG-013,MED-001,7131,tablet,1.5,2026-06-19,2029-03-17,991,2805,280.536,25.42,OK,Private Distributor - Kathmandu,Ambient
2026-06-30,BATCH-001551,HOSP-BG-013,MED-002,1836,bottle,45.0,2026-06-26,2028-06-06,707,456,45.667,40.2,OK,UNICEF Supply,Ambient
2026-06-30,BATCH-001552,HOSP-BG-013,MED-003,815,tablet,2.5,2026-04-02,2028-11-16,870,946,94.655,8.61,LOW_STOCK,DoDA Logistics,Ambient
2026-06-30,BATCH-001553,HOSP-BG-013,MED-003,839,tablet,2.5,2024-09-04,2026-08-03,34,946,94.655,8.86,LOW_AND_NEAR_EXPIRY,Kanti Central Store,Ambient
2026-06-30,BATCH-001554,HOSP-BG-013,MED-003,1161,tablet,2.5,2026-05-22,2029-05-18,1053,946,94.655,12.27,OK,Local Pharmacy Wholesaler,Ambient
2026-06-30,BATCH-001555,HOSP-BG-013,MED-004,818,ampoule,25.0,2025-12-30,2026-10-16,108,293,29.333,27.89,OK,Provincial Medical Store,Ambient
2026-06-30,BATCH-001556,HOSP-BG-013,MED-005,3075,capsule,6.0,2025-01-26,2026-12-12,165,1712,171.298,17.95,OK,DoDA Logistics,Ambient
2026-06-30,BATCH-001557,HOSP-BG-013,MED-006,2742,tablet,35.0,2026-06-20,2028-04-15,655,794,79.44,34.52,OK,DoDA Logistics,Ambient
2026-06-30,BATCH-001558,HOSP-BG-013,MED-007,1034,tablet,40.0,2026-06-02,2028-06-11,712,509,50.988,20.28,OK,Provincial Medical Store,Ambient
2026-06-30,BATCH-001559,HOSP-BG-013,MED-007,1434,tablet,40.0,2026-06-24,2028-02-15,595,509,50.988,28.12,OK,Private Distributor - Kathmandu,Ambient
2026-06-30,BATCH-001560,HOSP-BG-013,MED-008,4866,tablet,8.0,2024-07-29,2027-03-05,248,955,95.5,50.95,OK,Provincial Medical Store,Ambient
2026-06-30,BATCH-001561,HOSP-BG-013,MED-009,1174,vial,85.0,2025-05-08,2027-03-16,259,557,55.774,21.05,OK,Provincial Medical Store,Ambient
2026-06-30,BATCH-001562,HOSP-BG-013,MED-010,2816,tablet,2.0,2024-08-11,2027-01-31,215,1041,104.143,27.04,OK,Kanti Central Store,Ambient
2026-06-30,BATCH-001563,HOSP-BG-013,MED-011,5658,sachet,8.0,2025-10-31,2028-03-07,616,1878,187.893,30.11,OK,Private Distributor - Kathmandu,Ambient
2026-06-30,BATCH-001564,HOSP-BG-013,MED-012,1346,tablet,1.2,2026-06-05,2029-01-10,925,1257,125.762,10.7,OK,Provincial Medical Store,Ambient
2026-06-30,BATCH-001565,HOSP-BG-013,MED-012,3050,tablet,1.2,2026-05-20,2029-01-01,916,1257,125.762,24.25,OK,DoDA Logistics,Ambient
2026-06-30,BATCH-001566,HOSP-BG-013,MED-013,695,bag,55.0,2025-12-20,2027-03-11,254,830,83.024,8.37,LOW_STOCK,Kanti Central Store,Ambient
2026-06-30,BATCH-001567,HOSP-BG-013,MED-013,460,bag,55.0,2026-02-18,2027-05-23,327,830,83.024,5.54,LOW_STOCK,UNICEF Supply,Ambient
2026-06-30,BATCH-001568,HOSP-BG-013,MED-013,517,bag,55.0,2026-06-27,2027-09-08,435,830,83.024,6.23,LOW_STOCK,Nepal CMS,Ambient
2026-06-30,BATCH-001569,HOSP-BG-013,MED-014,2771,bag,45.0,2026-05-24,2028-02-23,603,1479,147.94,18.73,OK,BPKMCH Pharmacy Store,Ambient
2026-06-30,BATCH-001570,HOSP-BG-013,MED-014,3619,bag,45.0,2025-11-13,2026-12-29,182,1479,147.94,24.46,OK,UNICEF Supply,Ambient
2026-06-30,BATCH-001571,HOSP-BG-013,MED-015,1212,bag,48.0,2025-02-11,2026-07-23,23,692,69.298,17.49,NEAR_EXPIRY,Kanti Central Store,Ambient
2026-06-30,BATCH-001572,HOSP-BG-013,MED-015,476,bag,48.0,2026-05-24,2027-04-15,289,692,69.298,6.87,LOW_STOCK,DoDA Logistics,Ambient
2026-06-30,BATCH-001573,HOSP-BG-013,MED-015,1209,bag,48.0,2026-03-26,2027-09-07,434,692,69.298,17.45,OK,Nepal CMS,Ambient
2026-06-30,BATCH-001574,HOSP-BG-013,MED-016,284,tablet,15.0,2026-03-26,2027-06-06,341,161,16.143,17.59,OK,DoDA Logistics,Ambient
2026-06-30,BATCH-001575,HOSP-BG-013,MED-017,94,tablet,1.8,2026-06-02,2029-05-28,1063,79,7.976,11.79,OK,UNICEF Supply,Ambient
2026-06-30,BATCH-001576,HOSP-BG-013,MED-017,76,tablet,1.8,2024-11-26,2027-10-10,467,79,7.976,9.53,LOW_STOCK,Provincial Medical Store,Ambient
2026-06-30,BATCH-001577,HOSP-BG-013,MED-017,201,tablet,1.8,2026-05-19,2029-02-22,968,79,7.976,25.2,OK,Provincial Medical Store,Ambient
2026-06-30,BATCH-001578,HOSP-BG-013,MED-018,468,unit,180.0,2025-10-30,2027-05-08,312,235,23.536,19.88,OK,Local Pharmacy Wholesaler,Ambient
2026-06-30,BATCH-001579,HOSP-BG-013,MED-018,326,unit,180.0,2026-05-26,2028-02-04,584,235,23.536,13.85,OK,Provincial Medical Store,Ambient
2026-06-30,BATCH-001580,HOSP-BG-013,MED-018,285,unit,180.0,2025-07-20,2027-06-25,360,235,23.536,12.11,OK,DoDA Logistics,Ambient
2026-06-30,BATCH-001581,HOSP-BG-013,MED-019,283,ampoule,30.0,2025-12-04,2027-09-22,449,300,30.095,9.4,LOW_STOCK,Private Distributor - Kathmandu,Ambient
2026-06-30,BATCH-001582,HOSP-BG-013,MED-019,94,ampoule,30.0,2025-03-15,2026-09-06,68,300,30.095,3.12,LOW_AND_NEAR_EXPIRY,Private Distributor - Kathmandu,Ambient
2026-06-30,BATCH-001583,HOSP-BG-013,MED-019,143,ampoule,30.0,2025-12-20,2027-06-03,338,300,30.095,4.75,LOW_STOCK,BPKMCH Pharmacy Store,Ambient
2026-06-30,BATCH-001584,HOSP-BG-013,MED-020,630,bottle,55.0,2026-02-22,2027-08-04,400,354,35.488,17.75,OK,Nepal CMS,Ambient
2026-06-30,BATCH-001585,HOSP-BG-013,MED-020,883,bottle,55.0,2026-06-08,2027-07-23,388,354,35.488,24.88,OK,Kanti Central Store,Ambient
2026-06-30,BATCH-001586,HOSP-BG-013,MED-021,3024,tablet,1.0,2026-05-17,2029-02-14,960,1195,119.583,25.29,OK,Provincial Medical Store,Ambient
2026-06-30,BATCH-001587,HOSP-BG-013,MED-022,2202,tablet,2.5,2025-04-06,2027-02-02,217,931,93.167,23.64,OK,UNICEF Supply,Ambient
2026-06-30,BATCH-001588,HOSP-BG-013,MED-022,2175,tablet,2.5,2026-06-08,2028-12-01,885,931,93.167,23.35,OK,BPKMCH Pharmacy Store,Ambient
2026-06-30,BATCH-001589,HOSP-BG-013,MED-023,1105,tablet,1.5,2025-09-16,2027-03-05,248,1191,119.179,9.27,LOW_STOCK,BPKMCH Pharmacy Store,Ambient
2026-06-30,BATCH-001590,HOSP-BG-013,MED-023,3281,tablet,1.5,2026-05-17,2029-06-04,1070,1191,119.179,27.53,OK,Kanti Central Store,Ambient
2026-06-30,BATCH-001591,HOSP-BG-013,MED-024,148,vial,450.0,2025-10-13,2027-05-10,314,175,17.56,8.43,LOW_STOCK,Kanti Central Store,Cold_Chain
2026-06-30,BATCH-001592,HOSP-BG-013,MED-024,319,vial,450.0,2026-01-08,2027-01-11,195,175,17.56,18.17,OK,Kanti Central Store,Cold_Chain
2026-06-30,BATCH-001593,HOSP-BG-013,MED-025,2720,tablet,3.0,2025-06-04,2027-12-26,544,749,74.976,36.28,OK,Nepal CMS,Ambient
2026-06-30,BATCH-001594,HOSP-BG-013,MED-026,791,tablet,0.8,2025-12-07,2027-09-07,434,825,82.56,9.58,LOW_STOCK,Local Pharmacy Wholesaler,Ambient
2026-06-30,BATCH-001595,HOSP-BG-013,MED-026,1057,tablet,0.8,2026-05-25,2028-11-02,856,825,82.56,12.8,OK,Nepal CMS,Ambient
2026-06-30,BATCH-001596,HOSP-BG-013,MED-027,908,capsule,2.0,2026-01-24,2027-11-27,515,1450,145.0,6.26,LOW_STOCK,Local Pharmacy Wholesaler,Ambient
2026-06-30,BATCH-001597,HOSP-BG-013,MED-027,1184,capsule,2.0,2025-01-11,2027-12-08,526,1450,145.0,8.17,LOW_STOCK,Kanti Central Store,Ambient
2026-06-30,BATCH-001598,HOSP-BG-013,MED-028,719,tablet,6.0,2025-07-01,2028-05-07,677,477,47.75,15.06,OK,Provincial Medical Store,Ambient
2026-06-30,BATCH-001599,HOSP-BG-013,MED-028,1393,tablet,6.0,2024-11-28,2027-05-29,333,477,47.75,29.17,OK,Private Distributor - Kathmandu,Ambient
2026-06-30,BATCH-001600,HOSP-BG-013,MED-029,1079,tablet,1.5,2026-05-29,2028-12-27,911,411,41.179,26.2,OK,Private Distributor - Kathmandu,Ambient
2026-06-30,BATCH-001601,HOSP-BG-013,MED-029,1013,tablet,1.5,2025-12-29,2027-10-23,480,411,41.179,24.6,OK,UNICEF Supply,Ambient
2026-06-30,BATCH-001602,HOSP-BG-013,MED-030,139,bottle_100ml,85.0,2025-10-12,2028-06-10,711,294,29.44,4.72,LOW_STOCK,Nepal CMS,Ambient
2026-06-30,BATCH-001603,HOSP-BG-013,MED-030,185,bottle_100ml,85.0,2023-09-13,2026-07-22,22,294,29.44,6.28,LOW_AND_NEAR_EXPIRY,Local Pharmacy Wholesaler,Ambient
2026-06-30,BATCH-001604,HOSP-BG-013,MED-030,153,bottle_100ml,85.0,2026-05-27,2028-10-30,853,294,29.44,5.2,LOW_STOCK,Private Distributor - Kathmandu,Ambient
2026-06-30,BATCH-001605,HOSP-BG-013,MED-031,2000,pair,25.0,2026-01-16,2029-06-01,1067,1693,169.369,11.81,OK,Nepal CMS,Ambient
2026-06-30,BATCH-001606,HOSP-BG-013,MED-031,1764,pair,25.0,2025-12-26,2028-04-03,643,1693,169.369,10.42,OK,DoDA Logistics,Ambient
2026-06-30,BATCH-001607,HOSP-BG-013,MED-031,4053,pair,25.0,2023-12-17,2028-10-17,840,1693,169.369,23.93,OK,DoDA Logistics,Ambient
2026-06-30,BATCH-001608,HOSP-BG-013,MED-032,9928,piece,5.0,2023-10-30,2027-07-18,383,2076,207.69,47.8,OK,Kanti Central Store,Ambient
2026-06-30,BATCH-001609,HOSP-BG-013,MED-033,1432,piece,35.0,2023-05-12,2026-10-09,101,955,95.512,14.99,OK,Nepal CMS,Ambient
2026-06-30,BATCH-001610,HOSP-BG-013,MED-033,946,piece,35.0,2026-05-28,2029-02-22,968,955,95.512,9.9,LOW_STOCK,BPKMCH Pharmacy Store,Ambient
2026-06-30,BATCH-001611,HOSP-BG-013,MED-033,1371,piece,35.0,2023-08-10,2028-02-18,598,955,95.512,14.35,OK,DoDA Logistics,Ambient
2026-06-30,BATCH-001612,HOSP-BG-013,MED-034,133,vial,25.0,2025-10-15,2027-03-10,253,131,13.179,10.09,OK,Private Distributor - Kathmandu,Cold_Chain
2026-06-30,BATCH-001613,HOSP-BG-013,MED-034,283,vial,25.0,2026-06-09,2027-07-07,372,131,13.179,21.47,OK,BPKMCH Pharmacy Store,Cold_Chain
2026-06-30,BATCH-001614,HOSP-BG-013,MED-035,272,vial,350.0,2026-03-28,2028-02-17,597,66,6.643,40.95,OK,Local Pharmacy Wholesaler,Cold_Chain
2026-06-30,BATCH-001615,HOSP-BG-013,MED-036,4404,tablet,0.5,2024-12-21,2026-08-17,48,905,90.595,48.61,NEAR_EXPIRY,BPKMCH Pharmacy Store,Ambient
2026-06-30,BATCH-001616,HOSP-BG-013,MED-037,929,tablet,8.0,2026-05-30,2028-09-10,803,222,22.202,41.84,OK,Nepal CMS,Ambient
2026-06-30,BATCH-001617,HOSP-BG-013,MED-038,263,ampoule,12.0,2024-10-07,2026-08-22,53,305,30.512,8.62,LOW_AND_NEAR_EXPIRY,Local Pharmacy Wholesaler,Ambient
2026-06-30,BATCH-001618,HOSP-BG-013,MED-038,302,ampoule,12.0,2026-02-28,2027-09-16,443,305,30.512,9.9,LOW_STOCK,UNICEF Supply,Ambient
2026-06-30,BATCH-001619,HOSP-BG-013,MED-038,478,ampoule,12.0,2025-12-30,2027-01-05,189,305,30.512,15.67,OK,BPKMCH Pharmacy Store,Ambient
2026-06-30,BATCH-001620,HOSP-BG-013,MED-039,139,ampoule,10.0,2026-04-03,2028-01-31,580,204,20.488,6.78,LOW_STOCK,BPKMCH Pharmacy Store,Ambient
2026-06-30,BATCH-001621,HOSP-BG-013,MED-039,396,ampoule,10.0,2025-12-23,2027-08-25,421,204,20.488,19.33,OK,UNICEF Supply,Ambient
2026-06-30,BATCH-001622,HOSP-BG-013,MED-040,155,ampoule,28.0,2025-11-19,2027-06-30,365,187,18.702,8.29,LOW_STOCK,UNICEF Supply,Ambient
2026-06-30,BATCH-001623,HOSP-BG-013,MED-040,100,ampoule,28.0,2026-06-29,2029-02-23,969,187,18.702,5.35,LOW_STOCK,Nepal CMS,Ambient
2026-06-30,BATCH-001624,HOSP-BG-013,MED-040,133,ampoule,28.0,2024-01-05,2026-09-14,76,187,18.702,7.11,LOW_AND_NEAR_EXPIRY,Nepal CMS,Ambient
2026-06-30,BATCH-001625,HOSP-BG-013,MED-041,80,vial,180.0,2025-07-28,2027-04-01,275,29,2.976,26.88,OK,DoDA Logistics,Ambient
2026-06-30,BATCH-001626,HOSP-BG-013,MED-042,61,vial,1200.0,2026-05-23,2028-06-11,712,13,1.357,44.95,OK,Local Pharmacy Wholesaler,Cold_Chain
2026-06-30,BATCH-001627,HOSP-BG-013,MED-043,5,vial,3500.0,2026-06-18,2027-05-01,305,7,0.774,6.46,LOW_STOCK,Nepal CMS,Ambient
2026-06-30,BATCH-001628,HOSP-BG-013,MED-043,2,vial,3500.0,2026-06-21,2028-05-06,676,7,0.774,2.58,LOW_STOCK,Private Distributor - Kathmandu,Ambient
2026-06-30,BATCH-001629,HOSP-BG-013,MED-043,5,vial,3500.0,2026-05-31,2028-04-01,641,7,0.774,6.46,LOW_STOCK,BPKMCH Pharmacy Store,Ambient
2026-06-30,BATCH-001630,HOSP-BG-013,MED-044,24,vial,450.0,2025-09-04,2027-06-12,347,12,1.274,18.84,OK,Local Pharmacy Wholesaler,Ambient
2026-06-30,BATCH-001631,HOSP-BG-013,MED-044,39,vial,450.0,2026-06-06,2027-11-19,507,12,1.274,30.62,OK,Local Pharmacy Wholesaler,Ambient
2026-06-30,BATCH-001632,HOSP-BG-013,MED-045,62,tablet,15.0,2026-01-13,2026-10-29,121,59,5.929,10.46,OK,Kanti Central Store,Ambient
2026-06-30,BATCH-001633,HOSP-BG-013,MED-045,181,tablet,15.0,2026-03-16,2027-06-16,351,59,5.929,30.53,OK,Nepal CMS,Ambient
2026-06-30,BATCH-001634,HOSP-BG-013,MED-046,9,prefilled,4500.0,2025-12-24,2027-03-05,248,8,0.833,10.8,OK,BPKMCH Pharmacy Store,Cold_Chain
2026-06-30,BATCH-001635,HOSP-BG-013,MED-046,16,prefilled,4500.0,2026-02-18,2027-07-20,385,8,0.833,19.2,OK,DoDA Logistics,Cold_Chain
2026-06-30,BATCH-001636,HOSP-BG-013,MED-047,1112,sachet,6.0,2024-09-05,2027-05-22,326,809,80.964,13.73,OK,DoDA Logistics,Ambient
2026-06-30,BATCH-001637,HOSP-BG-013,MED-048,118,bottle,65.0,2025-01-29,2026-07-14,14,202,20.298,5.81,LOW_AND_NEAR_EXPIRY,Nepal CMS,Ambient
2026-06-30,BATCH-001638,HOSP-BG-013,MED-048,202,bottle,65.0,2026-04-19,2027-02-11,226,202,20.298,9.95,LOW_STOCK,BPKMCH Pharmacy Store,Ambient
2026-06-30,BATCH-001639,HOSP-BG-013,MED-049,155,capsule,2.0,2025-09-16,2027-04-01,275,383,38.357,4.04,LOW_STOCK,Nepal CMS,Ambient
2026-06-30,BATCH-001640,HOSP-BG-013,MED-049,138,capsule,2.0,2025-10-21,2027-03-14,257,383,38.357,3.6,LOW_STOCK,Kanti Central Store,Ambient
2026-06-30,BATCH-001641,HOSP-BG-013,MED-049,288,capsule,2.0,2026-06-19,2027-09-17,444,383,38.357,7.51,LOW_STOCK,BPKMCH Pharmacy Store,Ambient
2026-06-30,BATCH-001642,HOSP-BG-013,MED-050,176,vial,120.0,2026-06-12,2027-07-22,387,189,18.929,9.3,LOW_STOCK,Local Pharmacy Wholesaler,Cold_Chain
2026-06-30,BATCH-001643,HOSP-BG-013,MED-050,238,vial,120.0,2024-09-18,2026-07-15,15,189,18.929,12.57,NEAR_EXPIRY,Kanti Central Store,Cold_Chain
2026-06-30,BATCH-001644,HOSP-BG-013,MED-051,606,vial,80.0,2026-05-19,2028-01-25,574,147,14.702,41.22,OK,UNICEF Supply,Cold_Chain
2026-06-30,BATCH-001645,HOSP-BG-013,MED-052,409,kit,25.0,2025-01-21,2026-09-03,65,411,41.19,9.93,LOW_AND_NEAR_EXPIRY,BPKMCH Pharmacy Store,Ambient
2026-06-30,BATCH-001646,HOSP-BG-013,MED-052,450,kit,25.0,2025-11-12,2027-10-30,487,411,41.19,10.92,OK,Local Pharmacy Wholesaler,Ambient
2026-06-30,BATCH-001647,HOSP-BG-013,MED-053,140,ampoule,35.0,2025-12-01,2027-01-04,188,312,31.238,4.48,LOW_STOCK,UNICEF Supply,Cold_Chain
2026-06-30,BATCH-001648,HOSP-BG-013,MED-053,129,ampoule,35.0,2026-06-29,2028-06-09,710,312,31.238,4.13,LOW_STOCK,Kanti Central Store,Cold_Chain
2026-06-30,BATCH-001649,HOSP-BG-013,MED-053,185,ampoule,35.0,2024-08-10,2026-07-16,16,312,31.238,5.92,LOW_AND_NEAR_EXPIRY,Provincial Medical Store,Cold_Chain
2026-06-30,BATCH-001650,HOSP-BG-013,MED-054,123,tablet,20.0,2025-09-04,2027-05-28,332,221,22.119,5.56,LOW_STOCK,BPKMCH Pharmacy Store,Ambient
2026-06-30,BATCH-001651,HOSP-BG-013,MED-054,350,tablet,20.0,2026-02-09,2027-04-01,275,221,22.119,15.82,OK,BPKMCH Pharmacy Store,Ambient
2026-06-30,BATCH-001652,HOSP-BG-013,MED-055,113,ampoule,18.0,2026-06-19,2029-02-19,965,114,11.405,9.91,LOW_STOCK,Kanti Central Store,Ambient
2026-06-30,BATCH-001653,HOSP-BG-013,MED-055,51,ampoule,18.0,2026-04-18,2028-06-14,715,114,11.405,4.47,LOW_STOCK,DoDA Logistics,Ambient
2026-06-30,BATCH-001654,HOSP-BG-013,MED-055,77,ampoule,18.0,2026-06-13,2029-02-18,964,114,11.405,6.75,LOW_STOCK,Private Distributor - Kathmandu,Ambient
2026-06-30,BATCH-001655,HOSP-BG-013,MED-056,124,ampoule,45.0,2024-03-06,2027-01-03,187,69,6.94,17.87,OK,UNICEF Supply,Ambient
2026-06-30,BATCH-001656,HOSP-BG-013,MED-057,58,bottle,55.0,2025-04-18,2026-12-28,181,71,7.167,8.09,LOW_STOCK,Kanti Central Store,Ambient
2026-06-30,BATCH-001657,HOSP-BG-013,MED-057,83,bottle,55.0,2025-06-17,2026-09-07,69,71,7.167,11.58,NEAR_EXPIRY,Provincial Medical Store,Ambient
2026-06-30,BATCH-001658,HOSP-BG-013,MED-057,89,bottle,55.0,2025-10-02,2026-09-01,63,71,7.167,12.42,NEAR_EXPIRY,Kanti Central Store,Ambient
2026-06-30,BATCH-001659,HOSP-BG-013,MED-058,114,bottle,90.0,2026-04-11,2027-11-26,514,52,5.25,21.71,OK,UNICEF Supply,Ambient
2026-06-30,BATCH-001660,HOSP-BG-013,MED-058,148,bottle,90.0,2025-09-13,2026-08-05,36,52,5.25,28.19,NEAR_EXPIRY,Provincial Medical Store,Ambient
2026-06-30,BATCH-001661,HOSP-BG-013,MED-059,81,bottle,70.0,2025-12-03,2027-04-20,294,49,4.917,16.47,OK,DoDA Logistics,Ambient
2026-06-30,BATCH-001662,HOSP-BG-013,MED-059,44,bottle,70.0,2026-06-02,2027-05-14,318,49,4.917,8.95,LOW_STOCK,Nepal CMS,Ambient
2026-06-30,BATCH-001663,HOSP-BG-013,MED-059,64,bottle,70.0,2025-11-18,2027-01-24,208,49,4.917,13.02,OK,Local Pharmacy Wholesaler,Ambient
2026-06-30,BATCH-001664,HOSP-BG-013,MED-060,144,vial,2500.0,2026-02-25,2027-02-16,231,42,4.214,34.17,OK,DoDA Logistics,Cold_Chain
2026-06-30,BATCH-001665,HOSP-BG-013,MED-061,315,ampoule,25.0,2026-05-25,2027-09-09,436,107,10.798,29.17,OK,BPKMCH Pharmacy Store,Ambient
2026-06-30,BATCH-001666,HOSP-BG-013,MED-062,73,ampoule,12.0,2025-10-03,2028-06-02,703,76,7.631,9.57,LOW_STOCK,Nepal CMS,Ambient
2026-06-30,BATCH-001667,HOSP-BG-013,MED-062,132,ampoule,12.0,2026-06-10,2028-08-27,789,76,7.631,17.3,OK,BPKMCH Pharmacy Store,Ambient
2026-06-30,BATCH-001668,HOSP-BG-013,MED-063,86,vial,850.0,2026-06-10,2027-03-25,268,54,5.488,15.67,OK,Kanti Central Store,Cold_Chain
2026-06-30,BATCH-001669,HOSP-BG-013,MED-063,183,vial,850.0,2026-06-27,2027-07-23,388,54,5.488,33.34,OK,Kanti Central Store,Cold_Chain
2026-06-30,BATCH-001670,HOSP-BG-013,MED-064,1245,roll,80.0,2026-06-19,2031-03-31,1735,395,39.524,31.5,OK,UNICEF Supply,Ambient
2026-06-30,BATCH-001671,HOSP-BG-013,MED-065,297,unit,0.0,2026-06-14,2026-07-07,7,92,9.25,32.11,NEAR_EXPIRY,Kanti Central Store,Cold_Chain
2026-06-30,BATCH-001672,HOSP-BG-013,MED-066,213,unit,0.0,2026-05-21,2026-07-29,29,74,7.405,28.77,NEAR_EXPIRY,Nepal CMS,Cold_Chain
2026-06-30,BATCH-001673,HOSP-BG-013,MED-067,510,vial,40.0,2026-06-17,2029-06-03,1069,206,20.631,24.72,OK,Kanti Central Store,Ambient
2026-06-30,BATCH-001674,HOSP-BG-013,MED-068,105,vial,180.0,2024-10-27,2026-12-15,168,72,7.286,14.41,OK,Nepal CMS,Ambient
2026-06-30,BATCH-001675,HOSP-BG-013,MED-068,85,vial,180.0,2023-12-01,2026-11-07,130,72,7.286,11.67,OK,Private Distributor - Kathmandu,Ambient
2026-06-30,BATCH-001676,HOSP-BG-013,MED-068,130,vial,180.0,2025-09-21,2028-01-30,579,72,7.286,17.84,OK,Provincial Medical Store,Ambient
2026-06-30,BATCH-001677,HOSP-BG-013,MED-069,124,ampoule,95.0,2025-06-21,2027-12-05,523,96,9.655,12.84,OK,Private Distributor - Kathmandu,Ambient
2026-06-30,BATCH-001678,HOSP-BG-013,MED-069,133,ampoule,95.0,2025-06-28,2027-01-18,202,96,9.655,13.78,OK,BPKMCH Pharmacy Store,Ambient
2026-06-30,BATCH-001679,HOSP-BG-013,MED-069,114,ampoule,95.0,2026-06-15,2028-07-05,736,96,9.655,11.81,OK,Local Pharmacy Wholesaler,Ambient
2026-06-30,BATCH-001680,HOSP-BG-013,MED-070,248,sachet,120.0,2026-06-26,2028-02-01,581,245,24.524,10.11,OK,Provincial Medical Store,Ambient
2026-06-30,BATCH-001681,HOSP-BG-013,MED-070,113,sachet,120.0,2025-08-16,2027-03-03,246,245,24.524,4.61,LOW_STOCK,BPKMCH Pharmacy Store,Ambient
2026-06-30,BATCH-001682,HOSP-BG-013,MED-070,136,sachet,120.0,2024-10-02,2026-07-13,13,245,24.524,5.55,LOW_AND_NEAR_EXPIRY,UNICEF Supply,Ambient
2026-06-30,BATCH-001683,HOSP-BG-013,MED-071,159,ampoule,150.0,2026-03-01,2027-08-19,415,80,8.071,19.7,OK,DoDA Logistics,Ambient
2026-06-30,BATCH-001684,HOSP-BG-013,MED-071,61,ampoule,150.0,2025-08-10,2027-05-13,317,80,8.071,7.56,LOW_STOCK,Private Distributor - Kathmandu,Ambient
2026-06-30,BATCH-001685,HOSP-BG-013,MED-071,181,ampoule,150.0,2026-06-10,2028-03-29,638,80,8.071,22.42,OK,Provincial Medical Store,Ambient
2026-06-30,BATCH-001686,HOSP-BG-013,MED-072,194,vial,650.0,2025-07-02,2027-06-13,348,154,15.44,12.56,OK,Nepal CMS,Ambient
2026-06-30,BATCH-001687,HOSP-BG-013,MED-072,61,vial,650.0,2026-06-07,2027-11-02,490,154,15.44,3.95,LOW_STOCK,Private Distributor - Kathmandu,Ambient
2026-06-30,BATCH-001688,HOSP-BG-013,MED-072,143,vial,650.0,2026-06-19,2027-07-01,366,154,15.44,9.26,LOW_STOCK,UNICEF Supply,Ambient
2026-06-30,BATCH-001689,HOSP-BG-014,MED-001,3031,tablet,1.5,2023-10-28,2026-07-11,11,1911,191.107,15.86,NEAR_EXPIRY,UNICEF Supply,Ambient
2026-06-30,BATCH-001690,HOSP-BG-014,MED-002,238,bottle,45.0,2026-02-10,2027-04-05,279,275,27.583,8.63,LOW_STOCK,Kanti Central Store,Ambient
2026-06-30,BATCH-001691,HOSP-BG-014,MED-002,466,bottle,45.0,2026-06-14,2028-05-22,692,275,27.583,16.89,OK,Nepal CMS,Ambient
2026-06-30,BATCH-001692,HOSP-BG-014,MED-003,341,tablet,2.5,2026-05-19,2028-11-09,863,481,48.167,7.08,LOW_STOCK,UNICEF Supply,Ambient
2026-06-30,BATCH-001693,HOSP-BG-014,MED-003,458,tablet,2.5,2026-06-02,2028-06-10,711,481,48.167,9.51,LOW_STOCK,BPKMCH Pharmacy Store,Ambient
2026-06-30,BATCH-001694,HOSP-BG-014,MED-004,357,ampoule,25.0,2025-08-10,2026-12-29,182,184,18.405,19.4,OK,Nepal CMS,Ambient
2026-06-30,BATCH-001695,HOSP-BG-014,MED-004,183,ampoule,25.0,2025-05-01,2027-03-03,246,184,18.405,9.94,LOW_STOCK,DoDA Logistics,Ambient
2026-06-30,BATCH-001696,HOSP-BG-014,MED-004,250,ampoule,25.0,2025-11-16,2026-10-03,95,184,18.405,13.58,OK,Private Distributor - Kathmandu,Ambient
2026-06-30,BATCH-001697,HOSP-BG-014,MED-005,495,capsule,6.0,2025-12-29,2027-03-23,266,631,63.155,7.84,LOW_STOCK,DoDA Logistics,Ambient
2026-06-30,BATCH-001698,HOSP-BG-014,MED-005,483,capsule,6.0,2025-07-07,2026-10-06,98,631,63.155,7.65,LOW_STOCK,Kanti Central Store,Ambient
2026-06-30,BATCH-001699,HOSP-BG-014,MED-006,532,tablet,35.0,2025-09-04,2026-07-24,24,308,30.833,17.25,NEAR_EXPIRY,Provincial Medical Store,Ambient
2026-06-30,BATCH-001700,HOSP-BG-014,MED-006,345,tablet,35.0,2025-05-02,2027-03-29,272,308,30.833,11.19,OK,Provincial Medical Store,Ambient
2026-06-30,BATCH-001701,HOSP-BG-014,MED-006,621,tablet,35.0,2025-07-24,2026-09-05,67,308,30.833,20.14,NEAR_EXPIRY,DoDA Logistics,Ambient
2026-06-30,BATCH-001702,HOSP-BG-014,MED-007,421,tablet,40.0,2026-05-28,2028-03-27,636,251,25.143,16.74,OK,Provincial Medical Store,Ambient
2026-06-30,BATCH-001703,HOSP-BG-014,MED-007,722,tablet,40.0,2026-06-23,2027-06-24,359,251,25.143,28.72,OK,Provincial Medical Store,Ambient
2026-06-30,BATCH-001704,HOSP-BG-014,MED-008,238,tablet,8.0,2026-04-11,2028-02-23,603,415,41.571,5.73,LOW_STOCK,UNICEF Supply,Ambient
2026-06-30,BATCH-001705,HOSP-BG-014,MED-008,631,tablet,8.0,2026-05-19,2029-03-07,981,415,41.571,15.18,OK,Private Distributor - Kathmandu,Ambient
2026-06-30,BATCH-001706,HOSP-BG-014,MED-009,335,vial,85.0,2026-05-17,2027-08-07,403,297,29.774,11.25,OK,Local Pharmacy Wholesaler,Ambient
2026-06-30,BATCH-001707,HOSP-BG-014,MED-009,249,vial,85.0,2026-02-19,2026-12-11,164,297,29.774,8.36,LOW_STOCK,Local Pharmacy Wholesaler,Ambient
2026-06-30,BATCH-001708,HOSP-BG-014,MED-009,732,vial,85.0,2026-05-19,2028-01-31,580,297,29.774,24.59,OK,BPKMCH Pharmacy Store,Ambient
2026-06-30,BATCH-001709,HOSP-BG-014,MED-010,1318,tablet,2.0,2026-01-28,2027-07-01,366,520,52.0,25.35,OK,Local Pharmacy Wholesaler,Ambient
2026-06-30,BATCH-001710,HOSP-BG-014,MED-011,2739,sachet,8.0,2026-06-14,2029-02-12,958,1277,127.726,21.44,OK,Private Distributor - Kathmandu,Ambient
2026-06-30,BATCH-001711,HOSP-BG-014,MED-012,1468,tablet,1.2,2026-03-20,2028-07-15,746,736,73.643,19.93,OK,DoDA Logistics,Ambient
2026-06-30,BATCH-001712,HOSP-BG-014,MED-012,489,tablet,1.2,2026-01-08,2028-12-12,896,736,73.643,6.64,LOW_STOCK,Kanti Central Store,Ambient
2026-06-30,BATCH-001713,HOSP-BG-014,MED-012,1258,tablet,1.2,2026-02-24,2028-03-16,625,736,73.643,17.08,OK,Private Distributor - Kathmandu,Ambient
2026-06-30,BATCH-001714,HOSP-BG-014,MED-013,1207,bag,55.0,2026-05-27,2027-12-18,536,412,41.25,29.26,OK,Nepal CMS,Ambient
2026-06-30,BATCH-001715,HOSP-BG-014,MED-014,919,bag,45.0,2025-06-10,2026-07-22,22,674,67.464,13.62,NEAR_EXPIRY,Kanti Central Store,Ambient
2026-06-30,BATCH-001716,HOSP-BG-014,MED-014,1661,bag,45.0,2025-05-21,2027-03-21,264,674,67.464,24.62,OK,Local Pharmacy Wholesaler,Ambient
2026-06-30,BATCH-001717,HOSP-BG-014,MED-015,345,bag,48.0,2026-06-26,2027-11-01,489,286,28.69,12.02,OK,Private Distributor - Kathmandu,Ambient
2026-06-30,BATCH-001718,HOSP-BG-014,MED-015,410,bag,48.0,2026-05-22,2028-04-06,646,286,28.69,14.29,OK,Nepal CMS,Ambient
2026-06-30,BATCH-001719,HOSP-BG-014,MED-015,537,bag,48.0,2026-05-29,2028-06-10,711,286,28.69,18.72,OK,Nepal CMS,Ambient
2026-06-30,BATCH-001720,HOSP-BG-014,MED-016,128,tablet,15.0,2026-02-11,2027-03-19,262,95,9.5,13.47,OK,BPKMCH Pharmacy Store,Ambient
2026-06-30,BATCH-001721,HOSP-BG-014,MED-016,83,tablet,15.0,2026-05-24,2027-06-22,357,95,9.5,8.74,LOW_STOCK,UNICEF Supply,Ambient
2026-06-30,BATCH-001722,HOSP-BG-014,MED-016,164,tablet,15.0,2026-06-27,2028-05-11,681,95,9.5,17.26,OK,Private Distributor - Kathmandu,Ambient
2026-06-30,BATCH-001723,HOSP-BG-014,MED-017,28,tablet,1.8,2025-02-03,2026-10-12,104,34,3.464,8.08,LOW_STOCK,Provincial Medical Store,Ambient
2026-06-30,BATCH-001724,HOSP-BG-014,MED-017,18,tablet,1.8,2024-02-27,2026-08-23,54,34,3.464,5.2,LOW_AND_NEAR_EXPIRY,Nepal CMS,Ambient
2026-06-30,BATCH-001725,HOSP-BG-014,MED-017,53,tablet,1.8,2026-05-24,2028-06-29,730,34,3.464,15.3,OK,Local Pharmacy Wholesaler,Ambient
2026-06-30,BATCH-001726,HOSP-BG-014,MED-018,100,unit,180.0,2026-03-31,2027-11-22,510,132,13.238,7.55,LOW_STOCK,Private Distributor - Kathmandu,Ambient
2026-06-30,BATCH-001727,HOSP-BG-014,MED-018,264,unit,180.0,2025-11-05,2026-08-22,53,132,13.238,19.94,NEAR_EXPIRY,Provincial Medical Store,Ambient
2026-06-30,BATCH-001728,HOSP-BG-014,MED-019,347,ampoule,30.0,2026-06-29,2027-06-11,346,143,14.369,24.15,OK,BPKMCH Pharmacy Store,Ambient
2026-06-30,BATCH-001729,HOSP-BG-014,MED-019,363,ampoule,30.0,2026-06-06,2028-06-16,717,143,14.369,25.26,OK,Provincial Medical Store,Ambient
2026-06-30,BATCH-001730,HOSP-BG-014,MED-020,443,bottle,55.0,2026-05-26,2028-03-12,621,157,15.726,28.17,OK,Private Distributor - Kathmandu,Ambient
2026-06-30,BATCH-001731,HOSP-BG-014,MED-021,722,tablet,1.0,2024-04-10,2027-01-01,185,687,68.738,10.5,OK,UNICEF Supply,Ambient
2026-06-30,BATCH-001732,HOSP-BG-014,MED-021,976,tablet,1.0,2024-04-17,2026-09-09,71,687,68.738,14.2,NEAR_EXPIRY,Kanti Central Store,Ambient
2026-06-30,BATCH-001733,HOSP-BG-014,MED-022,896,tablet,2.5,2025-04-24,2027-03-08,251,464,46.452,19.29,OK,Nepal CMS,Ambient
2026-06-30,BATCH-001734,HOSP-BG-014,MED-022,404,tablet,2.5,2026-05-30,2029-04-17,1022,464,46.452,8.7,LOW_STOCK,BPKMCH Pharmacy Store,Ambient
2026-06-30,BATCH-001735,HOSP-BG-014,MED-022,974,tablet,2.5,2026-05-21,2028-01-25,574,464,46.452,20.97,OK,Local Pharmacy Wholesaler,Ambient
2026-06-30,BATCH-001736,HOSP-BG-014,MED-023,1777,tablet,1.5,2026-01-16,2027-07-03,368,699,69.988,25.39,OK,Private Distributor - Kathmandu,Ambient
2026-06-30,BATCH-001737,HOSP-BG-014,MED-023,778,tablet,1.5,2026-04-22,2027-06-29,364,699,69.988,11.12,OK,DoDA Logistics,Ambient
2026-06-30,BATCH-001738,HOSP-BG-014,MED-023,816,tablet,1.5,2023-12-01,2026-08-11,42,699,69.988,11.66,NEAR_EXPIRY,Nepal CMS,Ambient
2026-06-30,BATCH-001739,HOSP-BG-014,MED-024,97,vial,450.0,2025-04-18,2026-12-26,179,89,8.917,10.88,OK,Kanti Central Store,Cold_Chain
2026-06-30,BATCH-001740,HOSP-BG-014,MED-024,100,vial,450.0,2026-06-06,2028-02-24,604,89,8.917,11.21,OK,Kanti Central Store,Cold_Chain
2026-06-30,BATCH-001741,HOSP-BG-014,MED-024,190,vial,450.0,2025-06-22,2027-04-05,279,89,8.917,21.31,OK,Private Distributor - Kathmandu,Cold_Chain
2026-06-30,BATCH-001742,HOSP-BG-014,MED-025,425,tablet,3.0,2024-05-21,2027-03-28,271,348,34.833,12.2,OK,BPKMCH Pharmacy Store,Ambient
2026-06-30,BATCH-001743,HOSP-BG-014,MED-025,984,tablet,3.0,2025-06-12,2027-09-01,428,348,34.833,28.25,OK,Private Distributor - Kathmandu,Ambient
2026-06-30,BATCH-001744,HOSP-BG-014,MED-026,680,tablet,0.8,2025-01-31,2027-06-12,347,528,52.833,12.87,OK,Provincial Medical Store,Ambient
2026-06-30,BATCH-001745,HOSP-BG-014,MED-026,706,tablet,0.8,2025-05-13,2027-09-02,429,528,52.833,13.36,OK,Kanti Central Store,Ambient
2026-06-30,BATCH-001746,HOSP-BG-014,MED-026,1287,tablet,0.8,2025-03-12,2028-02-21,601,528,52.833,24.36,OK,Local Pharmacy Wholesaler,Ambient
2026-06-30,BATCH-001747,HOSP-BG-014,MED-027,1225,capsule,2.0,2024-05-12,2026-08-09,40,787,78.75,15.56,NEAR_EXPIRY,DoDA Logistics,Ambient
2026-06-30,BATCH-001748,HOSP-BG-014,MED-027,394,capsule,2.0,2026-04-30,2027-12-23,541,787,78.75,5.0,LOW_STOCK,UNICEF Supply,Ambient
2026-06-30,BATCH-001749,HOSP-BG-014,MED-027,1154,capsule,2.0,2025-07-15,2028-04-20,660,787,78.75,14.65,OK,UNICEF Supply,Ambient
2026-06-30,BATCH-001750,HOSP-BG-014,MED-028,1533,tablet,6.0,2026-02-17,2028-03-30,639,346,34.631,44.27,OK,Kanti Central Store,Ambient
2026-06-30,BATCH-001751,HOSP-BG-014,MED-029,520,tablet,1.5,2026-06-25,2028-07-08,739,294,29.476,17.64,OK,UNICEF Supply,Ambient
2026-06-30,BATCH-001752,HOSP-BG-014,MED-029,283,tablet,1.5,2024-02-01,2027-01-13,197,294,29.476,9.6,LOW_STOCK,Provincial Medical Store,Ambient
2026-06-30,BATCH-001753,HOSP-BG-014,MED-029,581,tablet,1.5,2025-09-18,2027-10-13,470,294,29.476,19.71,OK,Provincial Medical Store,Ambient
2026-06-30,BATCH-001754,HOSP-BG-014,MED-030,236,bottle_100ml,85.0,2024-07-05,2026-07-13,13,150,15.095,15.63,NEAR_EXPIRY,Private Distributor - Kathmandu,Ambient
2026-06-30,BATCH-001755,HOSP-BG-014,MED-030,142,bottle_100ml,85.0,2026-06-07,2029-04-10,1015,150,15.095,9.41,LOW_STOCK,Private Distributor - Kathmandu,Ambient
2026-06-30,BATCH-001756,HOSP-BG-014,MED-030,127,bottle_100ml,85.0,2024-12-22,2027-09-20,447,150,15.095,8.41,LOW_STOCK,Kanti Central Store,Ambient
2026-06-30,BATCH-001757,HOSP-BG-014,MED-031,1257,pair,25.0,2026-06-11,2029-06-21,1087,952,95.274,13.19,OK,Local Pharmacy Wholesaler,Ambient
2026-06-30,BATCH-001758,HOSP-BG-014,MED-031,1289,pair,25.0,2024-12-31,2029-10-18,1206,952,95.274,13.53,OK,BPKMCH Pharmacy Store,Ambient
2026-06-30,BATCH-001759,HOSP-BG-014,MED-031,2179,pair,25.0,2026-06-03,2030-10-28,1581,952,95.274,22.87,OK,Provincial Medical Store,Ambient
2026-06-30,BATCH-001760,HOSP-BG-014,MED-032,2206,piece,5.0,2024-05-05,2026-07-25,25,1079,107.917,20.44,NEAR_EXPIRY,Provincial Medical Store,Ambient
2026-06-30,BATCH-001761,HOSP-BG-014,MED-032,634,piece,5.0,2026-06-27,2030-11-20,1604,1079,107.917,5.87,LOW_STOCK,Nepal CMS,Ambient
2026-06-30,BATCH-001762,HOSP-BG-014,MED-032,1673,piece,5.0,2024-10-09,2026-10-09,101,1079,107.917,15.5,OK,DoDA Logistics,Ambient
2026-06-30,BATCH-001763,HOSP-BG-014,MED-033,517,piece,35.0,2025-09-22,2028-04-05,645,404,40.464,12.78,OK,Provincial Medical Store,Ambient
2026-06-30,BATCH-001764,HOSP-BG-014,MED-033,150,piece,35.0,2026-05-18,2030-06-10,1441,404,40.464,3.71,LOW_STOCK,BPKMCH Pharmacy Store,Ambient
2026-06-30,BATCH-001765,HOSP-BG-014,MED-033,389,piece,35.0,2023-12-07,2027-01-02,186,404,40.464,9.61,LOW_STOCK,Local Pharmacy Wholesaler,Ambient
2026-06-30,BATCH-001766,HOSP-BG-014,MED-034,157,vial,25.0,2025-09-30,2027-06-19,354,74,7.417,21.17,OK,Local Pharmacy Wholesaler,Cold_Chain
2026-06-30,BATCH-001767,HOSP-BG-014,MED-035,125,vial,350.0,2026-06-28,2028-02-24,604,43,4.357,28.69,OK,Local Pharmacy Wholesaler,Cold_Chain
2026-06-30,BATCH-001768,HOSP-BG-014,MED-036,1202,tablet,0.5,2026-02-13,2027-05-30,334,626,62.69,19.17,OK,DoDA Logistics,Ambient
2026-06-30,BATCH-001769,HOSP-BG-014,MED-036,791,tablet,0.5,2026-06-03,2027-10-01,458,626,62.69,12.62,OK,DoDA Logistics,Ambient
2026-06-30,BATCH-001770,HOSP-BG-014,MED-036,772,tablet,0.5,2026-06-26,2028-04-16,656,626,62.69,12.31,OK,Private Distributor - Kathmandu,Ambient
2026-06-30,BATCH-001771,HOSP-BG-014,MED-037,147,tablet,8.0,2026-04-19,2027-12-23,541,132,13.226,11.11,OK,Provincial Medical Store,Ambient
2026-06-30,BATCH-001772,HOSP-BG-014,MED-037,192,tablet,8.0,2026-06-27,2028-08-28,790,132,13.226,14.52,OK,Local Pharmacy Wholesaler,Ambient
2026-06-30,BATCH-001773,HOSP-BG-014,MED-038,565,ampoule,12.0,2026-06-24,2028-05-18,688,151,15.155,37.28,OK,BPKMCH Pharmacy Store,Ambient
2026-06-30,BATCH-001774,HOSP-BG-014,MED-039,117,ampoule,10.0,2026-03-07,2028-07-13,744,129,12.988,9.01,LOW_STOCK,Nepal CMS,Ambient
2026-06-30,BATCH-001775,HOSP-BG-014,MED-039,99,ampoule,10.0,2026-06-18,2028-10-15,838,129,12.988,7.62,LOW_STOCK,BPKMCH Pharmacy Store,Ambient
2026-06-30,BATCH-001776,HOSP-BG-014,MED-040,110,ampoule,28.0,2026-06-05,2028-09-11,804,102,10.202,10.78,OK,Local Pharmacy Wholesaler,Ambient
2026-06-30,BATCH-001777,HOSP-BG-014,MED-040,186,ampoule,28.0,2025-11-05,2028-05-25,695,102,10.202,18.23,OK,BPKMCH Pharmacy Store,Ambient
2026-06-30,BATCH-001778,HOSP-BG-014,MED-041,52,vial,180.0,2025-12-17,2027-04-16,290,13,1.357,38.32,OK,Provincial Medical Store,Ambient
2026-06-30,BATCH-001779,HOSP-BG-014,MED-042,8,vial,1200.0,2026-06-16,2027-10-02,459,9,0.929,8.62,LOW_STOCK,BPKMCH Pharmacy Store,Cold_Chain
2026-06-30,BATCH-001780,HOSP-BG-014,MED-042,3,vial,1200.0,2025-05-16,2026-08-09,40,9,0.929,3.23,LOW_AND_NEAR_EXPIRY,Private Distributor - Kathmandu,Cold_Chain
2026-06-30,BATCH-001781,HOSP-BG-014,MED-042,4,vial,1200.0,2025-08-25,2026-09-02,64,9,0.929,4.31,LOW_AND_NEAR_EXPIRY,BPKMCH Pharmacy Store,Cold_Chain
2026-06-30,BATCH-001782,HOSP-BG-014,MED-043,10,vial,3500.0,2026-01-22,2027-08-06,402,5,0.571,17.5,OK,Nepal CMS,Ambient
2026-06-30,BATCH-001783,HOSP-BG-014,MED-043,19,vial,3500.0,2024-12-31,2026-10-30,122,5,0.571,33.25,OK,Private Distributor - Kathmandu,Ambient
2026-06-30,BATCH-001784,HOSP-BG-014,MED-044,6,vial,450.0,2025-04-17,2027-03-18,261,6,0.679,8.84,LOW_STOCK,BPKMCH Pharmacy Store,Ambient
2026-06-30,BATCH-001785,HOSP-BG-014,MED-044,6,vial,450.0,2025-10-03,2027-02-02,217,6,0.679,8.84,LOW_STOCK,Local Pharmacy Wholesaler,Ambient
2026-06-30,BATCH-001786,HOSP-BG-014,MED-045,28,tablet,15.0,2026-06-18,2028-02-04,584,22,2.238,12.51,OK,Private Distributor - Kathmandu,Ambient
2026-06-30,BATCH-001787,HOSP-BG-014,MED-045,23,tablet,15.0,2026-05-30,2027-05-13,317,22,2.238,10.28,OK,Nepal CMS,Ambient
2026-06-30,BATCH-001788,HOSP-BG-014,MED-045,61,tablet,15.0,2025-10-18,2027-09-15,442,22,2.238,27.26,OK,Kanti Central Store,Ambient
2026-06-30,BATCH-001789,HOSP-BG-014,MED-046,5,prefilled,4500.0,2026-05-17,2027-05-06,310,3,0.298,16.8,OK,DoDA Logistics,Cold_Chain
2026-06-30,BATCH-001790,HOSP-BG-014,MED-046,5,prefilled,4500.0,2026-03-23,2027-07-15,380,3,0.298,16.8,OK,BPKMCH Pharmacy Store,Cold_Chain
2026-06-30,BATCH-001791,HOSP-BG-014,MED-046,5,prefilled,4500.0,2026-04-10,2027-04-17,291,3,0.298,16.8,OK,Kanti Central Store,Cold_Chain
2026-06-30,BATCH-001792,HOSP-BG-014,MED-047,1022,sachet,6.0,2026-06-12,2029-02-13,959,432,43.226,23.64,OK,DoDA Logistics,Ambient
2026-06-30,BATCH-001793,HOSP-BG-014,MED-047,622,sachet,6.0,2026-06-08,2029-06-02,1068,432,43.226,14.39,OK,Private Distributor - Kathmandu,Ambient
2026-06-30,BATCH-001794,HOSP-BG-014,MED-047,541,sachet,6.0,2026-06-22,2028-11-02,856,432,43.226,12.52,OK,Kanti Central Store,Ambient
2026-06-30,BATCH-001795,HOSP-BG-014,MED-048,192,bottle,65.0,2026-05-19,2028-06-01,702,156,15.655,12.26,OK,Nepal CMS,Ambient
2026-06-30,BATCH-001796,HOSP-BG-014,MED-048,164,bottle,65.0,2026-06-04,2027-12-07,525,156,15.655,10.48,OK,UNICEF Supply,Ambient
2026-06-30,BATCH-001797,HOSP-BG-014,MED-049,265,capsule,2.0,2026-06-10,2027-11-10,498,167,16.798,15.78,OK,BPKMCH Pharmacy Store,Ambient
2026-06-30,BATCH-001798,HOSP-BG-014,MED-049,293,capsule,2.0,2025-06-07,2026-09-22,84,167,16.798,17.44,NEAR_EXPIRY,BPKMCH Pharmacy Store,Ambient
2026-06-30,BATCH-001799,HOSP-BG-014,MED-050,136,vial,120.0,2025-05-30,2026-09-11,73,95,9.595,14.17,NEAR_EXPIRY,Private Distributor - Kathmandu,Cold_Chain
2026-06-30,BATCH-001800,HOSP-BG-014,MED-050,65,vial,120.0,2026-06-06,2028-04-01,641,95,9.595,6.77,LOW_STOCK,BPKMCH Pharmacy Store,Cold_Chain
2026-06-30,BATCH-001801,HOSP-BG-014,MED-050,150,vial,120.0,2026-06-09,2027-10-16,473,95,9.595,15.63,OK,Provincial Medical Store,Cold_Chain
2026-06-30,BATCH-001802,HOSP-BG-014,MED-051,163,vial,80.0,2025-04-12,2026-12-09,162,103,10.393,15.68,OK,Provincial Medical Store,Cold_Chain
2026-06-30,BATCH-001803,HOSP-BG-014,MED-052,115,kit,25.0,2025-01-09,2026-12-14,167,228,22.821,5.04,LOW_STOCK,Kanti Central Store,Ambient
2026-06-30,BATCH-001804,HOSP-BG-014,MED-052,209,kit,25.0,2025-07-08,2027-01-29,213,228,22.821,9.16,LOW_STOCK,Local Pharmacy Wholesaler,Ambient
2026-06-30,BATCH-001805,HOSP-BG-014,MED-053,337,ampoule,35.0,2026-05-11,2027-07-26,391,209,20.988,16.06,OK,BPKMCH Pharmacy Store,Cold_Chain
2026-06-30,BATCH-001806,HOSP-BG-014,MED-053,465,ampoule,35.0,2026-06-13,2027-05-23,327,209,20.988,22.16,OK,Provincial Medical Store,Cold_Chain
2026-06-30,BATCH-001807,HOSP-BG-014,MED-054,173,tablet,20.0,2026-05-25,2027-12-17,535,115,11.56,14.97,OK,BPKMCH Pharmacy Store,Ambient
2026-06-30,BATCH-001808,HOSP-BG-014,MED-054,223,tablet,20.0,2026-06-09,2028-01-13,562,115,11.56,19.29,OK,Local Pharmacy Wholesaler,Ambient
2026-06-30,BATCH-001809,HOSP-BG-014,MED-055,189,ampoule,18.0,2025-02-26,2027-05-02,306,72,7.202,26.24,OK,Private Distributor - Kathmandu,Ambient
2026-06-30,BATCH-001810,HOSP-BG-014,MED-056,41,ampoule,45.0,2026-05-31,2028-05-06,676,54,5.476,7.49,LOW_STOCK,DoDA Logistics,Ambient
2026-06-30,BATCH-001811,HOSP-BG-014,MED-056,34,ampoule,45.0,2024-04-05,2026-11-04,127,54,5.476,6.21,LOW_STOCK,Kanti Central Store,Ambient
2026-06-30,BATCH-001812,HOSP-BG-014,MED-056,69,ampoule,45.0,2025-03-02,2027-04-07,281,54,5.476,12.6,OK,Kanti Central Store,Ambient
2026-06-30,BATCH-001813,HOSP-BG-014,MED-057,125,bottle,55.0,2026-06-16,2027-10-30,487,51,5.179,24.14,OK,Local Pharmacy Wholesaler,Ambient
2026-06-30,BATCH-001814,HOSP-BG-014,MED-058,96,bottle,90.0,2025-12-22,2027-01-20,204,24,2.488,38.58,OK,BPKMCH Pharmacy Store,Ambient
2026-06-30,BATCH-001815,HOSP-BG-014,MED-059,67,bottle,70.0,2026-06-11,2027-06-05,340,23,2.31,29.01,OK,Local Pharmacy Wholesaler,Ambient
2026-06-30,BATCH-001816,HOSP-BG-014,MED-060,18,vial,2500.0,2025-11-16,2026-09-26,88,20,2.071,8.69,LOW_AND_NEAR_EXPIRY,DoDA Logistics,Cold_Chain
2026-06-30,BATCH-001817,HOSP-BG-014,MED-060,42,vial,2500.0,2025-01-05,2026-07-30,30,20,2.071,20.28,NEAR_EXPIRY,BPKMCH Pharmacy Store,Cold_Chain
2026-06-30,BATCH-001818,HOSP-BG-014,MED-061,69,ampoule,25.0,2026-02-07,2027-08-12,408,45,4.548,15.17,OK,Kanti Central Store,Ambient
2026-06-30,BATCH-001819,HOSP-BG-014,MED-061,94,ampoule,25.0,2025-04-15,2026-12-16,169,45,4.548,20.67,OK,Provincial Medical Store,Ambient
2026-06-30,BATCH-001820,HOSP-BG-014,MED-062,64,ampoule,12.0,2026-04-11,2027-11-17,505,42,4.262,15.02,OK,Local Pharmacy Wholesaler,Ambient
2026-06-30,BATCH-001821,HOSP-BG-014,MED-062,42,ampoule,12.0,2024-10-19,2026-08-30,61,42,4.262,9.85,LOW_AND_NEAR_EXPIRY,UNICEF Supply,Ambient
2026-06-30,BATCH-001822,HOSP-BG-014,MED-062,68,ampoule,12.0,2026-06-03,2029-02-25,971,42,4.262,15.96,OK,DoDA Logistics,Ambient
2026-06-30,BATCH-001823,HOSP-BG-014,MED-063,52,vial,850.0,2025-03-15,2026-07-21,21,27,2.702,19.24,NEAR_EXPIRY,Private Distributor - Kathmandu,Cold_Chain
2026-06-30,BATCH-001824,HOSP-BG-014,MED-064,563,roll,80.0,2024-07-23,2026-08-18,49,203,20.381,27.62,NEAR_EXPIRY,UNICEF Supply,Ambient
2026-06-30,BATCH-001825,HOSP-BG-014,MED-065,87,unit,0.0,2026-06-22,2026-07-23,23,50,5.0,17.4,NEAR_EXPIRY,Nepal CMS,Cold_Chain
2026-06-30,BATCH-001826,HOSP-BG-014,MED-066,51,unit,0.0,2026-06-27,2026-08-03,34,39,3.976,12.83,NEAR_EXPIRY,BPKMCH Pharmacy Store,Cold_Chain
2026-06-30,BATCH-001827,HOSP-BG-014,MED-066,35,unit,0.0,2026-06-19,2026-07-05,5,39,3.976,8.8,LOW_AND_NEAR_EXPIRY,UNICEF Supply,Cold_Chain
2026-06-30,BATCH-001828,HOSP-BG-014,MED-066,61,unit,0.0,2026-05-27,2026-08-03,34,39,3.976,15.34,NEAR_EXPIRY,Nepal CMS,Cold_Chain
2026-06-30,BATCH-001829,HOSP-BG-014,MED-067,98,vial,40.0,2024-05-07,2026-11-10,133,131,13.19,7.43,LOW_STOCK,Provincial Medical Store,Ambient
2026-06-30,BATCH-001830,HOSP-BG-014,MED-067,39,vial,40.0,2025-08-17,2027-07-02,367,131,13.19,2.96,LOW_STOCK,UNICEF Supply,Ambient
2026-06-30,BATCH-001831,HOSP-BG-014,MED-067,111,vial,40.0,2025-01-25,2026-09-04,66,131,13.19,8.42,LOW_AND_NEAR_EXPIRY,Kanti Central Store,Ambient
2026-06-30,BATCH-001832,HOSP-BG-014,MED-068,52,vial,180.0,2026-05-23,2028-12-09,893,36,3.69,14.09,OK,UNICEF Supply,Ambient
2026-06-30,BATCH-001833,HOSP-BG-014,MED-069,89,ampoule,95.0,2025-06-01,2026-12-14,167,55,5.56,16.01,OK,BPKMCH Pharmacy Store,Ambient
2026-06-30,BATCH-001834,HOSP-BG-014,MED-069,162,ampoule,95.0,2024-08-28,2027-07-03,368,55,5.56,29.14,OK,Local Pharmacy Wholesaler,Ambient
2026-06-30,BATCH-001835,HOSP-BG-014,MED-070,61,sachet,120.0,2025-04-07,2027-02-14,229,111,11.143,5.47,LOW_STOCK,Provincial Medical Store,Ambient
2026-06-30,BATCH-001836,HOSP-BG-014,MED-070,66,sachet,120.0,2024-12-30,2026-11-11,134,111,11.143,5.92,LOW_STOCK,Kanti Central Store,Ambient
2026-06-30,BATCH-001837,HOSP-BG-014,MED-070,69,sachet,120.0,2026-06-09,2028-02-10,590,111,11.143,6.19,LOW_STOCK,UNICEF Supply,Ambient
2026-06-30,BATCH-001838,HOSP-BG-014,MED-071,28,ampoule,150.0,2025-04-01,2026-09-18,80,34,3.452,8.11,LOW_AND_NEAR_EXPIRY,DoDA Logistics,Ambient
2026-06-30,BATCH-001839,HOSP-BG-014,MED-071,72,ampoule,150.0,2026-06-24,2028-03-08,617,34,3.452,20.86,OK,BPKMCH Pharmacy Store,Ambient
2026-06-30,BATCH-001840,HOSP-BG-014,MED-072,70,vial,650.0,2025-09-05,2026-09-09,71,93,9.357,7.48,LOW_AND_NEAR_EXPIRY,Nepal CMS,Ambient
2026-06-30,BATCH-001841,HOSP-BG-014,MED-072,64,vial,650.0,2025-10-05,2027-07-06,371,93,9.357,6.84,LOW_STOCK,UNICEF Supply,Ambient
2026-06-30,BATCH-001842,HOSP-BG-015,MED-001,1597,tablet,1.5,2025-01-07,2027-06-26,361,1469,146.964,10.87,OK,DoDA Logistics,Ambient
2026-06-30,BATCH-001843,HOSP-BG-015,MED-001,770,tablet,1.5,2026-06-03,2029-01-14,929,1469,146.964,5.24,LOW_STOCK,DoDA Logistics,Ambient
2026-06-30,BATCH-001844,HOSP-BG-015,MED-001,1107,tablet,1.5,2023-12-16,2026-09-07,69,1469,146.964,7.53,LOW_AND_NEAR_EXPIRY,Private Distributor - Kathmandu,Ambient
2026-06-30,BATCH-001845,HOSP-BG-015,MED-002,457,bottle,45.0,2026-03-18,2027-10-04,461,246,24.631,18.55,OK,Provincial Medical Store,Ambient
2026-06-30,BATCH-001846,HOSP-BG-015,MED-002,406,bottle,45.0,2026-05-30,2028-06-14,715,246,24.631,16.48,OK,Private Distributor - Kathmandu,Ambient
2026-06-30,BATCH-001847,HOSP-BG-015,MED-002,386,bottle,45.0,2026-06-20,2027-12-26,544,246,24.631,15.67,OK,DoDA Logistics,Ambient
2026-06-30,BATCH-001848,HOSP-BG-015,MED-003,624,tablet,2.5,2025-04-21,2027-11-18,506,619,61.952,10.07,OK,Local Pharmacy Wholesaler,Ambient
2026-06-30,BATCH-001849,HOSP-BG-015,MED-003,1251,tablet,2.5,2026-01-21,2028-07-24,755,619,61.952,20.19,OK,Nepal CMS,Ambient
2026-06-30,BATCH-001850,HOSP-BG-015,MED-004,292,ampoule,25.0,2025-04-29,2027-03-03,246,181,18.19,16.05,OK,UNICEF Supply,Ambient
2026-06-30,BATCH-001851,HOSP-BG-015,MED-004,202,ampoule,25.0,2026-06-07,2028-04-19,659,181,18.19,11.1,OK,Provincial Medical Store,Ambient
2026-06-30,BATCH-001852,HOSP-BG-015,MED-004,184,ampoule,25.0,2025-05-28,2026-09-07,69,181,18.19,10.12,NEAR_EXPIRY,Kanti Central Store,Ambient
2026-06-30,BATCH-001853,HOSP-BG-015,MED-005,1422,capsule,6.0,2025-09-08,2026-12-17,170,665,66.524,21.38,OK,BPKMCH Pharmacy Store,Ambient
2026-06-30,BATCH-001854,HOSP-BG-015,MED-006,864,tablet,35.0,2026-05-28,2028-03-20,629,349,34.976,24.7,OK,Kanti Central Store,Ambient
2026-06-30,BATCH-001855,HOSP-BG-015,MED-006,756,tablet,35.0,2026-05-01,2027-08-04,400,349,34.976,21.61,OK,UNICEF Supply,Ambient
2026-06-30,BATCH-001856,HOSP-BG-015,MED-007,691,tablet,40.0,2026-06-19,2027-10-05,462,278,27.857,24.81,OK,Private Distributor - Kathmandu,Ambient
2026-06-30,BATCH-001857,HOSP-BG-015,MED-008,1522,tablet,8.0,2026-05-17,2028-03-11,620,438,43.869,34.69,OK,BPKMCH Pharmacy Store,Ambient
2026-06-30,BATCH-001858,HOSP-BG-015,MED-009,299,vial,85.0,2026-06-04,2028-04-06,646,326,32.631,9.16,LOW_STOCK,Nepal CMS,Ambient
2026-06-30,BATCH-001859,HOSP-BG-015,MED-009,740,vial,85.0,2026-01-30,2027-07-10,375,326,32.631,22.68,OK,UNICEF Supply,Ambient
2026-06-30,BATCH-001860,HOSP-BG-015,MED-010,1563,tablet,2.0,2024-08-03,2026-10-17,109,406,40.631,38.47,OK,BPKMCH Pharmacy Store,Ambient
2026-06-30,BATCH-001861,HOSP-BG-015,MED-011,5724,sachet,8.0,2026-06-16,2028-12-19,903,1160,116.071,49.31,OK,DoDA Logistics,Ambient
2026-06-30,BATCH-001862,HOSP-BG-015,MED-012,554,tablet,1.2,2024-02-18,2027-01-07,191,632,63.262,8.76,LOW_STOCK,DoDA Logistics,Ambient
2026-06-30,BATCH-001863,HOSP-BG-015,MED-012,190,tablet,1.2,2026-02-13,2027-06-07,342,632,63.262,3.0,LOW_STOCK,UNICEF Supply,Ambient
2026-06-30,BATCH-001864,HOSP-BG-015,MED-012,314,tablet,1.2,2025-09-13,2028-08-13,775,632,63.262,4.96,LOW_STOCK,UNICEF Supply,Ambient
2026-06-30,BATCH-001865,HOSP-BG-015,MED-013,1670,bag,55.0,2026-06-19,2028-01-15,564,385,38.595,43.27,OK,Kanti Central Store,Ambient
2026-06-30,BATCH-001866,HOSP-BG-015,MED-014,791,bag,45.0,2026-06-18,2027-09-18,445,671,67.167,11.78,OK,DoDA Logistics,Ambient
2026-06-30,BATCH-001867,HOSP-BG-015,MED-014,1144,bag,45.0,2026-01-26,2027-11-07,495,671,67.167,17.03,OK,BPKMCH Pharmacy Store,Ambient
2026-06-30,BATCH-001868,HOSP-BG-015,MED-015,478,bag,48.0,2026-06-06,2028-05-20,690,409,40.988,11.66,OK,UNICEF Supply,Ambient
2026-06-30,BATCH-001869,HOSP-BG-015,MED-015,414,bag,48.0,2024-09-24,2026-09-01,63,409,40.988,10.1,NEAR_EXPIRY,Kanti Central Store,Ambient
2026-06-30,BATCH-001870,HOSP-BG-015,MED-015,968,bag,48.0,2026-06-22,2027-05-19,323,409,40.988,23.62,OK,DoDA Logistics,Ambient
2026-06-30,BATCH-001871,HOSP-BG-015,MED-016,229,tablet,15.0,2026-02-11,2027-06-10,345,109,10.988,20.84,OK,UNICEF Supply,Ambient
2026-06-30,BATCH-001872,HOSP-BG-015,MED-016,51,tablet,15.0,2025-09-07,2026-10-09,101,109,10.988,4.64,LOW_STOCK,Kanti Central Store,Ambient
2026-06-30,BATCH-001873,HOSP-BG-015,MED-016,146,tablet,15.0,2026-04-15,2028-02-20,600,109,10.988,13.29,OK,UNICEF Supply,Ambient
2026-06-30,BATCH-001874,HOSP-BG-015,MED-017,212,tablet,1.8,2024-04-27,2026-08-11,42,48,4.81,44.08,NEAR_EXPIRY,Provincial Medical Store,Ambient
2026-06-30,BATCH-001875,HOSP-BG-015,MED-018,124,unit,180.0,2025-10-04,2027-08-14,410,137,13.738,9.03,LOW_STOCK,DoDA Logistics,Ambient
2026-06-30,BATCH-001876,HOSP-BG-015,MED-018,114,unit,180.0,2025-09-15,2027-01-09,193,137,13.738,8.3,LOW_STOCK,Provincial Medical Store,Ambient
2026-06-30,BATCH-001877,HOSP-BG-015,MED-019,288,ampoule,30.0,2026-05-20,2027-04-23,297,180,18.036,15.97,OK,Nepal CMS,Ambient
2026-06-30,BATCH-001878,HOSP-BG-015,MED-019,199,ampoule,30.0,2026-04-21,2027-02-28,243,180,18.036,11.03,OK,Nepal CMS,Ambient
2026-06-30,BATCH-001879,HOSP-BG-015,MED-019,370,ampoule,30.0,2026-02-10,2027-08-13,409,180,18.036,20.51,OK,Private Distributor - Kathmandu,Ambient
2026-06-30,BATCH-001880,HOSP-BG-015,MED-020,200,bottle,55.0,2025-09-01,2027-06-27,362,188,18.857,10.61,OK,BPKMCH Pharmacy Store,Ambient
2026-06-30,BATCH-001881,HOSP-BG-015,MED-020,123,bottle,55.0,2025-01-24,2027-01-07,191,188,18.857,6.52,LOW_STOCK,Nepal CMS,Ambient
2026-06-30,BATCH-001882,HOSP-BG-015,MED-020,129,bottle,55.0,2025-02-28,2026-09-24,86,188,18.857,6.84,LOW_AND_NEAR_EXPIRY,Kanti Central Store,Ambient
2026-06-30,BATCH-001883,HOSP-BG-015,MED-021,985,tablet,1.0,2023-09-23,2026-08-08,39,620,62.071,15.87,NEAR_EXPIRY,Kanti Central Store,Ambient
2026-06-30,BATCH-001884,HOSP-BG-015,MED-021,1317,tablet,1.0,2026-05-29,2029-04-08,1013,620,62.071,21.22,OK,Kanti Central Store,Ambient
2026-06-30,BATCH-001885,HOSP-BG-015,MED-022,797,tablet,2.5,2024-11-09,2027-10-11,468,497,49.762,16.02,OK,Provincial Medical Store,Ambient
2026-06-30,BATCH-001886,HOSP-BG-015,MED-022,381,tablet,2.5,2024-02-19,2026-08-09,40,497,49.762,7.66,LOW_AND_NEAR_EXPIRY,UNICEF Supply,Ambient
2026-06-30,BATCH-001887,HOSP-BG-015,MED-022,680,tablet,2.5,2024-12-28,2027-12-03,521,497,49.762,13.67,OK,DoDA Logistics,Ambient
2026-06-30,BATCH-001888,HOSP-BG-015,MED-023,769,tablet,1.5,2025-03-25,2026-11-25,148,722,72.274,10.64,OK,BPKMCH Pharmacy Store,Ambient
2026-06-30,BATCH-001889,HOSP-BG-015,MED-023,376,tablet,1.5,2024-11-14,2027-03-18,261,722,72.274,5.2,LOW_STOCK,BPKMCH Pharmacy Store,Ambient
2026-06-30,BATCH-001890,HOSP-BG-015,MED-023,1075,tablet,1.5,2026-06-25,2027-12-31,549,722,72.274,14.87,OK,Provincial Medical Store,Ambient
2026-06-30,BATCH-001891,HOSP-BG-015,MED-024,70,vial,450.0,2025-08-01,2026-11-07,130,96,9.679,7.23,LOW_STOCK,UNICEF Supply,Cold_Chain
2026-06-30,BATCH-001892,HOSP-BG-015,MED-024,20,vial,450.0,2026-02-28,2027-01-19,203,96,9.679,2.07,LOW_STOCK,BPKMCH Pharmacy Store,Cold_Chain
2026-06-30,BATCH-001893,HOSP-BG-015,MED-024,49,vial,450.0,2025-10-09,2026-08-10,41,96,9.679,5.06,LOW_AND_NEAR_EXPIRY,Provincial Medical Store,Cold_Chain
2026-06-30,BATCH-001894,HOSP-BG-015,MED-025,680,tablet,3.0,2025-05-25,2026-12-17,170,340,34.048,19.97,OK,UNICEF Supply,Ambient
2026-06-30,BATCH-001895,HOSP-BG-015,MED-026,481,tablet,0.8,2026-05-25,2028-09-06,799,540,54.024,8.9,LOW_STOCK,Provincial Medical Store,Ambient
2026-06-30,BATCH-001896,HOSP-BG-015,MED-026,1187,tablet,0.8,2025-11-05,2028-04-28,668,540,54.024,21.97,OK,Provincial Medical Store,Ambient
2026-06-30,BATCH-001897,HOSP-BG-015,MED-027,713,capsule,2.0,2026-05-17,2029-03-10,984,794,79.405,8.98,LOW_STOCK,BPKMCH Pharmacy Store,Ambient
2026-06-30,BATCH-001898,HOSP-BG-015,MED-027,1134,capsule,2.0,2026-03-27,2028-01-08,557,794,79.405,14.28,OK,UNICEF Supply,Ambient
2026-06-30,BATCH-001899,HOSP-BG-015,MED-028,151,tablet,6.0,2024-12-06,2027-04-23,297,317,31.738,4.76,LOW_STOCK,DoDA Logistics,Ambient
2026-06-30,BATCH-001900,HOSP-BG-015,MED-028,105,tablet,6.0,2025-07-30,2028-01-17,566,317,31.738,3.31,LOW_STOCK,Provincial Medical Store,Ambient
2026-06-30,BATCH-001901,HOSP-BG-015,MED-028,195,tablet,6.0,2025-07-07,2026-09-28,90,317,31.738,6.14,LOW_AND_NEAR_EXPIRY,Private Distributor - Kathmandu,Ambient
2026-06-30,BATCH-001902,HOSP-BG-015,MED-029,515,tablet,1.5,2025-10-09,2028-07-24,755,275,27.595,18.66,OK,Kanti Central Store,Ambient
2026-06-30,BATCH-001903,HOSP-BG-015,MED-030,66,bottle_100ml,85.0,2025-06-15,2027-09-28,455,172,17.262,3.82,LOW_STOCK,Local Pharmacy Wholesaler,Ambient
2026-06-30,BATCH-001904,HOSP-BG-015,MED-030,190,bottle_100ml,85.0,2025-11-10,2027-09-30,457,172,17.262,11.01,OK,Private Distributor - Kathmandu,Ambient
2026-06-30,BATCH-001905,HOSP-BG-015,MED-031,440,pair,25.0,2022-12-21,2027-02-10,225,894,89.476,4.92,LOW_STOCK,Provincial Medical Store,Ambient
2026-06-30,BATCH-001906,HOSP-BG-015,MED-031,402,pair,25.0,2025-12-25,2030-02-09,1320,894,89.476,4.49,LOW_STOCK,Private Distributor - Kathmandu,Ambient
2026-06-30,BATCH-001907,HOSP-BG-015,MED-031,831,pair,25.0,2022-08-25,2026-12-13,166,894,89.476,9.29,LOW_STOCK,Private Distributor - Kathmandu,Ambient
2026-06-30,BATCH-001908,HOSP-BG-015,MED-032,6760,piece,5.0,2026-05-18,2030-05-05,1405,1385,138.548,48.79,OK,BPKMCH Pharmacy Store,Ambient
2026-06-30,BATCH-001909,HOSP-BG-015,MED-033,492,piece,35.0,2026-04-04,2029-11-26,1245,526,52.631,9.35,LOW_STOCK,Provincial Medical Store,Ambient
2026-06-30,BATCH-001910,HOSP-BG-015,MED-033,285,piece,35.0,2026-06-19,2031-01-07,1652,526,52.631,5.42,LOW_STOCK,Nepal CMS,Ambient
2026-06-30,BATCH-001911,HOSP-BG-015,MED-033,699,piece,35.0,2023-12-13,2027-03-21,264,526,52.631,13.28,OK,DoDA Logistics,Ambient
2026-06-30,BATCH-001912,HOSP-BG-015,MED-034,136,vial,25.0,2026-06-02,2028-03-14,623,69,6.917,19.66,OK,Local Pharmacy Wholesaler,Cold_Chain
2026-06-30,BATCH-001913,HOSP-BG-015,MED-034,203,vial,25.0,2025-12-02,2026-09-22,84,69,6.917,29.35,NEAR_EXPIRY,Nepal CMS,Cold_Chain
2026-06-30,BATCH-001914,HOSP-BG-015,MED-035,100,vial,350.0,2026-06-15,2028-04-02,642,46,4.631,21.59,OK,UNICEF Supply,Cold_Chain
2026-06-30,BATCH-001915,HOSP-BG-015,MED-036,953,tablet,0.5,2025-07-24,2026-12-15,168,548,54.869,17.37,OK,Nepal CMS,Ambient
2026-06-30,BATCH-001916,HOSP-BG-015,MED-037,151,tablet,8.0,2025-06-01,2027-01-22,206,102,10.25,14.73,OK,Local Pharmacy Wholesaler,Ambient
2026-06-30,BATCH-001917,HOSP-BG-015,MED-038,129,ampoule,12.0,2026-06-16,2028-05-22,692,141,14.179,9.1,LOW_STOCK,BPKMCH Pharmacy Store,Ambient
2026-06-30,BATCH-001918,HOSP-BG-015,MED-038,117,ampoule,12.0,2025-10-30,2027-07-06,371,141,14.179,8.25,LOW_STOCK,Private Distributor - Kathmandu,Ambient
2026-06-30,BATCH-001919,HOSP-BG-015,MED-038,132,ampoule,12.0,2026-03-28,2027-08-28,424,141,14.179,9.31,LOW_STOCK,UNICEF Supply,Ambient
2026-06-30,BATCH-001920,HOSP-BG-015,MED-039,416,ampoule,10.0,2025-08-10,2028-05-02,672,104,10.405,39.98,OK,Nepal CMS,Ambient
2026-06-30,BATCH-001921,HOSP-BG-015,MED-040,166,ampoule,28.0,2026-03-23,2028-09-06,799,94,9.476,17.52,OK,Local Pharmacy Wholesaler,Ambient
2026-06-30,BATCH-001922,HOSP-BG-015,MED-041,14,vial,180.0,2026-01-28,2027-07-09,374,16,1.619,8.65,LOW_STOCK,Kanti Central Store,Ambient
2026-06-30,BATCH-001923,HOSP-BG-015,MED-041,42,vial,180.0,2026-04-12,2027-03-12,255,16,1.619,25.94,OK,Nepal CMS,Ambient
2026-06-30,BATCH-001924,HOSP-BG-015,MED-042,9,vial,1200.0,2025-04-06,2027-02-04,219,8,0.833,10.8,OK,Private Distributor - Kathmandu,Cold_Chain
2026-06-30,BATCH-001925,HOSP-BG-015,MED-042,10,vial,1200.0,2025-09-23,2026-10-23,115,8,0.833,12.0,OK,Local Pharmacy Wholesaler,Cold_Chain
2026-06-30,BATCH-001926,HOSP-BG-015,MED-042,11,vial,1200.0,2026-02-27,2027-03-29,272,8,0.833,13.2,OK,Local Pharmacy Wholesaler,Cold_Chain
2026-06-30,BATCH-001927,HOSP-BG-015,MED-043,10,vial,3500.0,2026-03-06,2027-04-14,288,6,0.631,15.85,OK,DoDA Logistics,Ambient
2026-06-30,BATCH-001928,HOSP-BG-015,MED-043,5,vial,3500.0,2026-06-30,2027-10-05,462,6,0.631,7.92,LOW_STOCK,Nepal CMS,Ambient
2026-06-30,BATCH-001929,HOSP-BG-015,MED-043,7,vial,3500.0,2026-06-04,2028-02-09,589,6,0.631,11.09,OK,Local Pharmacy Wholesaler,Ambient
2026-06-30,BATCH-001930,HOSP-BG-015,MED-044,5,vial,450.0,2025-06-02,2026-07-28,28,6,0.643,7.78,LOW_AND_NEAR_EXPIRY,Private Distributor - Kathmandu,Ambient
2026-06-30,BATCH-001931,HOSP-BG-015,MED-044,1,vial,450.0,2026-06-02,2028-03-26,635,6,0.643,1.56,LOW_STOCK,Nepal CMS,Ambient
2026-06-30,BATCH-001932,HOSP-BG-015,MED-044,4,vial,450.0,2026-03-05,2027-05-10,314,6,0.643,6.22,LOW_STOCK,Nepal CMS,Ambient
2026-06-30,BATCH-001933,HOSP-BG-015,MED-045,49,tablet,15.0,2026-05-22,2027-06-20,355,36,3.679,13.32,OK,BPKMCH Pharmacy Store,Ambient
2026-06-30,BATCH-001934,HOSP-BG-015,MED-045,20,tablet,15.0,2026-06-23,2027-11-11,499,36,3.679,5.44,LOW_STOCK,BPKMCH Pharmacy Store,Ambient
2026-06-30,BATCH-001935,HOSP-BG-015,MED-045,30,tablet,15.0,2025-08-29,2027-07-30,395,36,3.679,8.16,LOW_STOCK,DoDA Logistics,Ambient
2026-06-30,BATCH-001936,HOSP-BG-015,MED-046,7,prefilled,4500.0,2025-10-26,2026-09-05,67,6,0.655,10.69,NEAR_EXPIRY,UNICEF Supply,Cold_Chain
2026-06-30,BATCH-001937,HOSP-BG-015,MED-046,10,prefilled,4500.0,2025-11-16,2026-10-22,114,6,0.655,15.27,OK,Local Pharmacy Wholesaler,Cold_Chain
2026-06-30,BATCH-001938,HOSP-BG-015,MED-047,340,sachet,6.0,2026-05-19,2028-11-17,871,470,47.06,7.22,LOW_STOCK,Nepal CMS,Ambient
2026-06-30,BATCH-001939,HOSP-BG-015,MED-047,444,sachet,6.0,2026-06-18,2029-01-23,938,470,47.06,9.43,LOW_STOCK,Local Pharmacy Wholesaler,Ambient
2026-06-30,BATCH-001940,HOSP-BG-015,MED-047,375,sachet,6.0,2024-10-05,2027-06-15,350,470,47.06,7.97,LOW_STOCK,Local Pharmacy Wholesaler,Ambient
2026-06-30,BATCH-001941,HOSP-BG-015,MED-048,147,bottle,65.0,2026-05-22,2028-05-18,688,115,11.571,12.7,OK,DoDA Logistics,Ambient
2026-06-30,BATCH-001942,HOSP-BG-015,MED-048,165,bottle,65.0,2025-11-22,2027-03-18,261,115,11.571,14.26,OK,BPKMCH Pharmacy Store,Ambient
2026-06-30,BATCH-001943,HOSP-BG-015,MED-048,187,bottle,65.0,2026-05-17,2028-06-14,715,115,11.571,16.16,OK,UNICEF Supply,Ambient
2026-06-30,BATCH-001944,HOSP-BG-015,MED-049,356,capsule,2.0,2026-06-02,2028-04-15,655,177,17.798,20.0,OK,Nepal CMS,Ambient
2026-06-30,BATCH-001945,HOSP-BG-015,MED-049,103,capsule,2.0,2025-07-05,2027-01-20,204,177,17.798,5.79,LOW_STOCK,Kanti Central Store,Ambient
2026-06-30,BATCH-001946,HOSP-BG-015,MED-049,271,capsule,2.0,2025-11-03,2027-09-02,429,177,17.798,15.23,OK,Provincial Medical Store,Ambient
2026-06-30,BATCH-001947,HOSP-BG-015,MED-050,148,vial,120.0,2026-03-24,2027-05-25,329,94,9.464,15.64,OK,Nepal CMS,Cold_Chain
2026-06-30,BATCH-001948,HOSP-BG-015,MED-051,54,vial,80.0,2025-09-12,2026-10-22,114,89,8.917,6.06,LOW_STOCK,DoDA Logistics,Cold_Chain
2026-06-30,BATCH-001949,HOSP-BG-015,MED-051,84,vial,80.0,2026-05-20,2027-07-21,386,89,8.917,9.42,LOW_STOCK,Nepal CMS,Cold_Chain
2026-06-30,BATCH-001950,HOSP-BG-015,MED-052,542,kit,25.0,2026-06-08,2027-10-04,461,251,25.143,21.56,OK,Provincial Medical Store,Ambient
2026-06-30,BATCH-001951,HOSP-BG-015,MED-053,158,ampoule,35.0,2025-03-27,2026-08-18,49,198,19.893,7.94,LOW_AND_NEAR_EXPIRY,Provincial Medical Store,Cold_Chain
2026-06-30,BATCH-001952,HOSP-BG-015,MED-053,80,ampoule,35.0,2026-06-28,2028-02-12,592,198,19.893,4.02,LOW_STOCK,BPKMCH Pharmacy Store,Cold_Chain
2026-06-30,BATCH-001953,HOSP-BG-015,MED-053,132,ampoule,35.0,2026-06-27,2027-06-27,362,198,19.893,6.64,LOW_STOCK,DoDA Logistics,Cold_Chain
2026-06-30,BATCH-001954,HOSP-BG-015,MED-054,269,tablet,20.0,2026-06-09,2027-12-09,527,127,12.762,21.08,OK,Local Pharmacy Wholesaler,Ambient
2026-06-30,BATCH-001955,HOSP-BG-015,MED-054,119,tablet,20.0,2026-06-11,2027-09-13,440,127,12.762,9.32,LOW_STOCK,DoDA Logistics,Ambient
2026-06-30,BATCH-001956,HOSP-BG-015,MED-054,141,tablet,20.0,2026-01-23,2027-04-10,284,127,12.762,11.05,OK,Local Pharmacy Wholesaler,Ambient
2026-06-30,BATCH-001957,HOSP-BG-015,MED-055,56,ampoule,18.0,2025-05-23,2026-11-23,146,62,6.286,8.91,LOW_STOCK,DoDA Logistics,Ambient
2026-06-30,BATCH-001958,HOSP-BG-015,MED-055,40,ampoule,18.0,2026-06-25,2028-07-12,743,62,6.286,6.36,LOW_STOCK,DoDA Logistics,Ambient
2026-06-30,BATCH-001959,HOSP-BG-015,MED-055,93,ampoule,18.0,2024-11-08,2026-09-10,72,62,6.286,14.8,NEAR_EXPIRY,DoDA Logistics,Ambient
2026-06-30,BATCH-001960,HOSP-BG-015,MED-056,69,ampoule,45.0,2026-03-06,2028-12-15,899,49,4.988,13.83,OK,Local Pharmacy Wholesaler,Ambient
2026-06-30,BATCH-001961,HOSP-BG-015,MED-056,68,ampoule,45.0,2025-03-30,2027-04-28,302,49,4.988,13.63,OK,Kanti Central Store,Ambient
2026-06-30,BATCH-001962,HOSP-BG-015,MED-057,74,bottle,55.0,2025-08-22,2026-10-31,123,49,4.929,15.01,OK,Local Pharmacy Wholesaler,Ambient
2026-06-30,BATCH-001963,HOSP-BG-015,MED-057,139,bottle,55.0,2025-05-04,2027-01-01,185,49,4.929,28.2,OK,DoDA Logistics,Ambient
2026-06-30,BATCH-001964,HOSP-BG-015,MED-058,113,bottle,90.0,2026-06-06,2028-03-26,635,28,2.845,39.72,OK,Kanti Central Store,Ambient
2026-06-30,BATCH-001965,HOSP-BG-015,MED-059,122,bottle,70.0,2025-07-08,2026-09-12,74,27,2.714,44.95,NEAR_EXPIRY,UNICEF Supply,Ambient
2026-06-30,BATCH-001966,HOSP-BG-015,MED-060,51,vial,2500.0,2026-01-25,2027-09-01,428,23,2.333,21.86,OK,Private Distributor - Kathmandu,Cold_Chain
2026-06-30,BATCH-001967,HOSP-BG-015,MED-061,220,ampoule,25.0,2026-05-04,2027-10-16,473,50,5.095,43.18,OK,DoDA Logistics,Ambient
2026-06-30,BATCH-001968,HOSP-BG-015,MED-062,167,ampoule,12.0,2024-10-28,2027-06-28,363,49,4.917,33.97,OK,Kanti Central Store,Ambient
2026-06-30,BATCH-001969,HOSP-BG-015,MED-063,31,vial,850.0,2024-12-18,2026-08-20,51,30,3.0,10.33,NEAR_EXPIRY,DoDA Logistics,Cold_Chain
2026-06-30,BATCH-001970,HOSP-BG-015,MED-063,84,vial,850.0,2025-12-31,2027-06-02,337,30,3.0,28.0,OK,Provincial Medical Store,Cold_Chain
2026-06-30,BATCH-001971,HOSP-BG-015,MED-064,233,roll,80.0,2026-05-31,2030-10-23,1576,197,19.762,11.79,OK,Nepal CMS,Ambient
2026-06-30,BATCH-001972,HOSP-BG-015,MED-064,101,roll,80.0,2024-06-08,2028-09-29,822,197,19.762,5.11,LOW_STOCK,Local Pharmacy Wholesaler,Ambient
2026-06-30,BATCH-001973,HOSP-BG-015,MED-064,111,roll,80.0,2025-12-22,2030-11-20,1604,197,19.762,5.62,LOW_STOCK,Kanti Central Store,Ambient
2026-06-30,BATCH-001974,HOSP-BG-015,MED-065,188,unit,0.0,2026-06-11,2026-07-08,8,58,5.893,31.9,NEAR_EXPIRY,Private Distributor - Kathmandu,Cold_Chain
2026-06-30,BATCH-001975,HOSP-BG-015,MED-066,131,unit,0.0,2026-06-18,2026-07-15,15,47,4.798,27.31,NEAR_EXPIRY,BPKMCH Pharmacy Store,Cold_Chain
2026-06-30,BATCH-001976,HOSP-BG-015,MED-067,602,vial,40.0,2025-04-23,2027-12-04,522,120,12.048,49.97,OK,DoDA Logistics,Ambient
2026-06-30,BATCH-001977,HOSP-BG-015,MED-068,35,vial,180.0,2024-07-21,2026-09-26,88,37,3.762,9.3,LOW_AND_NEAR_EXPIRY,Private Distributor - Kathmandu,Ambient
2026-06-30,BATCH-001978,HOSP-BG-015,MED-068,82,vial,180.0,2024-10-14,2026-10-26,118,37,3.762,21.8,OK,Nepal CMS,Ambient
2026-06-30,BATCH-001979,HOSP-BG-015,MED-069,99,ampoule,95.0,2025-08-22,2028-02-17,597,44,4.44,22.29,OK,BPKMCH Pharmacy Store,Ambient
2026-06-30,BATCH-001980,HOSP-BG-015,MED-069,95,ampoule,95.0,2024-11-14,2027-09-13,440,44,4.44,21.39,OK,BPKMCH Pharmacy Store,Ambient
2026-06-30,BATCH-001981,HOSP-BG-015,MED-070,209,sachet,120.0,2026-04-22,2027-02-13,228,124,12.452,16.78,OK,Nepal CMS,Ambient
2026-06-30,BATCH-001982,HOSP-BG-015,MED-070,201,sachet,120.0,2026-04-22,2027-05-11,315,124,12.452,16.14,OK,BPKMCH Pharmacy Store,Ambient
2026-06-30,BATCH-001983,HOSP-BG-015,MED-071,127,ampoule,150.0,2025-12-15,2027-09-04,431,43,4.357,29.15,OK,UNICEF Supply,Ambient
2026-06-30,BATCH-001984,HOSP-BG-015,MED-072,397,vial,650.0,2026-06-02,2027-08-10,406,78,7.893,50.3,OK,Provincial Medical Store,Ambient
2026-06-30,BATCH-001985,HOSP-BG-016,MED-001,450,tablet,1.5,2024-12-19,2026-12-26,179,459,45.929,9.8,LOW_STOCK,Local Pharmacy Wholesaler,Ambient
2026-06-30,BATCH-001986,HOSP-BG-016,MED-001,638,tablet,1.5,2026-06-07,2028-11-22,876,459,45.929,13.89,OK,Private Distributor - Kathmandu,Ambient
2026-06-30,BATCH-001987,HOSP-BG-016,MED-001,652,tablet,1.5,2026-05-22,2028-08-15,777,459,45.929,14.2,OK,DoDA Logistics,Ambient
2026-06-30,BATCH-001988,HOSP-BG-016,MED-002,100,bottle,45.0,2026-01-17,2027-11-02,490,63,6.31,15.85,OK,Kanti Central Store,Ambient
2026-06-30,BATCH-001989,HOSP-BG-016,MED-003,214,tablet,2.5,2025-11-02,2027-08-18,414,167,16.702,12.81,OK,Local Pharmacy Wholesaler,Ambient
2026-06-30,BATCH-001990,HOSP-BG-016,MED-003,436,tablet,2.5,2026-06-17,2027-10-08,465,167,16.702,26.1,OK,Provincial Medical Store,Ambient
2026-06-30,BATCH-001991,HOSP-BG-016,MED-004,62,ampoule,25.0,2025-04-14,2026-07-22,22,50,5.071,12.23,NEAR_EXPIRY,Private Distributor - Kathmandu,Ambient
2026-06-30,BATCH-001992,HOSP-BG-016,MED-004,154,ampoule,25.0,2025-08-19,2027-02-02,217,50,5.071,30.37,OK,Local Pharmacy Wholesaler,Ambient
2026-06-30,BATCH-001993,HOSP-BG-016,MED-005,945,capsule,6.0,2026-05-25,2028-03-04,613,261,26.179,36.1,OK,Nepal CMS,Ambient
2026-06-30,BATCH-001994,HOSP-BG-016,MED-006,162,tablet,35.0,2026-05-17,2028-05-23,693,89,8.905,18.19,OK,Private Distributor - Kathmandu,Ambient
2026-06-30,BATCH-001995,HOSP-BG-016,MED-007,244,tablet,40.0,2026-06-27,2028-01-15,564,99,9.952,24.52,OK,Private Distributor - Kathmandu,Ambient
2026-06-30,BATCH-001996,HOSP-BG-016,MED-008,415,tablet,8.0,2026-05-18,2029-06-11,1077,109,10.952,37.89,OK,DoDA Logistics,Ambient
2026-06-30,BATCH-001997,HOSP-BG-016,MED-009,146,vial,85.0,2025-09-23,2027-02-06,221,94,9.429,15.48,OK,Kanti Central Store,Ambient
2026-06-30,BATCH-001998,HOSP-BG-016,MED-009,132,vial,85.0,2026-06-02,2028-01-01,550,94,9.429,14.0,OK,BPKMCH Pharmacy Store,Ambient
2026-06-30,BATCH-001999,HOSP-BG-016,MED-010,161,tablet,2.0,2025-09-05,2027-12-07,525,142,14.226,11.32,OK,Kanti Central Store,Ambient
2026-06-30,BATCH-002000,HOSP-BG-016,MED-010,115,tablet,2.0,2025-04-01,2027-08-18,414,142,14.226,8.08,LOW_STOCK,Local Pharmacy Wholesaler,Ambient
2026-06-30,BATCH-002001,HOSP-BG-016,MED-010,335,tablet,2.0,2023-12-23,2026-09-14,76,142,14.226,23.55,NEAR_EXPIRY,Kanti Central Store,Ambient
2026-06-30,BATCH-002002,HOSP-BG-016,MED-011,375,sachet,8.0,2025-04-02,2027-08-11,407,321,32.167,11.66,OK,Provincial Medical Store,Ambient
2026-06-30,BATCH-002003,HOSP-BG-016,MED-011,377,sachet,8.0,2025-04-23,2026-07-22,22,321,32.167,11.72,NEAR_EXPIRY,UNICEF Supply,Ambient
2026-06-30,BATCH-002004,HOSP-BG-016,MED-011,526,sachet,8.0,2024-07-02,2026-07-24,24,321,32.167,16.35,NEAR_EXPIRY,Private Distributor - Kathmandu,Ambient
2026-06-30,BATCH-002005,HOSP-BG-016,MED-012,185,tablet,1.2,2025-01-30,2027-03-26,269,179,17.917,10.33,OK,DoDA Logistics,Ambient
2026-06-30,BATCH-002006,HOSP-BG-016,MED-012,158,tablet,1.2,2025-02-17,2027-04-23,297,179,17.917,8.82,LOW_STOCK,Local Pharmacy Wholesaler,Ambient
2026-06-30,BATCH-002007,HOSP-BG-016,MED-012,271,tablet,1.2,2026-01-08,2027-06-22,357,179,17.917,15.13,OK,Nepal CMS,Ambient
2026-06-30,BATCH-002008,HOSP-BG-016,MED-013,328,bag,55.0,2026-06-15,2028-05-25,695,126,12.679,25.87,OK,DoDA Logistics,Ambient
2026-06-30,BATCH-002009,HOSP-BG-016,MED-014,188,bag,45.0,2025-08-15,2026-12-05,158,168,16.845,11.16,OK,Provincial Medical Store,Ambient
2026-06-30,BATCH-002010,HOSP-BG-016,MED-014,113,bag,45.0,2025-07-29,2027-02-21,236,168,16.845,6.71,LOW_STOCK,Private Distributor - Kathmandu,Ambient
2026-06-30,BATCH-002011,HOSP-BG-016,MED-014,205,bag,45.0,2026-02-16,2027-10-21,478,168,16.845,12.17,OK,Nepal CMS,Ambient
2026-06-30,BATCH-002012,HOSP-BG-016,MED-015,63,bag,48.0,2026-05-30,2028-01-30,579,105,10.583,5.95,LOW_STOCK,Local Pharmacy Wholesaler,Ambient
2026-06-30,BATCH-002013,HOSP-BG-016,MED-015,27,bag,48.0,2026-06-07,2028-02-07,587,105,10.583,2.55,LOW_STOCK,Private Distributor - Kathmandu,Ambient
2026-06-30,BATCH-002014,HOSP-BG-016,MED-015,54,bag,48.0,2026-02-27,2027-04-07,281,105,10.583,5.1,LOW_STOCK,Nepal CMS,Ambient
2026-06-30,BATCH-002015,HOSP-BG-016,MED-016,17,tablet,15.0,2025-02-12,2026-09-26,88,24,2.429,7.0,LOW_AND_NEAR_EXPIRY,DoDA Logistics,Ambient
2026-06-30,BATCH-002016,HOSP-BG-016,MED-016,22,tablet,15.0,2026-06-14,2028-06-10,711,24,2.429,9.06,LOW_STOCK,Private Distributor - Kathmandu,Ambient
2026-06-30,BATCH-002017,HOSP-BG-016,MED-017,9,tablet,1.8,2024-09-07,2026-09-04,66,9,0.952,9.45,LOW_AND_NEAR_EXPIRY,UNICEF Supply,Ambient
2026-06-30,BATCH-002018,HOSP-BG-016,MED-017,8,tablet,1.8,2024-06-28,2027-05-10,314,9,0.952,8.4,LOW_STOCK,UNICEF Supply,Ambient
2026-06-30,BATCH-002019,HOSP-BG-016,MED-018,57,unit,180.0,2025-05-13,2026-10-08,100,32,3.214,17.73,OK,UNICEF Supply,Ambient
2026-06-30,BATCH-002020,HOSP-BG-016,MED-018,104,unit,180.0,2026-05-30,2028-01-16,565,32,3.214,32.36,OK,Provincial Medical Store,Ambient
2026-06-30,BATCH-002021,HOSP-BG-016,MED-019,47,ampoule,30.0,2026-02-03,2026-11-18,141,50,5.071,9.27,LOW_STOCK,BPKMCH Pharmacy Store,Ambient
2026-06-30,BATCH-002022,HOSP-BG-016,MED-019,78,ampoule,30.0,2026-05-13,2027-04-28,302,50,5.071,15.38,OK,Local Pharmacy Wholesaler,Ambient
2026-06-30,BATCH-002023,HOSP-BG-016,MED-020,78,bottle,55.0,2026-06-17,2028-04-29,669,55,5.548,14.06,OK,Kanti Central Store,Ambient
2026-06-30,BATCH-002024,HOSP-BG-016,MED-020,68,bottle,55.0,2026-06-17,2027-12-03,521,55,5.548,12.26,OK,Kanti Central Store,Ambient
2026-06-30,BATCH-002025,HOSP-BG-016,MED-021,163,tablet,1.0,2025-03-14,2026-08-07,38,168,16.869,9.66,LOW_AND_NEAR_EXPIRY,BPKMCH Pharmacy Store,Ambient
2026-06-30,BATCH-002026,HOSP-BG-016,MED-021,449,tablet,1.0,2026-03-09,2028-02-11,591,168,16.869,26.62,OK,UNICEF Supply,Ambient
2026-06-30,BATCH-002027,HOSP-BG-016,MED-022,203,tablet,2.5,2024-12-05,2027-04-18,292,145,14.595,13.91,OK,BPKMCH Pharmacy Store,Ambient
2026-06-30,BATCH-002028,HOSP-BG-016,MED-022,428,tablet,2.5,2025-05-27,2027-10-04,461,145,14.595,29.32,OK,UNICEF Supply,Ambient
2026-06-30,BATCH-002029,HOSP-BG-016,MED-023,82,tablet,1.5,2024-04-06,2026-10-18,110,160,16.024,5.12,LOW_STOCK,UNICEF Supply,Ambient
2026-06-30,BATCH-002030,HOSP-BG-016,MED-023,226,tablet,1.5,2024-11-22,2027-03-31,274,160,16.024,14.1,OK,Provincial Medical Store,Ambient
2026-06-30,BATCH-002031,HOSP-BG-016,MED-024,78,vial,450.0,2026-06-19,2028-01-19,568,26,2.631,29.65,OK,Provincial Medical Store,Cold_Chain
2026-06-30,BATCH-002032,HOSP-BG-016,MED-025,51,tablet,3.0,2024-09-30,2026-07-26,26,78,7.869,6.48,LOW_AND_NEAR_EXPIRY,BPKMCH Pharmacy Store,Ambient
2026-06-30,BATCH-002033,HOSP-BG-016,MED-025,144,tablet,3.0,2025-09-29,2028-06-07,708,78,7.869,18.3,OK,UNICEF Supply,Ambient
2026-06-30,BATCH-002034,HOSP-BG-016,MED-026,148,tablet,0.8,2025-01-25,2026-09-01,63,136,13.667,10.83,NEAR_EXPIRY,BPKMCH Pharmacy Store,Ambient
2026-06-30,BATCH-002035,HOSP-BG-016,MED-026,247,tablet,0.8,2024-10-28,2026-10-02,94,136,13.667,18.07,OK,UNICEF Supply,Ambient
2026-06-30,BATCH-002036,HOSP-BG-016,MED-027,692,capsule,2.0,2024-09-22,2027-09-06,433,222,22.298,31.03,OK,UNICEF Supply,Ambient
2026-06-30,BATCH-002037,HOSP-BG-016,MED-028,52,tablet,6.0,2025-09-09,2028-05-10,680,99,9.905,5.25,LOW_STOCK,Kanti Central Store,Ambient
2026-06-30,BATCH-002038,HOSP-BG-016,MED-028,118,tablet,6.0,2023-12-10,2026-11-17,140,99,9.905,11.91,OK,Nepal CMS,Ambient
2026-06-30,BATCH-002039,HOSP-BG-016,MED-029,93,tablet,1.5,2025-01-03,2026-10-17,109,92,9.286,10.02,OK,Provincial Medical Store,Ambient
2026-06-30,BATCH-002040,HOSP-BG-016,MED-029,254,tablet,1.5,2025-09-25,2026-12-29,182,92,9.286,27.35,OK,Kanti Central Store,Ambient
2026-06-30,BATCH-002041,HOSP-BG-016,MED-030,33,bottle_100ml,85.0,2026-06-08,2028-07-07,738,35,3.548,9.3,LOW_STOCK,UNICEF Supply,Ambient
2026-06-30,BATCH-002042,HOSP-BG-016,MED-030,21,bottle_100ml,85.0,2025-04-15,2027-11-13,501,35,3.548,5.92,LOW_STOCK,BPKMCH Pharmacy Store,Ambient
2026-06-30,BATCH-002043,HOSP-BG-016,MED-030,52,bottle_100ml,85.0,2026-05-25,2029-03-22,996,35,3.548,14.66,OK,UNICEF Supply,Ambient
2026-06-30,BATCH-002044,HOSP-BG-016,MED-031,436,pair,25.0,2025-01-22,2029-06-27,1093,295,29.56,14.75,OK,Nepal CMS,Ambient
2026-06-30,BATCH-002045,HOSP-BG-016,MED-031,443,pair,25.0,2023-10-21,2027-08-10,406,295,29.56,14.99,OK,Kanti Central Store,Ambient
2026-06-30,BATCH-002046,HOSP-BG-016,MED-032,363,piece,5.0,2021-10-05,2026-09-06,68,374,37.405,9.7,LOW_AND_NEAR_EXPIRY,DoDA Logistics,Ambient
2026-06-30,BATCH-002047,HOSP-BG-016,MED-032,587,piece,5.0,2023-12-10,2027-05-13,317,374,37.405,15.69,OK,Nepal CMS,Ambient
2026-06-30,BATCH-002048,HOSP-BG-016,MED-033,554,piece,35.0,2026-06-21,2031-04-22,1757,134,13.488,41.07,OK,BPKMCH Pharmacy Store,Ambient
2026-06-30,BATCH-002049,HOSP-BG-016,MED-034,33,vial,25.0,2026-04-16,2027-10-30,487,20,2.083,15.84,OK,DoDA Logistics,Cold_Chain
2026-06-30,BATCH-002050,HOSP-BG-016,MED-034,34,vial,25.0,2024-09-28,2026-07-19,19,20,2.083,16.32,NEAR_EXPIRY,Private Distributor - Kathmandu,Cold_Chain
2026-06-30,BATCH-002051,HOSP-BG-016,MED-035,24,vial,350.0,2026-05-17,2028-06-01,702,11,1.155,20.78,OK,Provincial Medical Store,Cold_Chain
2026-06-30,BATCH-002052,HOSP-BG-016,MED-035,14,vial,350.0,2026-05-31,2028-04-20,660,11,1.155,12.12,OK,UNICEF Supply,Cold_Chain
2026-06-30,BATCH-002053,HOSP-BG-016,MED-035,14,vial,350.0,2026-04-09,2027-02-25,240,11,1.155,12.12,OK,Nepal CMS,Cold_Chain
2026-06-30,BATCH-002054,HOSP-BG-016,MED-036,203,tablet,0.5,2024-12-05,2026-07-29,29,176,17.655,11.5,NEAR_EXPIRY,Kanti Central Store,Ambient
2026-06-30,BATCH-002055,HOSP-BG-016,MED-036,274,tablet,0.5,2025-06-07,2027-02-19,234,176,17.655,15.52,OK,Private Distributor - Kathmandu,Ambient
2026-06-30,BATCH-002056,HOSP-BG-016,MED-036,270,tablet,0.5,2025-09-14,2026-11-27,150,176,17.655,15.29,OK,Provincial Medical Store,Ambient
2026-06-30,BATCH-002057,HOSP-BG-016,MED-037,29,tablet,8.0,2025-05-22,2027-02-10,225,35,3.595,8.07,LOW_STOCK,DoDA Logistics,Ambient
2026-06-30,BATCH-002058,HOSP-BG-016,MED-037,35,tablet,8.0,2026-06-29,2028-04-08,648,35,3.595,9.74,LOW_STOCK,Nepal CMS,Ambient
2026-06-30,BATCH-002059,HOSP-BG-016,MED-038,74,ampoule,12.0,2026-06-16,2027-07-08,373,36,3.643,20.31,OK,Nepal CMS,Ambient
2026-06-30,BATCH-002060,HOSP-BG-016,MED-039,149,ampoule,10.0,2025-07-27,2027-12-20,538,29,2.952,50.47,OK,Provincial Medical Store,Ambient
2026-06-30,BATCH-002061,HOSP-BG-016,MED-040,35,ampoule,28.0,2024-11-05,2026-10-16,108,28,2.857,12.25,OK,Private Distributor - Kathmandu,Ambient
2026-06-30,BATCH-002062,HOSP-BG-016,MED-040,98,ampoule,28.0,2025-10-20,2027-08-27,423,28,2.857,34.3,OK,DoDA Logistics,Ambient
2026-06-30,BATCH-002063,HOSP-BG-016,MED-041,8,vial,180.0,2026-05-19,2028-03-31,640,3,0.369,21.68,OK,UNICEF Supply,Ambient
2026-06-30,BATCH-002064,HOSP-BG-016,MED-041,4,vial,180.0,2026-05-29,2028-02-15,595,3,0.369,10.84,OK,UNICEF Supply,Ambient
2026-06-30,BATCH-002065,HOSP-BG-016,MED-041,5,vial,180.0,2025-09-11,2027-08-08,404,3,0.369,13.55,OK,Local Pharmacy Wholesaler,Ambient
2026-06-30,BATCH-002066,HOSP-BG-016,MED-042,3,vial,1200.0,2025-04-19,2026-11-08,131,3,0.262,11.45,LOW_STOCK,BPKMCH Pharmacy Store,Cold_Chain
2026-06-30,BATCH-002067,HOSP-BG-016,MED-042,3,vial,1200.0,2024-12-20,2026-12-06,159,3,0.262,11.45,LOW_STOCK,Kanti Central Store,Cold_Chain
2026-06-30,BATCH-002068,HOSP-BG-016,MED-042,3,vial,1200.0,2026-02-16,2027-10-13,470,3,0.262,11.45,LOW_STOCK,Private Distributor - Kathmandu,Cold_Chain
2026-06-30,BATCH-002069,HOSP-BG-016,MED-043,3,vial,3500.0,2024-12-22,2026-11-23,146,3,0.167,18.0,LOW_STOCK,BPKMCH Pharmacy Store,Ambient
2026-06-30,BATCH-002070,HOSP-BG-016,MED-043,5,vial,3500.0,2025-01-15,2026-08-10,41,3,0.167,30.0,NEAR_EXPIRY,Provincial Medical Store,Ambient
2026-06-30,BATCH-002071,HOSP-BG-016,MED-044,3,vial,450.0,2026-03-11,2027-05-05,309,3,0.19,15.75,LOW_STOCK,Provincial Medical Store,Ambient
2026-06-30,BATCH-002072,HOSP-BG-016,MED-045,8,tablet,15.0,2025-08-15,2026-12-15,168,7,0.786,10.18,OK,DoDA Logistics,Ambient
2026-06-30,BATCH-002073,HOSP-BG-016,MED-045,15,tablet,15.0,2026-04-26,2027-12-31,549,7,0.786,19.09,OK,Provincial Medical Store,Ambient
2026-06-30,BATCH-002074,HOSP-BG-016,MED-046,5,prefilled,4500.0,2026-02-08,2027-02-08,223,3,0.119,42.0,OK,Provincial Medical Store,Cold_Chain
2026-06-30,BATCH-002075,HOSP-BG-016,MED-047,543,sachet,6.0,2026-06-24,2029-05-22,1057,154,15.488,35.06,OK,Private Distributor - Kathmandu,Ambient
2026-06-30,BATCH-002076,HOSP-BG-016,MED-048,162,bottle,65.0,2026-06-21,2028-06-13,714,51,5.143,31.5,OK,Provincial Medical Store,Ambient
2026-06-30,BATCH-002077,HOSP-BG-016,MED-049,188,capsule,2.0,2026-03-09,2027-01-13,197,50,5.0,37.6,OK,Private Distributor - Kathmandu,Ambient
2026-06-30,BATCH-002078,HOSP-BG-016,MED-050,114,vial,120.0,2025-05-19,2026-10-27,119,37,3.702,30.79,OK,DoDA Logistics,Cold_Chain
2026-06-30,BATCH-002079,HOSP-BG-016,MED-051,44,vial,80.0,2026-06-24,2027-10-02,459,29,2.905,15.15,OK,Provincial Medical Store,Cold_Chain
2026-06-30,BATCH-002080,HOSP-BG-016,MED-051,30,vial,80.0,2026-03-08,2027-12-18,536,29,2.905,10.33,OK,UNICEF Supply,Cold_Chain
2026-06-30,BATCH-002081,HOSP-BG-016,MED-051,44,vial,80.0,2026-02-21,2027-10-18,475,29,2.905,15.15,OK,Kanti Central Store,Cold_Chain
2026-06-30,BATCH-002082,HOSP-BG-016,MED-052,78,kit,25.0,2026-04-16,2027-03-25,268,72,7.274,10.72,OK,Provincial Medical Store,Ambient
2026-06-30,BATCH-002083,HOSP-BG-016,MED-052,41,kit,25.0,2025-11-04,2027-01-11,195,72,7.274,5.64,LOW_STOCK,BPKMCH Pharmacy Store,Ambient
2026-06-30,BATCH-002084,HOSP-BG-016,MED-052,56,kit,25.0,2025-12-29,2026-11-08,131,72,7.274,7.7,LOW_STOCK,DoDA Logistics,Ambient
2026-06-30,BATCH-002085,HOSP-BG-016,MED-053,95,ampoule,35.0,2026-06-06,2028-04-17,657,46,4.619,20.57,OK,Local Pharmacy Wholesaler,Cold_Chain
2026-06-30,BATCH-002086,HOSP-BG-016,MED-053,45,ampoule,35.0,2026-06-12,2028-05-14,684,46,4.619,9.74,LOW_STOCK,Local Pharmacy Wholesaler,Cold_Chain
2026-06-30,BATCH-002087,HOSP-BG-016,MED-053,40,ampoule,35.0,2025-12-08,2027-06-09,344,46,4.619,8.66,LOW_STOCK,Nepal CMS,Cold_Chain
2026-06-30,BATCH-002088,HOSP-BG-016,MED-054,143,tablet,20.0,2025-05-11,2027-01-01,185,31,3.119,45.85,OK,Private Distributor - Kathmandu,Ambient
2026-06-30,BATCH-002089,HOSP-BG-016,MED-055,20,ampoule,18.0,2024-06-14,2027-03-19,262,15,1.524,13.12,OK,Nepal CMS,Ambient
2026-06-30,BATCH-002090,HOSP-BG-016,MED-055,25,ampoule,18.0,2026-06-12,2028-08-14,776,15,1.524,16.41,OK,BPKMCH Pharmacy Store,Ambient
2026-06-30,BATCH-002091,HOSP-BG-016,MED-055,28,ampoule,18.0,2026-06-22,2028-05-15,685,15,1.524,18.38,OK,Provincial Medical Store,Ambient
2026-06-30,BATCH-002092,HOSP-BG-016,MED-056,34,ampoule,45.0,2026-06-08,2028-12-14,898,13,1.31,25.96,OK,Private Distributor - Kathmandu,Ambient
2026-06-30,BATCH-002093,HOSP-BG-016,MED-056,30,ampoule,45.0,2024-05-04,2026-08-20,51,13,1.31,22.91,NEAR_EXPIRY,Private Distributor - Kathmandu,Ambient
2026-06-30,BATCH-002094,HOSP-BG-016,MED-057,29,bottle,55.0,2025-09-18,2026-11-04,127,11,1.167,24.86,OK,Private Distributor - Kathmandu,Ambient
2026-06-30,BATCH-002095,HOSP-BG-016,MED-057,24,bottle,55.0,2026-05-23,2028-05-13,683,11,1.167,20.57,OK,Provincial Medical Store,Ambient
2026-06-30,BATCH-002096,HOSP-BG-016,MED-058,9,bottle,90.0,2026-03-02,2027-10-07,464,6,0.679,13.26,OK,Local Pharmacy Wholesaler,Ambient
2026-06-30,BATCH-002097,HOSP-BG-016,MED-058,12,bottle,90.0,2026-06-09,2027-09-21,448,6,0.679,17.68,OK,Provincial Medical Store,Ambient
2026-06-30,BATCH-002098,HOSP-BG-016,MED-059,12,bottle,70.0,2025-08-14,2026-07-19,19,5,0.595,20.16,NEAR_EXPIRY,BPKMCH Pharmacy Store,Ambient
2026-06-30,BATCH-002099,HOSP-BG-016,MED-059,6,bottle,70.0,2026-01-23,2027-06-10,345,5,0.595,10.08,OK,Local Pharmacy Wholesaler,Ambient
2026-06-30,BATCH-002100,HOSP-BG-016,MED-059,5,bottle,70.0,2026-05-25,2028-04-25,665,5,0.595,8.4,LOW_STOCK,Local Pharmacy Wholesaler,Ambient
2026-06-30,BATCH-002101,HOSP-BG-016,MED-060,5,vial,2500.0,2026-06-05,2028-01-18,567,6,0.607,8.24,LOW_STOCK,Kanti Central Store,Cold_Chain
2026-06-30,BATCH-002102,HOSP-BG-016,MED-060,6,vial,2500.0,2025-05-08,2027-04-11,285,6,0.607,9.88,LOW_STOCK,Local Pharmacy Wholesaler,Cold_Chain
2026-06-30,BATCH-002103,HOSP-BG-016,MED-060,7,vial,2500.0,2026-05-23,2028-05-10,680,6,0.607,11.53,OK,Local Pharmacy Wholesaler,Cold_Chain
2026-06-30,BATCH-002104,HOSP-BG-016,MED-061,39,ampoule,25.0,2026-05-29,2028-03-26,635,15,1.548,25.2,OK,Private Distributor - Kathmandu,Ambient
2026-06-30,BATCH-002105,HOSP-BG-016,MED-062,38,ampoule,12.0,2026-06-24,2029-04-28,1033,12,1.298,29.28,OK,BPKMCH Pharmacy Store,Ambient
2026-06-30,BATCH-002106,HOSP-BG-016,MED-063,10,vial,850.0,2026-02-14,2027-11-19,507,7,0.786,12.73,OK,Nepal CMS,Cold_Chain
2026-06-30,BATCH-002107,HOSP-BG-016,MED-063,11,vial,850.0,2026-03-11,2028-01-11,560,7,0.786,14.0,OK,Nepal CMS,Cold_Chain
2026-06-30,BATCH-002108,HOSP-BG-016,MED-064,53,roll,80.0,2024-08-15,2026-09-30,92,59,5.964,8.89,LOW_STOCK,DoDA Logistics,Ambient
2026-06-30,BATCH-002109,HOSP-BG-016,MED-064,41,roll,80.0,2026-06-19,2031-05-01,1766,59,5.964,6.87,LOW_STOCK,Provincial Medical Store,Ambient
2026-06-30,BATCH-002110,HOSP-BG-016,MED-064,55,roll,80.0,2023-11-14,2027-01-29,213,59,5.964,9.22,LOW_STOCK,Provincial Medical Store,Ambient
2026-06-30,BATCH-002111,HOSP-BG-016,MED-065,71,unit,0.0,2026-05-23,2026-07-14,14,15,1.536,46.23,NEAR_EXPIRY,Private Distributor - Kathmandu,Cold_Chain
2026-06-30,BATCH-002112,HOSP-BG-016,MED-066,38,unit,0.0,2026-06-29,2026-07-14,14,11,1.119,33.96,NEAR_EXPIRY,Private Distributor - Kathmandu,Cold_Chain
2026-06-30,BATCH-002113,HOSP-BG-016,MED-067,82,vial,40.0,2024-07-05,2026-12-03,156,37,3.786,21.66,OK,Nepal CMS,Ambient
2026-06-30,BATCH-002114,HOSP-BG-016,MED-068,39,vial,180.0,2026-01-02,2027-07-09,374,13,1.321,29.51,OK,Local Pharmacy Wholesaler,Ambient
2026-06-30,BATCH-002115,HOSP-BG-016,MED-069,9,ampoule,95.0,2026-05-28,2029-01-25,940,12,1.202,7.49,LOW_STOCK,UNICEF Supply,Ambient
2026-06-30,BATCH-002116,HOSP-BG-016,MED-069,5,ampoule,95.0,2025-05-21,2027-01-24,208,12,1.202,4.16,LOW_STOCK,Local Pharmacy Wholesaler,Ambient
2026-06-30,BATCH-002117,HOSP-BG-016,MED-069,5,ampoule,95.0,2025-01-25,2027-03-01,244,12,1.202,4.16,LOW_STOCK,UNICEF Supply,Ambient
2026-06-30,BATCH-002118,HOSP-BG-016,MED-070,22,sachet,120.0,2026-06-12,2028-04-04,644,35,3.56,6.18,LOW_STOCK,Nepal CMS,Ambient
2026-06-30,BATCH-002119,HOSP-BG-016,MED-070,19,sachet,120.0,2026-01-19,2027-06-03,338,35,3.56,5.34,LOW_STOCK,BPKMCH Pharmacy Store,Ambient
2026-06-30,BATCH-002120,HOSP-BG-016,MED-070,37,sachet,120.0,2025-01-05,2026-07-10,10,35,3.56,10.39,NEAR_EXPIRY,Private Distributor - Kathmandu,Ambient
2026-06-30,BATCH-002121,HOSP-BG-016,MED-071,10,ampoule,150.0,2025-12-14,2027-11-29,517,7,0.702,14.24,OK,Nepal CMS,Ambient
2026-06-30,BATCH-002122,HOSP-BG-016,MED-071,6,ampoule,150.0,2026-05-18,2028-06-15,716,7,0.702,8.54,LOW_STOCK,Provincial Medical Store,Ambient
2026-06-30,BATCH-002123,HOSP-BG-016,MED-071,6,ampoule,150.0,2026-06-29,2028-06-10,711,7,0.702,8.54,LOW_STOCK,BPKMCH Pharmacy Store,Ambient
2026-06-30,BATCH-002124,HOSP-BG-016,MED-072,27,vial,650.0,2026-05-23,2028-05-13,683,23,2.321,11.63,OK,Nepal CMS,Ambient
2026-06-30,BATCH-002125,HOSP-BG-016,MED-072,26,vial,650.0,2025-11-23,2027-02-07,222,23,2.321,11.2,OK,Kanti Central Store,Ambient
2026-06-30,BATCH-002126,HOSP-BG-017,MED-001,306,tablet,1.5,2024-12-11,2026-09-14,76,74,7.417,41.26,NEAR_EXPIRY,Private Distributor - Kathmandu,Ambient
2026-06-30,BATCH-002127,HOSP-BG-017,MED-002,8,bottle,45.0,2025-02-17,2026-09-05,67,11,1.155,6.93,LOW_AND_NEAR_EXPIRY,Private Distributor - Kathmandu,Ambient
2026-06-30,BATCH-002128,HOSP-BG-017,MED-002,4,bottle,45.0,2026-06-28,2028-03-03,612,11,1.155,3.46,LOW_STOCK,Kanti Central Store,Ambient
2026-06-30,BATCH-002129,HOSP-BG-017,MED-002,5,bottle,45.0,2026-01-17,2027-05-07,311,11,1.155,4.33,LOW_STOCK,DoDA Logistics,Ambient
2026-06-30,BATCH-002130,HOSP-BG-017,MED-003,76,tablet,2.5,2025-12-14,2027-12-30,548,23,2.357,32.24,OK,UNICEF Supply,Ambient
2026-06-30,BATCH-002131,HOSP-BG-017,MED-004,8,ampoule,25.0,2025-02-06,2026-07-22,22,9,0.905,8.84,LOW_AND_NEAR_EXPIRY,Private Distributor - Kathmandu,Ambient
2026-06-30,BATCH-002132,HOSP-BG-017,MED-004,11,ampoule,25.0,2025-01-14,2026-10-09,101,9,0.905,12.16,OK,Local Pharmacy Wholesaler,Ambient
2026-06-30,BATCH-002133,HOSP-BG-017,MED-005,45,capsule,6.0,2025-10-02,2027-09-16,443,33,3.333,13.5,OK,Private Distributor - Kathmandu,Ambient
2026-06-30,BATCH-002134,HOSP-BG-017,MED-005,39,capsule,6.0,2026-06-19,2027-12-11,529,33,3.333,11.7,OK,Kanti Central Store,Ambient
2026-06-30,BATCH-002135,HOSP-BG-017,MED-006,12,tablet,35.0,2024-12-31,2026-07-29,29,18,1.821,6.59,LOW_AND_NEAR_EXPIRY,Private Distributor - Kathmandu,Ambient
2026-06-30,BATCH-002136,HOSP-BG-017,MED-006,24,tablet,35.0,2026-02-22,2027-03-20,263,18,1.821,13.18,OK,Kanti Central Store,Ambient
2026-06-30,BATCH-002137,HOSP-BG-017,MED-007,21,tablet,40.0,2026-06-12,2028-02-26,606,14,1.476,14.23,OK,BPKMCH Pharmacy Store,Ambient
2026-06-30,BATCH-002138,HOSP-BG-017,MED-007,49,tablet,40.0,2025-11-20,2027-01-18,202,14,1.476,33.19,OK,Private Distributor - Kathmandu,Ambient
2026-06-30,BATCH-002139,HOSP-BG-017,MED-008,80,tablet,8.0,2026-02-14,2027-06-04,339,20,2.0,40.0,OK,Local Pharmacy Wholesaler,Ambient
2026-06-30,BATCH-002140,HOSP-BG-017,MED-009,26,vial,85.0,2026-01-26,2027-01-27,211,10,1.012,25.69,OK,Private Distributor - Kathmandu,Ambient
2026-06-30,BATCH-002141,HOSP-BG-017,MED-010,24,tablet,2.0,2026-06-10,2028-05-19,689,20,2.012,11.93,OK,Provincial Medical Store,Ambient
2026-06-30,BATCH-002142,HOSP-BG-017,MED-010,18,tablet,2.0,2026-06-11,2027-12-03,521,20,2.012,8.95,LOW_STOCK,Kanti Central Store,Ambient
2026-06-30,BATCH-002143,HOSP-BG-017,MED-010,40,tablet,2.0,2026-06-05,2028-08-18,780,20,2.012,19.88,OK,Provincial Medical Store,Ambient
2026-06-30,BATCH-002144,HOSP-BG-017,MED-011,44,sachet,8.0,2026-02-07,2028-04-07,647,49,4.94,8.91,LOW_STOCK,DoDA Logistics,Ambient
2026-06-30,BATCH-002145,HOSP-BG-017,MED-011,67,sachet,8.0,2026-02-11,2028-02-25,605,49,4.94,13.56,OK,Provincial Medical Store,Ambient
2026-06-30,BATCH-002146,HOSP-BG-017,MED-012,23,tablet,1.2,2026-06-21,2028-05-31,701,27,2.774,8.29,LOW_STOCK,Local Pharmacy Wholesaler,Ambient
2026-06-30,BATCH-002147,HOSP-BG-017,MED-012,10,tablet,1.2,2026-04-23,2027-11-04,492,27,2.774,3.61,LOW_STOCK,BPKMCH Pharmacy Store,Ambient
2026-06-30,BATCH-002148,HOSP-BG-017,MED-012,23,tablet,1.2,2024-10-22,2026-11-06,129,27,2.774,8.29,LOW_STOCK,Nepal CMS,Ambient
2026-06-30,BATCH-002149,HOSP-BG-017,MED-013,13,bag,55.0,2025-11-10,2027-07-02,367,21,2.119,6.13,LOW_STOCK,Provincial Medical Store,Ambient
2026-06-30,BATCH-002150,HOSP-BG-017,MED-013,23,bag,55.0,2025-10-23,2026-09-30,92,21,2.119,10.85,OK,UNICEF Supply,Ambient
2026-06-30,BATCH-002151,HOSP-BG-017,MED-014,55,bag,45.0,2026-05-20,2027-12-03,521,28,2.857,19.25,OK,UNICEF Supply,Ambient
2026-06-30,BATCH-002152,HOSP-BG-017,MED-014,67,bag,45.0,2026-06-24,2028-05-02,672,28,2.857,23.45,OK,UNICEF Supply,Ambient
2026-06-30,BATCH-002153,HOSP-BG-017,MED-015,23,bag,48.0,2025-12-13,2027-04-30,304,15,1.56,14.75,OK,Private Distributor - Kathmandu,Ambient
2026-06-30,BATCH-002154,HOSP-BG-017,MED-015,11,bag,48.0,2026-05-22,2028-06-04,705,15,1.56,7.05,LOW_STOCK,BPKMCH Pharmacy Store,Ambient
2026-06-30,BATCH-002155,HOSP-BG-017,MED-015,21,bag,48.0,2024-08-02,2026-07-13,13,15,1.56,13.47,NEAR_EXPIRY,BPKMCH Pharmacy Store,Ambient
2026-06-30,BATCH-002156,HOSP-BG-017,MED-016,20,tablet,15.0,2024-11-25,2026-10-27,119,6,0.607,32.94,OK,UNICEF Supply,Ambient
2026-06-30,BATCH-002157,HOSP-BG-017,MED-017,4,tablet,1.8,2026-05-18,2027-11-30,518,3,0.143,28.0,OK,Local Pharmacy Wholesaler,Ambient
2026-06-30,BATCH-002158,HOSP-BG-017,MED-018,8,unit,180.0,2026-03-24,2027-05-14,318,5,0.583,13.71,OK,Kanti Central Store,Ambient
2026-06-30,BATCH-002159,HOSP-BG-017,MED-018,4,unit,180.0,2025-08-13,2027-01-04,188,5,0.583,6.86,LOW_STOCK,Nepal CMS,Ambient
2026-06-30,BATCH-002160,HOSP-BG-017,MED-018,6,unit,180.0,2025-04-30,2027-01-14,198,5,0.583,10.29,OK,Nepal CMS,Ambient
2026-06-30,BATCH-002161,HOSP-BG-017,MED-019,10,ampoule,30.0,2025-03-13,2027-02-02,217,8,0.869,11.51,OK,Local Pharmacy Wholesaler,Ambient
2026-06-30,BATCH-002162,HOSP-BG-017,MED-019,7,ampoule,30.0,2025-09-28,2026-12-16,169,8,0.869,8.05,LOW_STOCK,Kanti Central Store,Ambient
2026-06-30,BATCH-002163,HOSP-BG-017,MED-019,8,ampoule,30.0,2026-06-09,2028-05-31,701,8,0.869,9.21,LOW_STOCK,Private Distributor - Kathmandu,Ambient
2026-06-30,BATCH-002164,HOSP-BG-017,MED-020,34,bottle,55.0,2025-11-23,2027-03-27,270,8,0.881,38.59,OK,Local Pharmacy Wholesaler,Ambient
2026-06-30,BATCH-002165,HOSP-BG-017,MED-021,22,tablet,1.0,2024-09-19,2027-07-18,383,26,2.607,8.44,LOW_STOCK,BPKMCH Pharmacy Store,Ambient
2026-06-30,BATCH-002166,HOSP-BG-017,MED-021,28,tablet,1.0,2026-06-07,2028-09-13,806,26,2.607,10.74,OK,BPKMCH Pharmacy Store,Ambient
2026-06-30,BATCH-002167,HOSP-BG-017,MED-022,24,tablet,2.5,2025-06-29,2027-11-01,489,16,1.607,14.93,OK,DoDA Logistics,Ambient
2026-06-30,BATCH-002168,HOSP-BG-017,MED-022,24,tablet,2.5,2026-02-12,2028-12-04,888,16,1.607,14.93,OK,DoDA Logistics,Ambient
2026-06-30,BATCH-002169,HOSP-BG-017,MED-022,30,tablet,2.5,2025-10-03,2027-05-02,306,16,1.607,18.67,OK,Provincial Medical Store,Ambient
2026-06-30,BATCH-002170,HOSP-BG-017,MED-023,38,tablet,1.5,2025-02-24,2027-12-11,529,29,2.988,12.72,OK,Kanti Central Store,Ambient
2026-06-30,BATCH-002171,HOSP-BG-017,MED-023,14,tablet,1.5,2024-11-10,2026-08-03,34,29,2.988,4.69,LOW_AND_NEAR_EXPIRY,UNICEF Supply,Ambient
2026-06-30,BATCH-002172,HOSP-BG-017,MED-023,33,tablet,1.5,2024-11-17,2027-07-30,395,29,2.988,11.04,OK,Private Distributor - Kathmandu,Ambient
2026-06-30,BATCH-002173,HOSP-BG-017,MED-024,10,vial,450.0,2025-08-06,2026-11-30,153,4,0.417,24.0,OK,Provincial Medical Store,Cold_Chain
2026-06-30,BATCH-002174,HOSP-BG-017,MED-025,31,tablet,3.0,2025-10-21,2028-02-03,583,17,1.714,18.08,OK,Local Pharmacy Wholesaler,Ambient
2026-06-30,BATCH-002175,HOSP-BG-017,MED-026,91,tablet,0.8,2026-05-29,2029-03-18,992,28,2.869,31.72,OK,Kanti Central Store,Ambient
2026-06-30,BATCH-002176,HOSP-BG-017,MED-027,118,capsule,2.0,2024-05-16,2026-07-22,22,27,2.798,42.18,NEAR_EXPIRY,Private Distributor - Kathmandu,Ambient
2026-06-30,BATCH-002177,HOSP-BG-017,MED-028,28,tablet,6.0,2024-02-14,2026-08-05,36,17,1.702,16.45,NEAR_EXPIRY,BPKMCH Pharmacy Store,Ambient
2026-06-30,BATCH-002178,HOSP-BG-017,MED-028,45,tablet,6.0,2026-06-02,2029-02-26,972,17,1.702,26.43,OK,Provincial Medical Store,Ambient
2026-06-30,BATCH-002179,HOSP-BG-017,MED-029,18,tablet,1.5,2025-10-09,2027-11-10,498,9,0.964,18.67,OK,Private Distributor - Kathmandu,Ambient
2026-06-30,BATCH-002180,HOSP-BG-017,MED-029,24,tablet,1.5,2026-06-03,2029-03-01,975,9,0.964,24.89,OK,BPKMCH Pharmacy Store,Ambient
2026-06-30,BATCH-002181,HOSP-BG-017,MED-030,3,bottle_100ml,85.0,2024-02-09,2026-09-17,79,5,0.583,5.14,LOW_AND_NEAR_EXPIRY,Kanti Central Store,Ambient
2026-06-30,BATCH-002182,HOSP-BG-017,MED-030,9,bottle_100ml,85.0,2025-02-07,2027-11-28,516,5,0.583,15.43,OK,BPKMCH Pharmacy Store,Ambient
2026-06-30,BATCH-002183,HOSP-BG-017,MED-031,50,pair,25.0,2026-05-18,2030-03-04,1343,42,4.202,11.9,OK,UNICEF Supply,Ambient
2026-06-30,BATCH-002184,HOSP-BG-017,MED-031,111,pair,25.0,2026-03-23,2029-06-21,1087,42,4.202,26.41,OK,Kanti Central Store,Ambient
2026-06-30,BATCH-002185,HOSP-BG-017,MED-032,111,piece,5.0,2025-05-04,2029-05-30,1065,58,5.845,18.99,OK,UNICEF Supply,Ambient
2026-06-30,BATCH-002186,HOSP-BG-017,MED-032,54,piece,5.0,2026-06-05,2030-10-29,1582,58,5.845,9.24,LOW_STOCK,BPKMCH Pharmacy Store,Ambient
2026-06-30,BATCH-002187,HOSP-BG-017,MED-032,50,piece,5.0,2024-08-14,2028-11-19,873,58,5.845,8.55,LOW_STOCK,Provincial Medical Store,Ambient
2026-06-30,BATCH-002188,HOSP-BG-017,MED-033,14,piece,35.0,2025-11-17,2028-06-29,730,18,1.845,7.59,LOW_STOCK,Local Pharmacy Wholesaler,Ambient
2026-06-30,BATCH-002189,HOSP-BG-017,MED-033,12,piece,35.0,2025-10-11,2028-12-19,903,18,1.845,6.5,LOW_STOCK,Provincial Medical Store,Ambient
2026-06-30,BATCH-002190,HOSP-BG-017,MED-033,27,piece,35.0,2026-06-05,2030-10-23,1576,18,1.845,14.63,OK,Kanti Central Store,Ambient
2026-06-30,BATCH-002191,HOSP-BG-017,MED-034,9,vial,25.0,2026-06-26,2027-10-02,459,5,0.524,17.18,OK,Local Pharmacy Wholesaler,Cold_Chain
2026-06-30,BATCH-002192,HOSP-BG-017,MED-034,5,vial,25.0,2026-05-20,2028-01-17,566,5,0.524,9.55,LOW_STOCK,Provincial Medical Store,Cold_Chain
2026-06-30,BATCH-002193,HOSP-BG-017,MED-034,4,vial,25.0,2026-06-13,2028-01-17,566,5,0.524,7.64,LOW_STOCK,Local Pharmacy Wholesaler,Cold_Chain
2026-06-30,BATCH-002194,HOSP-BG-017,MED-035,4,vial,350.0,2026-06-26,2027-11-16,504,3,0.155,25.85,OK,Nepal CMS,Cold_Chain
2026-06-30,BATCH-002195,HOSP-BG-017,MED-036,133,tablet,0.5,2026-06-17,2028-03-13,622,28,2.833,46.94,OK,DoDA Logistics,Ambient
2026-06-30,BATCH-002196,HOSP-BG-017,MED-037,12,tablet,8.0,2025-06-03,2027-02-15,230,6,0.655,18.33,OK,Provincial Medical Store,Ambient
2026-06-30,BATCH-002197,HOSP-BG-017,MED-037,19,tablet,8.0,2026-01-07,2028-06-28,729,6,0.655,29.02,OK,Provincial Medical Store,Ambient
2026-06-30,BATCH-002198,HOSP-BG-017,MED-038,12,ampoule,12.0,2025-11-12,2027-03-08,251,5,0.548,21.91,OK,Provincial Medical Store,Ambient
2026-06-30,BATCH-002199,HOSP-BG-017,MED-038,15,ampoule,12.0,2026-04-07,2027-05-22,326,5,0.548,27.39,OK,Local Pharmacy Wholesaler,Ambient
2026-06-30,BATCH-002200,HOSP-BG-017,MED-039,3,ampoule,10.0,2026-06-02,2029-06-07,1073,4,0.488,6.15,LOW_STOCK,UNICEF Supply,Ambient
2026-06-30,BATCH-002201,HOSP-BG-017,MED-039,6,ampoule,10.0,2024-08-28,2027-08-04,400,4,0.488,12.29,OK,Provincial Medical Store,Ambient
2026-06-30,BATCH-002202,HOSP-BG-017,MED-040,4,ampoule,28.0,2026-06-01,2028-10-09,832,4,0.405,9.88,LOW_STOCK,Kanti Central Store,Ambient
2026-06-30,BATCH-002203,HOSP-BG-017,MED-040,10,ampoule,28.0,2026-06-24,2029-05-25,1060,4,0.405,24.71,OK,Private Distributor - Kathmandu,Ambient
2026-06-30,BATCH-002204,HOSP-BG-017,MED-041,2,vial,180.0,2026-06-04,2027-11-16,504,3,0.107,18.67,LOW_STOCK,Nepal CMS,Ambient
2026-06-30,BATCH-002210,HOSP-BG-017,MED-044,1,vial,450.0,2025-09-06,2026-08-17,48,3,0.083,12.0,LOW_AND_NEAR_EXPIRY,DoDA Logistics,Ambient
2026-06-30,BATCH-002211,HOSP-BG-017,MED-044,2,vial,450.0,2026-05-10,2027-09-24,451,3,0.083,24.0,LOW_STOCK,UNICEF Supply,Ambient
2026-06-30,BATCH-002212,HOSP-BG-017,MED-045,2,tablet,15.0,2026-05-24,2028-05-17,687,3,0.202,9.88,LOW_STOCK,Kanti Central Store,Ambient
2026-06-30,BATCH-002213,HOSP-BG-017,MED-045,2,tablet,15.0,2025-05-19,2027-03-25,268,3,0.202,9.88,LOW_STOCK,BPKMCH Pharmacy Store,Ambient
2026-06-30,BATCH-002217,HOSP-BG-017,MED-047,89,sachet,6.0,2025-04-01,2026-09-03,65,24,2.44,36.47,NEAR_EXPIRY,BPKMCH Pharmacy Store,Ambient
2026-06-30,BATCH-002218,HOSP-BG-017,MED-048,8,bottle,65.0,2026-06-22,2027-08-17,413,6,0.619,12.92,OK,Provincial Medical Store,Ambient
2026-06-30,BATCH-002219,HOSP-BG-017,MED-048,15,bottle,65.0,2026-04-08,2027-10-25,482,6,0.619,24.23,OK,Private Distributor - Kathmandu,Ambient
2026-06-30,BATCH-002220,HOSP-BG-017,MED-049,15,capsule,2.0,2025-10-12,2027-04-15,289,8,0.881,17.03,OK,Kanti Central Store,Ambient
2026-06-30,BATCH-002221,HOSP-BG-017,MED-049,26,capsule,2.0,2026-05-09,2027-10-24,481,8,0.881,29.51,OK,UNICEF Supply,Ambient
2026-06-30,BATCH-002222,HOSP-BG-017,MED-050,6,vial,120.0,2025-05-30,2026-11-11,134,3,0.369,16.26,OK,Kanti Central Store,Cold_Chain
2026-06-30,BATCH-002223,HOSP-BG-017,MED-051,5,vial,80.0,2026-06-29,2028-05-30,700,3,0.333,15.0,OK,DoDA Logistics,Cold_Chain
2026-06-30,BATCH-002224,HOSP-BG-017,MED-052,20,kit,25.0,2025-11-08,2027-07-21,386,11,1.19,16.8,OK,Kanti Central Store,Ambient
2026-06-30,BATCH-002225,HOSP-BG-017,MED-052,25,kit,25.0,2026-05-22,2028-03-27,636,11,1.19,21.0,OK,Nepal CMS,Ambient
2026-06-30,BATCH-002226,HOSP-BG-017,MED-053,12,ampoule,35.0,2026-02-08,2027-07-08,373,7,0.774,15.51,OK,Provincial Medical Store,Cold_Chain
2026-06-30,BATCH-002227,HOSP-BG-017,MED-053,9,ampoule,35.0,2026-05-31,2027-12-04,522,7,0.774,11.63,OK,Local Pharmacy Wholesaler,Cold_Chain
2026-06-30,BATCH-002228,HOSP-BG-017,MED-053,10,ampoule,35.0,2025-02-22,2026-07-21,21,7,0.774,12.92,NEAR_EXPIRY,DoDA Logistics,Cold_Chain
2026-06-30,BATCH-002229,HOSP-BG-017,MED-054,11,tablet,20.0,2026-01-30,2027-08-14,410,5,0.583,18.86,OK,BPKMCH Pharmacy Store,Ambient
2026-06-30,BATCH-002230,HOSP-BG-017,MED-055,2,ampoule,18.0,2026-03-24,2027-09-11,438,3,0.238,8.4,LOW_STOCK,BPKMCH Pharmacy Store,Ambient
2026-06-30,BATCH-002231,HOSP-BG-017,MED-055,3,ampoule,18.0,2025-03-17,2027-03-27,270,3,0.238,12.6,LOW_STOCK,Local Pharmacy Wholesaler,Ambient
2026-06-30,BATCH-002232,HOSP-BG-017,MED-055,4,ampoule,18.0,2026-06-01,2028-12-10,894,3,0.238,16.8,OK,UNICEF Supply,Ambient
2026-06-30,BATCH-002233,HOSP-BG-017,MED-056,6,ampoule,45.0,2025-02-11,2026-08-09,40,3,0.321,18.67,NEAR_EXPIRY,DoDA Logistics,Ambient
2026-06-30,BATCH-002234,HOSP-BG-017,MED-056,3,ampoule,45.0,2025-08-24,2027-04-20,294,3,0.321,9.33,LOW_STOCK,Private Distributor - Kathmandu,Ambient
2026-06-30,BATCH-002235,HOSP-BG-017,MED-056,3,ampoule,45.0,2026-01-28,2028-01-26,575,3,0.321,9.33,LOW_STOCK,Local Pharmacy Wholesaler,Ambient
2026-06-30,BATCH-002236,HOSP-BG-017,MED-057,4,bottle,55.0,2026-05-24,2028-03-04,613,3,0.202,19.76,OK,Provincial Medical Store,Ambient
2026-06-30,BATCH-002237,HOSP-BG-017,MED-057,1,bottle,55.0,2025-08-05,2027-04-14,288,3,0.202,4.94,LOW_STOCK,Private Distributor - Kathmandu,Ambient
2026-06-30,BATCH-002238,HOSP-BG-017,MED-057,3,bottle,55.0,2026-06-20,2027-04-12,286,3,0.202,14.82,LOW_STOCK,Kanti Central Store,Ambient
2026-06-30,BATCH-002239,HOSP-BG-017,MED-058,6,bottle,90.0,2025-06-17,2026-07-17,17,3,0.143,42.0,NEAR_EXPIRY,Private Distributor - Kathmandu,Ambient
2026-06-30,BATCH-002240,HOSP-BG-017,MED-059,3,bottle,70.0,2026-01-18,2026-12-11,164,3,0.119,25.2,LOW_STOCK,Kanti Central Store,Ambient
2026-06-30,BATCH-002241,HOSP-BG-017,MED-059,3,bottle,70.0,2026-06-14,2028-05-09,679,3,0.119,25.2,LOW_STOCK,BPKMCH Pharmacy Store,Ambient
2026-06-30,BATCH-002242,HOSP-BG-017,MED-060,1,vial,2500.0,2025-02-08,2026-11-10,133,3,0.095,10.5,LOW_STOCK,Kanti Central Store,Cold_Chain
2026-06-30,BATCH-002243,HOSP-BG-017,MED-060,1,vial,2500.0,2026-06-17,2027-04-27,301,3,0.095,10.5,LOW_STOCK,Local Pharmacy Wholesaler,Cold_Chain
2026-06-30,BATCH-002244,HOSP-BG-017,MED-061,7,ampoule,25.0,2025-10-11,2027-09-26,453,3,0.345,20.28,OK,BPKMCH Pharmacy Store,Ambient
2026-06-30,BATCH-002245,HOSP-BG-017,MED-061,7,ampoule,25.0,2025-06-18,2026-12-23,176,3,0.345,20.28,OK,BPKMCH Pharmacy Store,Ambient
2026-06-30,BATCH-002246,HOSP-BG-017,MED-062,1,ampoule,12.0,2024-02-12,2026-11-08,131,3,0.131,7.64,LOW_STOCK,Kanti Central Store,Ambient
2026-06-30,BATCH-002247,HOSP-BG-017,MED-062,1,ampoule,12.0,2024-05-18,2026-07-21,21,3,0.131,7.64,LOW_AND_NEAR_EXPIRY,Nepal CMS,Ambient
2026-06-30,BATCH-002248,HOSP-BG-017,MED-062,2,ampoule,12.0,2025-08-06,2027-10-30,487,3,0.131,15.27,LOW_STOCK,Provincial Medical Store,Ambient
2026-06-30,BATCH-002249,HOSP-BG-017,MED-063,2,vial,850.0,2026-06-15,2027-08-14,410,3,0.167,12.0,LOW_STOCK,DoDA Logistics,Cold_Chain
2026-06-30,BATCH-002250,HOSP-BG-017,MED-063,2,vial,850.0,2025-05-19,2026-09-16,78,3,0.167,12.0,LOW_AND_NEAR_EXPIRY,Provincial Medical Store,Cold_Chain
2026-06-30,BATCH-002251,HOSP-BG-017,MED-063,3,vial,850.0,2026-02-18,2027-02-24,239,3,0.167,18.0,LOW_STOCK,DoDA Logistics,Cold_Chain
2026-06-30,BATCH-002252,HOSP-BG-017,MED-064,15,roll,80.0,2023-08-23,2026-09-23,85,11,1.143,13.12,NEAR_EXPIRY,Provincial Medical Store,Ambient
2026-06-30,BATCH-002253,HOSP-BG-017,MED-064,11,roll,80.0,2026-03-09,2030-10-13,1566,11,1.143,9.62,LOW_STOCK,Provincial Medical Store,Ambient
2026-06-30,BATCH-002254,HOSP-BG-017,MED-064,13,roll,80.0,2025-07-06,2027-09-28,455,11,1.143,11.38,OK,Local Pharmacy Wholesaler,Ambient
2026-06-30,BATCH-002255,HOSP-BG-017,MED-065,2,unit,0.0,2026-06-19,2026-07-05,5,3,0.179,11.2,LOW_AND_NEAR_EXPIRY,BPKMCH Pharmacy Store,Cold_Chain
2026-06-30,BATCH-002256,HOSP-BG-017,MED-065,1,unit,0.0,2026-06-18,2026-07-12,12,3,0.179,5.6,LOW_AND_NEAR_EXPIRY,UNICEF Supply,Cold_Chain
2026-06-30,BATCH-002257,HOSP-BG-017,MED-065,1,unit,0.0,2026-05-21,2026-07-26,26,3,0.179,5.6,LOW_AND_NEAR_EXPIRY,Kanti Central Store,Cold_Chain
2026-06-30,BATCH-002258,HOSP-BG-017,MED-066,1,unit,0.0,2026-05-27,2026-07-22,22,3,0.19,5.25,LOW_AND_NEAR_EXPIRY,Private Distributor - Kathmandu,Cold_Chain
2026-06-30,BATCH-002259,HOSP-BG-017,MED-066,1,unit,0.0,2026-06-30,2026-07-18,18,3,0.19,5.25,LOW_AND_NEAR_EXPIRY,Kanti Central Store,Cold_Chain
2026-06-30,BATCH-002260,HOSP-BG-017,MED-066,1,unit,0.0,2026-06-27,2026-07-25,25,3,0.19,5.25,LOW_AND_NEAR_EXPIRY,Private Distributor - Kathmandu,Cold_Chain
2026-06-30,BATCH-002261,HOSP-BG-017,MED-067,27,vial,40.0,2026-02-18,2028-02-08,588,5,0.548,49.3,OK,UNICEF Supply,Ambient
2026-06-30,BATCH-002262,HOSP-BG-017,MED-068,2,vial,180.0,2025-06-04,2026-08-15,46,3,0.155,12.92,LOW_AND_NEAR_EXPIRY,Private Distributor - Kathmandu,Ambient
2026-06-30,BATCH-002263,HOSP-BG-017,MED-068,2,vial,180.0,2026-06-28,2028-12-25,909,3,0.155,12.92,LOW_STOCK,DoDA Logistics,Ambient
2026-06-30,BATCH-002264,HOSP-BG-017,MED-069,6,ampoule,95.0,2026-06-21,2028-12-23,907,3,0.286,21.0,OK,Private Distributor - Kathmandu,Ambient
2026-06-30,BATCH-002265,HOSP-BG-017,MED-069,2,ampoule,95.0,2026-05-31,2029-03-18,992,3,0.286,7.0,LOW_STOCK,Kanti Central Store,Ambient
2026-06-30,BATCH-002266,HOSP-BG-017,MED-069,5,ampoule,95.0,2023-12-30,2026-09-20,82,3,0.286,17.5,NEAR_EXPIRY,Private Distributor - Kathmandu,Ambient
2026-06-30,BATCH-002267,HOSP-BG-017,MED-070,36,sachet,120.0,2026-06-03,2027-12-21,539,7,0.762,47.25,OK,DoDA Logistics,Ambient
2026-06-30,BATCH-002268,HOSP-BG-017,MED-071,2,ampoule,150.0,2026-03-19,2027-09-06,433,3,0.19,10.5,LOW_STOCK,Private Distributor - Kathmandu,Ambient
2026-06-30,BATCH-002269,HOSP-BG-017,MED-071,3,ampoule,150.0,2025-09-16,2027-06-06,341,3,0.19,15.75,LOW_STOCK,UNICEF Supply,Ambient
2026-06-30,BATCH-002270,HOSP-BG-017,MED-072,4,vial,650.0,2025-12-03,2027-08-07,403,4,0.405,9.88,LOW_STOCK,Provincial Medical Store,Ambient
2026-06-30,BATCH-002271,HOSP-BG-017,MED-072,1,vial,650.0,2026-05-15,2028-01-14,563,4,0.405,2.47,LOW_STOCK,Nepal CMS,Ambient
2026-06-30,BATCH-002272,HOSP-BG-017,MED-072,2,vial,650.0,2025-07-04,2027-02-20,235,4,0.405,4.94,LOW_STOCK,DoDA Logistics,Ambient
2026-06-30,BATCH-002273,HOSP-BG-018,MED-001,87,tablet,1.5,2026-06-24,2029-02-08,954,116,11.607,7.5,LOW_STOCK,Local Pharmacy Wholesaler,Ambient
2026-06-30,BATCH-002274,HOSP-BG-018,MED-001,26,tablet,1.5,2025-11-09,2028-06-10,711,116,11.607,2.24,LOW_STOCK,Private Distributor - Kathmandu,Ambient
2026-06-30,BATCH-002275,HOSP-BG-018,MED-001,73,tablet,1.5,2026-05-23,2028-01-25,574,116,11.607,6.29,LOW_STOCK,Private Distributor - Kathmandu,Ambient
2026-06-30,BATCH-002276,HOSP-BG-018,MED-002,20,bottle,45.0,2025-12-08,2027-01-09,193,22,2.286,8.75,LOW_STOCK,Kanti Central Store,Ambient
2026-06-30,BATCH-002277,HOSP-BG-018,MED-002,22,bottle,45.0,2026-03-11,2027-05-08,312,22,2.286,9.62,LOW_STOCK,Kanti Central Store,Ambient
2026-06-30,BATCH-002278,HOSP-BG-018,MED-003,85,tablet,2.5,2026-05-19,2029-03-13,987,40,4.083,20.82,OK,Private Distributor - Kathmandu,Ambient
2026-06-30,BATCH-002279,HOSP-BG-018,MED-003,54,tablet,2.5,2025-05-26,2026-10-26,118,40,4.083,13.22,OK,UNICEF Supply,Ambient
2026-06-30,BATCH-002280,HOSP-BG-018,MED-003,69,tablet,2.5,2026-05-24,2029-04-04,1009,40,4.083,16.9,OK,Provincial Medical Store,Ambient
2026-06-30,BATCH-002281,HOSP-BG-018,MED-004,44,ampoule,25.0,2026-05-27,2028-06-08,709,11,1.107,39.74,OK,Local Pharmacy Wholesaler,Ambient
2026-06-30,BATCH-002282,HOSP-BG-018,MED-005,87,capsule,6.0,2026-06-16,2027-07-03,368,46,4.679,18.6,OK,Kanti Central Store,Ambient
2026-06-30,BATCH-002283,HOSP-BG-018,MED-005,35,capsule,6.0,2025-11-11,2027-09-02,429,46,4.679,7.48,LOW_STOCK,BPKMCH Pharmacy Store,Ambient
2026-06-30,BATCH-002284,HOSP-BG-018,MED-005,57,capsule,6.0,2026-06-01,2028-05-26,696,46,4.679,12.18,OK,BPKMCH Pharmacy Store,Ambient
2026-06-30,BATCH-002285,HOSP-BG-018,MED-006,18,tablet,35.0,2025-10-22,2027-07-30,395,27,2.762,6.52,LOW_STOCK,Private Distributor - Kathmandu,Ambient
2026-06-30,BATCH-002286,HOSP-BG-018,MED-006,12,tablet,35.0,2026-04-03,2027-09-24,451,27,2.762,4.34,LOW_STOCK,BPKMCH Pharmacy Store,Ambient
2026-06-30,BATCH-002287,HOSP-BG-018,MED-006,13,tablet,35.0,2026-06-24,2027-11-29,517,27,2.762,4.71,LOW_STOCK,BPKMCH Pharmacy Store,Ambient
2026-06-30,BATCH-002288,HOSP-BG-018,MED-007,75,tablet,40.0,2026-05-17,2027-10-14,471,15,1.583,47.37,OK,DoDA Logistics,Ambient
2026-06-30,BATCH-002289,HOSP-BG-018,MED-008,29,tablet,8.0,2024-04-06,2027-01-19,203,23,2.321,12.49,OK,DoDA Logistics,Ambient
2026-06-30,BATCH-002290,HOSP-BG-018,MED-008,61,tablet,8.0,2026-06-18,2028-08-29,791,23,2.321,26.28,OK,DoDA Logistics,Ambient
2026-06-30,BATCH-002291,HOSP-BG-018,MED-009,43,vial,85.0,2025-12-02,2026-12-31,184,19,1.905,22.57,OK,Kanti Central Store,Ambient
2026-06-30,BATCH-002292,HOSP-BG-018,MED-010,156,tablet,2.0,2026-06-21,2029-06-04,1070,33,3.357,46.47,OK,Kanti Central Store,Ambient
2026-06-30,BATCH-002293,HOSP-BG-018,MED-011,113,sachet,8.0,2024-08-15,2027-06-26,361,68,6.845,16.51,OK,DoDA Logistics,Ambient
2026-06-30,BATCH-002294,HOSP-BG-018,MED-012,27,tablet,1.2,2024-03-14,2026-08-23,54,38,3.869,6.98,LOW_AND_NEAR_EXPIRY,UNICEF Supply,Ambient
2026-06-30,BATCH-002295,HOSP-BG-018,MED-012,12,tablet,1.2,2025-06-12,2028-04-01,641,38,3.869,3.1,LOW_STOCK,Kanti Central Store,Ambient
2026-06-30,BATCH-002296,HOSP-BG-018,MED-012,25,tablet,1.2,2026-06-14,2029-03-30,1004,38,3.869,6.46,LOW_STOCK,BPKMCH Pharmacy Store,Ambient
2026-06-30,BATCH-002297,HOSP-BG-018,MED-013,15,bag,55.0,2026-03-13,2027-09-07,434,24,2.488,6.03,LOW_STOCK,Provincial Medical Store,Ambient
2026-06-30,BATCH-002298,HOSP-BG-018,MED-013,6,bag,55.0,2026-02-11,2027-04-22,296,24,2.488,2.41,LOW_STOCK,Nepal CMS,Ambient
2026-06-30,BATCH-002299,HOSP-BG-018,MED-013,17,bag,55.0,2026-06-23,2027-09-20,447,24,2.488,6.83,LOW_STOCK,DoDA Logistics,Ambient
2026-06-30,BATCH-002300,HOSP-BG-018,MED-014,61,bag,45.0,2025-08-03,2027-04-18,292,39,3.988,15.3,OK,Kanti Central Store,Ambient
2026-06-30,BATCH-002301,HOSP-BG-018,MED-014,72,bag,45.0,2026-05-20,2028-02-13,593,39,3.988,18.05,OK,Private Distributor - Kathmandu,Ambient
2026-06-30,BATCH-002302,HOSP-BG-018,MED-015,15,bag,48.0,2026-06-02,2027-07-06,371,17,1.762,8.51,LOW_STOCK,BPKMCH Pharmacy Store,Ambient
2026-06-30,BATCH-002303,HOSP-BG-018,MED-015,19,bag,48.0,2024-12-26,2026-12-10,163,17,1.762,10.78,OK,DoDA Logistics,Ambient
2026-06-30,BATCH-002304,HOSP-BG-018,MED-016,8,tablet,15.0,2026-06-27,2027-09-07,434,7,0.798,10.03,OK,Provincial Medical Store,Ambient
2026-06-30,BATCH-002305,HOSP-BG-018,MED-016,8,tablet,15.0,2026-04-30,2027-11-03,491,7,0.798,10.03,OK,Local Pharmacy Wholesaler,Ambient
2026-06-30,BATCH-002306,HOSP-BG-018,MED-017,2,tablet,1.8,2026-03-11,2028-08-29,791,3,0.214,9.33,LOW_STOCK,Provincial Medical Store,Ambient
2026-06-30,BATCH-002307,HOSP-BG-018,MED-017,4,tablet,1.8,2026-05-02,2028-12-31,915,3,0.214,18.67,OK,DoDA Logistics,Ambient
2026-06-30,BATCH-002308,HOSP-BG-018,MED-018,26,unit,180.0,2026-06-26,2027-11-14,502,8,0.893,29.12,OK,Nepal CMS,Ambient
2026-06-30,BATCH-002309,HOSP-BG-018,MED-019,13,ampoule,30.0,2026-04-02,2027-05-06,310,12,1.202,10.81,OK,Provincial Medical Store,Ambient
2026-06-30,BATCH-002310,HOSP-BG-018,MED-019,18,ampoule,30.0,2026-02-16,2028-01-05,554,12,1.202,14.97,OK,BPKMCH Pharmacy Store,Ambient
2026-06-30,BATCH-002311,HOSP-BG-018,MED-020,24,bottle,55.0,2026-05-24,2027-06-11,346,15,1.5,16.0,OK,Private Distributor - Kathmandu,Ambient
2026-06-30,BATCH-002312,HOSP-BG-018,MED-020,34,bottle,55.0,2025-09-26,2026-08-15,46,15,1.5,22.67,NEAR_EXPIRY,Kanti Central Store,Ambient
2026-06-30,BATCH-002313,HOSP-BG-018,MED-021,19,tablet,1.0,2024-09-01,2027-01-19,203,46,4.69,4.05,LOW_STOCK,Provincial Medical Store,Ambient
2026-06-30,BATCH-002314,HOSP-BG-018,MED-021,45,tablet,1.0,2025-02-22,2027-09-21,448,46,4.69,9.59,LOW_STOCK,Nepal CMS,Ambient
2026-06-30,BATCH-002315,HOSP-BG-018,MED-022,43,tablet,2.5,2025-06-20,2028-04-28,668,30,3.095,13.89,OK,UNICEF Supply,Ambient
2026-06-30,BATCH-002316,HOSP-BG-018,MED-022,105,tablet,2.5,2026-05-17,2028-08-04,766,30,3.095,33.92,OK,BPKMCH Pharmacy Store,Ambient
2026-06-30,BATCH-002317,HOSP-BG-018,MED-023,40,tablet,1.5,2026-06-16,2029-02-15,961,41,4.179,9.57,LOW_STOCK,UNICEF Supply,Ambient
2026-06-30,BATCH-002318,HOSP-BG-018,MED-023,74,tablet,1.5,2024-06-01,2026-11-03,126,41,4.179,17.71,OK,UNICEF Supply,Ambient
2026-06-30,BATCH-002319,HOSP-BG-018,MED-024,15,vial,450.0,2024-12-12,2026-07-16,16,5,0.56,26.81,NEAR_EXPIRY,Nepal CMS,Cold_Chain
2026-06-30,BATCH-002320,HOSP-BG-018,MED-025,47,tablet,3.0,2025-01-29,2027-06-07,342,19,1.988,23.64,OK,Private Distributor - Kathmandu,Ambient
2026-06-30,BATCH-002321,HOSP-BG-018,MED-026,63,tablet,0.8,2024-08-13,2027-01-02,186,30,3.024,20.83,OK,DoDA Logistics,Ambient
2026-06-30,BATCH-002322,HOSP-BG-018,MED-026,81,tablet,0.8,2026-05-18,2028-09-19,812,30,3.024,26.79,OK,Provincial Medical Store,Ambient
2026-06-30,BATCH-002323,HOSP-BG-018,MED-027,95,capsule,2.0,2026-06-26,2027-12-17,535,50,5.048,18.82,OK,UNICEF Supply,Ambient
2026-06-30,BATCH-002324,HOSP-BG-018,MED-027,152,capsule,2.0,2025-12-19,2028-06-08,709,50,5.048,30.11,OK,Provincial Medical Store,Ambient
2026-06-30,BATCH-002325,HOSP-BG-018,MED-028,18,tablet,6.0,2025-05-04,2027-05-23,327,18,1.857,9.69,LOW_STOCK,Private Distributor - Kathmandu,Ambient
2026-06-30,BATCH-002326,HOSP-BG-018,MED-028,36,tablet,6.0,2026-06-06,2028-01-31,580,18,1.857,19.38,OK,Provincial Medical Store,Ambient
2026-06-30,BATCH-002327,HOSP-BG-018,MED-029,27,tablet,1.5,2025-10-14,2027-12-31,549,16,1.619,16.68,OK,Local Pharmacy Wholesaler,Ambient
2026-06-30,BATCH-002328,HOSP-BG-018,MED-029,31,tablet,1.5,2026-06-22,2027-10-31,488,16,1.619,19.15,OK,Local Pharmacy Wholesaler,Ambient
2026-06-30,BATCH-002329,HOSP-BG-018,MED-030,18,bottle_100ml,85.0,2024-06-14,2026-12-11,164,10,1.071,16.8,OK,BPKMCH Pharmacy Store,Ambient
2026-06-30,BATCH-002330,HOSP-BG-018,MED-031,28,pair,25.0,2023-03-16,2027-02-05,220,33,3.381,8.28,LOW_STOCK,Private Distributor - Kathmandu,Ambient
2026-06-30,BATCH-002331,HOSP-BG-018,MED-031,43,pair,25.0,2025-07-16,2028-02-08,588,33,3.381,12.72,OK,Private Distributor - Kathmandu,Ambient
2026-06-30,BATCH-002332,HOSP-BG-018,MED-032,32,piece,5.0,2025-05-04,2027-08-05,401,40,4.012,7.98,LOW_STOCK,DoDA Logistics,Ambient
2026-06-30,BATCH-002333,HOSP-BG-018,MED-032,33,piece,5.0,2025-02-28,2028-04-24,664,40,4.012,8.23,LOW_STOCK,Private Distributor - Kathmandu,Ambient
2026-06-30,BATCH-002334,HOSP-BG-018,MED-033,77,piece,35.0,2026-06-20,2029-09-27,1185,18,1.845,41.73,OK,Private Distributor - Kathmandu,Ambient
2026-06-30,BATCH-002335,HOSP-BG-018,MED-034,16,vial,25.0,2026-05-10,2027-03-07,250,5,0.512,31.26,OK,Nepal CMS,Cold_Chain
2026-06-30,BATCH-002336,HOSP-BG-018,MED-035,3,vial,350.0,2026-06-20,2028-03-28,637,3,0.238,12.6,LOW_STOCK,UNICEF Supply,Cold_Chain
2026-06-30,BATCH-002337,HOSP-BG-018,MED-035,3,vial,350.0,2025-09-03,2026-12-07,160,3,0.238,12.6,LOW_STOCK,Private Distributor - Kathmandu,Cold_Chain
2026-06-30,BATCH-002338,HOSP-BG-018,MED-035,3,vial,350.0,2026-04-06,2027-06-10,345,3,0.238,12.6,LOW_STOCK,UNICEF Supply,Cold_Chain
2026-06-30,BATCH-002339,HOSP-BG-018,MED-037,15,tablet,8.0,2025-02-12,2026-08-31,62,10,1.024,14.65,NEAR_EXPIRY,Private Distributor - Kathmandu,Ambient
2026-06-30,BATCH-002340,HOSP-BG-018,MED-038,32,ampoule,12.0,2025-10-04,2026-09-06,68,9,0.905,35.37,NEAR_EXPIRY,BPKMCH Pharmacy Store,Ambient
2026-06-30,BATCH-002341,HOSP-BG-018,MED-039,7,ampoule,10.0,2026-06-16,2029-02-12,958,5,0.56,12.51,OK,Local Pharmacy Wholesaler,Ambient
2026-06-30,BATCH-002342,HOSP-BG-018,MED-039,13,ampoule,10.0,2026-05-19,2028-11-23,877,5,0.56,23.23,OK,Nepal CMS,Ambient
2026-06-30,BATCH-002343,HOSP-BG-018,MED-040,6,ampoule,28.0,2024-04-02,2026-11-13,136,4,0.452,13.26,OK,Kanti Central Store,Ambient
2026-06-30,BATCH-002344,HOSP-BG-018,MED-040,4,ampoule,28.0,2026-06-12,2028-06-23,724,4,0.452,8.84,LOW_STOCK,UNICEF Supply,Ambient
2026-06-30,BATCH-002345,HOSP-BG-018,MED-040,10,ampoule,28.0,2025-11-21,2028-04-12,652,4,0.452,22.11,OK,BPKMCH Pharmacy Store,Ambient
2026-06-30,BATCH-002346,HOSP-BG-018,MED-041,3,vial,180.0,2025-07-03,2027-05-16,320,3,0.071,42.0,LOW_STOCK,DoDA Logistics,Ambient
2026-06-30,BATCH-002351,HOSP-BG-018,MED-044,1,vial,450.0,2026-05-09,2027-08-24,420,3,0.048,21.0,LOW_STOCK,Provincial Medical Store,Ambient
2026-06-30,BATCH-002352,HOSP-BG-018,MED-047,70,sachet,6.0,2025-06-05,2026-08-28,59,47,4.786,14.63,NEAR_EXPIRY,BPKMCH Pharmacy Store,Ambient
2026-06-30,BATCH-002353,HOSP-BG-018,MED-047,59,sachet,6.0,2024-03-10,2027-01-22,206,47,4.786,12.33,OK,Private Distributor - Kathmandu,Ambient
2026-06-30,BATCH-002354,HOSP-BG-018,MED-047,97,sachet,6.0,2026-05-26,2028-12-03,887,47,4.786,20.27,OK,DoDA Logistics,Ambient
2026-06-30,BATCH-002355,HOSP-BG-018,MED-048,12,bottle,65.0,2026-05-22,2027-11-05,493,15,1.524,7.88,LOW_STOCK,Local Pharmacy Wholesaler,Ambient
2026-06-30,BATCH-002356,HOSP-BG-018,MED-048,5,bottle,65.0,2026-06-14,2027-06-18,353,15,1.524,3.28,LOW_STOCK,Kanti Central Store,Ambient
2026-06-30,BATCH-002357,HOSP-BG-018,MED-048,8,bottle,65.0,2025-06-15,2027-03-01,244,15,1.524,5.25,LOW_STOCK,Kanti Central Store,Ambient
2026-06-30,BATCH-002358,HOSP-BG-018,MED-049,28,capsule,2.0,2025-12-09,2026-11-01,124,15,1.536,18.23,OK,Kanti Central Store,Ambient
2026-06-30,BATCH-002359,HOSP-BG-018,MED-050,8,vial,120.0,2026-06-22,2027-08-23,419,6,0.667,12.0,OK,Kanti Central Store,Cold_Chain
2026-06-30,BATCH-002360,HOSP-BG-018,MED-050,12,vial,120.0,2026-01-26,2027-03-05,248,6,0.667,18.0,OK,DoDA Logistics,Cold_Chain
2026-06-30,BATCH-002361,HOSP-BG-018,MED-051,4,vial,80.0,2025-08-16,2026-10-27,119,4,0.44,9.08,LOW_STOCK,UNICEF Supply,Cold_Chain
2026-06-30,BATCH-002362,HOSP-BG-018,MED-051,6,vial,80.0,2025-07-13,2027-03-21,264,4,0.44,13.62,OK,Kanti Central Store,Cold_Chain
2026-06-30,BATCH-002363,HOSP-BG-018,MED-052,34,kit,25.0,2025-09-09,2026-07-24,24,21,2.131,15.96,NEAR_EXPIRY,DoDA Logistics,Ambient
2026-06-30,BATCH-002364,HOSP-BG-018,MED-052,15,kit,25.0,2025-05-14,2027-01-25,209,21,2.131,7.04,LOW_STOCK,Private Distributor - Kathmandu,Ambient
2026-06-30,BATCH-002365,HOSP-BG-018,MED-052,36,kit,25.0,2026-06-29,2028-04-22,662,21,2.131,16.89,OK,UNICEF Supply,Ambient
2026-06-30,BATCH-002366,HOSP-BG-018,MED-054,2,tablet,20.0,2026-06-10,2027-09-21,448,3,0.131,15.27,LOW_STOCK,Private Distributor - Kathmandu,Ambient
2026-06-30,BATCH-002367,HOSP-BG-018,MED-057,12,bottle,55.0,2026-01-18,2027-02-20,235,10,1.0,12.0,OK,Nepal CMS,Ambient
2026-06-30,BATCH-002368,HOSP-BG-018,MED-057,9,bottle,55.0,2025-12-21,2027-11-18,506,10,1.0,9.0,LOW_STOCK,DoDA Logistics,Ambient
2026-06-30,BATCH-002369,HOSP-BG-018,MED-057,19,bottle,55.0,2024-10-20,2026-08-09,40,10,1.0,19.0,NEAR_EXPIRY,Provincial Medical Store,Ambient
2026-06-30,BATCH-002370,HOSP-BG-018,MED-058,26,bottle,90.0,2025-12-12,2026-11-10,133,8,0.81,32.12,OK,UNICEF Supply,Ambient
2026-06-30,BATCH-002371,HOSP-BG-018,MED-059,20,bottle,70.0,2026-06-05,2028-04-01,641,6,0.679,29.47,OK,Nepal CMS,Ambient
2026-06-30,BATCH-002372,HOSP-BG-018,MED-060,2,vial,2500.0,2025-10-24,2027-01-30,214,3,0.095,21.0,LOW_STOCK,BPKMCH Pharmacy Store,Cold_Chain
2026-06-30,BATCH-002374,HOSP-BG-018,MED-060,1,vial,2500.0,2025-09-24,2027-03-24,267,3,0.095,10.5,LOW_STOCK,DoDA Logistics,Cold_Chain
2026-06-30,BATCH-002375,HOSP-BG-018,MED-061,2,ampoule,25.0,2026-06-23,2027-08-06,402,3,0.155,12.92,LOW_STOCK,Nepal CMS,Ambient
2026-06-30,BATCH-002376,HOSP-BG-018,MED-061,1,ampoule,25.0,2025-04-06,2026-11-10,133,3,0.155,6.46,LOW_STOCK,UNICEF Supply,Ambient
2026-06-30,BATCH-002377,HOSP-BG-018,MED-061,1,ampoule,25.0,2026-01-23,2027-02-22,237,3,0.155,6.46,LOW_STOCK,Provincial Medical Store,Ambient
2026-06-30,BATCH-002378,HOSP-BG-018,MED-062,5,ampoule,12.0,2024-02-27,2027-01-07,191,3,0.167,30.0,OK,Private Distributor - Kathmandu,Ambient
2026-06-30,BATCH-002382,HOSP-BG-018,MED-064,34,roll,80.0,2022-12-06,2026-09-11,73,8,0.881,38.59,NEAR_EXPIRY,DoDA Logistics,Ambient
2026-06-30,BATCH-002383,HOSP-BG-018,MED-065,15,unit,0.0,2026-06-22,2026-07-12,12,4,0.405,37.06,NEAR_EXPIRY,Nepal CMS,Cold_Chain
2026-06-30,BATCH-002384,HOSP-BG-018,MED-066,15,unit,0.0,2026-06-19,2026-07-22,22,3,0.393,38.18,NEAR_EXPIRY,Local Pharmacy Wholesaler,Cold_Chain
2026-06-30,BATCH-002385,HOSP-BG-018,MED-067,16,vial,40.0,2026-05-18,2027-11-14,502,8,0.893,17.92,OK,Nepal CMS,Ambient
2026-06-30,BATCH-002386,HOSP-BG-018,MED-067,25,vial,40.0,2025-11-25,2027-09-28,455,8,0.893,28.0,OK,BPKMCH Pharmacy Store,Ambient
2026-06-30,BATCH-002387,HOSP-BG-018,MED-068,6,vial,180.0,2025-07-18,2028-02-26,606,3,0.333,18.0,OK,Local Pharmacy Wholesaler,Ambient
2026-06-30,BATCH-002388,HOSP-BG-018,MED-068,2,vial,180.0,2024-11-26,2026-10-10,102,3,0.333,6.0,LOW_STOCK,Provincial Medical Store,Ambient
2026-06-30,BATCH-002389,HOSP-BG-018,MED-068,5,vial,180.0,2025-03-13,2027-08-18,414,3,0.333,15.0,OK,Nepal CMS,Ambient
2026-06-30,BATCH-002390,HOSP-BG-018,MED-069,7,ampoule,95.0,2026-05-30,2029-06-09,1075,4,0.429,16.33,OK,DoDA Logistics,Ambient
2026-06-30,BATCH-002391,HOSP-BG-018,MED-069,9,ampoule,95.0,2025-06-16,2027-08-06,402,4,0.429,21.0,OK,UNICEF Supply,Ambient
2026-06-30,BATCH-002392,HOSP-BG-018,MED-070,17,sachet,120.0,2026-02-04,2027-12-05,523,8,0.881,19.3,OK,Provincial Medical Store,Ambient
2026-06-30,BATCH-002393,HOSP-BG-018,MED-070,4,sachet,120.0,2026-06-16,2028-04-19,659,8,0.881,4.54,LOW_STOCK,BPKMCH Pharmacy Store,Ambient
2026-06-30,BATCH-002394,HOSP-BG-018,MED-070,10,sachet,120.0,2026-06-04,2028-04-19,659,8,0.881,11.35,OK,Kanti Central Store,Ambient
2026-06-30,BATCH-002395,HOSP-BG-018,MED-071,5,ampoule,150.0,2024-09-25,2026-07-26,26,3,0.25,20.0,NEAR_EXPIRY,Kanti Central Store,Ambient
2026-06-30,BATCH-002396,HOSP-BG-018,MED-071,7,ampoule,150.0,2026-06-24,2027-12-10,528,3,0.25,28.0,OK,DoDA Logistics,Ambient
2026-06-30,BATCH-002397,HOSP-BG-018,MED-072,7,vial,650.0,2025-12-17,2026-11-17,140,5,0.512,13.67,OK,Nepal CMS,Ambient
2026-06-30,BATCH-002398,HOSP-BG-018,MED-072,2,vial,650.0,2025-07-09,2026-07-13,13,5,0.512,3.91,LOW_AND_NEAR_EXPIRY,UNICEF Supply,Ambient
2026-06-30,BATCH-002399,HOSP-BG-018,MED-072,4,vial,650.0,2024-11-13,2026-09-13,75,5,0.512,7.81,LOW_AND_NEAR_EXPIRY,DoDA Logistics,Ambient
2026-06-30,BATCH-002400,HOSP-BG-019,MED-001,2791,tablet,1.5,2024-08-13,2026-07-16,16,1319,131.929,21.16,NEAR_EXPIRY,Private Distributor - Kathmandu,Ambient
2026-06-30,BATCH-002401,HOSP-BG-019,MED-001,1374,tablet,1.5,2026-06-14,2029-04-06,1011,1319,131.929,10.41,OK,Private Distributor - Kathmandu,Ambient
2026-06-30,BATCH-002402,HOSP-BG-019,MED-001,1272,tablet,1.5,2025-04-10,2027-07-15,380,1319,131.929,9.64,LOW_STOCK,BPKMCH Pharmacy Store,Ambient
2026-06-30,BATCH-002403,HOSP-BG-019,MED-002,265,bottle,45.0,2025-11-27,2027-05-16,320,233,23.381,11.33,OK,UNICEF Supply,Ambient
2026-06-30,BATCH-002404,HOSP-BG-019,MED-002,578,bottle,45.0,2025-09-25,2027-04-08,282,233,23.381,24.72,OK,BPKMCH Pharmacy Store,Ambient
2026-06-30,BATCH-002405,HOSP-BG-019,MED-003,340,tablet,2.5,2025-05-27,2028-01-07,556,559,55.917,6.08,LOW_STOCK,Local Pharmacy Wholesaler,Ambient
2026-06-30,BATCH-002406,HOSP-BG-019,MED-003,118,tablet,2.5,2026-01-22,2028-04-25,665,559,55.917,2.11,LOW_STOCK,Private Distributor - Kathmandu,Ambient
2026-06-30,BATCH-002407,HOSP-BG-019,MED-003,322,tablet,2.5,2024-09-19,2027-02-28,243,559,55.917,5.76,LOW_STOCK,Provincial Medical Store,Ambient
2026-06-30,BATCH-002408,HOSP-BG-019,MED-004,1090,ampoule,25.0,2026-01-27,2027-03-12,255,229,22.929,47.54,OK,Provincial Medical Store,Ambient
2026-06-30,BATCH-002409,HOSP-BG-019,MED-005,1654,capsule,6.0,2025-10-30,2027-06-26,361,890,89.012,18.58,OK,DoDA Logistics,Ambient
2026-06-30,BATCH-002410,HOSP-BG-019,MED-005,1933,capsule,6.0,2025-11-25,2027-01-12,196,890,89.012,21.72,OK,Local Pharmacy Wholesaler,Ambient
2026-06-30,BATCH-002411,HOSP-BG-019,MED-006,2284,tablet,35.0,2025-08-04,2027-06-09,344,449,44.952,50.81,OK,Nepal CMS,Ambient
2026-06-30,BATCH-002412,HOSP-BG-019,MED-007,1343,tablet,40.0,2024-12-10,2026-07-10,10,357,35.726,37.59,NEAR_EXPIRY,UNICEF Supply,Ambient
2026-06-30,BATCH-002413,HOSP-BG-019,MED-008,1012,tablet,8.0,2026-05-30,2029-02-21,967,434,43.464,23.28,OK,BPKMCH Pharmacy Store,Ambient
2026-06-30,BATCH-002414,HOSP-BG-019,MED-008,1124,tablet,8.0,2025-06-25,2027-02-03,218,434,43.464,25.86,OK,Local Pharmacy Wholesaler,Ambient
2026-06-30,BATCH-002415,HOSP-BG-019,MED-009,446,vial,85.0,2026-05-11,2027-07-05,370,357,35.75,12.48,OK,DoDA Logistics,Ambient
2026-06-30,BATCH-002416,HOSP-BG-019,MED-009,374,vial,85.0,2026-02-27,2027-02-02,217,357,35.75,10.46,OK,Nepal CMS,Ambient
2026-06-30,BATCH-002417,HOSP-BG-019,MED-010,989,tablet,2.0,2026-06-02,2029-04-17,1022,427,42.726,23.15,OK,Provincial Medical Store,Ambient
2026-06-30,BATCH-002418,HOSP-BG-019,MED-010,1009,tablet,2.0,2024-03-07,2027-01-05,189,427,42.726,23.62,OK,BPKMCH Pharmacy Store,Ambient
2026-06-30,BATCH-002419,HOSP-BG-019,MED-011,4876,sachet,8.0,2026-05-25,2029-01-05,920,1123,112.393,43.38,OK,Private Distributor - Kathmandu,Ambient
2026-06-30,BATCH-002420,HOSP-BG-019,MED-012,897,tablet,1.2,2024-09-18,2027-03-09,252,518,51.845,17.3,OK,Private Distributor - Kathmandu,Ambient
2026-06-30,BATCH-002421,HOSP-BG-019,MED-012,367,tablet,1.2,2024-03-06,2026-09-27,89,518,51.845,7.08,LOW_AND_NEAR_EXPIRY,Local Pharmacy Wholesaler,Ambient
2026-06-30,BATCH-002422,HOSP-BG-019,MED-012,1075,tablet,1.2,2026-05-22,2028-10-15,838,518,51.845,20.73,OK,Nepal CMS,Ambient
2026-06-30,BATCH-002423,HOSP-BG-019,MED-013,318,bag,55.0,2025-08-11,2026-08-28,59,463,46.345,6.86,LOW_AND_NEAR_EXPIRY,Provincial Medical Store,Ambient
2026-06-30,BATCH-002424,HOSP-BG-019,MED-013,102,bag,55.0,2025-09-14,2027-04-18,292,463,46.345,2.2,LOW_STOCK,Nepal CMS,Ambient
2026-06-30,BATCH-002425,HOSP-BG-019,MED-013,262,bag,55.0,2025-10-02,2027-08-13,409,463,46.345,5.65,LOW_STOCK,DoDA Logistics,Ambient
2026-06-30,BATCH-002426,HOSP-BG-019,MED-014,3246,bag,45.0,2026-05-21,2028-05-06,676,659,65.905,49.25,OK,BPKMCH Pharmacy Store,Ambient
2026-06-30,BATCH-002427,HOSP-BG-019,MED-015,147,bag,48.0,2026-02-25,2027-11-02,490,348,34.881,4.21,LOW_STOCK,UNICEF Supply,Ambient
2026-06-30,BATCH-002428,HOSP-BG-019,MED-015,150,bag,48.0,2026-06-25,2028-03-12,621,348,34.881,4.3,LOW_STOCK,BPKMCH Pharmacy Store,Ambient
2026-06-30,BATCH-002429,HOSP-BG-019,MED-015,222,bag,48.0,2026-05-29,2028-02-20,600,348,34.881,6.36,LOW_STOCK,DoDA Logistics,Ambient
2026-06-30,BATCH-002430,HOSP-BG-019,MED-016,138,tablet,15.0,2026-01-06,2027-06-01,336,104,10.452,13.2,OK,BPKMCH Pharmacy Store,Ambient
2026-06-30,BATCH-002431,HOSP-BG-019,MED-016,284,tablet,15.0,2026-04-19,2027-11-29,517,104,10.452,27.17,OK,Local Pharmacy Wholesaler,Ambient
2026-06-30,BATCH-002432,HOSP-BG-019,MED-017,63,tablet,1.8,2026-03-07,2028-11-09,863,28,2.845,22.14,OK,Nepal CMS,Ambient
2026-06-30,BATCH-002433,HOSP-BG-019,MED-017,29,tablet,1.8,2026-06-06,2028-11-30,884,28,2.845,10.19,OK,Private Distributor - Kathmandu,Ambient
2026-06-30,BATCH-002434,HOSP-BG-019,MED-017,35,tablet,1.8,2026-05-22,2028-09-01,794,28,2.845,12.3,OK,UNICEF Supply,Ambient
2026-06-30,BATCH-002435,HOSP-BG-019,MED-018,381,unit,180.0,2026-06-27,2028-05-17,687,93,9.393,40.56,OK,Kanti Central Store,Ambient
2026-06-30,BATCH-002436,HOSP-BG-019,MED-019,214,ampoule,30.0,2025-08-25,2027-07-07,372,182,18.238,11.73,OK,Private Distributor - Kathmandu,Ambient
2026-06-30,BATCH-002437,HOSP-BG-019,MED-019,334,ampoule,30.0,2026-05-24,2028-03-27,636,182,18.238,18.31,OK,Nepal CMS,Ambient
2026-06-30,BATCH-002438,HOSP-BG-019,MED-020,204,bottle,55.0,2025-08-18,2027-07-22,387,166,16.69,12.22,OK,Kanti Central Store,Ambient
2026-06-30,BATCH-002439,HOSP-BG-019,MED-020,382,bottle,55.0,2026-06-28,2027-06-14,349,166,16.69,22.89,OK,BPKMCH Pharmacy Store,Ambient
2026-06-30,BATCH-002440,HOSP-BG-019,MED-021,1559,tablet,1.0,2024-09-16,2026-08-08,39,522,52.262,29.83,NEAR_EXPIRY,DoDA Logistics,Ambient
2026-06-30,BATCH-002441,HOSP-BG-019,MED-022,141,tablet,2.5,2025-11-17,2028-06-22,723,331,33.119,4.26,LOW_STOCK,Nepal CMS,Ambient
2026-06-30,BATCH-002442,HOSP-BG-019,MED-022,154,tablet,2.5,2026-06-19,2028-12-18,902,331,33.119,4.65,LOW_STOCK,Provincial Medical Store,Ambient
2026-06-30,BATCH-002443,HOSP-BG-019,MED-022,203,tablet,2.5,2024-04-16,2026-10-01,93,331,33.119,6.13,LOW_STOCK,Kanti Central Store,Ambient
2026-06-30,BATCH-002444,HOSP-BG-019,MED-023,322,tablet,1.5,2023-11-16,2026-09-22,84,499,49.929,6.45,LOW_AND_NEAR_EXPIRY,Kanti Central Store,Ambient
2026-06-30,BATCH-002445,HOSP-BG-019,MED-023,165,tablet,1.5,2025-12-24,2027-09-19,446,499,49.929,3.3,LOW_STOCK,Kanti Central Store,Ambient
2026-06-30,BATCH-002446,HOSP-BG-019,MED-023,229,tablet,1.5,2026-05-18,2028-04-14,654,499,49.929,4.59,LOW_STOCK,BPKMCH Pharmacy Store,Ambient
2026-06-30,BATCH-002447,HOSP-BG-019,MED-024,274,vial,450.0,2025-09-12,2027-07-07,372,101,10.119,27.08,OK,Kanti Central Store,Cold_Chain
2026-06-30,BATCH-002448,HOSP-BG-019,MED-024,241,vial,450.0,2026-06-11,2028-01-27,576,101,10.119,23.82,OK,UNICEF Supply,Cold_Chain
2026-06-30,BATCH-002449,HOSP-BG-019,MED-025,274,tablet,3.0,2026-05-08,2028-07-28,759,310,31.083,8.82,LOW_STOCK,DoDA Logistics,Ambient
2026-06-30,BATCH-002450,HOSP-BG-019,MED-025,149,tablet,3.0,2025-01-11,2027-06-10,345,310,31.083,4.79,LOW_STOCK,Provincial Medical Store,Ambient
2026-06-30,BATCH-002451,HOSP-BG-019,MED-025,377,tablet,3.0,2025-12-08,2028-01-02,551,310,31.083,12.13,OK,DoDA Logistics,Ambient
2026-06-30,BATCH-002452,HOSP-BG-019,MED-026,1141,tablet,0.8,2026-06-03,2028-07-10,741,473,47.321,24.11,OK,UNICEF Supply,Ambient
2026-06-30,BATCH-002453,HOSP-BG-019,MED-027,2041,capsule,2.0,2026-06-16,2029-04-27,1032,615,61.583,33.14,OK,DoDA Logistics,Ambient
2026-06-30,BATCH-002454,HOSP-BG-019,MED-028,120,tablet,6.0,2025-10-13,2027-12-12,530,290,29.071,4.13,LOW_STOCK,Nepal CMS,Ambient
2026-06-30,BATCH-002455,HOSP-BG-019,MED-028,324,tablet,6.0,2025-01-24,2027-11-30,518,290,29.071,11.14,OK,DoDA Logistics,Ambient
2026-06-30,BATCH-002456,HOSP-BG-019,MED-029,239,tablet,1.5,2026-06-23,2028-11-10,864,163,16.333,14.63,OK,Private Distributor - Kathmandu,Ambient
2026-06-30,BATCH-002457,HOSP-BG-019,MED-029,553,tablet,1.5,2026-06-08,2028-06-02,703,163,16.333,33.86,OK,DoDA Logistics,Ambient
2026-06-30,BATCH-002458,HOSP-BG-019,MED-030,227,bottle_100ml,85.0,2025-12-30,2028-02-14,594,153,15.369,14.77,OK,Local Pharmacy Wholesaler,Ambient
2026-06-30,BATCH-002459,HOSP-BG-019,MED-030,452,bottle_100ml,85.0,2025-01-24,2026-08-30,61,153,15.369,29.41,NEAR_EXPIRY,UNICEF Supply,Ambient
2026-06-30,BATCH-002460,HOSP-BG-019,MED-031,4846,pair,25.0,2023-02-05,2026-12-26,179,1121,112.107,43.23,OK,Kanti Central Store,Ambient
2026-06-30,BATCH-002461,HOSP-BG-019,MED-032,5515,piece,5.0,2026-05-03,2031-01-13,1658,1149,114.929,47.99,OK,Private Distributor - Kathmandu,Ambient
2026-06-30,BATCH-002462,HOSP-BG-019,MED-033,1763,piece,35.0,2024-02-06,2026-10-23,115,434,43.417,40.61,OK,Provincial Medical Store,Ambient
2026-06-30,BATCH-002463,HOSP-BG-019,MED-034,48,vial,25.0,2026-03-28,2027-06-21,356,65,6.524,7.36,LOW_STOCK,Private Distributor - Kathmandu,Cold_Chain
2026-06-30,BATCH-002464,HOSP-BG-019,MED-034,51,vial,25.0,2025-12-11,2027-05-04,308,65,6.524,7.82,LOW_STOCK,BPKMCH Pharmacy Store,Cold_Chain
2026-06-30,BATCH-002465,HOSP-BG-019,MED-035,41,vial,350.0,2025-04-06,2027-01-03,187,30,3.095,13.25,OK,Provincial Medical Store,Cold_Chain
2026-06-30,BATCH-002466,HOSP-BG-019,MED-035,102,vial,350.0,2026-05-24,2028-05-27,697,30,3.095,32.95,OK,Private Distributor - Kathmandu,Cold_Chain
2026-06-30,BATCH-002467,HOSP-BG-019,MED-036,1360,tablet,0.5,2026-06-15,2028-06-02,703,509,50.964,26.69,OK,Nepal CMS,Ambient
2026-06-30,BATCH-002468,HOSP-BG-019,MED-036,1137,tablet,0.5,2026-05-27,2027-03-19,262,509,50.964,22.31,OK,Nepal CMS,Ambient
2026-06-30,BATCH-002469,HOSP-BG-019,MED-037,79,tablet,8.0,2024-07-12,2027-06-21,356,102,10.214,7.73,LOW_STOCK,Provincial Medical Store,Ambient
2026-06-30,BATCH-002470,HOSP-BG-019,MED-037,139,tablet,8.0,2024-04-23,2026-10-26,118,102,10.214,13.61,OK,Nepal CMS,Ambient
2026-06-30,BATCH-002471,HOSP-BG-019,MED-038,758,ampoule,12.0,2026-06-28,2027-09-20,447,154,15.452,49.05,OK,Kanti Central Store,Ambient
2026-06-30,BATCH-002472,HOSP-BG-019,MED-039,122,ampoule,10.0,2025-08-19,2028-01-12,561,128,12.845,9.5,LOW_STOCK,Local Pharmacy Wholesaler,Ambient
2026-06-30,BATCH-002473,HOSP-BG-019,MED-039,43,ampoule,10.0,2024-07-05,2027-05-12,316,128,12.845,3.35,LOW_STOCK,DoDA Logistics,Ambient
2026-06-30,BATCH-002474,HOSP-BG-019,MED-039,75,ampoule,10.0,2025-10-30,2028-01-04,553,128,12.845,5.84,LOW_STOCK,BPKMCH Pharmacy Store,Ambient
2026-06-30,BATCH-002475,HOSP-BG-019,MED-040,202,ampoule,28.0,2024-12-07,2026-09-08,70,96,9.643,20.95,NEAR_EXPIRY,Local Pharmacy Wholesaler,Ambient
2026-06-30,BATCH-002476,HOSP-BG-019,MED-041,18,vial,180.0,2025-10-27,2027-09-16,443,10,1.0,18.0,OK,UNICEF Supply,Ambient
2026-06-30,BATCH-002477,HOSP-BG-019,MED-042,10,vial,1200.0,2025-07-28,2026-09-03,65,8,0.869,11.51,NEAR_EXPIRY,Private Distributor - Kathmandu,Cold_Chain
2026-06-30,BATCH-002478,HOSP-BG-019,MED-042,21,vial,1200.0,2026-06-03,2027-06-27,362,8,0.869,24.16,OK,Provincial Medical Store,Cold_Chain
2026-06-30,BATCH-002479,HOSP-BG-019,MED-043,8,vial,3500.0,2025-03-12,2026-11-26,149,7,0.714,11.2,OK,Provincial Medical Store,Ambient
2026-06-30,BATCH-002480,HOSP-BG-019,MED-043,21,vial,3500.0,2024-10-28,2026-09-06,68,7,0.714,29.4,NEAR_EXPIRY,Local Pharmacy Wholesaler,Ambient
2026-06-30,BATCH-002481,HOSP-BG-019,MED-044,17,vial,450.0,2026-06-26,2028-02-12,592,7,0.714,23.8,OK,Kanti Central Store,Ambient
2026-06-30,BATCH-002482,HOSP-BG-019,MED-044,19,vial,450.0,2025-04-15,2026-11-08,131,7,0.714,26.6,OK,Private Distributor - Kathmandu,Ambient
2026-06-30,BATCH-002483,HOSP-BG-019,MED-045,12,tablet,15.0,2026-02-27,2028-01-10,559,30,3.0,4.0,LOW_STOCK,Kanti Central Store,Ambient
2026-06-30,BATCH-002484,HOSP-BG-019,MED-045,35,tablet,15.0,2026-01-27,2027-05-31,335,30,3.0,11.67,OK,Kanti Central Store,Ambient
2026-06-30,BATCH-002485,HOSP-BG-019,MED-046,13,prefilled,4500.0,2026-05-29,2027-09-15,442,4,0.488,26.63,OK,Provincial Medical Store,Cold_Chain
2026-06-30,BATCH-002486,HOSP-BG-019,MED-047,353,sachet,6.0,2026-06-18,2029-03-21,995,412,41.238,8.56,LOW_STOCK,BPKMCH Pharmacy Store,Ambient
2026-06-30,BATCH-002487,HOSP-BG-019,MED-047,171,sachet,6.0,2024-04-13,2026-10-11,103,412,41.238,4.15,LOW_STOCK,BPKMCH Pharmacy Store,Ambient
2026-06-30,BATCH-002488,HOSP-BG-019,MED-047,310,sachet,6.0,2024-05-22,2026-09-17,79,412,41.238,7.52,LOW_AND_NEAR_EXPIRY,Nepal CMS,Ambient
2026-06-30,BATCH-002489,HOSP-BG-019,MED-048,497,bottle,65.0,2026-06-05,2027-11-18,506,139,13.917,35.71,OK,DoDA Logistics,Ambient
2026-06-30,BATCH-002490,HOSP-BG-019,MED-049,253,capsule,2.0,2025-08-05,2026-08-14,45,155,15.583,16.24,NEAR_EXPIRY,Provincial Medical Store,Ambient
2026-06-30,BATCH-002491,HOSP-BG-019,MED-049,187,capsule,2.0,2025-12-30,2027-10-18,475,155,15.583,12.0,OK,DoDA Logistics,Ambient
2026-06-30,BATCH-002492,HOSP-BG-019,MED-049,214,capsule,2.0,2025-02-06,2026-11-13,136,155,15.583,13.73,OK,UNICEF Supply,Ambient
2026-06-30,BATCH-002493,HOSP-BG-019,MED-050,137,vial,120.0,2026-05-28,2027-09-26,453,108,10.893,12.58,OK,DoDA Logistics,Cold_Chain
2026-06-30,BATCH-002494,HOSP-BG-019,MED-050,138,vial,120.0,2025-09-07,2026-09-26,88,108,10.893,12.67,NEAR_EXPIRY,Provincial Medical Store,Cold_Chain
2026-06-30,BATCH-002495,HOSP-BG-019,MED-050,130,vial,120.0,2025-12-10,2026-12-10,163,108,10.893,11.93,OK,DoDA Logistics,Cold_Chain
2026-06-30,BATCH-002496,HOSP-BG-019,MED-051,228,vial,80.0,2026-02-27,2027-03-23,266,109,10.988,20.75,OK,Local Pharmacy Wholesaler,Cold_Chain
2026-06-30,BATCH-002497,HOSP-BG-019,MED-052,583,kit,25.0,2026-06-26,2027-08-15,411,226,22.619,25.77,OK,Local Pharmacy Wholesaler,Ambient
2026-06-30,BATCH-002498,HOSP-BG-019,MED-053,292,ampoule,35.0,2025-09-26,2027-06-13,348,161,16.119,18.12,OK,Provincial Medical Store,Cold_Chain
2026-06-30,BATCH-002499,HOSP-BG-019,MED-054,80,tablet,20.0,2026-03-29,2027-10-05,462,87,8.798,9.09,LOW_STOCK,Local Pharmacy Wholesaler,Ambient
2026-06-30,BATCH-002500,HOSP-BG-019,MED-054,132,tablet,20.0,2026-05-28,2027-12-08,526,87,8.798,15.0,OK,Nepal CMS,Ambient
2026-06-30,BATCH-002501,HOSP-BG-019,MED-055,364,ampoule,18.0,2025-10-21,2027-08-25,421,72,7.298,49.88,OK,Local Pharmacy Wholesaler,Ambient
2026-06-30,BATCH-002502,HOSP-BG-019,MED-056,225,ampoule,45.0,2024-12-16,2026-08-25,56,46,4.607,48.84,NEAR_EXPIRY,Nepal CMS,Ambient
2026-06-30,BATCH-002503,HOSP-BG-019,MED-057,185,bottle,55.0,2026-02-15,2028-01-11,560,40,4.0,46.25,OK,BPKMCH Pharmacy Store,Ambient
2026-06-30,BATCH-002504,HOSP-BG-019,MED-058,53,bottle,90.0,2025-12-04,2027-08-22,418,30,3.012,17.6,OK,Local Pharmacy Wholesaler,Ambient
2026-06-30,BATCH-002505,HOSP-BG-019,MED-058,96,bottle,90.0,2025-07-04,2027-01-29,213,30,3.012,31.87,OK,Local Pharmacy Wholesaler,Ambient
2026-06-30,BATCH-002506,HOSP-BG-019,MED-059,45,bottle,70.0,2025-08-14,2027-01-12,196,22,2.274,19.79,OK,Private Distributor - Kathmandu,Ambient
2026-06-30,BATCH-002507,HOSP-BG-019,MED-059,23,bottle,70.0,2026-05-03,2027-05-27,331,22,2.274,10.12,OK,Private Distributor - Kathmandu,Ambient
2026-06-30,BATCH-002508,HOSP-BG-019,MED-059,29,bottle,70.0,2025-08-05,2026-12-12,165,22,2.274,12.75,OK,Kanti Central Store,Ambient
2026-06-30,BATCH-002509,HOSP-BG-019,MED-060,15,vial,2500.0,2026-05-30,2028-01-10,559,22,2.298,6.53,LOW_STOCK,DoDA Logistics,Cold_Chain
2026-06-30,BATCH-002510,HOSP-BG-019,MED-060,13,vial,2500.0,2025-10-02,2027-03-05,248,22,2.298,5.66,LOW_STOCK,Nepal CMS,Cold_Chain
2026-06-30,BATCH-002511,HOSP-BG-019,MED-060,17,vial,2500.0,2026-06-03,2028-06-13,714,22,2.298,7.4,LOW_STOCK,Nepal CMS,Cold_Chain
2026-06-30,BATCH-002512,HOSP-BG-019,MED-061,264,ampoule,25.0,2025-05-11,2027-04-07,281,64,6.476,40.76,OK,UNICEF Supply,Ambient
2026-06-30,BATCH-002513,HOSP-BG-019,MED-062,61,ampoule,12.0,2025-04-08,2027-03-25,268,40,4.012,15.2,OK,UNICEF Supply,Ambient
2026-06-30,BATCH-002514,HOSP-BG-019,MED-062,65,ampoule,12.0,2024-06-07,2027-03-25,268,40,4.012,16.2,OK,Nepal CMS,Ambient
2026-06-30,BATCH-002515,HOSP-BG-019,MED-063,62,vial,850.0,2025-02-12,2026-08-03,34,22,2.298,26.98,NEAR_EXPIRY,DoDA Logistics,Cold_Chain
2026-06-30,BATCH-002516,HOSP-BG-019,MED-064,121,roll,80.0,2026-03-13,2028-12-10,894,227,22.714,5.33,LOW_STOCK,Private Distributor - Kathmandu,Ambient
2026-06-30,BATCH-002517,HOSP-BG-019,MED-064,65,roll,80.0,2024-05-23,2027-12-24,542,227,22.714,2.86,LOW_STOCK,UNICEF Supply,Ambient
2026-06-30,BATCH-002518,HOSP-BG-019,MED-064,179,roll,80.0,2025-03-12,2029-12-26,1275,227,22.714,7.88,LOW_STOCK,BPKMCH Pharmacy Store,Ambient
2026-06-30,BATCH-002519,HOSP-BG-019,MED-065,192,unit,0.0,2026-06-14,2026-07-10,10,48,4.857,39.53,NEAR_EXPIRY,Local Pharmacy Wholesaler,Cold_Chain
2026-06-30,BATCH-002520,HOSP-BG-019,MED-066,106,unit,0.0,2026-06-07,2026-07-04,4,23,2.393,44.3,NEAR_EXPIRY,Provincial Medical Store,Cold_Chain
2026-06-30,BATCH-002521,HOSP-BG-019,MED-067,94,vial,40.0,2025-09-25,2028-01-07,556,126,12.679,7.41,LOW_STOCK,Nepal CMS,Ambient
2026-06-30,BATCH-002522,HOSP-BG-019,MED-067,70,vial,40.0,2025-01-30,2027-01-19,203,126,12.679,5.52,LOW_STOCK,UNICEF Supply,Ambient
2026-06-30,BATCH-002523,HOSP-BG-019,MED-067,69,vial,40.0,2026-06-28,2029-02-16,962,126,12.679,5.44,LOW_STOCK,Nepal CMS,Ambient
2026-06-30,BATCH-002524,HOSP-BG-019,MED-068,27,vial,180.0,2025-04-05,2027-02-08,223,51,5.143,5.25,LOW_STOCK,DoDA Logistics,Ambient
2026-06-30,BATCH-002525,HOSP-BG-019,MED-068,45,vial,180.0,2024-05-09,2026-08-12,43,51,5.143,8.75,LOW_AND_NEAR_EXPIRY,UNICEF Supply,Ambient
2026-06-30,BATCH-002526,HOSP-BG-019,MED-069,37,ampoule,95.0,2024-10-24,2026-08-17,48,60,6.012,6.15,LOW_AND_NEAR_EXPIRY,Nepal CMS,Ambient
2026-06-30,BATCH-002527,HOSP-BG-019,MED-069,51,ampoule,95.0,2026-06-18,2029-01-12,927,60,6.012,8.48,LOW_STOCK,DoDA Logistics,Ambient
2026-06-30,BATCH-002528,HOSP-BG-019,MED-069,49,ampoule,95.0,2026-06-06,2029-03-17,991,60,6.012,8.15,LOW_STOCK,Kanti Central Store,Ambient
2026-06-30,BATCH-002529,HOSP-BG-019,MED-070,181,sachet,120.0,2025-10-23,2027-03-11,254,127,12.798,14.14,OK,Provincial Medical Store,Ambient
2026-06-30,BATCH-002530,HOSP-BG-019,MED-070,229,sachet,120.0,2025-07-10,2027-04-18,292,127,12.798,17.89,OK,UNICEF Supply,Ambient
2026-06-30,BATCH-002531,HOSP-BG-019,MED-071,211,ampoule,150.0,2026-03-29,2027-01-22,206,45,4.583,46.04,OK,BPKMCH Pharmacy Store,Ambient
2026-06-30,BATCH-002532,HOSP-BG-019,MED-072,151,vial,650.0,2025-12-21,2026-11-19,142,95,9.524,15.86,OK,DoDA Logistics,Ambient
2026-06-30,BATCH-002533,HOSP-BG-019,MED-072,232,vial,650.0,2026-05-14,2028-02-09,589,95,9.524,24.36,OK,BPKMCH Pharmacy Store,Ambient
2026-06-30,BATCH-002534,HOSP-KP-001,MED-001,4624,tablet,1.5,2026-06-16,2029-04-06,1011,4335,433.571,10.66,OK,Local Pharmacy Wholesaler,Ambient
2026-06-30,BATCH-002535,HOSP-KP-001,MED-001,4050,tablet,1.5,2025-09-06,2027-06-30,365,4335,433.571,9.34,LOW_STOCK,Provincial Medical Store,Ambient
2026-06-30,BATCH-002536,HOSP-KP-001,MED-001,3464,tablet,1.5,2024-05-23,2026-11-10,133,4335,433.571,7.99,LOW_STOCK,Provincial Medical Store,Ambient
2026-06-30,BATCH-002537,HOSP-KP-001,MED-002,1189,bottle,45.0,2025-07-25,2027-04-22,296,894,89.405,13.3,OK,Kanti Central Store,Ambient
2026-06-30,BATCH-002538,HOSP-KP-001,MED-002,1494,bottle,45.0,2025-04-29,2027-02-07,222,894,89.405,16.71,OK,BPKMCH Pharmacy Store,Ambient
2026-06-30,BATCH-002539,HOSP-KP-001,MED-002,1248,bottle,45.0,2026-05-20,2027-11-09,497,894,89.405,13.96,OK,Private Distributor - Kathmandu,Ambient
2026-06-30,BATCH-002540,HOSP-KP-001,MED-003,4444,tablet,2.5,2025-10-06,2027-02-12,227,1385,138.548,32.08,OK,UNICEF Supply,Ambient
2026-06-30,BATCH-002541,HOSP-KP-001,MED-004,667,ampoule,25.0,2026-04-21,2027-02-27,242,426,42.679,15.63,OK,DoDA Logistics,Ambient
2026-06-30,BATCH-002542,HOSP-KP-001,MED-004,297,ampoule,25.0,2025-08-08,2027-01-26,210,426,42.679,6.96,LOW_STOCK,Nepal CMS,Ambient
2026-06-30,BATCH-002543,HOSP-KP-001,MED-004,651,ampoule,25.0,2026-06-11,2028-06-06,707,426,42.679,15.25,OK,Private Distributor - Kathmandu,Ambient
2026-06-30,BATCH-002544,HOSP-KP-001,MED-005,7412,capsule,6.0,2026-06-01,2028-05-31,701,1942,194.238,38.16,OK,Provincial Medical Store,Ambient
2026-06-30,BATCH-002545,HOSP-KP-001,MED-006,1689,tablet,35.0,2026-05-22,2027-04-13,287,947,94.726,17.83,OK,Local Pharmacy Wholesaler,Ambient
2026-06-30,BATCH-002546,HOSP-KP-001,MED-006,2962,tablet,35.0,2026-05-26,2027-11-21,509,947,94.726,31.27,OK,Kanti Central Store,Ambient
2026-06-30,BATCH-002547,HOSP-KP-001,MED-007,751,tablet,40.0,2024-11-24,2026-08-23,54,637,63.738,11.78,NEAR_EXPIRY,Private Distributor - Kathmandu,Ambient
2026-06-30,BATCH-002548,HOSP-KP-001,MED-007,516,tablet,40.0,2025-11-12,2026-09-09,71,637,63.738,8.1,LOW_AND_NEAR_EXPIRY,UNICEF Supply,Ambient
2026-06-30,BATCH-002549,HOSP-KP-001,MED-007,1260,tablet,40.0,2026-05-31,2028-02-19,599,637,63.738,19.77,OK,Private Distributor - Kathmandu,Ambient
2026-06-30,BATCH-002550,HOSP-KP-001,MED-008,951,tablet,8.0,2024-03-09,2026-10-15,107,909,90.94,10.46,OK,Provincial Medical Store,Ambient
2026-06-30,BATCH-002551,HOSP-KP-001,MED-008,525,tablet,8.0,2024-01-15,2026-08-29,60,909,90.94,5.77,LOW_AND_NEAR_EXPIRY,Kanti Central Store,Ambient
2026-06-30,BATCH-002552,HOSP-KP-001,MED-008,1131,tablet,8.0,2025-12-27,2028-02-29,609,909,90.94,12.44,OK,UNICEF Supply,Ambient
2026-06-30,BATCH-002553,HOSP-KP-001,MED-009,1982,vial,85.0,2025-07-11,2027-06-09,344,951,95.167,20.83,OK,BPKMCH Pharmacy Store,Ambient
2026-06-30,BATCH-002554,HOSP-KP-001,MED-009,427,vial,85.0,2026-06-25,2028-05-15,685,951,95.167,4.49,LOW_STOCK,Private Distributor - Kathmandu,Ambient
2026-06-30,BATCH-002555,HOSP-KP-001,MED-009,1240,vial,85.0,2026-02-10,2027-09-16,443,951,95.167,13.03,OK,Private Distributor - Kathmandu,Ambient
2026-06-30,BATCH-002556,HOSP-KP-001,MED-010,2000,tablet,2.0,2026-05-21,2028-08-04,766,1100,110.071,18.17,OK,Private Distributor - Kathmandu,Ambient
2026-06-30,BATCH-002557,HOSP-KP-001,MED-010,1560,tablet,2.0,2026-06-22,2028-05-04,674,1100,110.071,14.17,OK,Provincial Medical Store,Ambient
2026-06-30,BATCH-002558,HOSP-KP-001,MED-010,1367,tablet,2.0,2026-06-21,2029-05-02,1037,1100,110.071,12.42,OK,Nepal CMS,Ambient
2026-06-30,BATCH-002559,HOSP-KP-001,MED-011,6064,sachet,8.0,2025-06-23,2026-12-13,166,2535,253.536,23.92,OK,UNICEF Supply,Ambient
2026-06-30,BATCH-002560,HOSP-KP-001,MED-011,5477,sachet,8.0,2024-08-04,2027-07-16,381,2535,253.536,21.6,OK,DoDA Logistics,Ambient
2026-06-30,BATCH-002561,HOSP-KP-001,MED-012,2409,tablet,1.2,2026-06-24,2028-09-27,820,1835,183.536,13.13,OK,DoDA Logistics,Ambient
2026-06-30,BATCH-002562,HOSP-KP-001,MED-012,1124,tablet,1.2,2025-04-02,2026-09-01,63,1835,183.536,6.12,LOW_AND_NEAR_EXPIRY,BPKMCH Pharmacy Store,Ambient
2026-06-30,BATCH-002563,HOSP-KP-001,MED-012,2367,tablet,1.2,2024-11-25,2026-11-01,124,1835,183.536,12.9,OK,Nepal CMS,Ambient
2026-06-30,BATCH-002564,HOSP-KP-001,MED-013,4183,bag,55.0,2025-04-02,2026-12-11,164,1055,105.56,39.63,OK,BPKMCH Pharmacy Store,Ambient
2026-06-30,BATCH-002565,HOSP-KP-001,MED-014,6157,bag,45.0,2026-06-26,2028-02-10,590,1550,155.06,39.71,OK,Provincial Medical Store,Ambient
2026-06-30,BATCH-002566,HOSP-KP-001,MED-015,797,bag,48.0,2026-06-04,2028-04-13,653,866,86.679,9.19,LOW_STOCK,Local Pharmacy Wholesaler,Ambient
2026-06-30,BATCH-002567,HOSP-KP-001,MED-015,1533,bag,48.0,2025-12-12,2027-06-16,351,866,86.679,17.69,OK,DoDA Logistics,Ambient
2026-06-30,BATCH-002568,HOSP-KP-001,MED-016,597,tablet,15.0,2026-04-25,2027-03-28,271,198,19.845,30.08,OK,DoDA Logistics,Ambient
2026-06-30,BATCH-002569,HOSP-KP-001,MED-017,148,tablet,1.8,2026-06-01,2028-08-16,778,104,10.405,14.22,OK,Private Distributor - Kathmandu,Ambient
2026-06-30,BATCH-002570,HOSP-KP-001,MED-017,47,tablet,1.8,2024-07-17,2026-11-09,132,104,10.405,4.52,LOW_STOCK,UNICEF Supply,Ambient
2026-06-30,BATCH-002571,HOSP-KP-001,MED-017,76,tablet,1.8,2026-06-12,2029-01-05,920,104,10.405,7.3,LOW_STOCK,Kanti Central Store,Ambient
2026-06-30,BATCH-002572,HOSP-KP-001,MED-018,1260,unit,180.0,2025-03-07,2026-12-01,154,411,41.167,30.61,OK,Kanti Central Store,Ambient
2026-06-30,BATCH-002573,HOSP-KP-001,MED-019,1191,ampoule,30.0,2026-06-18,2028-02-19,599,452,45.25,26.32,OK,UNICEF Supply,Ambient
2026-06-30,BATCH-002574,HOSP-KP-001,MED-020,573,bottle,55.0,2026-06-21,2028-01-15,564,398,39.893,14.36,OK,DoDA Logistics,Ambient
2026-06-30,BATCH-002575,HOSP-KP-001,MED-021,1876,tablet,1.0,2025-08-25,2026-12-26,179,1481,148.19,12.66,OK,Local Pharmacy Wholesaler,Ambient
2026-06-30,BATCH-002576,HOSP-KP-001,MED-021,5622,tablet,1.0,2026-05-31,2029-03-05,979,1481,148.19,37.94,OK,Provincial Medical Store,Ambient
2026-06-30,BATCH-002577,HOSP-KP-001,MED-022,1201,tablet,2.5,2026-03-29,2028-06-13,714,1118,111.821,10.74,OK,Provincial Medical Store,Ambient
2026-06-30,BATCH-002578,HOSP-KP-001,MED-022,320,tablet,2.5,2026-01-29,2027-12-21,539,1118,111.821,2.86,LOW_STOCK,UNICEF Supply,Ambient
2026-06-30,BATCH-002579,HOSP-KP-001,MED-022,763,tablet,2.5,2023-12-28,2026-08-29,60,1118,111.821,6.82,LOW_AND_NEAR_EXPIRY,DoDA Logistics,Ambient
2026-06-30,BATCH-002580,HOSP-KP-001,MED-023,3404,tablet,1.5,2024-12-25,2026-10-10,102,1714,171.405,19.86,OK,Private Distributor - Kathmandu,Ambient
2026-06-30,BATCH-002581,HOSP-KP-001,MED-024,925,vial,450.0,2026-06-08,2027-06-19,354,220,22.024,42.0,OK,Kanti Central Store,Cold_Chain
2026-06-30,BATCH-002582,HOSP-KP-001,MED-025,3809,tablet,3.0,2026-05-21,2029-01-29,944,1003,100.357,37.95,OK,DoDA Logistics,Ambient
2026-06-30,BATCH-002583,HOSP-KP-001,MED-026,2187,tablet,0.8,2025-03-30,2028-03-01,610,1149,114.952,19.03,OK,Local Pharmacy Wholesaler,Ambient
2026-06-30,BATCH-002584,HOSP-KP-001,MED-026,1087,tablet,0.8,2024-09-19,2027-05-10,314,1149,114.952,9.46,LOW_STOCK,Provincial Medical Store,Ambient
2026-06-30,BATCH-002585,HOSP-KP-001,MED-026,1471,tablet,0.8,2026-02-05,2028-06-05,706,1149,114.952,12.8,OK,DoDA Logistics,Ambient
2026-06-30,BATCH-002586,HOSP-KP-001,MED-027,4939,capsule,2.0,2026-05-26,2028-12-25,909,2024,202.476,24.39,OK,Provincial Medical Store,Ambient
2026-06-30,BATCH-002587,HOSP-KP-001,MED-027,1581,capsule,2.0,2025-12-10,2027-05-01,305,2024,202.476,7.81,LOW_STOCK,Provincial Medical Store,Ambient
2026-06-30,BATCH-002588,HOSP-KP-001,MED-027,2671,capsule,2.0,2026-05-01,2027-07-18,383,2024,202.476,13.19,OK,Nepal CMS,Ambient
2026-06-30,BATCH-002589,HOSP-KP-001,MED-028,652,tablet,6.0,2024-10-11,2027-08-09,405,727,72.702,8.97,LOW_STOCK,Provincial Medical Store,Ambient
2026-06-30,BATCH-002590,HOSP-KP-001,MED-028,541,tablet,6.0,2024-06-26,2026-08-20,51,727,72.702,7.44,LOW_AND_NEAR_EXPIRY,DoDA Logistics,Ambient
2026-06-30,BATCH-002591,HOSP-KP-001,MED-028,1251,tablet,6.0,2026-01-03,2028-05-18,688,727,72.702,17.21,OK,Nepal CMS,Ambient
2026-06-30,BATCH-002592,HOSP-KP-001,MED-029,1494,tablet,1.5,2026-06-25,2028-11-05,859,664,66.476,22.47,OK,Nepal CMS,Ambient
2026-06-30,BATCH-002593,HOSP-KP-001,MED-030,300,bottle_100ml,85.0,2025-08-26,2027-05-11,315,355,35.536,8.44,LOW_STOCK,UNICEF Supply,Ambient
2026-06-30,BATCH-002594,HOSP-KP-001,MED-030,205,bottle_100ml,85.0,2025-08-29,2027-01-22,206,355,35.536,5.77,LOW_STOCK,Kanti Central Store,Ambient
2026-06-30,BATCH-002595,HOSP-KP-001,MED-030,356,bottle_100ml,85.0,2026-06-29,2027-11-04,492,355,35.536,10.02,OK,Nepal CMS,Ambient
2026-06-30,BATCH-002596,HOSP-KP-001,MED-031,2535,pair,25.0,2021-09-01,2026-07-08,8,2706,270.607,9.37,LOW_AND_NEAR_EXPIRY,BPKMCH Pharmacy Store,Ambient
2026-06-30,BATCH-002597,HOSP-KP-001,MED-031,3443,pair,25.0,2023-06-16,2027-06-12,347,2706,270.607,12.72,OK,Nepal CMS,Ambient
2026-06-30,BATCH-002598,HOSP-KP-001,MED-032,3702,piece,5.0,2025-10-28,2030-05-01,1401,3466,346.667,10.68,OK,DoDA Logistics,Ambient
2026-06-30,BATCH-002599,HOSP-KP-001,MED-032,1327,piece,5.0,2024-01-17,2027-11-19,507,3466,346.667,3.83,LOW_STOCK,Private Distributor - Kathmandu,Ambient
2026-06-30,BATCH-002600,HOSP-KP-001,MED-032,1855,piece,5.0,2026-04-05,2029-06-08,1074,3466,346.667,5.35,LOW_STOCK,Private Distributor - Kathmandu,Ambient
2026-06-30,BATCH-002601,HOSP-KP-001,MED-033,5007,piece,35.0,2024-07-24,2027-04-11,285,1350,135.095,37.06,OK,BPKMCH Pharmacy Store,Ambient
2026-06-30,BATCH-002602,HOSP-KP-001,MED-034,338,vial,25.0,2025-01-29,2026-10-22,114,161,16.107,20.98,OK,Local Pharmacy Wholesaler,Cold_Chain
2026-06-30,BATCH-002603,HOSP-KP-001,MED-034,123,vial,25.0,2025-04-07,2027-03-18,261,161,16.107,7.64,LOW_STOCK,Local Pharmacy Wholesaler,Cold_Chain
2026-06-30,BATCH-002604,HOSP-KP-001,MED-034,268,vial,25.0,2025-09-23,2027-08-14,410,161,16.107,16.64,OK,Kanti Central Store,Cold_Chain
2026-06-30,BATCH-002605,HOSP-KP-001,MED-035,82,vial,350.0,2025-05-09,2026-12-30,183,102,10.214,8.03,LOW_STOCK,Provincial Medical Store,Cold_Chain
2026-06-30,BATCH-002606,HOSP-KP-001,MED-035,176,vial,350.0,2026-06-12,2028-02-19,599,102,10.214,17.23,OK,Provincial Medical Store,Cold_Chain
2026-06-30,BATCH-002607,HOSP-KP-001,MED-036,838,tablet,0.5,2024-08-11,2026-07-11,11,1602,160.25,5.23,LOW_AND_NEAR_EXPIRY,Provincial Medical Store,Ambient
2026-06-30,BATCH-002608,HOSP-KP-001,MED-036,763,tablet,0.5,2025-12-20,2027-11-11,499,1602,160.25,4.76,LOW_STOCK,Nepal CMS,Ambient
2026-06-30,BATCH-002609,HOSP-KP-001,MED-036,684,tablet,0.5,2025-11-26,2027-02-21,236,1602,160.25,4.27,LOW_STOCK,Provincial Medical Store,Ambient
2026-06-30,BATCH-002610,HOSP-KP-001,MED-037,268,tablet,8.0,2025-02-11,2027-01-29,213,258,25.881,10.36,OK,DoDA Logistics,Ambient
2026-06-30,BATCH-002611,HOSP-KP-001,MED-037,189,tablet,8.0,2025-03-16,2026-11-06,129,258,25.881,7.3,LOW_STOCK,BPKMCH Pharmacy Store,Ambient
2026-06-30,BATCH-002612,HOSP-KP-001,MED-037,425,tablet,8.0,2026-06-25,2029-01-31,946,258,25.881,16.42,OK,Nepal CMS,Ambient
2026-06-30,BATCH-002613,HOSP-KP-001,MED-038,639,ampoule,12.0,2025-05-14,2027-02-20,235,374,37.452,17.06,OK,Private Distributor - Kathmandu,Ambient
2026-06-30,BATCH-002614,HOSP-KP-001,MED-038,348,ampoule,12.0,2025-02-21,2026-12-18,171,374,37.452,9.29,LOW_STOCK,Local Pharmacy Wholesaler,Ambient
2026-06-30,BATCH-002615,HOSP-KP-001,MED-038,337,ampoule,12.0,2026-02-12,2027-07-03,368,374,37.452,9.0,LOW_STOCK,Provincial Medical Store,Ambient
2026-06-30,BATCH-002616,HOSP-KP-001,MED-039,884,ampoule,10.0,2026-06-12,2028-04-07,647,287,28.702,30.8,OK,UNICEF Supply,Ambient
2026-06-30,BATCH-002617,HOSP-KP-001,MED-040,303,ampoule,28.0,2026-06-06,2027-11-23,511,252,25.214,12.02,OK,Local Pharmacy Wholesaler,Ambient
2026-06-30,BATCH-002618,HOSP-KP-001,MED-040,261,ampoule,28.0,2026-05-26,2028-08-25,787,252,25.214,10.35,OK,BPKMCH Pharmacy Store,Ambient
2026-06-30,BATCH-002619,HOSP-KP-001,MED-041,63,vial,180.0,2025-09-15,2027-06-14,349,44,4.405,14.3,OK,Nepal CMS,Ambient
2026-06-30,BATCH-002620,HOSP-KP-001,MED-041,65,vial,180.0,2025-04-02,2026-09-29,91,44,4.405,14.76,OK,UNICEF Supply,Ambient
2026-06-30,BATCH-002621,HOSP-KP-001,MED-042,11,vial,1200.0,2026-05-18,2027-11-07,495,19,1.94,5.67,LOW_STOCK,Kanti Central Store,Cold_Chain
2026-06-30,BATCH-002622,HOSP-KP-001,MED-042,21,vial,1200.0,2026-05-02,2027-08-13,409,19,1.94,10.82,OK,Local Pharmacy Wholesaler,Cold_Chain
2026-06-30,BATCH-002623,HOSP-KP-001,MED-043,27,vial,3500.0,2026-06-09,2028-04-08,648,16,1.643,16.43,OK,Kanti Central Store,Ambient
2026-06-30,BATCH-002624,HOSP-KP-001,MED-043,40,vial,3500.0,2024-12-08,2026-09-25,87,16,1.643,24.35,NEAR_EXPIRY,DoDA Logistics,Ambient
2026-06-30,BATCH-002625,HOSP-KP-001,MED-044,21,vial,450.0,2026-03-03,2027-10-17,474,24,2.464,8.52,LOW_STOCK,DoDA Logistics,Ambient
2026-06-30,BATCH-002626,HOSP-KP-001,MED-044,16,vial,450.0,2025-06-06,2026-08-22,53,24,2.464,6.49,LOW_AND_NEAR_EXPIRY,Private Distributor - Kathmandu,Ambient
2026-06-30,BATCH-002627,HOSP-KP-001,MED-044,14,vial,450.0,2026-05-30,2027-12-29,547,24,2.464,5.68,LOW_STOCK,Nepal CMS,Ambient
2026-06-30,BATCH-002628,HOSP-KP-001,MED-045,50,tablet,15.0,2025-04-03,2026-07-24,24,57,5.714,8.75,LOW_AND_NEAR_EXPIRY,Provincial Medical Store,Ambient
2026-06-30,BATCH-002629,HOSP-KP-001,MED-045,121,tablet,15.0,2025-11-02,2027-10-03,460,57,5.714,21.18,OK,Kanti Central Store,Ambient
2026-06-30,BATCH-002630,HOSP-KP-001,MED-046,14,prefilled,4500.0,2026-06-19,2027-09-15,442,12,1.238,11.31,OK,UNICEF Supply,Cold_Chain
2026-06-30,BATCH-002631,HOSP-KP-001,MED-046,5,prefilled,4500.0,2026-05-25,2027-10-22,479,12,1.238,4.04,LOW_STOCK,Private Distributor - Kathmandu,Cold_Chain
2026-06-30,BATCH-002632,HOSP-KP-001,MED-046,15,prefilled,4500.0,2025-12-01,2026-08-08,39,12,1.238,12.12,NEAR_EXPIRY,Nepal CMS,Cold_Chain
2026-06-30,BATCH-002633,HOSP-KP-001,MED-047,3409,sachet,6.0,2026-06-01,2028-09-30,823,1104,110.476,30.86,OK,Private Distributor - Kathmandu,Ambient
2026-06-30,BATCH-002634,HOSP-KP-001,MED-048,393,bottle,65.0,2026-03-01,2027-09-17,444,322,32.262,12.18,OK,Kanti Central Store,Ambient
2026-06-30,BATCH-002635,HOSP-KP-001,MED-048,362,bottle,65.0,2025-04-07,2027-03-02,245,322,32.262,11.22,OK,Local Pharmacy Wholesaler,Ambient
2026-06-30,BATCH-002636,HOSP-KP-001,MED-049,1178,capsule,2.0,2025-02-21,2026-07-16,16,525,52.5,22.44,NEAR_EXPIRY,BPKMCH Pharmacy Store,Ambient
2026-06-30,BATCH-002637,HOSP-KP-001,MED-049,472,capsule,2.0,2025-11-28,2026-12-12,165,525,52.5,8.99,LOW_STOCK,UNICEF Supply,Ambient
2026-06-30,BATCH-002638,HOSP-KP-001,MED-049,727,capsule,2.0,2025-09-21,2027-06-11,346,525,52.5,13.85,OK,DoDA Logistics,Ambient
2026-06-30,BATCH-002639,HOSP-KP-001,MED-050,427,vial,120.0,2025-08-14,2026-07-31,31,350,35.071,12.18,NEAR_EXPIRY,Local Pharmacy Wholesaler,Cold_Chain
2026-06-30,BATCH-002640,HOSP-KP-001,MED-050,149,vial,120.0,2025-04-27,2027-01-20,204,350,35.071,4.25,LOW_STOCK,Private Distributor - Kathmandu,Cold_Chain
2026-06-30,BATCH-002641,HOSP-KP-001,MED-050,224,vial,120.0,2026-03-05,2026-12-22,175,350,35.071,6.39,LOW_STOCK,Local Pharmacy Wholesaler,Cold_Chain
2026-06-30,BATCH-002642,HOSP-KP-001,MED-051,346,vial,80.0,2025-01-24,2026-12-02,155,224,22.476,15.39,OK,Nepal CMS,Cold_Chain
2026-06-30,BATCH-002643,HOSP-KP-001,MED-051,161,vial,80.0,2025-03-07,2026-10-13,105,224,22.476,7.16,LOW_STOCK,Private Distributor - Kathmandu,Cold_Chain
2026-06-30,BATCH-002644,HOSP-KP-001,MED-051,307,vial,80.0,2025-05-27,2026-09-12,74,224,22.476,13.66,NEAR_EXPIRY,Kanti Central Store,Cold_Chain
2026-06-30,BATCH-002645,HOSP-KP-001,MED-052,1718,kit,25.0,2025-02-04,2026-11-11,134,644,64.464,26.65,OK,Nepal CMS,Ambient
2026-06-30,BATCH-002646,HOSP-KP-001,MED-053,1333,ampoule,35.0,2026-02-12,2027-04-20,294,368,36.893,36.13,OK,BPKMCH Pharmacy Store,Cold_Chain
2026-06-30,BATCH-002647,HOSP-KP-001,MED-054,415,tablet,20.0,2025-10-09,2027-08-28,424,229,22.929,18.1,OK,BPKMCH Pharmacy Store,Ambient
2026-06-30,BATCH-002648,HOSP-KP-001,MED-054,690,tablet,20.0,2024-09-16,2026-08-15,46,229,22.929,30.09,NEAR_EXPIRY,BPKMCH Pharmacy Store,Ambient
2026-06-30,BATCH-002649,HOSP-KP-001,MED-055,298,ampoule,18.0,2024-09-11,2027-04-07,281,188,18.893,15.77,OK,Kanti Central Store,Ambient
2026-06-30,BATCH-002650,HOSP-KP-001,MED-055,388,ampoule,18.0,2025-09-30,2028-06-16,717,188,18.893,20.54,OK,Nepal CMS,Ambient
2026-06-30,BATCH-002651,HOSP-KP-001,MED-056,372,ampoule,45.0,2024-11-30,2026-11-12,135,123,12.393,30.02,OK,Local Pharmacy Wholesaler,Ambient
2026-06-30,BATCH-002652,HOSP-KP-001,MED-057,178,bottle,55.0,2026-02-02,2027-07-20,385,120,12.06,14.76,OK,Provincial Medical Store,Ambient
2026-06-30,BATCH-002653,HOSP-KP-001,MED-057,230,bottle,55.0,2026-05-06,2027-10-24,481,120,12.06,19.07,OK,Kanti Central Store,Ambient
2026-06-30,BATCH-002654,HOSP-KP-001,MED-058,108,bottle,90.0,2024-10-29,2026-09-06,68,55,5.571,19.38,NEAR_EXPIRY,Provincial Medical Store,Ambient
2026-06-30,BATCH-002655,HOSP-KP-001,MED-059,137,bottle,70.0,2025-06-22,2027-05-17,321,70,7.071,19.37,OK,Kanti Central Store,Ambient
2026-06-30,BATCH-002656,HOSP-KP-001,MED-060,55,vial,2500.0,2026-06-21,2027-05-14,318,67,6.714,8.19,LOW_STOCK,Nepal CMS,Cold_Chain
2026-06-30,BATCH-002657,HOSP-KP-001,MED-060,51,vial,2500.0,2026-03-22,2027-12-15,533,67,6.714,7.6,LOW_STOCK,UNICEF Supply,Cold_Chain
2026-06-30,BATCH-002658,HOSP-KP-001,MED-061,180,ampoule,25.0,2026-05-29,2028-05-27,697,131,13.143,13.7,OK,Private Distributor - Kathmandu,Ambient
2026-06-30,BATCH-002659,HOSP-KP-001,MED-061,125,ampoule,25.0,2026-06-06,2028-01-16,565,131,13.143,9.51,LOW_STOCK,Local Pharmacy Wholesaler,Ambient
2026-06-30,BATCH-002660,HOSP-KP-001,MED-061,329,ampoule,25.0,2026-06-02,2027-12-18,536,131,13.143,25.03,OK,DoDA Logistics,Ambient
2026-06-30,BATCH-002661,HOSP-KP-001,MED-062,173,ampoule,12.0,2024-11-30,2026-08-02,33,114,11.405,15.17,NEAR_EXPIRY,BPKMCH Pharmacy Store,Ambient
2026-06-30,BATCH-002662,HOSP-KP-001,MED-062,178,ampoule,12.0,2024-12-20,2027-07-15,380,114,11.405,15.61,OK,Kanti Central Store,Ambient
2026-06-30,BATCH-002663,HOSP-KP-001,MED-063,38,vial,850.0,2026-02-16,2028-01-07,556,66,6.607,5.75,LOW_STOCK,UNICEF Supply,Cold_Chain
2026-06-30,BATCH-002664,HOSP-KP-001,MED-063,82,vial,850.0,2025-06-23,2027-03-24,267,66,6.607,12.41,OK,Nepal CMS,Cold_Chain
2026-06-30,BATCH-002665,HOSP-KP-001,MED-064,353,roll,80.0,2026-05-16,2030-07-09,1470,639,63.976,5.52,LOW_STOCK,Kanti Central Store,Ambient
2026-06-30,BATCH-002666,HOSP-KP-001,MED-064,794,roll,80.0,2026-05-29,2030-07-05,1466,639,63.976,12.41,OK,BPKMCH Pharmacy Store,Ambient
2026-06-30,BATCH-002667,HOSP-KP-001,MED-065,453,unit,0.0,2026-06-09,2026-07-05,5,127,12.714,35.63,NEAR_EXPIRY,Kanti Central Store,Cold_Chain
2026-06-30,BATCH-002668,HOSP-KP-001,MED-066,206,unit,0.0,2026-06-10,2026-08-01,32,100,10.036,20.53,NEAR_EXPIRY,Nepal CMS,Cold_Chain
2026-06-30,BATCH-002669,HOSP-KP-001,MED-067,1537,vial,40.0,2025-09-04,2028-08-16,778,307,30.774,49.95,OK,Nepal CMS,Ambient
2026-06-30,BATCH-002670,HOSP-KP-001,MED-068,156,vial,180.0,2025-05-26,2026-10-07,99,92,9.274,16.82,OK,Local Pharmacy Wholesaler,Ambient
2026-06-30,BATCH-002671,HOSP-KP-001,MED-068,301,vial,180.0,2024-08-28,2027-05-14,318,92,9.274,32.46,OK,Kanti Central Store,Ambient
2026-06-30,BATCH-002672,HOSP-KP-001,MED-069,642,ampoule,95.0,2026-06-11,2027-12-07,525,141,14.131,45.43,OK,Kanti Central Store,Ambient
2026-06-30,BATCH-002673,HOSP-KP-001,MED-070,1697,sachet,120.0,2026-03-25,2027-12-19,537,345,34.595,49.05,OK,UNICEF Supply,Ambient
2026-06-30,BATCH-002674,HOSP-KP-001,MED-071,158,ampoule,150.0,2025-11-24,2027-09-29,456,99,9.952,15.88,OK,Nepal CMS,Ambient
2026-06-30,BATCH-002675,HOSP-KP-001,MED-071,255,ampoule,150.0,2025-08-07,2026-07-22,22,99,9.952,25.62,NEAR_EXPIRY,Local Pharmacy Wholesaler,Ambient
2026-06-30,BATCH-002676,HOSP-KP-001,MED-072,257,vial,650.0,2025-06-30,2026-07-21,21,202,20.274,12.68,NEAR_EXPIRY,DoDA Logistics,Ambient
2026-06-30,BATCH-002677,HOSP-KP-001,MED-072,692,vial,650.0,2026-06-18,2028-05-08,678,202,20.274,34.13,OK,DoDA Logistics,Ambient
2026-06-30,BATCH-002678,HOSP-KP-003,MED-001,1322,tablet,1.5,2026-06-07,2028-12-09,893,521,52.119,25.37,OK,BPKMCH Pharmacy Store,Ambient
2026-06-30,BATCH-002679,HOSP-KP-003,MED-002,95,bottle,45.0,2026-05-22,2028-02-16,596,71,7.19,13.21,OK,Local Pharmacy Wholesaler,Ambient
2026-06-30,BATCH-002680,HOSP-KP-003,MED-003,159,tablet,2.5,2026-05-30,2029-03-08,982,183,18.381,8.65,LOW_STOCK,DoDA Logistics,Ambient
2026-06-30,BATCH-002681,HOSP-KP-003,MED-003,95,tablet,2.5,2026-06-26,2029-01-31,946,183,18.381,5.17,LOW_STOCK,Local Pharmacy Wholesaler,Ambient
2026-06-30,BATCH-002682,HOSP-KP-003,MED-003,102,tablet,2.5,2024-02-16,2026-07-14,14,183,18.381,5.55,LOW_AND_NEAR_EXPIRY,DoDA Logistics,Ambient
2026-06-30,BATCH-002683,HOSP-KP-003,MED-004,24,ampoule,25.0,2025-07-10,2026-12-23,176,37,3.702,6.48,LOW_STOCK,Private Distributor - Kathmandu,Ambient
2026-06-30,BATCH-002684,HOSP-KP-003,MED-004,22,ampoule,25.0,2025-10-05,2027-03-30,273,37,3.702,5.94,LOW_STOCK,Local Pharmacy Wholesaler,Ambient
2026-06-30,BATCH-002685,HOSP-KP-003,MED-005,317,capsule,6.0,2026-06-07,2028-06-14,715,244,24.429,12.98,OK,Kanti Central Store,Ambient
2026-06-30,BATCH-002686,HOSP-KP-003,MED-005,212,capsule,6.0,2025-11-23,2026-09-18,80,244,24.429,8.68,LOW_AND_NEAR_EXPIRY,UNICEF Supply,Ambient
2026-06-30,BATCH-002687,HOSP-KP-003,MED-005,214,capsule,6.0,2026-06-09,2028-06-01,702,244,24.429,8.76,LOW_STOCK,Kanti Central Store,Ambient
2026-06-30,BATCH-002688,HOSP-KP-003,MED-006,279,tablet,35.0,2026-06-02,2028-04-03,643,114,11.452,24.36,OK,Kanti Central Store,Ambient
2026-06-30,BATCH-002689,HOSP-KP-003,MED-007,73,tablet,40.0,2025-04-11,2026-08-09,40,71,7.167,10.19,NEAR_EXPIRY,Local Pharmacy Wholesaler,Ambient
2026-06-30,BATCH-002690,HOSP-KP-003,MED-007,97,tablet,40.0,2025-07-23,2027-05-20,324,71,7.167,13.53,OK,Nepal CMS,Ambient
2026-06-30,BATCH-002691,HOSP-KP-003,MED-008,235,tablet,8.0,2025-07-25,2027-05-26,330,170,17.083,13.76,OK,DoDA Logistics,Ambient
2026-06-30,BATCH-002692,HOSP-KP-003,MED-008,221,tablet,8.0,2026-05-31,2028-04-20,660,170,17.083,12.94,OK,DoDA Logistics,Ambient
2026-06-30,BATCH-002693,HOSP-KP-003,MED-009,262,vial,85.0,2025-08-04,2026-11-28,151,93,9.393,27.89,OK,Private Distributor - Kathmandu,Ambient
2026-06-30,BATCH-002694,HOSP-KP-003,MED-010,150,tablet,2.0,2026-02-27,2027-12-21,539,152,15.202,9.87,LOW_STOCK,Provincial Medical Store,Ambient
2026-06-30,BATCH-002695,HOSP-KP-003,MED-011,282,sachet,8.0,2025-06-08,2026-10-27,119,388,38.81,7.27,LOW_STOCK,UNICEF Supply,Ambient
2026-06-30,BATCH-002696,HOSP-KP-003,MED-011,289,sachet,8.0,2026-06-29,2028-12-06,890,388,38.81,7.45,LOW_STOCK,Nepal CMS,Ambient
2026-06-30,BATCH-002697,HOSP-KP-003,MED-011,376,sachet,8.0,2025-07-30,2028-01-14,563,388,38.81,9.69,LOW_STOCK,Provincial Medical Store,Ambient
2026-06-30,BATCH-002698,HOSP-KP-003,MED-012,229,tablet,1.2,2025-08-05,2027-05-08,312,232,23.262,9.84,LOW_STOCK,Private Distributor - Kathmandu,Ambient
2026-06-30,BATCH-002699,HOSP-KP-003,MED-012,275,tablet,1.2,2026-06-07,2028-07-02,733,232,23.262,11.82,OK,Provincial Medical Store,Ambient
2026-06-30,BATCH-002700,HOSP-KP-003,MED-013,110,bag,55.0,2026-05-29,2027-08-09,405,114,11.452,9.6,LOW_STOCK,Local Pharmacy Wholesaler,Ambient
2026-06-30,BATCH-002701,HOSP-KP-003,MED-013,91,bag,55.0,2026-06-29,2028-05-12,682,114,11.452,7.95,LOW_STOCK,Nepal CMS,Ambient
2026-06-30,BATCH-002702,HOSP-KP-003,MED-013,172,bag,55.0,2025-09-12,2026-10-23,115,114,11.452,15.02,OK,Local Pharmacy Wholesaler,Ambient
2026-06-30,BATCH-002703,HOSP-KP-003,MED-014,93,bag,45.0,2026-02-10,2027-02-19,234,161,16.19,5.74,LOW_STOCK,Provincial Medical Store,Ambient
2026-06-30,BATCH-002704,HOSP-KP-003,MED-014,54,bag,45.0,2026-05-24,2028-03-08,617,161,16.19,3.34,LOW_STOCK,Kanti Central Store,Ambient
2026-06-30,BATCH-002705,HOSP-KP-003,MED-014,51,bag,45.0,2026-04-28,2027-08-06,402,161,16.19,3.15,LOW_STOCK,BPKMCH Pharmacy Store,Ambient
2026-06-30,BATCH-002706,HOSP-KP-003,MED-015,126,bag,48.0,2026-05-22,2027-10-06,463,102,10.226,12.32,OK,Nepal CMS,Ambient
2026-06-30,BATCH-002707,HOSP-KP-003,MED-015,78,bag,48.0,2026-03-26,2028-02-15,595,102,10.226,7.63,LOW_STOCK,BPKMCH Pharmacy Store,Ambient
2026-06-30,BATCH-002708,HOSP-KP-003,MED-015,113,bag,48.0,2025-04-28,2026-08-06,37,102,10.226,11.05,NEAR_EXPIRY,Local Pharmacy Wholesaler,Ambient
2026-06-30,BATCH-002709,HOSP-KP-003,MED-016,25,tablet,15.0,2026-03-27,2027-09-22,449,54,5.405,4.63,LOW_STOCK,Kanti Central Store,Ambient
2026-06-30,BATCH-002710,HOSP-KP-003,MED-016,34,tablet,15.0,2026-06-03,2027-12-31,549,54,5.405,6.29,LOW_STOCK,Provincial Medical Store,Ambient
2026-06-30,BATCH-002711,HOSP-KP-003,MED-017,15,tablet,1.8,2026-06-23,2028-10-08,831,20,2.0,7.5,LOW_STOCK,BPKMCH Pharmacy Store,Ambient
2026-06-30,BATCH-002712,HOSP-KP-003,MED-017,19,tablet,1.8,2025-04-22,2026-10-16,108,20,2.0,9.5,LOW_STOCK,Kanti Central Store,Ambient
2026-06-30,BATCH-002713,HOSP-KP-003,MED-017,21,tablet,1.8,2025-05-05,2027-03-02,245,20,2.0,10.5,OK,BPKMCH Pharmacy Store,Ambient
2026-06-30,BATCH-002714,HOSP-KP-003,MED-018,48,unit,180.0,2025-12-22,2027-02-17,232,34,3.429,14.0,OK,UNICEF Supply,Ambient
2026-06-30,BATCH-002715,HOSP-KP-003,MED-018,65,unit,180.0,2025-11-05,2027-10-23,480,34,3.429,18.96,OK,Nepal CMS,Ambient
2026-06-30,BATCH-002716,HOSP-KP-003,MED-019,72,ampoule,30.0,2026-03-06,2027-09-08,435,43,4.381,16.43,OK,UNICEF Supply,Ambient
2026-06-30,BATCH-002717,HOSP-KP-003,MED-019,36,ampoule,30.0,2025-08-18,2027-05-31,335,43,4.381,8.22,LOW_STOCK,BPKMCH Pharmacy Store,Ambient
2026-06-30,BATCH-002718,HOSP-KP-003,MED-019,40,ampoule,30.0,2026-06-26,2027-07-02,367,43,4.381,9.13,LOW_STOCK,DoDA Logistics,Ambient
2026-06-30,BATCH-002719,HOSP-KP-003,MED-020,17,bottle,55.0,2026-03-15,2027-10-02,459,47,4.714,3.61,LOW_STOCK,UNICEF Supply,Ambient
2026-06-30,BATCH-002720,HOSP-KP-003,MED-020,31,bottle,55.0,2026-06-18,2028-06-09,710,47,4.714,6.58,LOW_STOCK,Private Distributor - Kathmandu,Ambient
2026-06-30,BATCH-002721,HOSP-KP-003,MED-021,148,tablet,1.0,2025-04-02,2028-02-06,586,168,16.833,8.79,LOW_STOCK,DoDA Logistics,Ambient
2026-06-30,BATCH-002722,HOSP-KP-003,MED-021,408,tablet,1.0,2026-04-19,2028-09-11,804,168,16.833,24.24,OK,Local Pharmacy Wholesaler,Ambient
2026-06-30,BATCH-002723,HOSP-KP-003,MED-022,204,tablet,2.5,2025-06-06,2027-12-09,527,121,12.167,16.77,OK,BPKMCH Pharmacy Store,Ambient
2026-06-30,BATCH-002724,HOSP-KP-003,MED-022,88,tablet,2.5,2026-06-08,2029-01-02,917,121,12.167,7.23,LOW_STOCK,Provincial Medical Store,Ambient
2026-06-30,BATCH-002725,HOSP-KP-003,MED-022,136,tablet,2.5,2026-06-13,2028-06-30,731,121,12.167,11.18,OK,Nepal CMS,Ambient
2026-06-30,BATCH-002726,HOSP-KP-003,MED-023,132,tablet,1.5,2026-06-18,2029-01-29,944,155,15.5,8.52,LOW_STOCK,Private Distributor - Kathmandu,Ambient
2026-06-30,BATCH-002727,HOSP-KP-003,MED-023,155,tablet,1.5,2026-04-30,2028-12-19,903,155,15.5,10.0,LOW_STOCK,Local Pharmacy Wholesaler,Ambient
2026-06-30,BATCH-002728,HOSP-KP-003,MED-024,20,vial,450.0,2025-01-29,2027-01-17,201,18,1.869,10.7,OK,Local Pharmacy Wholesaler,Cold_Chain
2026-06-30,BATCH-002729,HOSP-KP-003,MED-024,46,vial,450.0,2026-05-30,2028-01-22,571,18,1.869,24.61,OK,BPKMCH Pharmacy Store,Cold_Chain
2026-06-30,BATCH-002730,HOSP-KP-003,MED-025,31,tablet,3.0,2026-04-24,2029-02-05,951,76,7.631,4.06,LOW_STOCK,Nepal CMS,Ambient
2026-06-30,BATCH-002731,HOSP-KP-003,MED-025,15,tablet,3.0,2026-05-18,2028-03-30,639,76,7.631,1.97,LOW_STOCK,DoDA Logistics,Ambient
2026-06-30,BATCH-002732,HOSP-KP-003,MED-025,31,tablet,3.0,2026-04-19,2027-09-10,437,76,7.631,4.06,LOW_STOCK,Local Pharmacy Wholesaler,Ambient
2026-06-30,BATCH-002733,HOSP-KP-003,MED-026,150,tablet,0.8,2026-05-21,2029-01-21,936,145,14.583,10.29,OK,BPKMCH Pharmacy Store,Ambient
2026-06-30,BATCH-002734,HOSP-KP-003,MED-026,67,tablet,0.8,2026-02-13,2027-10-08,465,145,14.583,4.59,LOW_STOCK,Provincial Medical Store,Ambient
2026-06-30,BATCH-002735,HOSP-KP-003,MED-026,145,tablet,0.8,2025-05-05,2028-01-10,559,145,14.583,9.94,LOW_STOCK,Kanti Central Store,Ambient
2026-06-30,BATCH-002736,HOSP-KP-003,MED-027,140,capsule,2.0,2026-06-03,2028-11-16,870,198,19.845,7.05,LOW_STOCK,UNICEF Supply,Ambient
2026-06-30,BATCH-002737,HOSP-KP-003,MED-027,44,capsule,2.0,2026-05-20,2029-03-08,982,198,19.845,2.22,LOW_STOCK,Kanti Central Store,Ambient
2026-06-30,BATCH-002738,HOSP-KP-003,MED-027,84,capsule,2.0,2024-03-18,2026-09-18,80,198,19.845,4.23,LOW_AND_NEAR_EXPIRY,Nepal CMS,Ambient
2026-06-30,BATCH-002739,HOSP-KP-003,MED-028,216,tablet,6.0,2026-06-10,2029-04-07,1012,78,7.869,27.45,OK,Private Distributor - Kathmandu,Ambient
2026-06-30,BATCH-002740,HOSP-KP-003,MED-029,140,tablet,1.5,2026-05-24,2029-03-28,1002,58,5.881,23.81,OK,UNICEF Supply,Ambient
2026-06-30,BATCH-002741,HOSP-KP-003,MED-030,18,bottle_100ml,85.0,2026-04-07,2027-07-11,376,33,3.345,5.38,LOW_STOCK,BPKMCH Pharmacy Store,Ambient
2026-06-30,BATCH-002742,HOSP-KP-003,MED-030,25,bottle_100ml,85.0,2024-06-17,2027-04-15,289,33,3.345,7.47,LOW_STOCK,Kanti Central Store,Ambient
2026-06-30,BATCH-002743,HOSP-KP-003,MED-031,279,pair,25.0,2022-05-08,2026-10-12,104,264,26.417,10.56,OK,DoDA Logistics,Ambient
2026-06-30,BATCH-002744,HOSP-KP-003,MED-031,243,pair,25.0,2026-04-20,2028-07-17,748,264,26.417,9.2,LOW_STOCK,Kanti Central Store,Ambient
2026-06-30,BATCH-002745,HOSP-KP-003,MED-032,127,piece,5.0,2022-11-16,2026-10-23,115,287,28.762,4.42,LOW_STOCK,Kanti Central Store,Ambient
2026-06-30,BATCH-002746,HOSP-KP-003,MED-032,58,piece,5.0,2026-05-20,2031-05-28,1793,287,28.762,2.02,LOW_STOCK,Private Distributor - Kathmandu,Ambient
2026-06-30,BATCH-002747,HOSP-KP-003,MED-032,90,piece,5.0,2026-06-24,2030-04-03,1373,287,28.762,3.13,LOW_STOCK,Provincial Medical Store,Ambient
2026-06-30,BATCH-002748,HOSP-KP-003,MED-033,365,piece,35.0,2026-04-25,2030-05-15,1415,118,11.881,30.72,OK,Provincial Medical Store,Ambient
2026-06-30,BATCH-002749,HOSP-KP-003,MED-034,10,vial,25.0,2026-06-28,2027-07-05,370,17,1.702,5.87,LOW_STOCK,UNICEF Supply,Cold_Chain
2026-06-30,BATCH-002750,HOSP-KP-003,MED-034,5,vial,25.0,2025-08-21,2027-07-03,368,17,1.702,2.94,LOW_STOCK,Local Pharmacy Wholesaler,Cold_Chain
2026-06-30,BATCH-002751,HOSP-KP-003,MED-034,7,vial,25.0,2025-05-20,2026-09-24,86,17,1.702,4.11,LOW_AND_NEAR_EXPIRY,BPKMCH Pharmacy Store,Cold_Chain
2026-06-30,BATCH-002752,HOSP-KP-003,MED-035,32,vial,350.0,2025-06-22,2026-08-31,62,10,1.036,30.9,NEAR_EXPIRY,Private Distributor - Kathmandu,Cold_Chain
2026-06-30,BATCH-002753,HOSP-KP-003,MED-036,57,tablet,0.5,2026-05-19,2028-03-07,616,145,14.524,3.92,LOW_STOCK,Private Distributor - Kathmandu,Ambient
2026-06-30,BATCH-002754,HOSP-KP-003,MED-036,141,tablet,0.5,2026-05-31,2028-02-26,606,145,14.524,9.71,LOW_STOCK,UNICEF Supply,Ambient
2026-06-30,BATCH-002755,HOSP-KP-003,MED-037,38,tablet,8.0,2025-09-05,2028-06-05,706,33,3.369,11.28,OK,BPKMCH Pharmacy Store,Ambient
2026-06-30,BATCH-002756,HOSP-KP-003,MED-037,24,tablet,8.0,2024-11-25,2026-12-20,173,33,3.369,7.12,LOW_STOCK,Kanti Central Store,Ambient
2026-06-30,BATCH-002757,HOSP-KP-003,MED-037,32,tablet,8.0,2024-02-23,2026-10-13,105,33,3.369,9.5,LOW_STOCK,DoDA Logistics,Ambient
2026-06-30,BATCH-002758,HOSP-KP-003,MED-038,24,ampoule,12.0,2026-05-24,2027-10-03,460,47,4.726,5.08,LOW_STOCK,UNICEF Supply,Ambient
2026-06-30,BATCH-002759,HOSP-KP-003,MED-038,34,ampoule,12.0,2026-06-18,2027-08-06,402,47,4.726,7.19,LOW_STOCK,DoDA Logistics,Ambient
2026-06-30,BATCH-002760,HOSP-KP-003,MED-039,24,ampoule,10.0,2025-03-13,2027-11-01,489,34,3.464,6.93,LOW_STOCK,Provincial Medical Store,Ambient
2026-06-30,BATCH-002761,HOSP-KP-003,MED-039,9,ampoule,10.0,2026-06-01,2029-01-25,940,34,3.464,2.6,LOW_STOCK,UNICEF Supply,Ambient
2026-06-30,BATCH-002762,HOSP-KP-003,MED-039,15,ampoule,10.0,2026-05-27,2028-09-28,821,34,3.464,4.33,LOW_STOCK,Provincial Medical Store,Ambient
2026-06-30,BATCH-002763,HOSP-KP-003,MED-040,51,ampoule,28.0,2025-02-22,2027-09-07,434,24,2.44,20.9,OK,BPKMCH Pharmacy Store,Ambient
2026-06-30,BATCH-002764,HOSP-KP-003,MED-041,1,vial,180.0,2026-03-15,2027-10-03,460,3,0.333,3.0,LOW_STOCK,Local Pharmacy Wholesaler,Ambient
2026-06-30,BATCH-002765,HOSP-KP-003,MED-041,1,vial,180.0,2026-02-25,2027-09-10,437,3,0.333,3.0,LOW_STOCK,UNICEF Supply,Ambient
2026-06-30,BATCH-002766,HOSP-KP-003,MED-041,2,vial,180.0,2025-08-31,2027-05-03,307,3,0.333,6.0,LOW_STOCK,Kanti Central Store,Ambient
2026-06-30,BATCH-002767,HOSP-KP-003,MED-042,1,vial,1200.0,2026-05-22,2028-04-11,651,3,0.155,6.46,LOW_STOCK,Provincial Medical Store,Cold_Chain
2026-06-30,BATCH-002768,HOSP-KP-003,MED-042,1,vial,1200.0,2026-05-25,2028-03-10,619,3,0.155,6.46,LOW_STOCK,Local Pharmacy Wholesaler,Cold_Chain
2026-06-30,BATCH-002769,HOSP-KP-003,MED-042,1,vial,1200.0,2026-05-08,2027-07-16,381,3,0.155,6.46,LOW_STOCK,BPKMCH Pharmacy Store,Cold_Chain
2026-06-30,BATCH-002770,HOSP-KP-003,MED-043,1,vial,3500.0,2026-05-22,2027-10-04,461,3,0.119,8.4,LOW_STOCK,Nepal CMS,Ambient
2026-06-30,BATCH-002771,HOSP-KP-003,MED-043,1,vial,3500.0,2025-01-13,2026-08-22,53,3,0.119,8.4,LOW_AND_NEAR_EXPIRY,Private Distributor - Kathmandu,Ambient
2026-06-30,BATCH-002772,HOSP-KP-003,MED-044,4,vial,450.0,2025-08-29,2027-02-04,219,3,0.274,14.61,OK,DoDA Logistics,Ambient
2026-06-30,BATCH-002773,HOSP-KP-003,MED-044,4,vial,450.0,2025-08-18,2027-06-24,359,3,0.274,14.61,OK,Nepal CMS,Ambient
2026-06-30,BATCH-002774,HOSP-KP-003,MED-045,4,tablet,15.0,2026-06-17,2028-03-02,611,7,0.774,5.17,LOW_STOCK,Nepal CMS,Ambient
2026-06-30,BATCH-002775,HOSP-KP-003,MED-045,2,tablet,15.0,2026-03-27,2027-10-04,461,7,0.774,2.58,LOW_STOCK,Private Distributor - Kathmandu,Ambient
2026-06-30,BATCH-002776,HOSP-KP-003,MED-045,6,tablet,15.0,2025-09-24,2026-09-06,68,7,0.774,7.75,LOW_AND_NEAR_EXPIRY,BPKMCH Pharmacy Store,Ambient
2026-06-30,BATCH-002777,HOSP-KP-003,MED-046,1,prefilled,4500.0,2026-04-10,2027-06-08,343,3,0.131,7.64,LOW_STOCK,Private Distributor - Kathmandu,Cold_Chain
2026-06-30,BATCH-002778,HOSP-KP-003,MED-046,1,prefilled,4500.0,2026-06-17,2027-09-23,450,3,0.131,7.64,LOW_STOCK,Local Pharmacy Wholesaler,Cold_Chain
2026-06-30,BATCH-002779,HOSP-KP-003,MED-046,1,prefilled,4500.0,2026-05-20,2027-04-03,277,3,0.131,7.64,LOW_STOCK,DoDA Logistics,Cold_Chain
2026-06-30,BATCH-002780,HOSP-KP-003,MED-047,78,sachet,6.0,2026-06-08,2028-08-02,764,107,10.786,7.23,LOW_STOCK,UNICEF Supply,Ambient
2026-06-30,BATCH-002781,HOSP-KP-003,MED-047,88,sachet,6.0,2025-01-04,2027-06-04,339,107,10.786,8.16,LOW_STOCK,Nepal CMS,Ambient
2026-06-30,BATCH-002782,HOSP-KP-003,MED-048,15,bottle,65.0,2025-06-12,2027-05-11,315,41,4.19,3.58,LOW_STOCK,Kanti Central Store,Ambient
2026-06-30,BATCH-002783,HOSP-KP-003,MED-048,14,bottle,65.0,2026-01-30,2027-05-25,329,41,4.19,3.34,LOW_STOCK,Kanti Central Store,Ambient
2026-06-30,BATCH-002784,HOSP-KP-003,MED-048,25,bottle,65.0,2025-06-25,2027-03-28,271,41,4.19,5.97,LOW_STOCK,BPKMCH Pharmacy Store,Ambient
2026-06-30,BATCH-002785,HOSP-KP-003,MED-049,54,capsule,2.0,2026-06-04,2028-01-17,566,44,4.417,12.23,OK,UNICEF Supply,Ambient
2026-06-30,BATCH-002786,HOSP-KP-003,MED-050,80,vial,120.0,2024-08-24,2026-08-10,41,31,3.119,25.65,NEAR_EXPIRY,Local Pharmacy Wholesaler,Cold_Chain
2026-06-30,BATCH-002787,HOSP-KP-003,MED-051,12,vial,80.0,2026-06-10,2028-06-18,719,26,2.679,4.48,LOW_STOCK,DoDA Logistics,Cold_Chain
2026-06-30,BATCH-002788,HOSP-KP-003,MED-051,33,vial,80.0,2025-03-02,2026-10-01,93,26,2.679,12.32,OK,BPKMCH Pharmacy Store,Cold_Chain
2026-06-30,BATCH-002789,HOSP-KP-003,MED-052,55,kit,25.0,2026-03-11,2027-10-20,477,62,6.274,8.77,LOW_STOCK,DoDA Logistics,Ambient
2026-06-30,BATCH-002790,HOSP-KP-003,MED-052,162,kit,25.0,2026-05-03,2027-03-22,265,62,6.274,25.82,OK,Private Distributor - Kathmandu,Ambient
2026-06-30,BATCH-002791,HOSP-KP-003,MED-053,23,ampoule,35.0,2026-02-28,2027-04-09,283,40,4.0,5.75,LOW_STOCK,DoDA Logistics,Cold_Chain
2026-06-30,BATCH-002792,HOSP-KP-003,MED-053,62,ampoule,35.0,2026-06-20,2028-04-08,648,40,4.0,15.5,OK,Provincial Medical Store,Cold_Chain
2026-06-30,BATCH-002793,HOSP-KP-003,MED-054,77,tablet,20.0,2025-12-15,2027-09-01,428,26,2.631,29.27,OK,Local Pharmacy Wholesaler,Ambient
2026-06-30,BATCH-002794,HOSP-KP-003,MED-055,13,ampoule,18.0,2024-09-21,2027-06-06,341,18,1.81,7.18,LOW_STOCK,Kanti Central Store,Ambient
2026-06-30,BATCH-002795,HOSP-KP-003,MED-055,21,ampoule,18.0,2026-01-23,2027-08-02,398,18,1.81,11.61,OK,Kanti Central Store,Ambient
2026-06-30,BATCH-002796,HOSP-KP-003,MED-055,17,ampoule,18.0,2026-05-25,2028-04-16,656,18,1.81,9.39,LOW_STOCK,Kanti Central Store,Ambient
2026-06-30,BATCH-002797,HOSP-KP-003,MED-056,46,ampoule,45.0,2026-05-19,2028-05-29,699,14,1.488,30.91,OK,Private Distributor - Kathmandu,Ambient
2026-06-30,BATCH-002798,HOSP-KP-003,MED-057,11,bottle,55.0,2024-11-25,2026-10-08,100,8,0.857,12.83,OK,Local Pharmacy Wholesaler,Ambient
2026-06-30,BATCH-002799,HOSP-KP-003,MED-057,14,bottle,55.0,2024-11-22,2026-10-05,97,8,0.857,16.33,OK,Nepal CMS,Ambient
2026-06-30,BATCH-002800,HOSP-KP-003,MED-058,11,bottle,90.0,2026-05-31,2028-06-16,717,5,0.583,18.86,OK,DoDA Logistics,Ambient
2026-06-30,BATCH-002801,HOSP-KP-003,MED-059,6,bottle,70.0,2026-01-31,2027-05-16,320,5,0.571,10.5,OK,BPKMCH Pharmacy Store,Ambient
2026-06-30,BATCH-002802,HOSP-KP-003,MED-059,5,bottle,70.0,2026-06-22,2027-10-29,486,5,0.571,8.75,LOW_STOCK,DoDA Logistics,Ambient
2026-06-30,BATCH-002803,HOSP-KP-003,MED-059,5,bottle,70.0,2026-06-22,2028-04-27,667,5,0.571,8.75,LOW_STOCK,DoDA Logistics,Ambient
2026-06-30,BATCH-002804,HOSP-KP-003,MED-060,4,vial,2500.0,2025-10-09,2027-06-02,337,4,0.44,9.08,LOW_STOCK,Local Pharmacy Wholesaler,Cold_Chain
2026-06-30,BATCH-002805,HOSP-KP-003,MED-060,4,vial,2500.0,2025-09-09,2027-08-19,415,4,0.44,9.08,LOW_STOCK,Local Pharmacy Wholesaler,Cold_Chain
2026-06-30,BATCH-002806,HOSP-KP-003,MED-061,10,ampoule,25.0,2025-03-02,2026-10-08,100,12,1.238,8.08,LOW_STOCK,UNICEF Supply,Ambient
2026-06-30,BATCH-002807,HOSP-KP-003,MED-061,8,ampoule,25.0,2025-12-10,2026-11-20,143,12,1.238,6.46,LOW_STOCK,UNICEF Supply,Ambient
2026-06-30,BATCH-002808,HOSP-KP-003,MED-062,14,ampoule,12.0,2024-01-31,2026-11-07,130,9,0.976,14.34,OK,DoDA Logistics,Ambient
2026-06-30,BATCH-002809,HOSP-KP-003,MED-062,8,ampoule,12.0,2026-06-21,2029-05-14,1049,9,0.976,8.2,LOW_STOCK,Nepal CMS,Ambient
2026-06-30,BATCH-002810,HOSP-KP-003,MED-062,7,ampoule,12.0,2026-05-18,2029-01-09,924,9,0.976,7.17,LOW_STOCK,Kanti Central Store,Ambient
2026-06-30,BATCH-002811,HOSP-KP-003,MED-063,4,vial,850.0,2025-09-01,2027-04-04,278,7,0.702,5.69,LOW_STOCK,DoDA Logistics,Cold_Chain
2026-06-30,BATCH-002812,HOSP-KP-003,MED-063,2,vial,850.0,2025-09-17,2026-08-10,41,7,0.702,2.85,LOW_AND_NEAR_EXPIRY,DoDA Logistics,Cold_Chain
2026-06-30,BATCH-002813,HOSP-KP-003,MED-063,2,vial,850.0,2026-02-02,2027-05-27,331,7,0.702,2.85,LOW_STOCK,Private Distributor - Kathmandu,Cold_Chain
2026-06-30,BATCH-002814,HOSP-KP-003,MED-064,55,roll,80.0,2026-06-22,2029-02-20,966,55,5.548,9.91,LOW_STOCK,Kanti Central Store,Ambient
2026-06-30,BATCH-002815,HOSP-KP-003,MED-064,31,roll,80.0,2026-06-28,2029-11-20,1239,55,5.548,5.59,LOW_STOCK,BPKMCH Pharmacy Store,Ambient
2026-06-30,BATCH-002816,HOSP-KP-003,MED-064,63,roll,80.0,2025-02-23,2028-10-28,851,55,5.548,11.36,OK,Nepal CMS,Ambient
2026-06-30,BATCH-002817,HOSP-KP-003,MED-065,13,unit,0.0,2026-06-29,2026-07-17,17,9,0.988,13.16,NEAR_EXPIRY,Local Pharmacy Wholesaler,Cold_Chain
2026-06-30,BATCH-002818,HOSP-KP-003,MED-065,5,unit,0.0,2026-05-31,2026-08-01,32,9,0.988,5.06,LOW_AND_NEAR_EXPIRY,BPKMCH Pharmacy Store,Cold_Chain
2026-06-30,BATCH-002819,HOSP-KP-003,MED-065,14,unit,0.0,2026-05-20,2026-07-29,29,9,0.988,14.17,NEAR_EXPIRY,Nepal CMS,Cold_Chain
2026-06-30,BATCH-002820,HOSP-KP-003,MED-066,29,unit,0.0,2026-06-30,2026-07-14,14,9,0.905,32.05,NEAR_EXPIRY,UNICEF Supply,Cold_Chain
2026-06-30,BATCH-002821,HOSP-KP-003,MED-067,16,vial,40.0,2026-06-20,2028-06-14,715,33,3.369,4.75,LOW_STOCK,BPKMCH Pharmacy Store,Ambient
2026-06-30,BATCH-002822,HOSP-KP-003,MED-067,18,vial,40.0,2024-09-27,2027-02-02,217,33,3.369,5.34,LOW_STOCK,UNICEF Supply,Ambient
2026-06-30,BATCH-002823,HOSP-KP-003,MED-068,7,vial,180.0,2025-03-05,2026-11-04,127,12,1.262,5.55,LOW_STOCK,UNICEF Supply,Ambient
2026-06-30,BATCH-002824,HOSP-KP-003,MED-068,11,vial,180.0,2023-12-18,2026-08-08,39,12,1.262,8.72,LOW_AND_NEAR_EXPIRY,Kanti Central Store,Ambient
2026-06-30,BATCH-002825,HOSP-KP-003,MED-069,8,ampoule,95.0,2026-06-17,2029-03-07,981,9,0.94,8.51,LOW_STOCK,BPKMCH Pharmacy Store,Ambient
2026-06-30,BATCH-002826,HOSP-KP-003,MED-069,20,ampoule,95.0,2026-06-02,2028-09-04,797,9,0.94,21.27,OK,UNICEF Supply,Ambient
2026-06-30,BATCH-002827,HOSP-KP-003,MED-070,38,sachet,120.0,2026-06-21,2028-06-18,719,32,3.202,11.87,OK,Local Pharmacy Wholesaler,Ambient
2026-06-30,BATCH-002828,HOSP-KP-003,MED-071,7,ampoule,150.0,2025-03-06,2027-02-02,217,11,1.179,5.94,LOW_STOCK,UNICEF Supply,Ambient
2026-06-30,BATCH-002829,HOSP-KP-003,MED-071,14,ampoule,150.0,2026-03-18,2028-01-30,579,11,1.179,11.88,OK,BPKMCH Pharmacy Store,Ambient
2026-06-30,BATCH-002830,HOSP-KP-003,MED-072,46,vial,650.0,2026-06-03,2027-04-02,276,29,2.976,15.46,OK,Local Pharmacy Wholesaler,Ambient
2026-06-30,BATCH-002831,HOSP-KP-003,MED-072,14,vial,650.0,2025-06-04,2026-11-01,124,29,2.976,4.7,LOW_STOCK,Nepal CMS,Ambient
2026-06-30,BATCH-002832,HOSP-KP-003,MED-072,41,vial,650.0,2025-08-11,2026-12-12,165,29,2.976,13.78,OK,Private Distributor - Kathmandu,Ambient
2026-06-30,BATCH-002833,HOSP-KP-004,MED-001,112,tablet,1.5,2026-06-23,2029-05-02,1037,51,5.143,21.78,OK,Kanti Central Store,Ambient
2026-06-30,BATCH-002834,HOSP-KP-004,MED-002,6,bottle,45.0,2026-06-16,2028-06-18,719,8,0.857,7.0,LOW_STOCK,Private Distributor - Kathmandu,Ambient
2026-06-30,BATCH-002835,HOSP-KP-004,MED-002,3,bottle,45.0,2025-01-23,2026-11-02,125,8,0.857,3.5,LOW_STOCK,Provincial Medical Store,Ambient
2026-06-30,BATCH-002836,HOSP-KP-004,MED-002,4,bottle,45.0,2026-06-19,2027-08-12,408,8,0.857,4.67,LOW_STOCK,BPKMCH Pharmacy Store,Ambient
2026-06-30,BATCH-002837,HOSP-KP-004,MED-003,64,tablet,2.5,2025-10-31,2027-04-15,289,22,2.214,28.9,OK,Nepal CMS,Ambient
2026-06-30,BATCH-002838,HOSP-KP-004,MED-004,30,ampoule,25.0,2026-05-20,2027-08-13,409,7,0.762,39.38,OK,DoDA Logistics,Ambient
2026-06-30,BATCH-002839,HOSP-KP-004,MED-005,90,capsule,6.0,2026-05-26,2028-02-13,593,23,2.369,37.99,OK,Nepal CMS,Ambient
2026-06-30,BATCH-002840,HOSP-KP-004,MED-006,13,tablet,35.0,2025-06-04,2027-01-22,206,12,1.202,10.81,OK,Local Pharmacy Wholesaler,Ambient
2026-06-30,BATCH-002841,HOSP-KP-004,MED-006,11,tablet,35.0,2025-09-22,2026-12-19,172,12,1.202,9.15,LOW_STOCK,UNICEF Supply,Ambient
2026-06-30,BATCH-002842,HOSP-KP-004,MED-006,18,tablet,35.0,2026-06-11,2027-12-18,536,12,1.202,14.97,OK,Provincial Medical Store,Ambient
2026-06-30,BATCH-002843,HOSP-KP-004,MED-007,43,tablet,40.0,2024-12-01,2026-11-09,132,10,1.012,42.49,OK,DoDA Logistics,Ambient
2026-06-30,BATCH-002844,HOSP-KP-004,MED-008,49,tablet,8.0,2024-02-15,2026-07-21,21,16,1.643,29.83,NEAR_EXPIRY,Nepal CMS,Ambient
2026-06-30,BATCH-002845,HOSP-KP-004,MED-009,47,vial,85.0,2026-06-27,2027-09-30,457,11,1.155,40.7,OK,BPKMCH Pharmacy Store,Ambient
2026-06-30,BATCH-002846,HOSP-KP-004,MED-010,36,tablet,2.0,2026-05-23,2028-01-20,569,14,1.452,24.79,OK,Kanti Central Store,Ambient
2026-06-30,BATCH-002847,HOSP-KP-004,MED-011,64,sachet,8.0,2025-03-01,2027-05-25,329,41,4.167,15.36,OK,DoDA Logistics,Ambient
2026-06-30,BATCH-002848,HOSP-KP-004,MED-012,33,tablet,1.2,2025-12-08,2028-01-16,565,20,2.024,16.31,OK,Local Pharmacy Wholesaler,Ambient
2026-06-30,BATCH-002849,HOSP-KP-004,MED-012,19,tablet,1.2,2026-05-18,2029-05-07,1042,20,2.024,9.39,LOW_STOCK,BPKMCH Pharmacy Store,Ambient
2026-06-30,BATCH-002850,HOSP-KP-004,MED-012,31,tablet,1.2,2026-06-16,2029-05-26,1061,20,2.024,15.32,OK,Local Pharmacy Wholesaler,Ambient
2026-06-30,BATCH-002851,HOSP-KP-004,MED-013,18,bag,55.0,2026-06-16,2027-05-10,314,13,1.357,13.26,OK,Kanti Central Store,Ambient
2026-06-30,BATCH-002852,HOSP-KP-004,MED-013,25,bag,55.0,2025-08-30,2027-05-30,334,13,1.357,18.42,OK,Nepal CMS,Ambient
2026-06-30,BATCH-002853,HOSP-KP-004,MED-013,23,bag,55.0,2025-09-27,2027-03-10,253,13,1.357,16.95,OK,DoDA Logistics,Ambient
2026-06-30,BATCH-002854,HOSP-KP-004,MED-014,77,bag,45.0,2025-08-05,2027-06-06,341,22,2.286,33.69,OK,UNICEF Supply,Ambient
2026-06-30,BATCH-002855,HOSP-KP-004,MED-015,5,bag,48.0,2025-11-13,2027-06-28,363,8,0.893,5.6,LOW_STOCK,DoDA Logistics,Ambient
2026-06-30,BATCH-002856,HOSP-KP-004,MED-015,9,bag,48.0,2025-09-19,2027-09-06,433,8,0.893,10.08,OK,UNICEF Supply,Ambient
2026-06-30,BATCH-002857,HOSP-KP-004,MED-016,16,tablet,15.0,2025-04-27,2026-11-09,132,3,0.369,43.35,OK,Private Distributor - Kathmandu,Ambient
2026-06-30,BATCH-002858,HOSP-KP-004,MED-017,1,tablet,1.8,2026-03-23,2028-08-20,782,3,0.095,10.5,LOW_STOCK,DoDA Logistics,Ambient
2026-06-30,BATCH-002859,HOSP-KP-004,MED-017,1,tablet,1.8,2026-06-23,2028-03-07,616,3,0.095,10.5,LOW_STOCK,Provincial Medical Store,Ambient
2026-06-30,BATCH-002860,HOSP-KP-004,MED-018,5,unit,180.0,2026-04-15,2027-05-21,325,5,0.5,10.0,LOW_STOCK,Provincial Medical Store,Ambient
2026-06-30,BATCH-002861,HOSP-KP-004,MED-018,7,unit,180.0,2026-06-24,2028-04-05,645,5,0.5,14.0,OK,Private Distributor - Kathmandu,Ambient
2026-06-30,BATCH-002862,HOSP-KP-004,MED-019,11,ampoule,30.0,2025-01-14,2026-09-05,67,5,0.524,21.0,NEAR_EXPIRY,Private Distributor - Kathmandu,Ambient
2026-06-30,BATCH-002863,HOSP-KP-004,MED-020,8,bottle,55.0,2025-05-08,2027-01-31,215,4,0.464,17.23,OK,UNICEF Supply,Ambient
2026-06-30,BATCH-002864,HOSP-KP-004,MED-020,3,bottle,55.0,2026-05-26,2028-06-18,719,4,0.464,6.46,LOW_STOCK,Nepal CMS,Ambient
2026-06-30,BATCH-002865,HOSP-KP-004,MED-020,6,bottle,55.0,2025-02-12,2027-01-11,195,4,0.464,12.92,OK,BPKMCH Pharmacy Store,Ambient
2026-06-30,BATCH-002866,HOSP-KP-004,MED-021,78,tablet,1.0,2025-12-07,2027-09-20,447,22,2.226,35.04,OK,UNICEF Supply,Ambient
2026-06-30,BATCH-002867,HOSP-KP-004,MED-022,52,tablet,2.5,2025-02-19,2026-08-25,56,18,1.81,28.74,NEAR_EXPIRY,DoDA Logistics,Ambient
2026-06-30,BATCH-002868,HOSP-KP-004,MED-023,35,tablet,1.5,2025-05-10,2026-09-12,74,25,2.583,13.55,NEAR_EXPIRY,Provincial Medical Store,Ambient
2026-06-30,BATCH-002869,HOSP-KP-004,MED-023,57,tablet,1.5,2026-02-23,2028-12-03,887,25,2.583,22.06,OK,Local Pharmacy Wholesaler,Ambient
2026-06-30,BATCH-002870,HOSP-KP-004,MED-024,2,vial,450.0,2025-05-18,2027-02-26,241,3,0.381,5.25,LOW_STOCK,UNICEF Supply,Cold_Chain
2026-06-30,BATCH-002871,HOSP-KP-004,MED-024,1,vial,450.0,2025-08-18,2026-07-22,22,3,0.381,2.62,LOW_AND_NEAR_EXPIRY,BPKMCH Pharmacy Store,Cold_Chain
2026-06-30,BATCH-002872,HOSP-KP-004,MED-024,2,vial,450.0,2026-02-11,2027-12-26,544,3,0.381,5.25,LOW_STOCK,Provincial Medical Store,Cold_Chain
2026-06-30,BATCH-002873,HOSP-KP-004,MED-025,9,tablet,3.0,2026-06-25,2028-09-01,794,11,1.167,7.71,LOW_STOCK,Kanti Central Store,Ambient
2026-06-30,BATCH-002874,HOSP-KP-004,MED-025,7,tablet,3.0,2026-06-22,2029-01-18,933,11,1.167,6.0,LOW_STOCK,DoDA Logistics,Ambient
2026-06-30,BATCH-002875,HOSP-KP-004,MED-025,8,tablet,3.0,2026-03-16,2027-07-22,387,11,1.167,6.86,LOW_STOCK,UNICEF Supply,Ambient
2026-06-30,BATCH-002876,HOSP-KP-004,MED-026,30,tablet,0.8,2024-08-03,2027-01-21,205,16,1.643,18.26,OK,DoDA Logistics,Ambient
2026-06-30,BATCH-002877,HOSP-KP-004,MED-026,38,tablet,0.8,2026-06-12,2028-07-19,750,16,1.643,23.13,OK,UNICEF Supply,Ambient
2026-06-30,BATCH-002878,HOSP-KP-004,MED-027,49,capsule,2.0,2024-08-22,2027-05-27,331,25,2.56,19.14,OK,Local Pharmacy Wholesaler,Ambient
2026-06-30,BATCH-002879,HOSP-KP-004,MED-028,57,tablet,6.0,2025-03-01,2027-01-29,213,14,1.464,38.93,OK,DoDA Logistics,Ambient
2026-06-30,BATCH-002880,HOSP-KP-004,MED-029,6,tablet,1.5,2026-03-04,2028-06-14,715,7,0.786,7.64,LOW_STOCK,Provincial Medical Store,Ambient
2026-06-30,BATCH-002881,HOSP-KP-004,MED-029,12,tablet,1.5,2026-06-22,2028-12-26,910,7,0.786,15.27,OK,Local Pharmacy Wholesaler,Ambient
2026-06-30,BATCH-002882,HOSP-KP-004,MED-030,5,bottle_100ml,85.0,2026-05-17,2028-08-29,791,5,0.595,8.4,LOW_STOCK,UNICEF Supply,Ambient
2026-06-30,BATCH-002883,HOSP-KP-004,MED-030,14,bottle_100ml,85.0,2026-06-02,2029-06-04,1070,5,0.595,23.52,OK,BPKMCH Pharmacy Store,Ambient
2026-06-30,BATCH-002884,HOSP-KP-004,MED-031,24,pair,25.0,2026-06-18,2030-04-30,1400,30,3.06,7.84,LOW_STOCK,Nepal CMS,Ambient
2026-06-30,BATCH-002885,HOSP-KP-004,MED-031,26,pair,25.0,2024-12-14,2027-07-28,393,30,3.06,8.5,LOW_STOCK,Private Distributor - Kathmandu,Ambient
2026-06-30,BATCH-002886,HOSP-KP-004,MED-032,134,piece,5.0,2023-12-19,2027-05-01,305,45,4.56,29.39,OK,Nepal CMS,Ambient
2026-06-30,BATCH-002887,HOSP-KP-004,MED-033,31,piece,35.0,2022-07-28,2026-07-14,14,12,1.286,24.11,NEAR_EXPIRY,DoDA Logistics,Ambient
2026-06-30,BATCH-002888,HOSP-KP-004,MED-033,14,piece,35.0,2025-09-06,2029-11-03,1222,12,1.286,10.89,OK,Local Pharmacy Wholesaler,Ambient
2026-06-30,BATCH-002889,HOSP-KP-004,MED-033,17,piece,35.0,2026-04-05,2029-11-26,1245,12,1.286,13.22,OK,UNICEF Supply,Ambient
2026-06-30,BATCH-002890,HOSP-KP-004,MED-034,9,vial,25.0,2025-12-19,2027-06-29,364,3,0.214,42.0,OK,DoDA Logistics,Cold_Chain
2026-06-30,BATCH-002891,HOSP-KP-004,MED-035,2,vial,350.0,2025-09-25,2026-09-14,76,3,0.143,14.0,LOW_AND_NEAR_EXPIRY,Private Distributor - Kathmandu,Cold_Chain
2026-06-30,BATCH-002892,HOSP-KP-004,MED-035,1,vial,350.0,2025-10-01,2026-10-21,113,3,0.143,7.0,LOW_STOCK,Provincial Medical Store,Cold_Chain
2026-06-30,BATCH-002893,HOSP-KP-004,MED-035,1,vial,350.0,2026-06-19,2028-05-29,699,3,0.143,7.0,LOW_STOCK,BPKMCH Pharmacy Store,Cold_Chain
2026-06-30,BATCH-002894,HOSP-KP-004,MED-036,35,tablet,0.5,2026-02-04,2027-09-17,444,18,1.81,19.34,OK,Local Pharmacy Wholesaler,Ambient
2026-06-30,BATCH-002895,HOSP-KP-004,MED-036,45,tablet,0.5,2026-01-07,2027-09-12,439,18,1.81,24.87,OK,Nepal CMS,Ambient
2026-06-30,BATCH-002896,HOSP-KP-004,MED-037,2,tablet,8.0,2023-11-24,2026-09-10,72,4,0.405,4.94,LOW_AND_NEAR_EXPIRY,Private Distributor - Kathmandu,Ambient
2026-06-30,BATCH-002897,HOSP-KP-004,MED-037,4,tablet,8.0,2026-05-30,2029-04-09,1014,4,0.405,9.88,LOW_STOCK,Private Distributor - Kathmandu,Ambient
2026-06-30,BATCH-002898,HOSP-KP-004,MED-038,23,ampoule,12.0,2024-09-09,2026-08-08,39,5,0.524,43.91,NEAR_EXPIRY,Kanti Central Store,Ambient
2026-06-30,BATCH-002899,HOSP-KP-004,MED-039,8,ampoule,10.0,2026-06-26,2028-11-13,867,3,0.298,26.88,OK,DoDA Logistics,Ambient
2026-06-30,BATCH-002900,HOSP-KP-004,MED-039,7,ampoule,10.0,2026-02-11,2027-09-24,451,3,0.298,23.52,OK,Provincial Medical Store,Ambient
2026-06-30,BATCH-002901,HOSP-KP-004,MED-040,3,ampoule,28.0,2025-03-25,2026-08-09,40,3,0.274,10.96,LOW_AND_NEAR_EXPIRY,Kanti Central Store,Ambient
2026-06-30,BATCH-002902,HOSP-KP-004,MED-040,2,ampoule,28.0,2024-08-31,2026-08-08,39,3,0.274,7.3,LOW_AND_NEAR_EXPIRY,DoDA Logistics,Ambient
2026-06-30,BATCH-002903,HOSP-KP-004,MED-040,3,ampoule,28.0,2025-09-15,2027-05-24,328,3,0.274,10.96,LOW_STOCK,UNICEF Supply,Ambient
2026-06-30,BATCH-002906,HOSP-KP-004,MED-042,1,vial,1200.0,2026-06-12,2027-12-28,546,3,0.036,28.0,LOW_STOCK,Private Distributor - Kathmandu,Cold_Chain
2026-06-30,BATCH-002907,HOSP-KP-004,MED-042,1,vial,1200.0,2026-05-23,2028-01-22,571,3,0.036,28.0,LOW_STOCK,Provincial Medical Store,Cold_Chain
2026-06-30,BATCH-002916,HOSP-KP-004,MED-047,60,sachet,6.0,2026-06-07,2028-06-22,723,15,1.512,39.69,OK,BPKMCH Pharmacy Store,Ambient
2026-06-30,BATCH-002917,HOSP-KP-004,MED-048,4,bottle,65.0,2025-08-18,2027-02-23,238,3,0.345,11.59,OK,BPKMCH Pharmacy Store,Ambient
2026-06-30,BATCH-002918,HOSP-KP-004,MED-048,1,bottle,65.0,2026-06-12,2028-05-19,689,3,0.345,2.9,LOW_STOCK,DoDA Logistics,Ambient
2026-06-30,BATCH-002919,HOSP-KP-004,MED-048,3,bottle,65.0,2026-03-05,2027-11-22,510,3,0.345,8.69,LOW_STOCK,Provincial Medical Store,Ambient
2026-06-30,BATCH-002920,HOSP-KP-004,MED-049,14,capsule,2.0,2026-06-20,2027-11-30,518,6,0.655,21.38,OK,Nepal CMS,Ambient
2026-06-30,BATCH-002921,HOSP-KP-004,MED-049,14,capsule,2.0,2025-12-24,2027-02-02,217,6,0.655,21.38,OK,DoDA Logistics,Ambient
2026-06-30,BATCH-002922,HOSP-KP-004,MED-050,5,vial,120.0,2026-02-18,2026-12-08,161,4,0.417,12.0,OK,Private Distributor - Kathmandu,Cold_Chain
2026-06-30,BATCH-002923,HOSP-KP-004,MED-050,6,vial,120.0,2025-12-24,2027-07-02,367,4,0.417,14.4,OK,Private Distributor - Kathmandu,Cold_Chain
2026-06-30,BATCH-002924,HOSP-KP-004,MED-050,6,vial,120.0,2026-06-13,2027-10-28,485,4,0.417,14.4,OK,Private Distributor - Kathmandu,Cold_Chain
2026-06-30,BATCH-002925,HOSP-KP-004,MED-051,4,vial,80.0,2025-01-21,2026-12-10,163,3,0.321,12.44,OK,BPKMCH Pharmacy Store,Cold_Chain
2026-06-30,BATCH-002926,HOSP-KP-004,MED-051,4,vial,80.0,2026-01-15,2027-09-27,454,3,0.321,12.44,OK,Private Distributor - Kathmandu,Cold_Chain
2026-06-30,BATCH-002927,HOSP-KP-004,MED-052,11,kit,25.0,2026-06-29,2027-10-22,479,7,0.738,14.9,OK,Kanti Central Store,Ambient
2026-06-30,BATCH-002928,HOSP-KP-004,MED-052,10,kit,25.0,2024-12-25,2026-07-25,25,7,0.738,13.55,NEAR_EXPIRY,Provincial Medical Store,Ambient
2026-06-30,BATCH-002929,HOSP-KP-004,MED-053,10,ampoule,35.0,2026-06-16,2028-01-20,569,6,0.69,14.48,OK,Kanti Central Store,Cold_Chain
2026-06-30,BATCH-002930,HOSP-KP-004,MED-053,12,ampoule,35.0,2026-05-30,2027-08-31,427,6,0.69,17.38,OK,Kanti Central Store,Cold_Chain
2026-06-30,BATCH-002931,HOSP-KP-004,MED-054,3,tablet,20.0,2025-08-20,2026-10-03,95,4,0.464,6.46,LOW_STOCK,BPKMCH Pharmacy Store,Ambient
2026-06-30,BATCH-002932,HOSP-KP-004,MED-054,8,tablet,20.0,2025-05-17,2027-02-01,216,4,0.464,17.23,OK,BPKMCH Pharmacy Store,Ambient
2026-06-30,BATCH-002933,HOSP-KP-004,MED-055,9,ampoule,18.0,2024-12-09,2027-09-17,444,3,0.226,39.79,OK,DoDA Logistics,Ambient
2026-06-30,BATCH-002934,HOSP-KP-004,MED-056,11,ampoule,45.0,2025-02-19,2027-05-13,317,3,0.226,48.63,OK,Provincial Medical Store,Ambient
2026-06-30,BATCH-002935,HOSP-KP-004,MED-057,2,bottle,55.0,2025-06-13,2026-12-26,179,3,0.155,12.92,LOW_STOCK,DoDA Logistics,Ambient
2026-06-30,BATCH-002936,HOSP-KP-004,MED-057,3,bottle,55.0,2025-09-15,2027-07-09,374,3,0.155,19.38,LOW_STOCK,Provincial Medical Store,Ambient
2026-06-30,BATCH-002937,HOSP-KP-004,MED-058,1,bottle,90.0,2026-05-30,2027-06-18,353,3,0.119,8.4,LOW_STOCK,Local Pharmacy Wholesaler,Ambient
2026-06-30,BATCH-002938,HOSP-KP-004,MED-058,1,bottle,90.0,2025-03-06,2026-08-11,42,3,0.119,8.4,LOW_AND_NEAR_EXPIRY,Nepal CMS,Ambient
2026-06-30,BATCH-002939,HOSP-KP-004,MED-058,2,bottle,90.0,2026-01-03,2027-05-08,312,3,0.119,16.8,LOW_STOCK,Kanti Central Store,Ambient
2026-06-30,BATCH-002940,HOSP-KP-004,MED-059,2,bottle,70.0,2025-07-03,2027-05-17,321,3,0.071,28.0,LOW_STOCK,BPKMCH Pharmacy Store,Ambient
2026-06-30,BATCH-002941,HOSP-KP-004,MED-060,3,vial,2500.0,2026-06-03,2028-05-28,698,3,0.095,31.5,LOW_STOCK,UNICEF Supply,Cold_Chain
2026-06-30,BATCH-002942,HOSP-KP-004,MED-061,9,ampoule,25.0,2026-06-04,2028-02-12,592,3,0.25,36.0,OK,Nepal CMS,Ambient
2026-06-30,BATCH-002943,HOSP-KP-004,MED-062,3,ampoule,12.0,2025-12-05,2028-06-21,722,3,0.107,28.0,LOW_STOCK,Local Pharmacy Wholesaler,Ambient
2026-06-30,BATCH-002944,HOSP-KP-004,MED-063,1,vial,850.0,2026-06-03,2028-02-24,604,3,0.071,14.0,LOW_STOCK,Provincial Medical Store,Cold_Chain
2026-06-30,BATCH-002945,HOSP-KP-004,MED-063,1,vial,850.0,2025-11-07,2027-10-02,459,3,0.071,14.0,LOW_STOCK,Kanti Central Store,Cold_Chain
2026-06-30,BATCH-002946,HOSP-KP-004,MED-064,16,roll,80.0,2024-02-12,2026-08-16,47,6,0.69,23.17,NEAR_EXPIRY,UNICEF Supply,Ambient
2026-06-30,BATCH-002947,HOSP-KP-004,MED-065,7,unit,0.0,2026-06-14,2026-07-30,30,3,0.167,42.0,NEAR_EXPIRY,Provincial Medical Store,Cold_Chain
2026-06-30,BATCH-002948,HOSP-KP-004,MED-066,1,unit,0.0,2026-06-26,2026-07-09,9,3,0.107,9.33,LOW_AND_NEAR_EXPIRY,Provincial Medical Store,Cold_Chain
2026-06-30,BATCH-002949,HOSP-KP-004,MED-066,2,unit,0.0,2026-06-13,2026-07-04,4,3,0.107,18.67,LOW_AND_NEAR_EXPIRY,Kanti Central Store,Cold_Chain
2026-06-30,BATCH-002950,HOSP-KP-004,MED-067,5,vial,40.0,2026-03-07,2028-06-22,723,3,0.333,15.0,OK,Private Distributor - Kathmandu,Ambient
2026-06-30,BATCH-002951,HOSP-KP-004,MED-067,3,vial,40.0,2024-03-18,2026-08-19,50,3,0.333,9.0,LOW_AND_NEAR_EXPIRY,Provincial Medical Store,Ambient
2026-06-30,BATCH-002952,HOSP-KP-004,MED-067,2,vial,40.0,2025-02-10,2026-07-07,7,3,0.333,6.0,LOW_AND_NEAR_EXPIRY,Private Distributor - Kathmandu,Ambient
2026-06-30,BATCH-002953,HOSP-KP-004,MED-068,5,vial,180.0,2025-02-21,2026-09-20,82,3,0.131,38.18,NEAR_EXPIRY,Local Pharmacy Wholesaler,Ambient
2026-06-30,BATCH-002954,HOSP-KP-004,MED-069,7,ampoule,95.0,2025-03-17,2026-11-13,136,3,0.19,36.75,OK,Local Pharmacy Wholesaler,Ambient
2026-06-30,BATCH-002955,HOSP-KP-004,MED-070,6,sachet,120.0,2025-07-12,2027-03-08,251,3,0.369,16.26,OK,UNICEF Supply,Ambient
2026-06-30,BATCH-002956,HOSP-KP-004,MED-070,3,sachet,120.0,2026-06-20,2028-02-20,600,3,0.369,8.13,LOW_STOCK,Private Distributor - Kathmandu,Ambient
2026-06-30,BATCH-002957,HOSP-KP-004,MED-070,3,sachet,120.0,2026-06-01,2028-04-25,665,3,0.369,8.13,LOW_STOCK,BPKMCH Pharmacy Store,Ambient
2026-06-30,BATCH-002958,HOSP-KP-004,MED-071,6,ampoule,150.0,2025-02-10,2026-08-06,37,3,0.131,45.82,NEAR_EXPIRY,Provincial Medical Store,Ambient
2026-06-30,BATCH-002959,HOSP-KP-004,MED-072,3,vial,650.0,2026-05-21,2028-03-18,627,3,0.202,14.82,LOW_STOCK,Private Distributor - Kathmandu,Ambient
2026-06-30,BATCH-002960,HOSP-MD-001,MED-001,1792,tablet,1.5,2025-06-18,2028-03-07,616,1484,148.488,12.07,OK,Private Distributor - Kathmandu,Ambient
2026-06-30,BATCH-002961,HOSP-MD-001,MED-001,2134,tablet,1.5,2025-01-03,2027-06-28,363,1484,148.488,14.37,OK,DoDA Logistics,Ambient
2026-06-30,BATCH-002962,HOSP-MD-001,MED-002,394,bottle,45.0,2026-05-29,2028-03-18,627,237,23.75,16.59,OK,Provincial Medical Store,Ambient
2026-06-30,BATCH-002963,HOSP-MD-001,MED-002,124,bottle,45.0,2025-12-06,2027-03-01,244,237,23.75,5.22,LOW_STOCK,Kanti Central Store,Ambient
2026-06-30,BATCH-002964,HOSP-MD-001,MED-002,249,bottle,45.0,2026-04-22,2027-07-18,383,237,23.75,10.48,OK,Kanti Central Store,Ambient
2026-06-30,BATCH-002965,HOSP-MD-001,MED-003,1432,tablet,2.5,2026-01-26,2028-02-21,601,406,40.679,35.2,OK,BPKMCH Pharmacy Store,Ambient
2026-06-30,BATCH-002966,HOSP-MD-001,MED-004,90,ampoule,25.0,2026-06-04,2027-06-09,344,144,14.476,6.22,LOW_STOCK,Private Distributor - Kathmandu,Ambient
2026-06-30,BATCH-002967,HOSP-MD-001,MED-004,90,ampoule,25.0,2026-05-29,2028-03-03,612,144,14.476,6.22,LOW_STOCK,UNICEF Supply,Ambient
2026-06-30,BATCH-002968,HOSP-MD-001,MED-004,178,ampoule,25.0,2026-06-14,2028-01-14,563,144,14.476,12.3,OK,BPKMCH Pharmacy Store,Ambient
2026-06-30,BATCH-002969,HOSP-MD-001,MED-005,1046,capsule,6.0,2025-08-15,2026-11-16,139,788,78.833,13.27,OK,Private Distributor - Kathmandu,Ambient
2026-06-30,BATCH-002970,HOSP-MD-001,MED-005,484,capsule,6.0,2025-10-06,2027-05-19,323,788,78.833,6.14,LOW_STOCK,Local Pharmacy Wholesaler,Ambient
2026-06-30,BATCH-002971,HOSP-MD-001,MED-005,448,capsule,6.0,2025-04-23,2026-07-23,23,788,78.833,5.68,LOW_AND_NEAR_EXPIRY,Private Distributor - Kathmandu,Ambient
2026-06-30,BATCH-002972,HOSP-MD-001,MED-006,158,tablet,35.0,2026-06-26,2028-01-23,572,348,34.833,4.54,LOW_STOCK,UNICEF Supply,Ambient
2026-06-30,BATCH-002973,HOSP-MD-001,MED-006,128,tablet,35.0,2025-03-31,2027-03-15,258,348,34.833,3.67,LOW_STOCK,BPKMCH Pharmacy Store,Ambient
2026-06-30,BATCH-002974,HOSP-MD-001,MED-006,119,tablet,35.0,2025-06-03,2026-09-04,66,348,34.833,3.42,LOW_AND_NEAR_EXPIRY,Kanti Central Store,Ambient
2026-06-30,BATCH-002975,HOSP-MD-001,MED-007,85,tablet,40.0,2026-06-14,2028-01-13,562,247,24.702,3.44,LOW_STOCK,DoDA Logistics,Ambient
2026-06-30,BATCH-002976,HOSP-MD-001,MED-007,252,tablet,40.0,2026-04-15,2027-04-01,275,247,24.702,10.2,OK,UNICEF Supply,Ambient
2026-06-30,BATCH-002977,HOSP-MD-001,MED-008,280,tablet,8.0,2023-11-15,2026-07-28,28,378,37.821,7.4,LOW_AND_NEAR_EXPIRY,Local Pharmacy Wholesaler,Ambient
2026-06-30,BATCH-002978,HOSP-MD-001,MED-008,210,tablet,8.0,2024-08-09,2027-07-02,367,378,37.821,5.55,LOW_STOCK,UNICEF Supply,Ambient
2026-06-30,BATCH-002979,HOSP-MD-001,MED-008,288,tablet,8.0,2026-06-01,2028-11-29,883,378,37.821,7.61,LOW_STOCK,Nepal CMS,Ambient
2026-06-30,BATCH-002980,HOSP-MD-001,MED-009,596,vial,85.0,2026-06-07,2028-05-31,701,303,30.381,19.62,OK,BPKMCH Pharmacy Store,Ambient
2026-06-30,BATCH-002981,HOSP-MD-001,MED-010,390,tablet,2.0,2026-06-18,2028-06-01,702,406,40.69,9.58,LOW_STOCK,Provincial Medical Store,Ambient
2026-06-30,BATCH-002982,HOSP-MD-001,MED-010,477,tablet,2.0,2026-03-02,2028-11-30,884,406,40.69,11.72,OK,Nepal CMS,Ambient
2026-06-30,BATCH-002983,HOSP-MD-001,MED-010,529,tablet,2.0,2024-02-29,2026-08-17,48,406,40.69,13.0,NEAR_EXPIRY,Provincial Medical Store,Ambient
2026-06-30,BATCH-002984,HOSP-MD-001,MED-011,1095,sachet,8.0,2025-08-16,2027-11-10,498,1115,111.5,9.82,LOW_STOCK,Kanti Central Store,Ambient
2026-06-30,BATCH-002985,HOSP-MD-001,MED-011,2778,sachet,8.0,2026-05-22,2028-10-29,852,1115,111.5,24.91,OK,BPKMCH Pharmacy Store,Ambient
2026-06-30,BATCH-002986,HOSP-MD-001,MED-012,412,tablet,1.2,2024-12-31,2027-05-13,317,677,67.702,6.09,LOW_STOCK,BPKMCH Pharmacy Store,Ambient
2026-06-30,BATCH-002987,HOSP-MD-001,MED-012,892,tablet,1.2,2024-12-05,2027-07-12,377,677,67.702,13.18,OK,UNICEF Supply,Ambient
2026-06-30,BATCH-002988,HOSP-MD-001,MED-013,169,bag,55.0,2025-12-26,2027-06-08,343,330,33.024,5.12,LOW_STOCK,DoDA Logistics,Ambient
2026-06-30,BATCH-002989,HOSP-MD-001,MED-013,232,bag,55.0,2025-12-04,2026-10-31,123,330,33.024,7.03,LOW_STOCK,UNICEF Supply,Ambient
2026-06-30,BATCH-002990,HOSP-MD-001,MED-013,271,bag,55.0,2024-12-08,2026-10-16,108,330,33.024,8.21,LOW_STOCK,Local Pharmacy Wholesaler,Ambient
2026-06-30,BATCH-002991,HOSP-MD-001,MED-014,1618,bag,45.0,2025-11-29,2026-11-02,125,465,46.5,34.8,OK,Kanti Central Store,Ambient
2026-06-30,BATCH-002992,HOSP-MD-001,MED-015,459,bag,48.0,2026-05-05,2028-01-03,552,289,28.929,15.87,OK,DoDA Logistics,Ambient
2026-06-30,BATCH-002993,HOSP-MD-001,MED-016,436,tablet,15.0,2026-04-27,2027-08-27,423,171,17.167,25.4,OK,Provincial Medical Store,Ambient
2026-06-30,BATCH-002994,HOSP-MD-001,MED-017,156,tablet,1.8,2024-05-20,2026-07-19,19,61,6.107,25.54,NEAR_EXPIRY,BPKMCH Pharmacy Store,Ambient
2026-06-30,BATCH-002995,HOSP-MD-001,MED-018,140,unit,180.0,2026-06-13,2028-05-17,687,103,10.321,13.56,OK,Nepal CMS,Ambient
2026-06-30,BATCH-002996,HOSP-MD-001,MED-018,172,unit,180.0,2026-06-21,2028-05-25,695,103,10.321,16.66,OK,Provincial Medical Store,Ambient
2026-06-30,BATCH-002997,HOSP-MD-001,MED-019,82,ampoule,30.0,2025-01-31,2026-12-13,166,126,12.655,6.48,LOW_STOCK,Provincial Medical Store,Ambient
2026-06-30,BATCH-002998,HOSP-MD-001,MED-019,88,ampoule,30.0,2024-09-12,2026-07-21,21,126,12.655,6.95,LOW_AND_NEAR_EXPIRY,BPKMCH Pharmacy Store,Ambient
2026-06-30,BATCH-002999,HOSP-MD-001,MED-019,130,ampoule,30.0,2026-04-12,2027-10-09,466,126,12.655,10.27,OK,BPKMCH Pharmacy Store,Ambient
2026-06-30,BATCH-003000,HOSP-MD-001,MED-020,210,bottle,55.0,2026-06-11,2027-08-18,414,141,14.155,14.84,OK,UNICEF Supply,Ambient
2026-06-30,BATCH-003001,HOSP-MD-001,MED-020,277,bottle,55.0,2026-06-22,2027-11-08,496,141,14.155,19.57,OK,DoDA Logistics,Ambient
2026-06-30,BATCH-003002,HOSP-MD-001,MED-021,471,tablet,1.0,2026-06-22,2028-03-16,625,457,45.798,10.28,OK,Provincial Medical Store,Ambient
2026-06-30,BATCH-003003,HOSP-MD-001,MED-021,418,tablet,1.0,2026-06-12,2029-02-06,952,457,45.798,9.13,LOW_STOCK,Private Distributor - Kathmandu,Ambient
2026-06-30,BATCH-003004,HOSP-MD-001,MED-022,186,tablet,2.5,2026-06-26,2028-08-12,774,364,36.452,5.1,LOW_STOCK,Kanti Central Store,Ambient
2026-06-30,BATCH-003005,HOSP-MD-001,MED-022,142,tablet,2.5,2026-06-11,2028-02-13,593,364,36.452,3.9,LOW_STOCK,UNICEF Supply,Ambient
2026-06-30,BATCH-003006,HOSP-MD-001,MED-022,283,tablet,2.5,2026-06-08,2029-06-06,1072,364,36.452,7.76,LOW_STOCK,Provincial Medical Store,Ambient
2026-06-30,BATCH-003007,HOSP-MD-001,MED-023,527,tablet,1.5,2025-02-16,2026-10-16,108,473,47.393,11.12,OK,Provincial Medical Store,Ambient
2026-06-30,BATCH-003008,HOSP-MD-001,MED-023,304,tablet,1.5,2024-03-26,2027-02-03,218,473,47.393,6.41,LOW_STOCK,Nepal CMS,Ambient
2026-06-30,BATCH-003009,HOSP-MD-001,MED-023,285,tablet,1.5,2026-05-28,2028-11-24,878,473,47.393,6.01,LOW_STOCK,Provincial Medical Store,Ambient
2026-06-30,BATCH-003010,HOSP-MD-001,MED-024,97,vial,450.0,2025-11-06,2027-07-19,384,74,7.429,13.06,OK,Nepal CMS,Cold_Chain
2026-06-30,BATCH-003011,HOSP-MD-001,MED-025,423,tablet,3.0,2024-11-29,2027-01-27,211,342,34.25,12.35,OK,BPKMCH Pharmacy Store,Ambient
2026-06-30,BATCH-003012,HOSP-MD-001,MED-025,369,tablet,3.0,2026-06-27,2028-11-20,874,342,34.25,10.77,OK,BPKMCH Pharmacy Store,Ambient
2026-06-30,BATCH-003013,HOSP-MD-001,MED-026,773,tablet,0.8,2026-02-23,2027-08-13,409,324,32.488,23.79,OK,UNICEF Supply,Ambient
2026-06-30,BATCH-003014,HOSP-MD-001,MED-027,2022,capsule,2.0,2025-02-01,2027-12-02,520,578,57.893,34.93,OK,Provincial Medical Store,Ambient
2026-06-30,BATCH-003015,HOSP-MD-001,MED-028,533,tablet,6.0,2024-08-15,2027-06-08,343,272,27.238,19.57,OK,Provincial Medical Store,Ambient
2026-06-30,BATCH-003016,HOSP-MD-001,MED-029,244,tablet,1.5,2026-06-23,2028-11-13,867,276,27.69,8.81,LOW_STOCK,Local Pharmacy Wholesaler,Ambient
2026-06-30,BATCH-003017,HOSP-MD-001,MED-029,645,tablet,1.5,2026-05-26,2028-08-14,776,276,27.69,23.29,OK,Local Pharmacy Wholesaler,Ambient
2026-06-30,BATCH-003018,HOSP-MD-001,MED-030,73,bottle_100ml,85.0,2024-12-17,2026-08-30,61,136,13.655,5.35,LOW_AND_NEAR_EXPIRY,Private Distributor - Kathmandu,Ambient
2026-06-30,BATCH-003019,HOSP-MD-001,MED-030,90,bottle_100ml,85.0,2026-06-03,2028-10-07,830,136,13.655,6.59,LOW_STOCK,Kanti Central Store,Ambient
2026-06-30,BATCH-003020,HOSP-MD-001,MED-031,1220,pair,25.0,2026-06-01,2030-07-16,1477,736,73.679,16.56,OK,DoDA Logistics,Ambient
2026-06-30,BATCH-003021,HOSP-MD-001,MED-031,1206,pair,25.0,2026-06-18,2029-05-18,1053,736,73.679,16.37,OK,BPKMCH Pharmacy Store,Ambient
2026-06-30,BATCH-003022,HOSP-MD-001,MED-032,1989,piece,5.0,2026-05-24,2030-07-02,1463,963,96.345,20.64,OK,UNICEF Supply,Ambient
2026-06-30,BATCH-003023,HOSP-MD-001,MED-033,254,piece,35.0,2024-05-07,2026-09-09,71,318,31.881,7.97,LOW_AND_NEAR_EXPIRY,BPKMCH Pharmacy Store,Ambient
2026-06-30,BATCH-003024,HOSP-MD-001,MED-033,273,piece,35.0,2023-05-08,2027-03-14,257,318,31.881,8.56,LOW_STOCK,Private Distributor - Kathmandu,Ambient
2026-06-30,BATCH-003025,HOSP-MD-001,MED-033,480,piece,35.0,2025-04-06,2027-09-23,450,318,31.881,15.06,OK,DoDA Logistics,Ambient
2026-06-30,BATCH-003026,HOSP-MD-001,MED-034,31,vial,25.0,2026-01-15,2027-04-22,296,57,5.75,5.39,LOW_STOCK,Local Pharmacy Wholesaler,Cold_Chain
2026-06-30,BATCH-003027,HOSP-MD-001,MED-034,41,vial,25.0,2026-05-31,2028-06-11,712,57,5.75,7.13,LOW_STOCK,Provincial Medical Store,Cold_Chain
2026-06-30,BATCH-003028,HOSP-MD-001,MED-035,53,vial,350.0,2025-10-23,2026-08-07,38,37,3.774,14.04,NEAR_EXPIRY,Local Pharmacy Wholesaler,Cold_Chain
2026-06-30,BATCH-003029,HOSP-MD-001,MED-035,60,vial,350.0,2025-05-02,2026-11-19,142,37,3.774,15.9,OK,BPKMCH Pharmacy Store,Cold_Chain
2026-06-30,BATCH-003030,HOSP-MD-001,MED-036,358,tablet,0.5,2026-01-03,2027-02-23,238,453,45.393,7.89,LOW_STOCK,Private Distributor - Kathmandu,Ambient
2026-06-30,BATCH-003031,HOSP-MD-001,MED-036,393,tablet,0.5,2025-11-13,2027-08-11,407,453,45.393,8.66,LOW_STOCK,Kanti Central Store,Ambient
2026-06-30,BATCH-003032,HOSP-MD-001,MED-036,393,tablet,0.5,2025-07-26,2027-01-23,207,453,45.393,8.66,LOW_STOCK,UNICEF Supply,Ambient
2026-06-30,BATCH-003033,HOSP-MD-001,MED-037,77,tablet,8.0,2025-10-29,2028-07-03,734,97,9.738,7.91,LOW_STOCK,Provincial Medical Store,Ambient
2026-06-30,BATCH-003034,HOSP-MD-001,MED-037,77,tablet,8.0,2024-08-28,2027-06-30,365,97,9.738,7.91,LOW_STOCK,Provincial Medical Store,Ambient
2026-06-30,BATCH-003035,HOSP-MD-001,MED-038,110,ampoule,12.0,2026-06-02,2028-04-25,665,102,10.238,10.74,OK,Local Pharmacy Wholesaler,Ambient
2026-06-30,BATCH-003036,HOSP-MD-001,MED-039,33,ampoule,10.0,2026-06-27,2029-06-05,1071,81,8.107,4.07,LOW_STOCK,BPKMCH Pharmacy Store,Ambient
2026-06-30,BATCH-003037,HOSP-MD-001,MED-039,20,ampoule,10.0,2025-08-18,2027-06-27,362,81,8.107,2.47,LOW_STOCK,Kanti Central Store,Ambient
2026-06-30,BATCH-003038,HOSP-MD-001,MED-039,44,ampoule,10.0,2025-07-27,2026-10-17,109,81,8.107,5.43,LOW_STOCK,Provincial Medical Store,Ambient
2026-06-30,BATCH-003039,HOSP-MD-001,MED-040,142,ampoule,28.0,2024-01-21,2026-12-04,157,77,7.774,18.27,OK,Nepal CMS,Ambient
2026-06-30,BATCH-003040,HOSP-MD-001,MED-041,16,vial,180.0,2026-06-25,2027-06-25,360,12,1.202,13.31,OK,Private Distributor - Kathmandu,Ambient
2026-06-30,BATCH-003041,HOSP-MD-001,MED-042,9,vial,1200.0,2025-04-21,2027-04-03,277,5,0.548,16.43,OK,Nepal CMS,Cold_Chain
2026-06-30,BATCH-003042,HOSP-MD-001,MED-042,8,vial,1200.0,2026-04-24,2027-05-11,315,5,0.548,14.61,OK,Kanti Central Store,Cold_Chain
2026-06-30,BATCH-003043,HOSP-MD-001,MED-043,6,vial,3500.0,2025-08-13,2026-11-20,143,5,0.5,12.0,OK,Kanti Central Store,Ambient
2026-06-30,BATCH-003044,HOSP-MD-001,MED-044,4,vial,450.0,2025-09-18,2026-09-13,75,5,0.536,7.47,LOW_AND_NEAR_EXPIRY,DoDA Logistics,Ambient
2026-06-30,BATCH-003045,HOSP-MD-001,MED-044,5,vial,450.0,2026-06-17,2028-02-06,586,5,0.536,9.33,LOW_STOCK,UNICEF Supply,Ambient
2026-06-30,BATCH-003046,HOSP-MD-001,MED-045,38,tablet,15.0,2026-06-04,2027-11-28,516,23,2.357,16.12,OK,UNICEF Supply,Ambient
2026-06-30,BATCH-003047,HOSP-MD-001,MED-046,8,prefilled,4500.0,2026-06-11,2027-11-20,508,4,0.464,17.23,OK,Nepal CMS,Cold_Chain
2026-06-30,BATCH-003048,HOSP-MD-001,MED-047,259,sachet,6.0,2025-04-05,2026-10-30,122,326,32.607,7.94,LOW_STOCK,Provincial Medical Store,Ambient
2026-06-30,BATCH-003049,HOSP-MD-001,MED-047,589,sachet,6.0,2026-04-06,2027-08-01,397,326,32.607,18.06,OK,BPKMCH Pharmacy Store,Ambient
2026-06-30,BATCH-003050,HOSP-MD-001,MED-048,96,bottle,65.0,2025-03-16,2027-01-12,196,113,11.369,8.44,LOW_STOCK,BPKMCH Pharmacy Store,Ambient
2026-06-30,BATCH-003051,HOSP-MD-001,MED-048,99,bottle,65.0,2025-09-14,2027-06-15,350,113,11.369,8.71,LOW_STOCK,Provincial Medical Store,Ambient
2026-06-30,BATCH-003052,HOSP-MD-001,MED-048,147,bottle,65.0,2026-06-11,2027-04-29,303,113,11.369,12.93,OK,Kanti Central Store,Ambient
2026-06-30,BATCH-003053,HOSP-MD-001,MED-049,82,capsule,2.0,2024-09-23,2026-08-26,57,172,17.262,4.75,LOW_AND_NEAR_EXPIRY,Private Distributor - Kathmandu,Ambient
2026-06-30,BATCH-003054,HOSP-MD-001,MED-049,32,capsule,2.0,2025-03-07,2026-09-25,87,172,17.262,1.85,LOW_AND_NEAR_EXPIRY,Private Distributor - Kathmandu,Ambient
2026-06-30,BATCH-003055,HOSP-MD-001,MED-049,92,capsule,2.0,2026-06-27,2027-07-10,375,172,17.262,5.33,LOW_STOCK,Kanti Central Store,Ambient
2026-06-30,BATCH-003056,HOSP-MD-001,MED-050,90,vial,120.0,2025-12-13,2027-02-10,225,101,10.143,8.87,LOW_STOCK,UNICEF Supply,Cold_Chain
2026-06-30,BATCH-003057,HOSP-MD-001,MED-050,90,vial,120.0,2026-06-02,2027-04-19,293,101,10.143,8.87,LOW_STOCK,Nepal CMS,Cold_Chain
2026-06-30,BATCH-003058,HOSP-MD-001,MED-051,56,vial,80.0,2026-05-10,2028-01-24,573,68,6.881,8.14,LOW_STOCK,Kanti Central Store,Cold_Chain
2026-06-30,BATCH-003059,HOSP-MD-001,MED-051,64,vial,80.0,2025-11-01,2027-05-08,312,68,6.881,9.3,LOW_STOCK,Kanti Central Store,Cold_Chain
2026-06-30,BATCH-003060,HOSP-MD-001,MED-051,98,vial,80.0,2026-06-17,2027-09-09,436,68,6.881,14.24,OK,BPKMCH Pharmacy Store,Cold_Chain
2026-06-30,BATCH-003061,HOSP-MD-001,MED-052,63,kit,25.0,2026-06-06,2028-02-22,602,191,19.119,3.3,LOW_STOCK,Private Distributor - Kathmandu,Ambient
2026-06-30,BATCH-003062,HOSP-MD-001,MED-052,78,kit,25.0,2026-06-27,2027-10-25,482,191,19.119,4.08,LOW_STOCK,Nepal CMS,Ambient
2026-06-30,BATCH-003063,HOSP-MD-001,MED-052,92,kit,25.0,2024-12-17,2026-11-21,144,191,19.119,4.81,LOW_STOCK,Private Distributor - Kathmandu,Ambient
2026-06-30,BATCH-003064,HOSP-MD-001,MED-053,262,ampoule,35.0,2026-05-26,2028-01-08,557,150,15.095,17.36,OK,Nepal CMS,Cold_Chain
2026-06-30,BATCH-003065,HOSP-MD-001,MED-053,246,ampoule,35.0,2025-08-04,2026-12-23,176,150,15.095,16.3,OK,Nepal CMS,Cold_Chain
2026-06-30,BATCH-003066,HOSP-MD-001,MED-054,75,tablet,20.0,2025-06-20,2027-04-01,275,96,9.679,7.75,LOW_STOCK,BPKMCH Pharmacy Store,Ambient
2026-06-30,BATCH-003067,HOSP-MD-001,MED-054,186,tablet,20.0,2024-11-28,2026-07-08,8,96,9.679,19.22,NEAR_EXPIRY,Provincial Medical Store,Ambient
2026-06-30,BATCH-003068,HOSP-MD-001,MED-055,33,ampoule,18.0,2025-07-29,2028-02-26,606,52,5.214,6.33,LOW_STOCK,UNICEF Supply,Ambient
2026-06-30,BATCH-003069,HOSP-MD-001,MED-055,32,ampoule,18.0,2025-06-02,2027-01-28,212,52,5.214,6.14,LOW_STOCK,Kanti Central Store,Ambient
2026-06-30,BATCH-003070,HOSP-MD-001,MED-056,17,ampoule,45.0,2026-06-05,2028-09-14,807,44,4.44,3.83,LOW_STOCK,UNICEF Supply,Ambient
2026-06-30,BATCH-003071,HOSP-MD-001,MED-056,27,ampoule,45.0,2025-09-13,2028-04-28,668,44,4.44,6.08,LOW_STOCK,Nepal CMS,Ambient
2026-06-30,BATCH-003072,HOSP-MD-001,MED-057,119,bottle,55.0,2025-07-10,2026-09-17,79,38,3.845,30.95,NEAR_EXPIRY,DoDA Logistics,Ambient
2026-06-30,BATCH-003073,HOSP-MD-001,MED-058,16,bottle,90.0,2025-09-14,2026-12-14,167,30,3.083,5.19,LOW_STOCK,BPKMCH Pharmacy Store,Ambient
2026-06-30,BATCH-003074,HOSP-MD-001,MED-058,28,bottle,90.0,2026-03-31,2027-08-23,419,30,3.083,9.08,LOW_STOCK,Provincial Medical Store,Ambient
2026-06-30,BATCH-003075,HOSP-MD-001,MED-059,14,bottle,70.0,2026-06-08,2028-02-23,603,17,1.714,8.17,LOW_STOCK,DoDA Logistics,Ambient
2026-06-30,BATCH-003076,HOSP-MD-001,MED-059,19,bottle,70.0,2026-05-26,2028-04-26,666,17,1.714,11.08,OK,Private Distributor - Kathmandu,Ambient
2026-06-30,BATCH-003077,HOSP-MD-001,MED-060,37,vial,2500.0,2025-12-31,2027-11-02,490,19,1.976,18.72,OK,Private Distributor - Kathmandu,Cold_Chain
2026-06-30,BATCH-003078,HOSP-MD-001,MED-060,13,vial,2500.0,2025-07-22,2027-03-16,259,19,1.976,6.58,LOW_STOCK,Nepal CMS,Cold_Chain
2026-06-30,BATCH-003079,HOSP-MD-001,MED-060,17,vial,2500.0,2025-09-04,2027-06-02,337,19,1.976,8.6,LOW_STOCK,Kanti Central Store,Cold_Chain
2026-06-30,BATCH-003080,HOSP-MD-001,MED-061,36,ampoule,25.0,2024-12-18,2026-10-21,113,43,4.369,8.24,LOW_STOCK,Local Pharmacy Wholesaler,Ambient
2026-06-30,BATCH-003081,HOSP-MD-001,MED-061,49,ampoule,25.0,2026-06-14,2028-04-03,643,43,4.369,11.22,OK,DoDA Logistics,Ambient
2026-06-30,BATCH-003082,HOSP-MD-001,MED-062,16,ampoule,12.0,2025-06-28,2027-05-09,313,31,3.155,5.07,LOW_STOCK,UNICEF Supply,Ambient
2026-06-30,BATCH-003083,HOSP-MD-001,MED-062,21,ampoule,12.0,2026-06-20,2028-07-01,732,31,3.155,6.66,LOW_STOCK,BPKMCH Pharmacy Store,Ambient
2026-06-30,BATCH-003084,HOSP-MD-001,MED-062,21,ampoule,12.0,2024-09-14,2027-03-28,271,31,3.155,6.66,LOW_STOCK,Private Distributor - Kathmandu,Ambient
2026-06-30,BATCH-003085,HOSP-MD-001,MED-063,27,vial,850.0,2026-06-23,2027-12-07,525,26,2.631,10.26,OK,BPKMCH Pharmacy Store,Cold_Chain
2026-06-30,BATCH-003086,HOSP-MD-001,MED-063,53,vial,850.0,2025-09-29,2027-02-18,233,26,2.631,20.14,OK,Local Pharmacy Wholesaler,Cold_Chain
2026-06-30,BATCH-003087,HOSP-MD-001,MED-064,225,roll,80.0,2023-08-21,2026-09-06,68,250,25.06,8.98,LOW_AND_NEAR_EXPIRY,DoDA Logistics,Ambient
2026-06-30,BATCH-003088,HOSP-MD-001,MED-064,483,roll,80.0,2024-09-16,2029-01-26,941,250,25.06,19.27,OK,UNICEF Supply,Ambient
2026-06-30,BATCH-003089,HOSP-MD-001,MED-065,13,unit,0.0,2026-06-17,2026-07-12,12,37,3.726,3.49,LOW_AND_NEAR_EXPIRY,UNICEF Supply,Cold_Chain
2026-06-30,BATCH-003090,HOSP-MD-001,MED-065,10,unit,0.0,2026-06-18,2026-07-16,16,37,3.726,2.68,LOW_AND_NEAR_EXPIRY,Private Distributor - Kathmandu,Cold_Chain
2026-06-30,BATCH-003091,HOSP-MD-001,MED-065,19,unit,0.0,2026-06-18,2026-07-16,16,37,3.726,5.1,LOW_AND_NEAR_EXPIRY,Provincial Medical Store,Cold_Chain
2026-06-30,BATCH-003092,HOSP-MD-001,MED-066,90,unit,0.0,2026-06-29,2026-07-29,29,35,3.512,25.63,NEAR_EXPIRY,BPKMCH Pharmacy Store,Cold_Chain
2026-06-30,BATCH-003093,HOSP-MD-001,MED-067,140,vial,40.0,2026-05-21,2029-01-29,944,98,9.881,14.17,OK,Provincial Medical Store,Ambient
2026-06-30,BATCH-003094,HOSP-MD-001,MED-067,85,vial,40.0,2026-05-24,2029-05-22,1057,98,9.881,8.6,LOW_STOCK,UNICEF Supply,Ambient
2026-06-30,BATCH-003095,HOSP-MD-001,MED-067,87,vial,40.0,2024-06-04,2027-04-21,295,98,9.881,8.8,LOW_STOCK,Kanti Central Store,Ambient
2026-06-30,BATCH-003096,HOSP-MD-001,MED-068,72,vial,180.0,2026-03-02,2027-08-28,424,33,3.321,21.68,OK,UNICEF Supply,Ambient
2026-06-30,BATCH-003097,HOSP-MD-001,MED-069,36,ampoule,95.0,2026-05-17,2028-12-07,891,43,4.369,8.24,LOW_STOCK,DoDA Logistics,Ambient
2026-06-30,BATCH-003098,HOSP-MD-001,MED-069,32,ampoule,95.0,2025-02-04,2026-11-16,139,43,4.369,7.32,LOW_STOCK,Provincial Medical Store,Ambient
2026-06-30,BATCH-003099,HOSP-MD-001,MED-069,51,ampoule,95.0,2026-06-19,2028-05-22,692,43,4.369,11.67,OK,DoDA Logistics,Ambient
2026-06-30,BATCH-003100,HOSP-MD-001,MED-070,36,sachet,120.0,2025-03-30,2026-07-26,26,117,11.798,3.05,LOW_AND_NEAR_EXPIRY,UNICEF Supply,Ambient
2026-06-30,BATCH-003101,HOSP-MD-001,MED-070,85,sachet,120.0,2026-01-29,2027-07-05,370,117,11.798,7.2,LOW_STOCK,Private Distributor - Kathmandu,Ambient
2026-06-30,BATCH-003102,HOSP-MD-001,MED-071,37,ampoule,150.0,2026-01-06,2027-03-08,251,34,3.429,10.79,OK,Local Pharmacy Wholesaler,Ambient
2026-06-30,BATCH-003103,HOSP-MD-001,MED-071,80,ampoule,150.0,2026-05-26,2027-08-23,419,34,3.429,23.33,OK,Local Pharmacy Wholesaler,Ambient
2026-06-30,BATCH-003104,HOSP-MD-001,MED-072,72,vial,650.0,2026-06-12,2027-12-01,519,74,7.488,9.62,LOW_STOCK,DoDA Logistics,Ambient
2026-06-30,BATCH-003105,HOSP-MD-001,MED-072,22,vial,650.0,2026-06-01,2028-02-13,593,74,7.488,2.94,LOW_STOCK,Local Pharmacy Wholesaler,Ambient
2026-06-30,BATCH-003106,HOSP-MD-001,MED-072,54,vial,650.0,2025-10-02,2026-10-07,99,74,7.488,7.21,LOW_STOCK,Nepal CMS,Ambient
2026-06-30,BATCH-003107,HOSP-MD-002,MED-001,1025,tablet,1.5,2025-08-09,2027-02-07,222,1040,104.024,9.85,LOW_STOCK,Local Pharmacy Wholesaler,Ambient
2026-06-30,BATCH-003108,HOSP-MD-002,MED-001,309,tablet,1.5,2026-06-04,2027-11-28,516,1040,104.024,2.97,LOW_STOCK,BPKMCH Pharmacy Store,Ambient
2026-06-30,BATCH-003109,HOSP-MD-002,MED-001,722,tablet,1.5,2026-06-11,2028-08-26,788,1040,104.024,6.94,LOW_STOCK,Local Pharmacy Wholesaler,Ambient
2026-06-30,BATCH-003110,HOSP-MD-002,MED-002,428,bottle,45.0,2025-08-22,2027-06-24,359,142,14.274,29.98,OK,Kanti Central Store,Ambient
2026-06-30,BATCH-003111,HOSP-MD-002,MED-003,975,tablet,2.5,2024-05-24,2026-09-03,65,363,36.357,26.82,NEAR_EXPIRY,Private Distributor - Kathmandu,Ambient
2026-06-30,BATCH-003112,HOSP-MD-002,MED-004,87,ampoule,25.0,2026-05-08,2027-05-06,310,109,10.905,7.98,LOW_STOCK,BPKMCH Pharmacy Store,Ambient
2026-06-30,BATCH-003113,HOSP-MD-002,MED-004,51,ampoule,25.0,2025-09-25,2026-07-27,27,109,10.905,4.68,LOW_AND_NEAR_EXPIRY,DoDA Logistics,Ambient
2026-06-30,BATCH-003114,HOSP-MD-002,MED-004,46,ampoule,25.0,2026-02-20,2028-02-03,583,109,10.905,4.22,LOW_STOCK,Private Distributor - Kathmandu,Ambient
2026-06-30,BATCH-003115,HOSP-MD-002,MED-005,1259,capsule,6.0,2026-05-28,2028-01-22,571,533,53.31,23.62,OK,Local Pharmacy Wholesaler,Ambient
2026-06-30,BATCH-003116,HOSP-MD-002,MED-006,153,tablet,35.0,2025-06-19,2026-11-20,143,186,18.631,8.21,LOW_STOCK,UNICEF Supply,Ambient
2026-06-30,BATCH-003117,HOSP-MD-002,MED-006,164,tablet,35.0,2025-07-27,2026-12-10,163,186,18.631,8.8,LOW_STOCK,UNICEF Supply,Ambient
2026-06-30,BATCH-003118,HOSP-MD-002,MED-006,213,tablet,35.0,2026-06-12,2028-03-29,638,186,18.631,11.43,OK,DoDA Logistics,Ambient
2026-06-30,BATCH-003119,HOSP-MD-002,MED-007,195,tablet,40.0,2025-09-02,2026-10-10,102,167,16.762,11.63,OK,Kanti Central Store,Ambient
2026-06-30,BATCH-003120,HOSP-MD-002,MED-007,182,tablet,40.0,2025-07-31,2026-10-15,107,167,16.762,10.86,OK,Kanti Central Store,Ambient
2026-06-30,BATCH-003121,HOSP-MD-002,MED-008,203,tablet,8.0,2026-05-18,2029-05-28,1063,256,25.631,7.92,LOW_STOCK,Nepal CMS,Ambient
2026-06-30,BATCH-003122,HOSP-MD-002,MED-008,206,tablet,8.0,2024-12-21,2027-05-20,324,256,25.631,8.04,LOW_STOCK,Provincial Medical Store,Ambient
2026-06-30,BATCH-003123,HOSP-MD-002,MED-009,296,vial,85.0,2025-09-23,2027-01-06,190,182,18.202,16.26,OK,UNICEF Supply,Ambient
2026-06-30,BATCH-003124,HOSP-MD-002,MED-009,142,vial,85.0,2025-06-18,2027-04-06,280,182,18.202,7.8,LOW_STOCK,Nepal CMS,Ambient
2026-06-30,BATCH-003125,HOSP-MD-002,MED-009,163,vial,85.0,2026-06-16,2028-01-24,573,182,18.202,8.95,LOW_STOCK,UNICEF Supply,Ambient
2026-06-30,BATCH-003126,HOSP-MD-002,MED-010,401,tablet,2.0,2026-06-19,2028-08-15,777,330,33.048,12.13,OK,Private Distributor - Kathmandu,Ambient
2026-06-30,BATCH-003127,HOSP-MD-002,MED-010,746,tablet,2.0,2026-05-29,2028-07-09,740,330,33.048,22.57,OK,Kanti Central Store,Ambient
2026-06-30,BATCH-003128,HOSP-MD-002,MED-011,885,sachet,8.0,2025-07-23,2027-10-17,474,818,81.893,10.81,OK,Kanti Central Store,Ambient
2026-06-30,BATCH-003129,HOSP-MD-002,MED-011,397,sachet,8.0,2024-10-25,2026-10-23,115,818,81.893,4.85,LOW_STOCK,Private Distributor - Kathmandu,Ambient
2026-06-30,BATCH-003130,HOSP-MD-002,MED-011,399,sachet,8.0,2024-10-30,2027-08-27,423,818,81.893,4.87,LOW_STOCK,Private Distributor - Kathmandu,Ambient
2026-06-30,BATCH-003131,HOSP-MD-002,MED-012,212,tablet,1.2,2026-02-23,2027-07-01,366,429,42.952,4.94,LOW_STOCK,BPKMCH Pharmacy Store,Ambient
2026-06-30,BATCH-003132,HOSP-MD-002,MED-012,206,tablet,1.2,2023-11-14,2026-10-23,115,429,42.952,4.8,LOW_STOCK,DoDA Logistics,Ambient
2026-06-30,BATCH-003133,HOSP-MD-002,MED-012,237,tablet,1.2,2026-05-24,2029-03-08,982,429,42.952,5.52,LOW_STOCK,Provincial Medical Store,Ambient
2026-06-30,BATCH-003134,HOSP-MD-002,MED-013,243,bag,55.0,2026-04-11,2028-02-29,609,262,26.238,9.26,LOW_STOCK,Local Pharmacy Wholesaler,Ambient
2026-06-30,BATCH-003135,HOSP-MD-002,MED-013,184,bag,55.0,2024-10-24,2026-08-14,45,262,26.238,7.01,LOW_AND_NEAR_EXPIRY,Provincial Medical Store,Ambient
2026-06-30,BATCH-003136,HOSP-MD-002,MED-013,162,bag,55.0,2026-02-15,2028-01-20,569,262,26.238,6.17,LOW_STOCK,Local Pharmacy Wholesaler,Ambient
2026-06-30,BATCH-003137,HOSP-MD-002,MED-014,196,bag,45.0,2026-02-27,2027-03-14,257,365,36.595,5.36,LOW_STOCK,Provincial Medical Store,Ambient
2026-06-30,BATCH-003138,HOSP-MD-002,MED-014,376,bag,45.0,2026-06-18,2027-12-02,520,365,36.595,10.27,OK,Provincial Medical Store,Ambient
2026-06-30,BATCH-003139,HOSP-MD-002,MED-015,180,bag,48.0,2026-06-07,2027-10-26,483,194,19.452,9.25,LOW_STOCK,BPKMCH Pharmacy Store,Ambient
2026-06-30,BATCH-003140,HOSP-MD-002,MED-015,206,bag,48.0,2024-12-09,2026-11-28,151,194,19.452,10.59,OK,Kanti Central Store,Ambient
2026-06-30,BATCH-003141,HOSP-MD-002,MED-016,95,tablet,15.0,2026-03-04,2027-02-22,237,88,8.821,10.77,OK,UNICEF Supply,Ambient
2026-06-30,BATCH-003142,HOSP-MD-002,MED-016,199,tablet,15.0,2026-06-01,2028-02-08,588,88,8.821,22.56,OK,Local Pharmacy Wholesaler,Ambient
2026-06-30,BATCH-003143,HOSP-MD-002,MED-017,44,tablet,1.8,2026-06-30,2028-08-05,767,47,4.714,9.33,LOW_STOCK,Private Distributor - Kathmandu,Ambient
2026-06-30,BATCH-003144,HOSP-MD-002,MED-017,76,tablet,1.8,2026-06-11,2028-09-05,798,47,4.714,16.12,OK,Local Pharmacy Wholesaler,Ambient
2026-06-30,BATCH-003145,HOSP-MD-002,MED-018,23,unit,180.0,2026-06-28,2028-01-16,565,46,4.655,4.94,LOW_STOCK,Provincial Medical Store,Ambient
2026-06-30,BATCH-003146,HOSP-MD-002,MED-018,33,unit,180.0,2024-12-16,2026-10-18,110,46,4.655,7.09,LOW_STOCK,DoDA Logistics,Ambient
2026-06-30,BATCH-003147,HOSP-MD-002,MED-019,120,ampoule,30.0,2025-07-22,2026-09-17,79,86,8.679,13.83,NEAR_EXPIRY,UNICEF Supply,Ambient
2026-06-30,BATCH-003148,HOSP-MD-002,MED-019,117,ampoule,30.0,2025-08-01,2027-02-18,233,86,8.679,13.48,OK,BPKMCH Pharmacy Store,Ambient
2026-06-30,BATCH-003149,HOSP-MD-002,MED-020,43,bottle,55.0,2025-12-18,2027-03-19,262,81,8.107,5.3,LOW_STOCK,Provincial Medical Store,Ambient
2026-06-30,BATCH-003150,HOSP-MD-002,MED-020,29,bottle,55.0,2025-03-13,2026-10-28,120,81,8.107,3.58,LOW_STOCK,Provincial Medical Store,Ambient
2026-06-30,BATCH-003151,HOSP-MD-002,MED-020,40,bottle,55.0,2025-07-07,2026-07-12,12,81,8.107,4.93,LOW_AND_NEAR_EXPIRY,Nepal CMS,Ambient
2026-06-30,BATCH-003152,HOSP-MD-002,MED-021,1212,tablet,1.0,2025-04-11,2026-07-17,17,343,34.369,35.26,NEAR_EXPIRY,Nepal CMS,Ambient
2026-06-30,BATCH-003153,HOSP-MD-002,MED-022,298,tablet,2.5,2026-04-09,2028-01-12,561,265,26.548,11.23,OK,Kanti Central Store,Ambient
2026-06-30,BATCH-003154,HOSP-MD-002,MED-022,80,tablet,2.5,2024-11-27,2027-08-06,402,265,26.548,3.01,LOW_STOCK,UNICEF Supply,Ambient
2026-06-30,BATCH-003155,HOSP-MD-002,MED-022,201,tablet,2.5,2025-06-25,2026-09-15,77,265,26.548,7.57,LOW_AND_NEAR_EXPIRY,Private Distributor - Kathmandu,Ambient
2026-06-30,BATCH-003156,HOSP-MD-002,MED-023,953,tablet,1.5,2025-09-12,2027-08-09,405,421,42.155,22.61,OK,Kanti Central Store,Ambient
2026-06-30,BATCH-003157,HOSP-MD-002,MED-024,75,vial,450.0,2025-06-29,2027-04-13,287,49,4.952,15.14,OK,DoDA Logistics,Cold_Chain
2026-06-30,BATCH-003158,HOSP-MD-002,MED-025,121,tablet,3.0,2025-01-30,2027-06-01,336,180,18.0,6.72,LOW_STOCK,Private Distributor - Kathmandu,Ambient
2026-06-30,BATCH-003159,HOSP-MD-002,MED-025,147,tablet,3.0,2025-09-25,2028-07-04,735,180,18.0,8.17,LOW_STOCK,Local Pharmacy Wholesaler,Ambient
2026-06-30,BATCH-003160,HOSP-MD-002,MED-026,308,tablet,0.8,2025-01-03,2027-06-14,349,289,28.94,10.64,OK,UNICEF Supply,Ambient
2026-06-30,BATCH-003161,HOSP-MD-002,MED-026,82,tablet,0.8,2026-06-04,2029-02-06,952,289,28.94,2.83,LOW_STOCK,UNICEF Supply,Ambient
2026-06-30,BATCH-003162,HOSP-MD-002,MED-026,221,tablet,0.8,2025-07-21,2028-01-03,552,289,28.94,7.64,LOW_STOCK,Kanti Central Store,Ambient
2026-06-30,BATCH-003163,HOSP-MD-002,MED-027,522,capsule,2.0,2026-01-28,2028-10-15,838,457,45.774,11.4,OK,Private Distributor - Kathmandu,Ambient
2026-06-30,BATCH-003164,HOSP-MD-002,MED-027,465,capsule,2.0,2026-05-27,2028-12-21,905,457,45.774,10.16,OK,DoDA Logistics,Ambient
2026-06-30,BATCH-003165,HOSP-MD-002,MED-027,587,capsule,2.0,2026-06-15,2029-02-08,954,457,45.774,12.82,OK,DoDA Logistics,Ambient
2026-06-30,BATCH-003166,HOSP-MD-002,MED-028,400,tablet,6.0,2024-01-21,2026-12-28,181,153,15.393,25.99,OK,DoDA Logistics,Ambient
2026-06-30,BATCH-003167,HOSP-MD-002,MED-029,72,tablet,1.5,2024-01-14,2026-12-17,170,172,17.226,4.18,LOW_STOCK,Nepal CMS,Ambient
2026-06-30,BATCH-003168,HOSP-MD-002,MED-029,151,tablet,1.5,2025-01-11,2026-07-26,26,172,17.226,8.77,LOW_AND_NEAR_EXPIRY,DoDA Logistics,Ambient
2026-06-30,BATCH-003169,HOSP-MD-002,MED-030,32,bottle_100ml,85.0,2026-02-12,2027-09-21,448,71,7.119,4.49,LOW_STOCK,Kanti Central Store,Ambient
2026-06-30,BATCH-003170,HOSP-MD-002,MED-030,87,bottle_100ml,85.0,2024-10-06,2026-12-25,178,71,7.119,12.22,OK,Kanti Central Store,Ambient
2026-06-30,BATCH-003171,HOSP-MD-002,MED-031,1268,pair,25.0,2026-06-01,2028-11-17,871,429,42.988,29.5,OK,Kanti Central Store,Ambient
2026-06-30,BATCH-003172,HOSP-MD-002,MED-032,1762,piece,5.0,2026-05-22,2030-08-16,1508,704,70.464,25.01,OK,DoDA Logistics,Ambient
2026-06-30,BATCH-003173,HOSP-MD-002,MED-033,657,piece,35.0,2026-04-07,2028-10-03,826,195,19.583,33.55,OK,UNICEF Supply,Ambient
2026-06-30,BATCH-003174,HOSP-MD-002,MED-034,46,vial,25.0,2026-04-11,2027-08-09,405,46,4.643,9.91,LOW_STOCK,Kanti Central Store,Cold_Chain
2026-06-30,BATCH-003175,HOSP-MD-002,MED-035,40,vial,350.0,2025-06-08,2027-03-11,254,20,2.048,19.53,OK,UNICEF Supply,Cold_Chain
2026-06-30,BATCH-003176,HOSP-MD-002,MED-036,218,tablet,0.5,2025-12-18,2027-01-09,193,369,36.976,5.9,LOW_STOCK,DoDA Logistics,Ambient
2026-06-30,BATCH-003177,HOSP-MD-002,MED-036,246,tablet,0.5,2026-06-22,2027-08-07,403,369,36.976,6.65,LOW_STOCK,Nepal CMS,Ambient
2026-06-30,BATCH-003178,HOSP-MD-002,MED-037,51,tablet,8.0,2026-05-01,2028-11-21,875,64,6.417,7.95,LOW_STOCK,UNICEF Supply,Ambient
2026-06-30,BATCH-003179,HOSP-MD-002,MED-037,58,tablet,8.0,2024-07-31,2026-12-11,164,64,6.417,9.04,LOW_STOCK,Provincial Medical Store,Ambient
2026-06-30,BATCH-003180,HOSP-MD-002,MED-037,77,tablet,8.0,2026-06-08,2028-09-17,810,64,6.417,12.0,OK,Private Distributor - Kathmandu,Ambient
2026-06-30,BATCH-003181,HOSP-MD-002,MED-038,55,ampoule,12.0,2026-06-09,2027-12-22,540,74,7.464,7.37,LOW_STOCK,Kanti Central Store,Ambient
2026-06-30,BATCH-003182,HOSP-MD-002,MED-038,47,ampoule,12.0,2026-04-26,2027-09-09,436,74,7.464,6.3,LOW_STOCK,Kanti Central Store,Ambient
2026-06-30,BATCH-003183,HOSP-MD-002,MED-038,88,ampoule,12.0,2026-06-20,2028-06-17,718,74,7.464,11.79,OK,BPKMCH Pharmacy Store,Ambient
2026-06-30,BATCH-003184,HOSP-MD-002,MED-039,73,ampoule,10.0,2026-06-04,2029-05-07,1042,65,6.548,11.15,OK,Provincial Medical Store,Ambient
2026-06-30,BATCH-003185,HOSP-MD-002,MED-039,29,ampoule,10.0,2025-07-18,2027-11-21,509,65,6.548,4.43,LOW_STOCK,Provincial Medical Store,Ambient
2026-06-30,BATCH-003186,HOSP-MD-002,MED-039,70,ampoule,10.0,2025-03-04,2026-10-10,102,65,6.548,10.69,OK,UNICEF Supply,Ambient
2026-06-30,BATCH-003187,HOSP-MD-002,MED-040,57,ampoule,28.0,2026-06-14,2028-12-31,915,54,5.405,10.55,OK,Local Pharmacy Wholesaler,Ambient
2026-06-30,BATCH-003188,HOSP-MD-002,MED-040,23,ampoule,28.0,2026-04-16,2028-08-18,780,54,5.405,4.26,LOW_STOCK,Nepal CMS,Ambient
2026-06-30,BATCH-003189,HOSP-MD-002,MED-040,65,ampoule,28.0,2025-10-04,2027-04-01,275,54,5.405,12.03,OK,BPKMCH Pharmacy Store,Ambient
2026-06-30,BATCH-003190,HOSP-MD-002,MED-041,10,vial,180.0,2026-02-11,2027-07-08,373,9,0.917,10.91,OK,Local Pharmacy Wholesaler,Ambient
2026-06-30,BATCH-003191,HOSP-MD-002,MED-041,8,vial,180.0,2025-04-30,2026-07-17,17,9,0.917,8.73,LOW_AND_NEAR_EXPIRY,Private Distributor - Kathmandu,Ambient
2026-06-30,BATCH-003192,HOSP-MD-002,MED-041,7,vial,180.0,2026-04-26,2028-03-24,633,9,0.917,7.64,LOW_STOCK,UNICEF Supply,Ambient
2026-06-30,BATCH-003193,HOSP-MD-002,MED-042,11,vial,1200.0,2025-02-27,2026-11-21,144,5,0.595,18.48,OK,Nepal CMS,Cold_Chain
2026-06-30,BATCH-003194,HOSP-MD-002,MED-042,3,vial,1200.0,2026-06-05,2027-11-02,490,5,0.595,5.04,LOW_STOCK,BPKMCH Pharmacy Store,Cold_Chain
2026-06-30,BATCH-003195,HOSP-MD-002,MED-042,6,vial,1200.0,2026-06-24,2028-03-14,623,5,0.595,10.08,OK,Nepal CMS,Cold_Chain
2026-06-30,BATCH-003196,HOSP-MD-002,MED-043,10,vial,3500.0,2025-11-06,2026-09-30,92,3,0.333,30.0,OK,Local Pharmacy Wholesaler,Ambient
2026-06-30,BATCH-003197,HOSP-MD-002,MED-044,3,vial,450.0,2026-06-06,2028-03-19,628,4,0.452,6.63,LOW_STOCK,DoDA Logistics,Ambient
2026-06-30,BATCH-003198,HOSP-MD-002,MED-044,2,vial,450.0,2026-06-17,2027-07-09,374,4,0.452,4.42,LOW_STOCK,Local Pharmacy Wholesaler,Ambient
2026-06-30,BATCH-003199,HOSP-MD-002,MED-044,2,vial,450.0,2025-07-22,2026-12-24,177,4,0.452,4.42,LOW_STOCK,UNICEF Supply,Ambient
2026-06-30,BATCH-003200,HOSP-MD-002,MED-045,43,tablet,15.0,2026-06-23,2027-10-11,468,17,1.702,25.26,OK,Kanti Central Store,Ambient
2026-06-30,BATCH-003201,HOSP-MD-002,MED-046,1,prefilled,4500.0,2026-05-29,2027-03-15,258,3,0.119,8.4,LOW_STOCK,Local Pharmacy Wholesaler,Cold_Chain
2026-06-30,BATCH-003202,HOSP-MD-002,MED-046,1,prefilled,4500.0,2026-05-25,2027-09-05,432,3,0.119,8.4,LOW_STOCK,Provincial Medical Store,Cold_Chain
2026-06-30,BATCH-003203,HOSP-MD-002,MED-046,1,prefilled,4500.0,2026-06-11,2027-07-05,370,3,0.119,8.4,LOW_STOCK,Kanti Central Store,Cold_Chain
2026-06-30,BATCH-003204,HOSP-MD-002,MED-047,138,sachet,6.0,2024-12-21,2026-12-28,181,189,18.917,7.3,LOW_STOCK,Nepal CMS,Ambient
2026-06-30,BATCH-003205,HOSP-MD-002,MED-047,106,sachet,6.0,2026-06-23,2028-10-20,843,189,18.917,5.6,LOW_STOCK,BPKMCH Pharmacy Store,Ambient
2026-06-30,BATCH-003206,HOSP-MD-002,MED-047,110,sachet,6.0,2026-06-25,2028-11-18,872,189,18.917,5.81,LOW_STOCK,Provincial Medical Store,Ambient
2026-06-30,BATCH-003207,HOSP-MD-002,MED-048,107,bottle,65.0,2025-11-20,2027-01-05,189,80,8.012,13.36,OK,Local Pharmacy Wholesaler,Ambient
2026-06-30,BATCH-003208,HOSP-MD-002,MED-048,146,bottle,65.0,2026-06-29,2028-02-12,592,80,8.012,18.22,OK,Nepal CMS,Ambient
2026-06-30,BATCH-003209,HOSP-MD-002,MED-049,136,capsule,2.0,2025-09-01,2027-03-03,246,112,11.298,12.04,OK,Local Pharmacy Wholesaler,Ambient
2026-06-30,BATCH-003210,HOSP-MD-002,MED-049,265,capsule,2.0,2025-07-14,2026-11-15,138,112,11.298,23.46,OK,Provincial Medical Store,Ambient
2026-06-30,BATCH-003211,HOSP-MD-002,MED-050,48,vial,120.0,2025-08-25,2026-07-24,24,57,5.798,8.28,LOW_AND_NEAR_EXPIRY,Kanti Central Store,Cold_Chain
2026-06-30,BATCH-003212,HOSP-MD-002,MED-050,107,vial,120.0,2026-02-13,2027-12-29,547,57,5.798,18.46,OK,Private Distributor - Kathmandu,Cold_Chain
2026-06-30,BATCH-003213,HOSP-MD-002,MED-051,70,vial,80.0,2026-05-17,2027-07-10,375,44,4.429,15.81,OK,Private Distributor - Kathmandu,Cold_Chain
2026-06-30,BATCH-003214,HOSP-MD-002,MED-051,29,vial,80.0,2025-11-15,2026-11-30,153,44,4.429,6.55,LOW_STOCK,UNICEF Supply,Cold_Chain
2026-06-30,BATCH-003215,HOSP-MD-002,MED-051,38,vial,80.0,2025-08-31,2027-06-26,361,44,4.429,8.58,LOW_STOCK,UNICEF Supply,Cold_Chain
2026-06-30,BATCH-003216,HOSP-MD-002,MED-052,355,kit,25.0,2026-01-28,2027-12-15,533,144,14.488,24.5,OK,Local Pharmacy Wholesaler,Ambient
2026-06-30,BATCH-003217,HOSP-MD-002,MED-053,364,ampoule,35.0,2026-04-14,2027-05-10,314,105,10.5,34.67,OK,UNICEF Supply,Cold_Chain
2026-06-30,BATCH-003218,HOSP-MD-002,MED-054,187,tablet,20.0,2026-06-29,2027-10-22,479,55,5.548,33.71,OK,DoDA Logistics,Ambient
2026-06-30,BATCH-003219,HOSP-MD-002,MED-055,73,ampoule,18.0,2026-06-02,2028-04-14,654,29,2.929,24.93,OK,Private Distributor - Kathmandu,Ambient
2026-06-30,BATCH-003220,HOSP-MD-002,MED-056,25,ampoule,45.0,2026-06-03,2028-08-21,783,22,2.298,10.88,OK,Nepal CMS,Ambient
2026-06-30,BATCH-003221,HOSP-MD-002,MED-056,42,ampoule,45.0,2026-06-08,2029-01-04,919,22,2.298,18.28,OK,UNICEF Supply,Ambient
2026-06-30,BATCH-003222,HOSP-MD-002,MED-057,20,bottle,55.0,2025-08-07,2026-08-06,37,25,2.5,8.0,LOW_AND_NEAR_EXPIRY,Private Distributor - Kathmandu,Ambient
2026-06-30,BATCH-003223,HOSP-MD-002,MED-057,19,bottle,55.0,2026-05-07,2027-03-21,264,25,2.5,7.6,LOW_STOCK,Provincial Medical Store,Ambient
2026-06-30,BATCH-003224,HOSP-MD-002,MED-057,37,bottle,55.0,2026-02-09,2027-05-11,315,25,2.5,14.8,OK,BPKMCH Pharmacy Store,Ambient
2026-06-30,BATCH-003225,HOSP-MD-002,MED-058,25,bottle,90.0,2025-10-01,2027-09-04,431,12,1.226,20.39,OK,Kanti Central Store,Ambient
2026-06-30,BATCH-003226,HOSP-MD-002,MED-059,18,bottle,70.0,2026-02-19,2027-08-28,424,17,1.714,10.5,OK,Nepal CMS,Ambient
2026-06-30,BATCH-003227,HOSP-MD-002,MED-060,14,vial,2500.0,2026-01-01,2027-05-31,335,11,1.179,11.88,OK,BPKMCH Pharmacy Store,Cold_Chain
2026-06-30,BATCH-003228,HOSP-MD-002,MED-060,12,vial,2500.0,2026-06-03,2027-11-05,493,11,1.179,10.18,OK,Local Pharmacy Wholesaler,Cold_Chain
2026-06-30,BATCH-003229,HOSP-MD-002,MED-060,15,vial,2500.0,2026-06-02,2027-04-18,292,11,1.179,12.73,OK,Kanti Central Store,Cold_Chain
2026-06-30,BATCH-003230,HOSP-MD-002,MED-061,56,ampoule,25.0,2026-06-22,2027-11-29,517,31,3.155,17.75,OK,Local Pharmacy Wholesaler,Ambient
2026-06-30,BATCH-003231,HOSP-MD-002,MED-062,59,ampoule,12.0,2026-06-04,2028-06-15,716,22,2.25,26.22,OK,DoDA Logistics,Ambient
2026-06-30,BATCH-003232,HOSP-MD-002,MED-063,15,vial,850.0,2026-05-04,2027-09-12,439,17,1.714,8.75,LOW_STOCK,Kanti Central Store,Cold_Chain
2026-06-30,BATCH-003233,HOSP-MD-002,MED-063,12,vial,850.0,2025-04-26,2027-02-20,235,17,1.714,7.0,LOW_STOCK,UNICEF Supply,Cold_Chain
2026-06-30,BATCH-003234,HOSP-MD-002,MED-063,23,vial,850.0,2025-04-29,2027-03-10,253,17,1.714,13.42,OK,UNICEF Supply,Cold_Chain
2026-06-30,BATCH-003235,HOSP-MD-002,MED-064,269,roll,80.0,2023-11-04,2028-08-15,777,125,12.536,21.46,OK,Provincial Medical Store,Ambient
2026-06-30,BATCH-003236,HOSP-MD-002,MED-065,29,unit,0.0,2026-06-29,2026-08-01,32,31,3.119,9.3,LOW_AND_NEAR_EXPIRY,Local Pharmacy Wholesaler,Cold_Chain
2026-06-30,BATCH-003237,HOSP-MD-002,MED-065,17,unit,0.0,2026-06-30,2026-07-17,17,31,3.119,5.45,LOW_AND_NEAR_EXPIRY,Nepal CMS,Cold_Chain
2026-06-30,BATCH-003238,HOSP-MD-002,MED-065,26,unit,0.0,2026-06-13,2026-07-27,27,31,3.119,8.34,LOW_AND_NEAR_EXPIRY,BPKMCH Pharmacy Store,Cold_Chain
2026-06-30,BATCH-003239,HOSP-MD-002,MED-066,29,unit,0.0,2026-06-18,2026-08-02,33,20,2.048,14.16,NEAR_EXPIRY,Private Distributor - Kathmandu,Cold_Chain
2026-06-30,BATCH-003240,HOSP-MD-002,MED-066,25,unit,0.0,2026-06-21,2026-07-12,12,20,2.048,12.21,NEAR_EXPIRY,UNICEF Supply,Cold_Chain
2026-06-30,BATCH-003241,HOSP-MD-002,MED-067,118,vial,40.0,2026-06-22,2028-11-24,878,61,6.179,19.1,OK,Private Distributor - Kathmandu,Ambient
2026-06-30,BATCH-003242,HOSP-MD-002,MED-067,97,vial,40.0,2025-09-21,2028-01-03,552,61,6.179,15.7,OK,Nepal CMS,Ambient
2026-06-30,BATCH-003243,HOSP-MD-002,MED-068,52,vial,180.0,2024-11-20,2026-12-03,156,17,1.726,30.12,OK,Private Distributor - Kathmandu,Ambient
2026-06-30,BATCH-003244,HOSP-MD-002,MED-069,85,ampoule,95.0,2026-05-31,2029-02-08,954,29,2.917,29.14,OK,DoDA Logistics,Ambient
2026-06-30,BATCH-003245,HOSP-MD-002,MED-070,41,sachet,120.0,2026-06-17,2028-05-01,671,62,6.226,6.59,LOW_STOCK,BPKMCH Pharmacy Store,Ambient
2026-06-30,BATCH-003246,HOSP-MD-002,MED-070,35,sachet,120.0,2025-08-24,2026-11-12,135,62,6.226,5.62,LOW_STOCK,DoDA Logistics,Ambient
2026-06-30,BATCH-003247,HOSP-MD-002,MED-071,7,ampoule,150.0,2026-06-13,2027-12-10,528,20,2.071,3.38,LOW_STOCK,BPKMCH Pharmacy Store,Ambient
2026-06-30,BATCH-003248,HOSP-MD-002,MED-071,13,ampoule,150.0,2025-05-03,2026-07-27,27,20,2.071,6.28,LOW_AND_NEAR_EXPIRY,Nepal CMS,Ambient
2026-06-30,BATCH-003249,HOSP-MD-002,MED-072,26,vial,650.0,2026-06-26,2028-02-04,584,50,5.06,5.14,LOW_STOCK,Local Pharmacy Wholesaler,Ambient
2026-06-30,BATCH-003250,HOSP-MD-002,MED-072,36,vial,650.0,2026-05-17,2028-02-06,586,50,5.06,7.12,LOW_STOCK,Provincial Medical Store,Ambient
2026-06-30,BATCH-003251,HOSP-MD-003,MED-001,89,tablet,1.5,2026-05-22,2029-02-26,972,160,16.071,5.54,LOW_STOCK,UNICEF Supply,Ambient
2026-06-30,BATCH-003252,HOSP-MD-003,MED-001,153,tablet,1.5,2025-07-24,2027-02-26,241,160,16.071,9.52,LOW_STOCK,Private Distributor - Kathmandu,Ambient
2026-06-30,BATCH-003253,HOSP-MD-003,MED-002,12,bottle,45.0,2026-06-07,2028-04-23,663,20,2.012,5.96,LOW_STOCK,Provincial Medical Store,Ambient
2026-06-30,BATCH-003254,HOSP-MD-003,MED-002,13,bottle,45.0,2025-10-31,2027-06-23,358,20,2.012,6.46,LOW_STOCK,DoDA Logistics,Ambient
2026-06-30,BATCH-003255,HOSP-MD-003,MED-003,53,tablet,2.5,2026-04-18,2029-03-09,983,47,4.798,11.05,OK,Private Distributor - Kathmandu,Ambient
2026-06-30,BATCH-003256,HOSP-MD-003,MED-003,51,tablet,2.5,2026-01-05,2027-12-24,542,47,4.798,10.63,OK,Private Distributor - Kathmandu,Ambient
2026-06-30,BATCH-003257,HOSP-MD-003,MED-003,63,tablet,2.5,2026-06-29,2028-06-25,726,47,4.798,13.13,OK,Nepal CMS,Ambient
2026-06-30,BATCH-003258,HOSP-MD-003,MED-004,10,ampoule,25.0,2026-06-20,2028-03-06,615,12,1.202,8.32,LOW_STOCK,DoDA Logistics,Ambient
2026-06-30,BATCH-003259,HOSP-MD-003,MED-004,9,ampoule,25.0,2025-09-13,2026-08-04,35,12,1.202,7.49,LOW_AND_NEAR_EXPIRY,UNICEF Supply,Ambient
2026-06-30,BATCH-003260,HOSP-MD-003,MED-004,10,ampoule,25.0,2026-06-14,2028-04-16,656,12,1.202,8.32,LOW_STOCK,Local Pharmacy Wholesaler,Ambient
2026-06-30,BATCH-003261,HOSP-MD-003,MED-005,212,capsule,6.0,2026-06-03,2028-06-08,709,63,6.357,33.35,OK,Nepal CMS,Ambient
2026-06-30,BATCH-003262,HOSP-MD-003,MED-006,17,tablet,35.0,2026-06-21,2028-03-20,629,27,2.774,6.13,LOW_STOCK,DoDA Logistics,Ambient
2026-06-30,BATCH-003263,HOSP-MD-003,MED-006,10,tablet,35.0,2026-03-13,2027-08-13,409,27,2.774,3.61,LOW_STOCK,Private Distributor - Kathmandu,Ambient
2026-06-30,BATCH-003264,HOSP-MD-003,MED-006,23,tablet,35.0,2025-05-14,2026-12-03,156,27,2.774,8.29,LOW_STOCK,Nepal CMS,Ambient
2026-06-30,BATCH-003265,HOSP-MD-003,MED-007,27,tablet,40.0,2025-11-22,2027-03-10,253,20,2.0,13.5,OK,UNICEF Supply,Ambient
2026-06-30,BATCH-003266,HOSP-MD-003,MED-008,16,tablet,8.0,2025-08-04,2026-10-19,111,31,3.143,5.09,LOW_STOCK,UNICEF Supply,Ambient
2026-06-30,BATCH-003267,HOSP-MD-003,MED-008,18,tablet,8.0,2024-08-09,2026-08-26,57,31,3.143,5.73,LOW_AND_NEAR_EXPIRY,Private Distributor - Kathmandu,Ambient
2026-06-30,BATCH-003268,HOSP-MD-003,MED-008,26,tablet,8.0,2024-10-18,2027-01-05,189,31,3.143,8.27,LOW_STOCK,Private Distributor - Kathmandu,Ambient
2026-06-30,BATCH-003269,HOSP-MD-003,MED-009,96,vial,85.0,2025-09-11,2026-07-21,21,28,2.893,33.19,NEAR_EXPIRY,UNICEF Supply,Ambient
2026-06-30,BATCH-003270,HOSP-MD-003,MED-010,67,tablet,2.0,2026-05-23,2029-02-02,948,35,3.524,19.01,OK,BPKMCH Pharmacy Store,Ambient
2026-06-30,BATCH-003271,HOSP-MD-003,MED-010,56,tablet,2.0,2024-10-17,2026-11-25,148,35,3.524,15.89,OK,Kanti Central Store,Ambient
2026-06-30,BATCH-003272,HOSP-MD-003,MED-011,140,sachet,8.0,2025-08-29,2027-02-06,221,107,10.714,13.07,OK,Kanti Central Store,Ambient
2026-06-30,BATCH-003273,HOSP-MD-003,MED-011,157,sachet,8.0,2026-05-25,2029-06-06,1072,107,10.714,14.65,OK,BPKMCH Pharmacy Store,Ambient
2026-06-30,BATCH-003274,HOSP-MD-003,MED-012,62,tablet,1.2,2026-02-01,2028-08-15,777,70,7.024,8.83,LOW_STOCK,Kanti Central Store,Ambient
2026-06-30,BATCH-003275,HOSP-MD-003,MED-012,80,tablet,1.2,2026-04-18,2027-08-06,402,70,7.024,11.39,OK,Kanti Central Store,Ambient
2026-06-30,BATCH-003276,HOSP-MD-003,MED-013,28,bag,55.0,2025-11-24,2027-06-18,353,26,2.679,10.45,OK,UNICEF Supply,Ambient
2026-06-30,BATCH-003277,HOSP-MD-003,MED-013,18,bag,55.0,2024-11-28,2026-10-11,103,26,2.679,6.72,LOW_STOCK,BPKMCH Pharmacy Store,Ambient
2026-06-30,BATCH-003278,HOSP-MD-003,MED-013,32,bag,55.0,2025-12-12,2026-11-11,134,26,2.679,11.95,OK,DoDA Logistics,Ambient
2026-06-30,BATCH-003279,HOSP-MD-003,MED-014,25,bag,45.0,2025-11-04,2027-03-06,249,44,4.452,5.61,LOW_STOCK,BPKMCH Pharmacy Store,Ambient
2026-06-30,BATCH-003280,HOSP-MD-003,MED-014,11,bag,45.0,2026-05-30,2028-01-03,552,44,4.452,2.47,LOW_STOCK,UNICEF Supply,Ambient
2026-06-30,BATCH-003281,HOSP-MD-003,MED-014,30,bag,45.0,2026-05-24,2027-11-24,512,44,4.452,6.74,LOW_STOCK,Kanti Central Store,Ambient
2026-06-30,BATCH-003282,HOSP-MD-003,MED-015,11,bag,48.0,2025-12-27,2027-02-26,241,15,1.524,7.22,LOW_STOCK,Private Distributor - Kathmandu,Ambient
2026-06-30,BATCH-003283,HOSP-MD-003,MED-015,6,bag,48.0,2026-06-12,2027-12-09,527,15,1.524,3.94,LOW_STOCK,BPKMCH Pharmacy Store,Ambient
2026-06-30,BATCH-003284,HOSP-MD-003,MED-015,14,bag,48.0,2026-06-23,2027-12-27,545,15,1.524,9.19,LOW_STOCK,UNICEF Supply,Ambient
2026-06-30,BATCH-003285,HOSP-MD-003,MED-016,17,tablet,15.0,2025-06-28,2026-09-10,72,13,1.345,12.64,NEAR_EXPIRY,Kanti Central Store,Ambient
2026-06-30,BATCH-003286,HOSP-MD-003,MED-016,16,tablet,15.0,2026-06-19,2027-10-24,481,13,1.345,11.89,OK,Private Distributor - Kathmandu,Ambient
2026-06-30,BATCH-003287,HOSP-MD-003,MED-017,10,tablet,1.8,2025-02-05,2026-09-15,77,6,0.619,16.15,NEAR_EXPIRY,Kanti Central Store,Ambient
2026-06-30,BATCH-003288,HOSP-MD-003,MED-018,4,unit,180.0,2025-06-09,2026-07-10,10,7,0.738,5.42,LOW_AND_NEAR_EXPIRY,DoDA Logistics,Ambient
2026-06-30,BATCH-003289,HOSP-MD-003,MED-018,4,unit,180.0,2026-06-14,2027-09-26,453,7,0.738,5.42,LOW_STOCK,DoDA Logistics,Ambient
2026-06-30,BATCH-003290,HOSP-MD-003,MED-019,4,ampoule,30.0,2025-08-01,2027-06-16,351,8,0.869,4.6,LOW_STOCK,Kanti Central Store,Ambient
2026-06-30,BATCH-003291,HOSP-MD-003,MED-019,5,ampoule,30.0,2026-06-24,2028-06-16,717,8,0.869,5.75,LOW_STOCK,UNICEF Supply,Ambient
2026-06-30,BATCH-003292,HOSP-MD-003,MED-019,5,ampoule,30.0,2025-04-19,2027-03-21,264,8,0.869,5.75,LOW_STOCK,BPKMCH Pharmacy Store,Ambient
2026-06-30,BATCH-003293,HOSP-MD-003,MED-020,33,bottle,55.0,2026-06-05,2027-03-23,266,13,1.321,24.97,OK,UNICEF Supply,Ambient
2026-06-30,BATCH-003294,HOSP-MD-003,MED-021,72,tablet,1.0,2026-05-29,2028-12-01,885,43,4.381,16.43,OK,Kanti Central Store,Ambient
2026-06-30,BATCH-003295,HOSP-MD-003,MED-021,19,tablet,1.0,2024-05-16,2026-09-04,66,43,4.381,4.34,LOW_AND_NEAR_EXPIRY,Private Distributor - Kathmandu,Ambient
2026-06-30,BATCH-003296,HOSP-MD-003,MED-021,45,tablet,1.0,2024-11-19,2027-10-08,465,43,4.381,10.27,OK,Kanti Central Store,Ambient
2026-06-30,BATCH-003297,HOSP-MD-003,MED-022,45,tablet,2.5,2025-10-29,2028-06-23,724,39,3.905,11.52,OK,BPKMCH Pharmacy Store,Ambient
2026-06-30,BATCH-003298,HOSP-MD-003,MED-022,25,tablet,2.5,2026-06-20,2029-01-10,925,39,3.905,6.4,LOW_STOCK,BPKMCH Pharmacy Store,Ambient
2026-06-30,BATCH-003299,HOSP-MD-003,MED-022,26,tablet,2.5,2026-03-25,2028-12-04,888,39,3.905,6.66,LOW_STOCK,Provincial Medical Store,Ambient
2026-06-30,BATCH-003300,HOSP-MD-003,MED-023,64,tablet,1.5,2026-06-27,2029-06-08,1074,43,4.369,14.65,OK,UNICEF Supply,Ambient
2026-06-30,BATCH-003301,HOSP-MD-003,MED-023,36,tablet,1.5,2026-06-23,2028-07-04,735,43,4.369,8.24,LOW_STOCK,BPKMCH Pharmacy Store,Ambient
2026-06-30,BATCH-003302,HOSP-MD-003,MED-023,35,tablet,1.5,2026-05-18,2028-09-26,819,43,4.369,8.01,LOW_STOCK,Nepal CMS,Ambient
2026-06-30,BATCH-003303,HOSP-MD-003,MED-024,9,vial,450.0,2026-06-23,2028-04-25,665,5,0.583,15.43,OK,DoDA Logistics,Cold_Chain
2026-06-30,BATCH-003304,HOSP-MD-003,MED-025,24,tablet,3.0,2024-08-17,2026-09-23,85,21,2.107,11.39,NEAR_EXPIRY,Nepal CMS,Ambient
2026-06-30,BATCH-003305,HOSP-MD-003,MED-025,25,tablet,3.0,2026-02-26,2028-09-18,811,21,2.107,11.86,OK,BPKMCH Pharmacy Store,Ambient
2026-06-30,BATCH-003306,HOSP-MD-003,MED-026,22,tablet,0.8,2026-06-21,2028-09-23,816,35,3.548,6.2,LOW_STOCK,BPKMCH Pharmacy Store,Ambient
2026-06-30,BATCH-003307,HOSP-MD-003,MED-026,59,tablet,0.8,2025-02-02,2027-08-11,407,35,3.548,16.63,OK,DoDA Logistics,Ambient
2026-06-30,BATCH-003308,HOSP-MD-003,MED-027,81,capsule,2.0,2024-08-13,2026-08-03,34,64,6.452,12.55,NEAR_EXPIRY,BPKMCH Pharmacy Store,Ambient
2026-06-30,BATCH-003309,HOSP-MD-003,MED-027,36,capsule,2.0,2024-02-27,2027-02-05,220,64,6.452,5.58,LOW_STOCK,UNICEF Supply,Ambient
2026-06-30,BATCH-003310,HOSP-MD-003,MED-027,51,capsule,2.0,2026-04-03,2028-10-26,849,64,6.452,7.9,LOW_STOCK,Provincial Medical Store,Ambient
2026-06-30,BATCH-003311,HOSP-MD-003,MED-028,13,tablet,6.0,2026-01-01,2028-07-24,755,24,2.405,5.41,LOW_STOCK,UNICEF Supply,Ambient
2026-06-30,BATCH-003312,HOSP-MD-003,MED-028,10,tablet,6.0,2026-06-27,2028-10-11,834,24,2.405,4.16,LOW_STOCK,Private Distributor - Kathmandu,Ambient
2026-06-30,BATCH-003313,HOSP-MD-003,MED-028,10,tablet,6.0,2025-08-28,2028-01-05,554,24,2.405,4.16,LOW_STOCK,UNICEF Supply,Ambient
2026-06-30,BATCH-003314,HOSP-MD-003,MED-029,32,tablet,1.5,2024-09-30,2026-11-12,135,27,2.702,11.84,OK,DoDA Logistics,Ambient
2026-06-30,BATCH-003315,HOSP-MD-003,MED-029,14,tablet,1.5,2026-06-13,2029-01-08,923,27,2.702,5.18,LOW_STOCK,Private Distributor - Kathmandu,Ambient
2026-06-30,BATCH-003316,HOSP-MD-003,MED-029,25,tablet,1.5,2026-06-21,2029-05-22,1057,27,2.702,9.25,LOW_STOCK,DoDA Logistics,Ambient
2026-06-30,BATCH-003317,HOSP-MD-003,MED-030,5,bottle_100ml,85.0,2025-08-13,2028-03-17,626,7,0.762,6.56,LOW_STOCK,BPKMCH Pharmacy Store,Ambient
2026-06-30,BATCH-003318,HOSP-MD-003,MED-030,4,bottle_100ml,85.0,2026-05-22,2029-06-01,1067,7,0.762,5.25,LOW_STOCK,UNICEF Supply,Ambient
2026-06-30,BATCH-003319,HOSP-MD-003,MED-030,4,bottle_100ml,85.0,2025-06-26,2027-07-16,381,7,0.762,5.25,LOW_STOCK,Provincial Medical Store,Ambient
2026-06-30,BATCH-003320,HOSP-MD-003,MED-031,151,pair,25.0,2026-06-08,2031-02-10,1686,58,5.833,25.89,OK,UNICEF Supply,Ambient
2026-06-30,BATCH-003321,HOSP-MD-003,MED-032,104,piece,5.0,2026-01-01,2029-12-03,1252,84,8.452,12.3,OK,Kanti Central Store,Ambient
2026-06-30,BATCH-003322,HOSP-MD-003,MED-032,169,piece,5.0,2026-06-22,2028-11-23,877,84,8.452,19.99,OK,UNICEF Supply,Ambient
2026-06-30,BATCH-003323,HOSP-MD-003,MED-033,64,piece,35.0,2024-06-04,2027-12-19,537,35,3.536,18.1,OK,Nepal CMS,Ambient
2026-06-30,BATCH-003324,HOSP-MD-003,MED-034,6,vial,25.0,2026-01-26,2026-12-19,172,5,0.524,11.45,OK,Provincial Medical Store,Cold_Chain
2026-06-30,BATCH-003325,HOSP-MD-003,MED-034,6,vial,25.0,2025-03-05,2026-08-18,49,5,0.524,11.45,NEAR_EXPIRY,Kanti Central Store,Cold_Chain
2026-06-30,BATCH-003326,HOSP-MD-003,MED-035,2,vial,350.0,2025-08-16,2026-11-05,128,3,0.333,6.0,LOW_STOCK,Kanti Central Store,Cold_Chain
2026-06-30,BATCH-003327,HOSP-MD-003,MED-035,1,vial,350.0,2026-05-29,2027-09-03,430,3,0.333,3.0,LOW_STOCK,Local Pharmacy Wholesaler,Cold_Chain
2026-06-30,BATCH-003328,HOSP-MD-003,MED-035,3,vial,350.0,2026-05-03,2027-12-01,519,3,0.333,9.0,LOW_STOCK,Kanti Central Store,Cold_Chain
2026-06-30,BATCH-003329,HOSP-MD-003,MED-036,22,tablet,0.5,2026-06-22,2028-01-21,570,39,3.952,5.57,LOW_STOCK,UNICEF Supply,Ambient
2026-06-30,BATCH-003330,HOSP-MD-003,MED-036,37,tablet,0.5,2026-05-30,2028-05-09,679,39,3.952,9.36,LOW_STOCK,Private Distributor - Kathmandu,Ambient
2026-06-30,BATCH-003331,HOSP-MD-003,MED-037,23,tablet,8.0,2024-09-22,2027-04-26,300,6,0.69,33.31,OK,Kanti Central Store,Ambient
2026-06-30,BATCH-003332,HOSP-MD-003,MED-038,21,ampoule,12.0,2026-06-17,2028-05-31,701,8,0.81,25.94,OK,Provincial Medical Store,Ambient
2026-06-30,BATCH-003333,HOSP-MD-003,MED-039,7,ampoule,10.0,2024-09-19,2027-04-25,299,8,0.821,8.52,LOW_STOCK,BPKMCH Pharmacy Store,Ambient
2026-06-30,BATCH-003334,HOSP-MD-003,MED-039,6,ampoule,10.0,2023-10-01,2026-07-31,31,8,0.821,7.3,LOW_AND_NEAR_EXPIRY,BPKMCH Pharmacy Store,Ambient
2026-06-30,BATCH-003335,HOSP-MD-003,MED-039,11,ampoule,10.0,2026-06-04,2029-04-21,1026,8,0.821,13.39,OK,Local Pharmacy Wholesaler,Ambient
2026-06-30,BATCH-003336,HOSP-MD-003,MED-040,4,ampoule,28.0,2026-01-28,2028-11-22,876,4,0.44,9.08,LOW_STOCK,Provincial Medical Store,Ambient
2026-06-30,BATCH-003337,HOSP-MD-003,MED-040,5,ampoule,28.0,2026-03-10,2028-03-22,631,4,0.44,11.35,OK,Kanti Central Store,Ambient
2026-06-30,BATCH-003338,HOSP-MD-003,MED-041,1,vial,180.0,2026-02-09,2027-04-14,288,3,0.071,14.0,LOW_STOCK,Provincial Medical Store,Ambient
2026-06-30,BATCH-003339,HOSP-MD-003,MED-042,1,vial,1200.0,2026-01-02,2027-08-08,404,3,0.071,14.0,LOW_STOCK,Provincial Medical Store,Cold_Chain
2026-06-30,BATCH-003341,HOSP-MD-003,MED-042,1,vial,1200.0,2026-03-08,2027-03-16,259,3,0.071,14.0,LOW_STOCK,UNICEF Supply,Cold_Chain
2026-06-30,BATCH-003342,HOSP-MD-003,MED-043,1,vial,3500.0,2026-06-16,2028-01-11,560,3,0.036,28.0,LOW_STOCK,Private Distributor - Kathmandu,Ambient
2026-06-30,BATCH-003343,HOSP-MD-003,MED-044,2,vial,450.0,2024-11-10,2026-08-04,35,3,0.095,21.0,LOW_AND_NEAR_EXPIRY,Nepal CMS,Ambient
2026-06-30,BATCH-003344,HOSP-MD-003,MED-045,7,tablet,15.0,2026-02-01,2027-01-04,188,3,0.214,32.67,OK,Nepal CMS,Ambient
2026-06-30,BATCH-003346,HOSP-MD-003,MED-047,13,sachet,6.0,2026-05-13,2027-08-27,423,22,2.298,5.66,LOW_STOCK,Nepal CMS,Ambient
2026-06-30,BATCH-003347,HOSP-MD-003,MED-047,16,sachet,6.0,2026-05-22,2028-11-23,877,22,2.298,6.96,LOW_STOCK,Provincial Medical Store,Ambient
2026-06-30,BATCH-003348,HOSP-MD-003,MED-048,14,bottle,65.0,2026-04-15,2028-01-23,572,11,1.155,12.12,OK,Nepal CMS,Ambient
2026-06-30,BATCH-003349,HOSP-MD-003,MED-049,15,capsule,2.0,2026-02-19,2027-04-21,295,11,1.167,12.86,OK,BPKMCH Pharmacy Store,Ambient
2026-06-30,BATCH-003350,HOSP-MD-003,MED-049,8,capsule,2.0,2026-05-19,2027-08-08,404,11,1.167,6.86,LOW_STOCK,DoDA Logistics,Ambient
2026-06-30,BATCH-003351,HOSP-MD-003,MED-049,13,capsule,2.0,2026-03-17,2027-05-17,321,11,1.167,11.14,OK,Provincial Medical Store,Ambient
2026-06-30,BATCH-003352,HOSP-MD-003,MED-050,5,vial,120.0,2025-09-22,2026-07-12,12,6,0.679,7.37,LOW_AND_NEAR_EXPIRY,Local Pharmacy Wholesaler,Cold_Chain
2026-06-30,BATCH-003353,HOSP-MD-003,MED-050,7,vial,120.0,2025-12-13,2027-03-26,269,6,0.679,10.32,OK,Provincial Medical Store,Cold_Chain
2026-06-30,BATCH-003354,HOSP-MD-003,MED-051,3,vial,80.0,2026-05-31,2027-09-02,429,6,0.631,4.75,LOW_STOCK,Local Pharmacy Wholesaler,Cold_Chain
2026-06-30,BATCH-003355,HOSP-MD-003,MED-051,3,vial,80.0,2025-09-06,2026-08-29,60,6,0.631,4.75,LOW_AND_NEAR_EXPIRY,DoDA Logistics,Cold_Chain
2026-06-30,BATCH-003356,HOSP-MD-003,MED-052,11,kit,25.0,2026-03-16,2027-03-08,251,16,1.679,6.55,LOW_STOCK,Kanti Central Store,Ambient
2026-06-30,BATCH-003357,HOSP-MD-003,MED-052,9,kit,25.0,2026-03-16,2027-06-14,349,16,1.679,5.36,LOW_STOCK,DoDA Logistics,Ambient
2026-06-30,BATCH-003358,HOSP-MD-003,MED-052,8,kit,25.0,2026-05-28,2027-12-11,529,16,1.679,4.77,LOW_STOCK,UNICEF Supply,Ambient
2026-06-30,BATCH-003359,HOSP-MD-003,MED-053,39,ampoule,35.0,2025-12-19,2027-08-18,414,11,1.119,34.85,OK,DoDA Logistics,Cold_Chain
2026-06-30,BATCH-003360,HOSP-MD-003,MED-054,5,tablet,20.0,2026-03-07,2027-02-14,229,6,0.69,7.24,LOW_STOCK,Kanti Central Store,Ambient
2026-06-30,BATCH-003361,HOSP-MD-003,MED-054,7,tablet,20.0,2026-04-22,2027-05-05,309,6,0.69,10.14,OK,Provincial Medical Store,Ambient
2026-06-30,BATCH-003362,HOSP-MD-003,MED-055,5,ampoule,18.0,2026-01-29,2027-12-27,545,4,0.452,11.05,OK,Nepal CMS,Ambient
2026-06-30,BATCH-003363,HOSP-MD-003,MED-056,3,ampoule,45.0,2024-04-12,2026-11-27,150,4,0.417,7.2,LOW_STOCK,DoDA Logistics,Ambient
2026-06-30,BATCH-003364,HOSP-MD-003,MED-056,2,ampoule,45.0,2025-10-24,2027-02-24,239,4,0.417,4.8,LOW_STOCK,UNICEF Supply,Ambient
2026-06-30,BATCH-003365,HOSP-MD-003,MED-056,5,ampoule,45.0,2025-06-20,2027-03-13,256,4,0.417,12.0,OK,Private Distributor - Kathmandu,Ambient
2026-06-30,BATCH-003366,HOSP-MD-003,MED-057,3,bottle,55.0,2026-06-20,2028-01-02,551,3,0.214,14.0,LOW_STOCK,Nepal CMS,Ambient
2026-06-30,BATCH-003367,HOSP-MD-003,MED-058,2,bottle,90.0,2025-09-04,2027-08-01,397,3,0.167,12.0,LOW_STOCK,Private Distributor - Kathmandu,Ambient
2026-06-30,BATCH-003368,HOSP-MD-003,MED-058,3,bottle,90.0,2025-08-22,2027-07-02,367,3,0.167,18.0,LOW_STOCK,BPKMCH Pharmacy Store,Ambient
2026-06-30,BATCH-003369,HOSP-MD-003,MED-059,3,bottle,70.0,2026-05-29,2028-03-06,615,3,0.167,18.0,LOW_STOCK,DoDA Logistics,Ambient
2026-06-30,BATCH-003370,HOSP-MD-003,MED-060,3,vial,2500.0,2025-06-23,2027-05-17,321,3,0.107,28.0,LOW_STOCK,Nepal CMS,Cold_Chain
2026-06-30,BATCH-003371,HOSP-MD-003,MED-061,5,ampoule,25.0,2026-05-29,2027-11-17,505,3,0.369,13.55,OK,DoDA Logistics,Ambient
2026-06-30,BATCH-003372,HOSP-MD-003,MED-061,8,ampoule,25.0,2026-06-26,2028-06-14,715,3,0.369,21.68,OK,DoDA Logistics,Ambient
2026-06-30,BATCH-003373,HOSP-MD-003,MED-062,4,ampoule,12.0,2026-03-29,2028-12-07,891,3,0.274,14.61,OK,Kanti Central Store,Ambient
2026-06-30,BATCH-003374,HOSP-MD-003,MED-062,4,ampoule,12.0,2026-05-21,2029-03-22,996,3,0.274,14.61,OK,DoDA Logistics,Ambient
2026-06-30,BATCH-003375,HOSP-MD-003,MED-063,2,vial,850.0,2026-03-17,2027-09-28,455,3,0.155,12.92,LOW_STOCK,Local Pharmacy Wholesaler,Cold_Chain
2026-06-30,BATCH-003376,HOSP-MD-003,MED-063,1,vial,850.0,2026-03-19,2027-05-19,323,3,0.155,6.46,LOW_STOCK,DoDA Logistics,Cold_Chain
2026-06-30,BATCH-003377,HOSP-MD-003,MED-063,1,vial,850.0,2026-06-19,2027-08-01,397,3,0.155,6.46,LOW_STOCK,Private Distributor - Kathmandu,Cold_Chain
2026-06-30,BATCH-003378,HOSP-MD-003,MED-064,15,roll,80.0,2026-05-18,2028-12-23,907,13,1.333,11.25,OK,UNICEF Supply,Ambient
2026-06-30,BATCH-003379,HOSP-MD-003,MED-064,4,roll,80.0,2023-01-03,2027-07-08,373,13,1.333,3.0,LOW_STOCK,Nepal CMS,Ambient
2026-06-30,BATCH-003380,HOSP-MD-003,MED-064,10,roll,80.0,2024-01-30,2026-07-18,18,13,1.333,7.5,LOW_AND_NEAR_EXPIRY,Private Distributor - Kathmandu,Ambient
2026-06-30,BATCH-003381,HOSP-MD-003,MED-065,5,unit,0.0,2026-05-30,2026-08-01,32,3,0.333,15.0,NEAR_EXPIRY,BPKMCH Pharmacy Store,Cold_Chain
2026-06-30,BATCH-003382,HOSP-MD-003,MED-065,3,unit,0.0,2026-06-14,2026-07-10,10,3,0.333,9.0,LOW_AND_NEAR_EXPIRY,Private Distributor - Kathmandu,Cold_Chain
2026-06-30,BATCH-003383,HOSP-MD-003,MED-065,3,unit,0.0,2026-06-09,2026-07-29,29,3,0.333,9.0,LOW_AND_NEAR_EXPIRY,Local Pharmacy Wholesaler,Cold_Chain
2026-06-30,BATCH-003384,HOSP-MD-003,MED-066,4,unit,0.0,2026-06-13,2026-08-01,32,3,0.238,16.8,NEAR_EXPIRY,DoDA Logistics,Cold_Chain
2026-06-30,BATCH-003385,HOSP-MD-003,MED-066,1,unit,0.0,2026-06-06,2026-07-25,25,3,0.238,4.2,LOW_AND_NEAR_EXPIRY,Local Pharmacy Wholesaler,Cold_Chain
2026-06-30,BATCH-003386,HOSP-MD-003,MED-066,2,unit,0.0,2026-06-30,2026-07-18,18,3,0.238,8.4,LOW_AND_NEAR_EXPIRY,UNICEF Supply,Cold_Chain
2026-06-30,BATCH-003387,HOSP-MD-003,MED-067,3,vial,40.0,2026-02-27,2028-05-27,697,7,0.786,3.82,LOW_STOCK,Local Pharmacy Wholesaler,Ambient
2026-06-30,BATCH-003388,HOSP-MD-003,MED-067,6,vial,40.0,2024-11-09,2026-07-26,26,7,0.786,7.64,LOW_AND_NEAR_EXPIRY,Private Distributor - Kathmandu,Ambient
2026-06-30,BATCH-003389,HOSP-MD-003,MED-068,2,vial,180.0,2026-06-21,2028-10-09,832,3,0.25,8.0,LOW_STOCK,Local Pharmacy Wholesaler,Ambient
2026-06-30,BATCH-003390,HOSP-MD-003,MED-068,3,vial,180.0,2024-08-25,2027-06-29,364,3,0.25,12.0,LOW_STOCK,DoDA Logistics,Ambient
2026-06-30,BATCH-003391,HOSP-MD-003,MED-069,2,ampoule,95.0,2025-09-09,2028-01-23,572,3,0.321,6.22,LOW_STOCK,BPKMCH Pharmacy Store,Ambient
2026-06-30,BATCH-003392,HOSP-MD-003,MED-069,1,ampoule,95.0,2024-12-31,2026-08-20,51,3,0.321,3.11,LOW_AND_NEAR_EXPIRY,UNICEF Supply,Ambient
2026-06-30,BATCH-003393,HOSP-MD-003,MED-069,2,ampoule,95.0,2025-12-18,2027-05-30,334,3,0.321,6.22,LOW_STOCK,Provincial Medical Store,Ambient
2026-06-30,BATCH-003394,HOSP-MD-003,MED-070,8,sachet,120.0,2025-02-20,2026-07-30,30,7,0.786,10.18,NEAR_EXPIRY,Nepal CMS,Ambient
2026-06-30,BATCH-003395,HOSP-MD-003,MED-070,8,sachet,120.0,2026-06-23,2028-03-10,619,7,0.786,10.18,OK,UNICEF Supply,Ambient
2026-06-30,BATCH-003396,HOSP-MD-003,MED-071,3,ampoule,150.0,2026-03-29,2027-02-09,224,3,0.333,9.0,LOW_STOCK,BPKMCH Pharmacy Store,Ambient
2026-06-30,BATCH-003397,HOSP-MD-003,MED-072,3,vial,650.0,2025-05-01,2027-02-16,231,6,0.631,4.75,LOW_STOCK,Nepal CMS,Ambient
2026-06-30,BATCH-003398,HOSP-MD-003,MED-072,2,vial,650.0,2026-03-06,2027-02-17,232,6,0.631,3.17,LOW_STOCK,UNICEF Supply,Ambient
2026-06-30,BATCH-003399,HOSP-MD-003,MED-072,2,vial,650.0,2025-08-26,2026-10-27,119,6,0.631,3.17,LOW_STOCK,Kanti Central Store,Ambient
2026-06-30,BATCH-003400,HOSP-MD-004,MED-001,1914,tablet,1.5,2026-06-14,2028-07-26,757,5375,537.512,3.56,LOW_STOCK,Local Pharmacy Wholesaler,Ambient
2026-06-30,BATCH-003401,HOSP-MD-004,MED-001,1923,tablet,1.5,2023-09-04,2026-08-05,36,5375,537.512,3.58,LOW_AND_NEAR_EXPIRY,Provincial Medical Store,Ambient
2026-06-30,BATCH-003402,HOSP-MD-004,MED-001,1850,tablet,1.5,2024-10-26,2026-08-14,45,5375,537.512,3.44,LOW_AND_NEAR_EXPIRY,DoDA Logistics,Ambient
2026-06-30,BATCH-003403,HOSP-MD-004,MED-002,1530,bottle,45.0,2026-01-11,2026-12-02,155,903,90.31,16.94,OK,UNICEF Supply,Ambient
2026-06-30,BATCH-003404,HOSP-MD-004,MED-003,2198,tablet,2.5,2026-03-15,2028-07-14,745,1629,162.976,13.49,OK,Nepal CMS,Ambient
2026-06-30,BATCH-003405,HOSP-MD-004,MED-003,711,tablet,2.5,2026-02-16,2027-11-17,505,1629,162.976,4.36,LOW_STOCK,Kanti Central Store,Ambient
2026-06-30,BATCH-003406,HOSP-MD-004,MED-003,1650,tablet,2.5,2024-12-31,2027-01-23,207,1629,162.976,10.12,OK,Local Pharmacy Wholesaler,Ambient
2026-06-30,BATCH-003407,HOSP-MD-004,MED-004,462,ampoule,25.0,2026-03-24,2027-10-11,468,525,52.571,8.79,LOW_STOCK,Nepal CMS,Ambient
2026-06-30,BATCH-003408,HOSP-MD-004,MED-004,289,ampoule,25.0,2024-12-19,2026-10-01,93,525,52.571,5.5,LOW_STOCK,Local Pharmacy Wholesaler,Ambient
2026-06-30,BATCH-003409,HOSP-MD-004,MED-004,405,ampoule,25.0,2025-01-09,2026-07-30,30,525,52.571,7.7,LOW_AND_NEAR_EXPIRY,Local Pharmacy Wholesaler,Ambient
2026-06-30,BATCH-003410,HOSP-MD-004,MED-005,3188,capsule,6.0,2026-06-17,2028-01-19,568,3417,341.714,9.33,LOW_STOCK,Kanti Central Store,Ambient
2026-06-30,BATCH-003411,HOSP-MD-004,MED-005,3199,capsule,6.0,2025-03-10,2026-09-15,77,3417,341.714,9.36,LOW_AND_NEAR_EXPIRY,UNICEF Supply,Ambient
2026-06-30,BATCH-003412,HOSP-MD-004,MED-006,1447,tablet,35.0,2026-05-18,2027-11-15,503,1469,146.988,9.84,LOW_STOCK,Private Distributor - Kathmandu,Ambient
2026-06-30,BATCH-003413,HOSP-MD-004,MED-006,3376,tablet,35.0,2026-06-25,2028-01-27,576,1469,146.988,22.97,OK,Private Distributor - Kathmandu,Ambient
2026-06-30,BATCH-003414,HOSP-MD-004,MED-007,762,tablet,40.0,2026-06-03,2028-04-14,654,1115,111.524,6.83,LOW_STOCK,UNICEF Supply,Ambient
2026-06-30,BATCH-003415,HOSP-MD-004,MED-007,790,tablet,40.0,2025-10-29,2027-05-30,334,1115,111.524,7.08,LOW_STOCK,UNICEF Supply,Ambient
2026-06-30,BATCH-003416,HOSP-MD-004,MED-007,915,tablet,40.0,2024-12-10,2026-10-10,102,1115,111.524,8.2,LOW_STOCK,UNICEF Supply,Ambient
2026-06-30,BATCH-003417,HOSP-MD-004,MED-008,1570,tablet,8.0,2026-06-11,2027-12-13,531,1318,131.893,11.9,OK,Nepal CMS,Ambient
2026-06-30,BATCH-003418,HOSP-MD-004,MED-008,2003,tablet,8.0,2025-01-06,2026-08-10,41,1318,131.893,15.19,NEAR_EXPIRY,BPKMCH Pharmacy Store,Ambient
2026-06-30,BATCH-003419,HOSP-MD-004,MED-009,2983,vial,85.0,2025-10-18,2026-11-07,130,1144,114.44,26.07,OK,UNICEF Supply,Ambient
2026-06-30,BATCH-003420,HOSP-MD-004,MED-010,1450,tablet,2.0,2025-12-26,2027-05-08,312,1464,146.417,9.9,LOW_STOCK,Private Distributor - Kathmandu,Ambient
2026-06-30,BATCH-003421,HOSP-MD-004,MED-010,2505,tablet,2.0,2026-01-20,2028-07-17,748,1464,146.417,17.11,OK,Local Pharmacy Wholesaler,Ambient
2026-06-30,BATCH-003422,HOSP-MD-004,MED-011,8204,sachet,8.0,2024-01-07,2026-12-08,161,4793,479.369,17.11,OK,UNICEF Supply,Ambient
2026-06-30,BATCH-003423,HOSP-MD-004,MED-011,7753,sachet,8.0,2026-06-05,2029-04-01,1006,4793,479.369,16.17,OK,DoDA Logistics,Ambient
2026-06-30,BATCH-003424,HOSP-MD-004,MED-012,1920,tablet,1.2,2026-05-27,2028-08-28,790,2570,257.071,7.47,LOW_STOCK,DoDA Logistics,Ambient
2026-06-30,BATCH-003425,HOSP-MD-004,MED-012,4172,tablet,1.2,2024-10-10,2027-07-28,393,2570,257.071,16.23,OK,BPKMCH Pharmacy Store,Ambient
2026-06-30,BATCH-003426,HOSP-MD-004,MED-013,1876,bag,55.0,2026-06-25,2028-04-21,661,1221,122.143,15.36,OK,Nepal CMS,Ambient
2026-06-30,BATCH-003427,HOSP-MD-004,MED-014,781,bag,45.0,2025-12-07,2027-08-01,397,1366,136.607,5.72,LOW_STOCK,Provincial Medical Store,Ambient
2026-06-30,BATCH-003428,HOSP-MD-004,MED-014,895,bag,45.0,2026-06-21,2027-11-05,493,1366,136.607,6.55,LOW_STOCK,Local Pharmacy Wholesaler,Ambient
2026-06-30,BATCH-003429,HOSP-MD-004,MED-014,873,bag,45.0,2025-09-06,2026-08-19,50,1366,136.607,6.39,LOW_AND_NEAR_EXPIRY,Local Pharmacy Wholesaler,Ambient
2026-06-30,BATCH-003430,HOSP-MD-004,MED-015,635,bag,48.0,2024-12-03,2026-08-17,48,939,93.917,6.76,LOW_AND_NEAR_EXPIRY,DoDA Logistics,Ambient
2026-06-30,BATCH-003431,HOSP-MD-004,MED-015,1420,bag,48.0,2025-12-11,2026-12-24,177,939,93.917,15.12,OK,DoDA Logistics,Ambient
2026-06-30,BATCH-003432,HOSP-MD-004,MED-016,349,tablet,15.0,2026-06-14,2027-10-18,475,584,58.44,5.97,LOW_STOCK,Kanti Central Store,Ambient
2026-06-30,BATCH-003433,HOSP-MD-004,MED-016,192,tablet,15.0,2025-02-24,2026-08-25,56,584,58.44,3.29,LOW_AND_NEAR_EXPIRY,BPKMCH Pharmacy Store,Ambient
2026-06-30,BATCH-003434,HOSP-MD-004,MED-016,249,tablet,15.0,2025-05-03,2026-09-15,77,584,58.44,4.26,LOW_AND_NEAR_EXPIRY,Provincial Medical Store,Ambient
2026-06-30,BATCH-003435,HOSP-MD-004,MED-017,462,tablet,1.8,2025-04-13,2026-09-25,87,278,27.845,16.59,NEAR_EXPIRY,Provincial Medical Store,Ambient
2026-06-30,BATCH-003436,HOSP-MD-004,MED-017,224,tablet,1.8,2025-06-19,2027-10-06,463,278,27.845,8.04,LOW_STOCK,Nepal CMS,Ambient
2026-06-30,BATCH-003437,HOSP-MD-004,MED-017,201,tablet,1.8,2025-03-22,2026-12-15,168,278,27.845,7.22,LOW_STOCK,UNICEF Supply,Ambient
2026-06-30,BATCH-003438,HOSP-MD-004,MED-018,409,unit,180.0,2024-11-24,2026-08-11,42,393,39.381,10.39,NEAR_EXPIRY,Local Pharmacy Wholesaler,Ambient
2026-06-30,BATCH-003439,HOSP-MD-004,MED-018,675,unit,180.0,2025-10-01,2026-12-21,174,393,39.381,17.14,OK,Private Distributor - Kathmandu,Ambient
2026-06-30,BATCH-003440,HOSP-MD-004,MED-019,147,ampoule,30.0,2026-06-14,2028-01-18,567,373,37.381,3.93,LOW_STOCK,DoDA Logistics,Ambient
2026-06-30,BATCH-003441,HOSP-MD-004,MED-019,379,ampoule,30.0,2026-05-26,2028-05-05,675,373,37.381,10.14,OK,Provincial Medical Store,Ambient
2026-06-30,BATCH-003442,HOSP-MD-004,MED-020,272,bottle,55.0,2026-06-13,2028-04-12,652,446,44.679,6.09,LOW_STOCK,BPKMCH Pharmacy Store,Ambient
2026-06-30,BATCH-003443,HOSP-MD-004,MED-020,142,bottle,55.0,2025-08-08,2027-06-21,356,446,44.679,3.18,LOW_STOCK,UNICEF Supply,Ambient
2026-06-30,BATCH-003444,HOSP-MD-004,MED-020,140,bottle,55.0,2025-11-16,2026-09-24,86,446,44.679,3.13,LOW_AND_NEAR_EXPIRY,UNICEF Supply,Ambient
2026-06-30,BATCH-003445,HOSP-MD-004,MED-021,5619,tablet,1.0,2025-11-04,2027-02-12,227,1688,168.833,33.28,OK,DoDA Logistics,Ambient
2026-06-30,BATCH-003446,HOSP-MD-004,MED-022,1052,tablet,2.5,2025-09-21,2028-08-04,766,960,96.071,10.95,OK,BPKMCH Pharmacy Store,Ambient
2026-06-30,BATCH-003447,HOSP-MD-004,MED-023,1196,tablet,1.5,2024-07-28,2026-09-13,75,1661,166.19,7.2,LOW_AND_NEAR_EXPIRY,Local Pharmacy Wholesaler,Ambient
2026-06-30,BATCH-003448,HOSP-MD-004,MED-023,775,tablet,1.5,2025-03-15,2027-06-21,356,1661,166.19,4.66,LOW_STOCK,Private Distributor - Kathmandu,Ambient
2026-06-30,BATCH-003449,HOSP-MD-004,MED-023,991,tablet,1.5,2024-07-21,2026-08-03,34,1661,166.19,5.96,LOW_AND_NEAR_EXPIRY,UNICEF Supply,Ambient
2026-06-30,BATCH-003450,HOSP-MD-004,MED-024,497,vial,450.0,2026-05-23,2027-07-26,391,269,26.952,18.44,OK,Local Pharmacy Wholesaler,Cold_Chain
2026-06-30,BATCH-003451,HOSP-MD-004,MED-024,416,vial,450.0,2026-06-28,2028-04-10,650,269,26.952,15.43,OK,Nepal CMS,Cold_Chain
2026-06-30,BATCH-003452,HOSP-MD-004,MED-025,513,tablet,3.0,2024-12-01,2027-05-16,320,874,87.476,5.86,LOW_STOCK,DoDA Logistics,Ambient
2026-06-30,BATCH-003453,HOSP-MD-004,MED-025,311,tablet,3.0,2024-10-06,2027-09-12,439,874,87.476,3.56,LOW_STOCK,Nepal CMS,Ambient
2026-06-30,BATCH-003454,HOSP-MD-004,MED-025,648,tablet,3.0,2025-11-05,2027-01-11,195,874,87.476,7.41,LOW_STOCK,Kanti Central Store,Ambient
2026-06-30,BATCH-003455,HOSP-MD-004,MED-026,934,tablet,0.8,2026-05-18,2028-06-19,720,1059,105.94,8.82,LOW_STOCK,Local Pharmacy Wholesaler,Ambient
2026-06-30,BATCH-003456,HOSP-MD-004,MED-026,1109,tablet,0.8,2026-03-19,2028-09-18,811,1059,105.94,10.47,OK,Provincial Medical Store,Ambient
2026-06-30,BATCH-003457,HOSP-MD-004,MED-027,2289,capsule,2.0,2025-09-01,2028-08-01,763,1791,179.167,12.78,OK,Local Pharmacy Wholesaler,Ambient
2026-06-30,BATCH-003458,HOSP-MD-004,MED-027,899,capsule,2.0,2026-02-04,2028-12-05,889,1791,179.167,5.02,LOW_STOCK,Nepal CMS,Ambient
2026-06-30,BATCH-003459,HOSP-MD-004,MED-027,1396,capsule,2.0,2026-05-20,2028-12-03,887,1791,179.167,7.79,LOW_STOCK,BPKMCH Pharmacy Store,Ambient
2026-06-30,BATCH-003460,HOSP-MD-004,MED-028,1957,tablet,6.0,2025-06-23,2027-09-10,437,779,77.917,25.12,OK,Local Pharmacy Wholesaler,Ambient
2026-06-30,BATCH-003461,HOSP-MD-004,MED-029,2276,tablet,1.5,2025-05-13,2026-11-11,134,844,84.405,26.97,OK,DoDA Logistics,Ambient
2026-06-30,BATCH-003462,HOSP-MD-004,MED-030,444,bottle_100ml,85.0,2025-11-15,2028-08-06,768,421,42.119,10.54,OK,Nepal CMS,Ambient
2026-06-30,BATCH-003463,HOSP-MD-004,MED-030,197,bottle_100ml,85.0,2025-08-05,2027-12-05,523,421,42.119,4.68,LOW_STOCK,UNICEF Supply,Ambient
2026-06-30,BATCH-003464,HOSP-MD-004,MED-030,325,bottle_100ml,85.0,2023-12-01,2026-10-01,93,421,42.119,7.72,LOW_STOCK,Nepal CMS,Ambient
2026-06-30,BATCH-003465,HOSP-MD-004,MED-031,4761,pair,25.0,2022-01-19,2026-10-22,114,2970,297.024,16.03,OK,Provincial Medical Store,Ambient
2026-06-30,BATCH-003466,HOSP-MD-004,MED-031,1388,pair,25.0,2023-04-03,2026-10-21,113,2970,297.024,4.67,LOW_STOCK,Private Distributor - Kathmandu,Ambient
2026-06-30,BATCH-003467,HOSP-MD-004,MED-031,2634,pair,25.0,2024-04-02,2026-09-02,64,2970,297.024,8.87,LOW_AND_NEAR_EXPIRY,Local Pharmacy Wholesaler,Ambient
2026-06-30,BATCH-003468,HOSP-MD-004,MED-032,7101,piece,5.0,2026-05-30,2030-08-05,1497,3872,387.202,18.34,OK,DoDA Logistics,Ambient
2026-06-30,BATCH-003469,HOSP-MD-004,MED-033,1736,piece,35.0,2026-05-23,2029-08-22,1149,1660,166.06,10.45,OK,Local Pharmacy Wholesaler,Ambient
2026-06-30,BATCH-003470,HOSP-MD-004,MED-033,887,piece,35.0,2024-07-29,2026-07-23,23,1660,166.06,5.34,LOW_AND_NEAR_EXPIRY,Kanti Central Store,Ambient
2026-06-30,BATCH-003471,HOSP-MD-004,MED-033,1595,piece,35.0,2026-04-23,2031-01-13,1658,1660,166.06,9.6,LOW_STOCK,Local Pharmacy Wholesaler,Ambient
2026-06-30,BATCH-003472,HOSP-MD-004,MED-034,166,vial,25.0,2026-06-12,2027-11-05,493,220,22.036,7.53,LOW_STOCK,Provincial Medical Store,Cold_Chain
2026-06-30,BATCH-003473,HOSP-MD-004,MED-034,232,vial,25.0,2026-05-18,2028-06-18,719,220,22.036,10.53,OK,Provincial Medical Store,Cold_Chain
2026-06-30,BATCH-003474,HOSP-MD-004,MED-035,90,vial,350.0,2026-05-04,2028-04-19,659,106,10.667,8.44,LOW_STOCK,Private Distributor - Kathmandu,Cold_Chain
2026-06-30,BATCH-003475,HOSP-MD-004,MED-035,120,vial,350.0,2026-06-06,2028-04-24,664,106,10.667,11.25,OK,Private Distributor - Kathmandu,Cold_Chain
2026-06-30,BATCH-003476,HOSP-MD-004,MED-035,108,vial,350.0,2025-11-07,2026-09-24,86,106,10.667,10.12,NEAR_EXPIRY,Kanti Central Store,Cold_Chain
2026-06-30,BATCH-003477,HOSP-MD-004,MED-036,4244,tablet,0.5,2026-06-02,2027-06-17,352,1434,143.405,29.59,OK,BPKMCH Pharmacy Store,Ambient
2026-06-30,BATCH-003478,HOSP-MD-004,MED-037,141,tablet,8.0,2025-05-05,2028-01-30,579,287,28.75,4.9,LOW_STOCK,Private Distributor - Kathmandu,Ambient
2026-06-30,BATCH-003479,HOSP-MD-004,MED-037,205,tablet,8.0,2026-06-05,2028-06-23,724,287,28.75,7.13,LOW_STOCK,Local Pharmacy Wholesaler,Ambient
2026-06-30,BATCH-003480,HOSP-MD-004,MED-037,179,tablet,8.0,2026-05-28,2029-05-02,1037,287,28.75,6.23,LOW_STOCK,BPKMCH Pharmacy Store,Ambient
2026-06-30,BATCH-003481,HOSP-MD-004,MED-038,578,ampoule,12.0,2026-06-05,2028-05-13,683,405,40.583,14.24,OK,DoDA Logistics,Ambient
2026-06-30,BATCH-003482,HOSP-MD-004,MED-039,144,ampoule,10.0,2026-06-10,2028-09-15,808,319,31.988,4.5,LOW_STOCK,Private Distributor - Kathmandu,Ambient
2026-06-30,BATCH-003483,HOSP-MD-004,MED-039,72,ampoule,10.0,2024-10-05,2026-09-11,73,319,31.988,2.25,LOW_AND_NEAR_EXPIRY,UNICEF Supply,Ambient
2026-06-30,BATCH-003484,HOSP-MD-004,MED-039,187,ampoule,10.0,2025-03-27,2027-10-12,469,319,31.988,5.85,LOW_STOCK,Kanti Central Store,Ambient
2026-06-30,BATCH-003485,HOSP-MD-004,MED-040,212,ampoule,28.0,2025-12-06,2028-09-13,806,306,30.69,6.91,LOW_STOCK,BPKMCH Pharmacy Store,Ambient
2026-06-30,BATCH-003486,HOSP-MD-004,MED-040,635,ampoule,28.0,2025-05-13,2028-01-22,571,306,30.69,20.69,OK,Local Pharmacy Wholesaler,Ambient
2026-06-30,BATCH-003487,HOSP-MD-004,MED-041,84,vial,180.0,2025-07-30,2026-12-02,155,49,4.988,16.84,OK,DoDA Logistics,Ambient
2026-06-30,BATCH-003488,HOSP-MD-004,MED-041,33,vial,180.0,2026-06-11,2028-02-05,585,49,4.988,6.62,LOW_STOCK,UNICEF Supply,Ambient
2026-06-30,BATCH-003489,HOSP-MD-004,MED-041,41,vial,180.0,2025-10-24,2027-08-31,427,49,4.988,8.22,LOW_STOCK,DoDA Logistics,Ambient
2026-06-30,BATCH-003490,HOSP-MD-004,MED-042,22,vial,1200.0,2026-05-07,2027-04-25,299,21,2.143,10.27,OK,Provincial Medical Store,Cold_Chain
2026-06-30,BATCH-003491,HOSP-MD-004,MED-043,23,vial,3500.0,2025-12-15,2027-05-04,308,17,1.75,13.14,OK,BPKMCH Pharmacy Store,Ambient
2026-06-30,BATCH-003492,HOSP-MD-004,MED-044,40,vial,450.0,2026-05-31,2028-05-05,675,26,2.607,15.34,OK,Nepal CMS,Ambient
2026-06-30,BATCH-003493,HOSP-MD-004,MED-045,78,tablet,15.0,2024-10-17,2026-08-05,36,96,9.655,8.08,LOW_AND_NEAR_EXPIRY,Local Pharmacy Wholesaler,Ambient
2026-06-30,BATCH-003494,HOSP-MD-004,MED-045,56,tablet,15.0,2025-07-24,2026-12-28,181,96,9.655,5.8,LOW_STOCK,DoDA Logistics,Ambient
2026-06-30,BATCH-003495,HOSP-MD-004,MED-045,62,tablet,15.0,2026-05-27,2027-12-30,548,96,9.655,6.42,LOW_STOCK,Private Distributor - Kathmandu,Ambient
2026-06-30,BATCH-003496,HOSP-MD-004,MED-046,18,prefilled,4500.0,2025-12-29,2027-06-10,345,14,1.429,12.6,OK,BPKMCH Pharmacy Store,Cold_Chain
2026-06-30,BATCH-003497,HOSP-MD-004,MED-047,1068,sachet,6.0,2025-10-06,2027-04-13,287,1143,114.369,9.34,LOW_STOCK,Nepal CMS,Ambient
2026-06-30,BATCH-003498,HOSP-MD-004,MED-047,459,sachet,6.0,2025-11-14,2028-04-10,650,1143,114.369,4.01,LOW_STOCK,Nepal CMS,Ambient
2026-06-30,BATCH-003499,HOSP-MD-004,MED-047,1110,sachet,6.0,2026-06-03,2028-08-21,783,1143,114.369,9.71,LOW_STOCK,Kanti Central Store,Ambient
2026-06-30,BATCH-003500,HOSP-MD-004,MED-048,1434,bottle,65.0,2026-06-15,2027-10-28,485,436,43.69,32.82,OK,UNICEF Supply,Ambient
2026-06-30,BATCH-003501,HOSP-MD-004,MED-049,1276,capsule,2.0,2025-01-12,2026-10-08,100,491,49.119,25.98,OK,Private Distributor - Kathmandu,Ambient
2026-06-30,BATCH-003502,HOSP-MD-004,MED-050,1094,vial,120.0,2025-06-21,2026-10-28,120,355,35.5,30.82,OK,Private Distributor - Kathmandu,Cold_Chain
2026-06-30,BATCH-003503,HOSP-MD-004,MED-051,182,vial,80.0,2026-05-28,2027-11-08,496,258,25.845,7.04,LOW_STOCK,Provincial Medical Store,Cold_Chain
2026-06-30,BATCH-003504,HOSP-MD-004,MED-051,69,vial,80.0,2025-08-06,2027-01-13,197,258,25.845,2.67,LOW_STOCK,UNICEF Supply,Cold_Chain
2026-06-30,BATCH-003505,HOSP-MD-004,MED-051,151,vial,80.0,2026-05-19,2028-01-30,579,258,25.845,5.84,LOW_STOCK,Local Pharmacy Wholesaler,Cold_Chain
2026-06-30,BATCH-003506,HOSP-MD-004,MED-052,584,kit,25.0,2026-06-02,2027-11-19,507,561,56.119,10.41,OK,Kanti Central Store,Ambient
2026-06-30,BATCH-003507,HOSP-MD-004,MED-052,470,kit,25.0,2025-02-08,2026-11-09,132,561,56.119,8.38,LOW_STOCK,DoDA Logistics,Ambient
2026-06-30,BATCH-003508,HOSP-MD-004,MED-052,687,kit,25.0,2025-05-19,2026-07-23,23,561,56.119,12.24,NEAR_EXPIRY,BPKMCH Pharmacy Store,Ambient
2026-06-30,BATCH-003509,HOSP-MD-004,MED-053,179,ampoule,35.0,2025-06-10,2027-04-18,292,548,54.893,3.26,LOW_STOCK,Kanti Central Store,Cold_Chain
2026-06-30,BATCH-003510,HOSP-MD-004,MED-053,387,ampoule,35.0,2025-12-21,2027-06-03,338,548,54.893,7.05,LOW_STOCK,BPKMCH Pharmacy Store,Cold_Chain
2026-06-30,BATCH-003511,HOSP-MD-004,MED-054,240,tablet,20.0,2026-05-28,2028-02-22,602,350,35.024,6.85,LOW_STOCK,Private Distributor - Kathmandu,Ambient
2026-06-30,BATCH-003512,HOSP-MD-004,MED-054,460,tablet,20.0,2025-10-10,2027-07-30,395,350,35.024,13.13,OK,Private Distributor - Kathmandu,Ambient
2026-06-30,BATCH-003513,HOSP-MD-004,MED-055,218,ampoule,18.0,2026-01-24,2028-04-25,665,180,18.036,12.09,OK,Kanti Central Store,Ambient
2026-06-30,BATCH-003514,HOSP-MD-004,MED-055,370,ampoule,18.0,2026-06-20,2029-01-26,941,180,18.036,20.51,OK,Private Distributor - Kathmandu,Ambient
2026-06-30,BATCH-003515,HOSP-MD-004,MED-056,65,ampoule,45.0,2024-01-09,2026-09-02,64,126,12.679,5.13,LOW_AND_NEAR_EXPIRY,BPKMCH Pharmacy Store,Ambient
2026-06-30,BATCH-003516,HOSP-MD-004,MED-056,136,ampoule,45.0,2026-06-07,2028-05-01,671,126,12.679,10.73,OK,Provincial Medical Store,Ambient
2026-06-30,BATCH-003517,HOSP-MD-004,MED-057,66,bottle,55.0,2025-09-01,2027-06-14,349,140,14.036,4.7,LOW_STOCK,Provincial Medical Store,Ambient
2026-06-30,BATCH-003518,HOSP-MD-004,MED-057,122,bottle,55.0,2026-06-16,2027-09-23,450,140,14.036,8.69,LOW_STOCK,Provincial Medical Store,Ambient
2026-06-30,BATCH-003519,HOSP-MD-004,MED-058,131,bottle,90.0,2025-12-18,2026-10-29,121,86,8.643,15.16,OK,Local Pharmacy Wholesaler,Ambient
2026-06-30,BATCH-003520,HOSP-MD-004,MED-058,167,bottle,90.0,2026-06-22,2028-05-19,689,86,8.643,19.32,OK,Private Distributor - Kathmandu,Ambient
2026-06-30,BATCH-003521,HOSP-MD-004,MED-059,158,bottle,70.0,2025-09-20,2027-08-27,423,90,9.0,17.56,OK,Private Distributor - Kathmandu,Ambient
2026-06-30,BATCH-003522,HOSP-MD-004,MED-059,148,bottle,70.0,2025-04-22,2026-08-29,60,90,9.0,16.44,NEAR_EXPIRY,Nepal CMS,Ambient
2026-06-30,BATCH-003523,HOSP-MD-004,MED-060,55,vial,2500.0,2025-10-09,2026-11-18,141,54,5.44,10.11,OK,Private Distributor - Kathmandu,Cold_Chain
2026-06-30,BATCH-003524,HOSP-MD-004,MED-060,49,vial,2500.0,2026-03-03,2027-12-26,544,54,5.44,9.01,LOW_STOCK,Nepal CMS,Cold_Chain
2026-06-30,BATCH-003525,HOSP-MD-004,MED-061,158,ampoule,25.0,2025-04-07,2026-08-23,54,141,14.131,11.18,NEAR_EXPIRY,Kanti Central Store,Ambient
2026-06-30,BATCH-003526,HOSP-MD-004,MED-061,78,ampoule,25.0,2025-09-11,2026-08-06,37,141,14.131,5.52,LOW_AND_NEAR_EXPIRY,Local Pharmacy Wholesaler,Ambient
2026-06-30,BATCH-003527,HOSP-MD-004,MED-061,135,ampoule,25.0,2026-06-27,2028-04-29,669,141,14.131,9.55,LOW_STOCK,BPKMCH Pharmacy Store,Ambient
2026-06-30,BATCH-003528,HOSP-MD-004,MED-062,147,ampoule,12.0,2024-02-19,2027-01-07,191,134,13.417,10.96,OK,Kanti Central Store,Ambient
2026-06-30,BATCH-003529,HOSP-MD-004,MED-062,109,ampoule,12.0,2026-05-23,2028-01-06,555,134,13.417,8.12,LOW_STOCK,DoDA Logistics,Ambient
2026-06-30,BATCH-003530,HOSP-MD-004,MED-062,138,ampoule,12.0,2026-06-05,2029-02-10,956,134,13.417,10.29,OK,UNICEF Supply,Ambient
2026-06-30,BATCH-003531,HOSP-MD-004,MED-063,41,vial,850.0,2026-03-07,2027-08-14,410,77,7.762,5.28,LOW_STOCK,UNICEF Supply,Cold_Chain
2026-06-30,BATCH-003532,HOSP-MD-004,MED-063,117,vial,850.0,2026-06-19,2028-01-12,561,77,7.762,15.07,OK,Local Pharmacy Wholesaler,Cold_Chain
2026-06-30,BATCH-003533,HOSP-MD-004,MED-064,511,roll,80.0,2026-05-30,2030-07-22,1483,604,60.476,8.45,LOW_STOCK,Provincial Medical Store,Ambient
2026-06-30,BATCH-003534,HOSP-MD-004,MED-064,982,roll,80.0,2022-02-01,2026-07-26,26,604,60.476,16.24,NEAR_EXPIRY,Kanti Central Store,Ambient
2026-06-30,BATCH-003535,HOSP-MD-004,MED-065,61,unit,0.0,2026-05-29,2026-07-29,29,131,13.131,4.65,LOW_AND_NEAR_EXPIRY,Provincial Medical Store,Cold_Chain
2026-06-30,BATCH-003536,HOSP-MD-004,MED-065,181,unit,0.0,2026-06-12,2026-07-03,3,131,13.131,13.78,NEAR_EXPIRY,Nepal CMS,Cold_Chain
2026-06-30,BATCH-003537,HOSP-MD-004,MED-066,150,unit,0.0,2026-05-19,2026-07-22,22,102,10.262,14.62,NEAR_EXPIRY,BPKMCH Pharmacy Store,Cold_Chain
2026-06-30,BATCH-003538,HOSP-MD-004,MED-066,46,unit,0.0,2026-06-15,2026-07-25,25,102,10.262,4.48,LOW_AND_NEAR_EXPIRY,Local Pharmacy Wholesaler,Cold_Chain
2026-06-30,BATCH-003539,HOSP-MD-004,MED-066,91,unit,0.0,2026-06-26,2026-07-15,15,102,10.262,8.87,LOW_AND_NEAR_EXPIRY,Private Distributor - Kathmandu,Cold_Chain
2026-06-30,BATCH-003540,HOSP-MD-004,MED-067,692,vial,40.0,2026-06-22,2029-03-14,988,431,43.19,16.02,OK,BPKMCH Pharmacy Store,Ambient
2026-06-30,BATCH-003541,HOSP-MD-004,MED-067,336,vial,40.0,2025-11-21,2028-06-26,727,431,43.19,7.78,LOW_STOCK,Nepal CMS,Ambient
2026-06-30,BATCH-003542,HOSP-MD-004,MED-067,319,vial,40.0,2025-06-04,2027-01-24,208,431,43.19,7.39,LOW_STOCK,BPKMCH Pharmacy Store,Ambient
2026-06-30,BATCH-003543,HOSP-MD-004,MED-068,107,vial,180.0,2025-03-19,2027-12-12,530,140,14.071,7.6,LOW_STOCK,Provincial Medical Store,Ambient
2026-06-30,BATCH-003544,HOSP-MD-004,MED-068,132,vial,180.0,2025-04-28,2027-06-18,353,140,14.071,9.38,LOW_STOCK,UNICEF Supply,Ambient
2026-06-30,BATCH-003545,HOSP-MD-004,MED-069,566,ampoule,95.0,2026-03-04,2027-12-04,522,160,16.048,35.27,OK,UNICEF Supply,Ambient
2026-06-30,BATCH-003546,HOSP-MD-004,MED-070,706,sachet,120.0,2025-03-08,2026-10-16,108,381,38.155,18.5,OK,Provincial Medical Store,Ambient
2026-06-30,BATCH-003547,HOSP-MD-004,MED-071,276,ampoule,150.0,2026-06-27,2027-12-14,532,108,10.81,25.53,OK,DoDA Logistics,Ambient
2026-06-30,BATCH-003548,HOSP-MD-004,MED-072,115,vial,650.0,2026-05-02,2027-04-14,288,315,31.595,3.64,LOW_STOCK,Nepal CMS,Ambient
2026-06-30,BATCH-003549,HOSP-MD-004,MED-072,106,vial,650.0,2025-06-02,2027-03-12,255,315,31.595,3.35,LOW_STOCK,Nepal CMS,Ambient
2026-06-30,BATCH-003550,HOSP-MD-004,MED-072,131,vial,650.0,2025-05-12,2027-04-15,289,315,31.595,4.15,LOW_STOCK,Provincial Medical Store,Ambient
2026-06-30,BATCH-003551,HOSP-GD-002,MED-001,128,tablet,1.5,2023-10-03,2026-08-07,38,214,21.417,5.98,LOW_AND_NEAR_EXPIRY,Provincial Medical Store,Ambient
2026-06-30,BATCH-003552,HOSP-GD-002,MED-001,111,tablet,1.5,2024-11-26,2026-11-03,126,214,21.417,5.18,LOW_STOCK,Kanti Central Store,Ambient
2026-06-30,BATCH-003553,HOSP-GD-002,MED-001,197,tablet,1.5,2024-11-07,2027-01-12,196,214,21.417,9.2,LOW_STOCK,Private Distributor - Kathmandu,Ambient
2026-06-30,BATCH-003554,HOSP-GD-002,MED-002,23,bottle,45.0,2026-03-08,2028-02-17,597,38,3.881,5.93,LOW_STOCK,Local Pharmacy Wholesaler,Ambient
2026-06-30,BATCH-003555,HOSP-GD-002,MED-002,21,bottle,45.0,2026-06-02,2027-03-22,265,38,3.881,5.41,LOW_STOCK,Nepal CMS,Ambient
2026-06-30,BATCH-003556,HOSP-GD-002,MED-002,27,bottle,45.0,2026-05-23,2028-04-18,658,38,3.881,6.96,LOW_STOCK,DoDA Logistics,Ambient
2026-06-30,BATCH-003557,HOSP-GD-002,MED-003,32,tablet,2.5,2026-03-11,2028-05-20,690,66,6.667,4.8,LOW_STOCK,DoDA Logistics,Ambient
2026-06-30,BATCH-003558,HOSP-GD-002,MED-003,59,tablet,2.5,2024-02-22,2026-09-17,79,66,6.667,8.85,LOW_AND_NEAR_EXPIRY,DoDA Logistics,Ambient
2026-06-30,BATCH-003559,HOSP-GD-002,MED-004,32,ampoule,25.0,2026-06-17,2027-06-08,343,22,2.298,13.93,OK,Kanti Central Store,Ambient
2026-06-30,BATCH-003560,HOSP-GD-002,MED-004,19,ampoule,25.0,2025-09-07,2027-02-02,217,22,2.298,8.27,LOW_STOCK,Private Distributor - Kathmandu,Ambient
2026-06-30,BATCH-003561,HOSP-GD-002,MED-004,48,ampoule,25.0,2026-06-14,2028-04-25,665,22,2.298,20.89,OK,Private Distributor - Kathmandu,Ambient
2026-06-30,BATCH-003562,HOSP-GD-002,MED-005,159,capsule,6.0,2026-05-24,2027-10-12,469,74,7.417,21.44,OK,Local Pharmacy Wholesaler,Ambient
2026-06-30,BATCH-003563,HOSP-GD-002,MED-006,201,tablet,35.0,2025-03-26,2026-09-27,89,47,4.714,42.64,NEAR_EXPIRY,Provincial Medical Store,Ambient
2026-06-30,BATCH-003564,HOSP-GD-002,MED-007,149,tablet,40.0,2026-05-26,2028-02-19,599,34,3.452,43.16,OK,DoDA Logistics,Ambient
2026-06-30,BATCH-003565,HOSP-GD-002,MED-008,109,tablet,8.0,2023-11-06,2026-08-26,57,56,5.655,19.28,NEAR_EXPIRY,DoDA Logistics,Ambient
2026-06-30,BATCH-003566,HOSP-GD-002,MED-009,231,vial,85.0,2024-12-06,2026-09-06,68,48,4.869,47.44,NEAR_EXPIRY,Nepal CMS,Ambient
2026-06-30,BATCH-003567,HOSP-GD-002,MED-010,86,tablet,2.0,2025-12-05,2028-05-09,679,68,6.821,12.61,OK,DoDA Logistics,Ambient
2026-06-30,BATCH-003568,HOSP-GD-002,MED-010,21,tablet,2.0,2025-10-05,2028-02-05,585,68,6.821,3.08,LOW_STOCK,Local Pharmacy Wholesaler,Ambient
2026-06-30,BATCH-003569,HOSP-GD-002,MED-010,53,tablet,2.0,2024-11-15,2027-10-01,458,68,6.821,7.77,LOW_STOCK,DoDA Logistics,Ambient
2026-06-30,BATCH-003570,HOSP-GD-002,MED-011,118,sachet,8.0,2024-03-26,2027-03-05,248,158,15.81,7.46,LOW_STOCK,UNICEF Supply,Ambient
2026-06-30,BATCH-003571,HOSP-GD-002,MED-011,32,sachet,8.0,2026-06-18,2028-09-18,811,158,15.81,2.02,LOW_STOCK,UNICEF Supply,Ambient
2026-06-30,BATCH-003572,HOSP-GD-002,MED-011,74,sachet,8.0,2025-11-09,2027-07-30,395,158,15.81,4.68,LOW_STOCK,Local Pharmacy Wholesaler,Ambient
2026-06-30,BATCH-003573,HOSP-GD-002,MED-012,376,tablet,1.2,2026-04-27,2028-04-06,646,98,9.881,38.05,OK,Nepal CMS,Ambient
2026-06-30,BATCH-003574,HOSP-GD-002,MED-013,71,bag,55.0,2025-12-20,2027-07-31,396,62,6.238,11.38,OK,Private Distributor - Kathmandu,Ambient
2026-06-30,BATCH-003575,HOSP-GD-002,MED-013,126,bag,55.0,2026-06-01,2027-10-08,465,62,6.238,20.2,OK,UNICEF Supply,Ambient
2026-06-30,BATCH-003576,HOSP-GD-002,MED-014,259,bag,45.0,2026-05-28,2027-10-09,466,94,9.405,27.54,OK,Provincial Medical Store,Ambient
2026-06-30,BATCH-003577,HOSP-GD-002,MED-015,123,bag,48.0,2024-12-19,2026-07-22,22,48,4.821,25.51,NEAR_EXPIRY,UNICEF Supply,Ambient
2026-06-30,BATCH-003578,HOSP-GD-002,MED-016,15,tablet,15.0,2026-03-19,2027-06-14,349,14,1.429,10.5,OK,Private Distributor - Kathmandu,Ambient
2026-06-30,BATCH-003579,HOSP-GD-002,MED-016,44,tablet,15.0,2026-03-22,2027-06-29,364,14,1.429,30.8,OK,Provincial Medical Store,Ambient
2026-06-30,BATCH-003580,HOSP-GD-002,MED-017,7,tablet,1.8,2026-05-26,2028-03-23,632,6,0.679,10.32,OK,UNICEF Supply,Ambient
2026-06-30,BATCH-003581,HOSP-GD-002,MED-017,16,tablet,1.8,2025-01-09,2026-11-11,134,6,0.679,23.58,OK,UNICEF Supply,Ambient
2026-06-30,BATCH-003582,HOSP-GD-002,MED-018,7,unit,180.0,2026-05-28,2028-05-05,675,14,1.488,4.7,LOW_STOCK,Provincial Medical Store,Ambient
2026-06-30,BATCH-003583,HOSP-GD-002,MED-018,14,unit,180.0,2026-05-16,2028-04-14,654,14,1.488,9.41,LOW_STOCK,Kanti Central Store,Ambient
2026-06-30,BATCH-003584,HOSP-GD-002,MED-019,25,ampoule,30.0,2025-06-27,2026-07-29,29,16,1.631,15.33,NEAR_EXPIRY,BPKMCH Pharmacy Store,Ambient
2026-06-30,BATCH-003585,HOSP-GD-002,MED-020,34,bottle,55.0,2026-02-17,2027-06-02,337,25,2.5,13.6,OK,DoDA Logistics,Ambient
2026-06-30,BATCH-003586,HOSP-GD-002,MED-020,19,bottle,55.0,2026-04-15,2028-01-31,580,25,2.5,7.6,LOW_STOCK,Nepal CMS,Ambient
2026-06-30,BATCH-003587,HOSP-GD-002,MED-020,27,bottle,55.0,2026-05-13,2027-06-11,346,25,2.5,10.8,OK,UNICEF Supply,Ambient
2026-06-30,BATCH-003588,HOSP-GD-002,MED-021,214,tablet,1.0,2025-10-02,2027-09-24,451,76,7.679,27.87,OK,BPKMCH Pharmacy Store,Ambient
2026-06-30,BATCH-003589,HOSP-GD-002,MED-022,117,tablet,2.5,2026-05-30,2028-04-19,659,80,8.083,14.47,OK,DoDA Logistics,Ambient
2026-06-30,BATCH-003590,HOSP-GD-002,MED-022,122,tablet,2.5,2026-05-19,2028-02-14,594,80,8.083,15.09,OK,Private Distributor - Kathmandu,Ambient
2026-06-30,BATCH-003591,HOSP-GD-002,MED-023,190,tablet,1.5,2024-04-23,2026-11-14,137,101,10.107,18.8,OK,Kanti Central Store,Ambient
2026-06-30,BATCH-003592,HOSP-GD-002,MED-023,183,tablet,1.5,2024-12-16,2027-02-24,239,101,10.107,18.11,OK,Provincial Medical Store,Ambient
2026-06-30,BATCH-003593,HOSP-GD-002,MED-024,25,vial,450.0,2026-06-21,2027-11-16,504,13,1.345,18.58,OK,DoDA Logistics,Cold_Chain
2026-06-30,BATCH-003594,HOSP-GD-002,MED-024,12,vial,450.0,2026-06-22,2028-01-19,568,13,1.345,8.92,LOW_STOCK,Provincial Medical Store,Cold_Chain
2026-06-30,BATCH-003595,HOSP-GD-002,MED-024,18,vial,450.0,2026-06-15,2027-09-06,433,13,1.345,13.38,OK,Private Distributor - Kathmandu,Cold_Chain
2026-06-30,BATCH-003596,HOSP-GD-002,MED-025,77,tablet,3.0,2024-09-04,2026-09-07,69,55,5.536,13.91,NEAR_EXPIRY,UNICEF Supply,Ambient
2026-06-30,BATCH-003597,HOSP-GD-002,MED-025,71,tablet,3.0,2026-05-24,2028-12-20,904,55,5.536,12.83,OK,Nepal CMS,Ambient
2026-06-30,BATCH-003598,HOSP-GD-002,MED-026,355,tablet,0.8,2025-04-28,2028-01-26,575,73,7.31,48.57,OK,Provincial Medical Store,Ambient
2026-06-30,BATCH-003599,HOSP-GD-002,MED-027,336,capsule,2.0,2026-06-26,2029-04-11,1016,114,11.429,29.4,OK,Kanti Central Store,Ambient
2026-06-30,BATCH-003600,HOSP-GD-002,MED-028,210,tablet,6.0,2024-08-26,2026-09-18,80,41,4.179,50.26,NEAR_EXPIRY,Kanti Central Store,Ambient
2026-06-30,BATCH-003601,HOSP-GD-002,MED-029,57,tablet,1.5,2024-12-18,2026-11-15,138,38,3.833,14.87,OK,Private Distributor - Kathmandu,Ambient
2026-06-30,BATCH-003602,HOSP-GD-002,MED-029,127,tablet,1.5,2026-06-03,2029-03-20,994,38,3.833,33.13,OK,Private Distributor - Kathmandu,Ambient
2026-06-30,BATCH-003603,HOSP-GD-002,MED-030,17,bottle_100ml,85.0,2024-09-01,2026-12-06,159,22,2.262,7.52,LOW_STOCK,Nepal CMS,Ambient
2026-06-30,BATCH-003604,HOSP-GD-002,MED-030,5,bottle_100ml,85.0,2026-06-13,2028-12-03,887,22,2.262,2.21,LOW_STOCK,Nepal CMS,Ambient
2026-06-30,BATCH-003605,HOSP-GD-002,MED-030,11,bottle_100ml,85.0,2024-07-17,2026-12-29,182,22,2.262,4.86,LOW_STOCK,DoDA Logistics,Ambient
2026-06-30,BATCH-003606,HOSP-GD-002,MED-031,77,pair,25.0,2023-11-04,2026-10-12,104,115,11.583,6.65,LOW_STOCK,Kanti Central Store,Ambient
2026-06-30,BATCH-003607,HOSP-GD-002,MED-031,81,pair,25.0,2026-01-14,2028-12-05,889,115,11.583,6.99,LOW_STOCK,Provincial Medical Store,Ambient
2026-06-30,BATCH-003608,HOSP-GD-002,MED-031,147,pair,25.0,2025-10-12,2030-04-07,1377,115,11.583,12.69,OK,BPKMCH Pharmacy Store,Ambient
2026-06-30,BATCH-003609,HOSP-GD-002,MED-032,136,piece,5.0,2024-01-23,2026-07-28,28,162,16.238,8.38,LOW_AND_NEAR_EXPIRY,UNICEF Supply,Ambient
2026-06-30,BATCH-003610,HOSP-GD-002,MED-032,86,piece,5.0,2026-06-25,2030-11-15,1599,162,16.238,5.3,LOW_STOCK,Nepal CMS,Ambient
2026-06-30,BATCH-003611,HOSP-GD-002,MED-032,149,piece,5.0,2025-08-23,2029-10-19,1207,162,16.238,9.18,LOW_STOCK,Local Pharmacy Wholesaler,Ambient
2026-06-30,BATCH-003612,HOSP-GD-002,MED-033,29,piece,35.0,2024-05-08,2028-07-28,759,54,5.417,5.35,LOW_STOCK,Kanti Central Store,Ambient
2026-06-30,BATCH-003613,HOSP-GD-002,MED-033,53,piece,35.0,2025-04-03,2029-02-17,963,54,5.417,9.78,LOW_STOCK,BPKMCH Pharmacy Store,Ambient
2026-06-30,BATCH-003614,HOSP-GD-002,MED-034,16,vial,25.0,2026-06-14,2027-12-17,535,9,0.929,17.23,OK,UNICEF Supply,Cold_Chain
2026-06-30,BATCH-003615,HOSP-GD-002,MED-034,5,vial,25.0,2026-03-06,2027-07-20,385,9,0.929,5.38,LOW_STOCK,Local Pharmacy Wholesaler,Cold_Chain
2026-06-30,BATCH-003616,HOSP-GD-002,MED-034,9,vial,25.0,2025-10-11,2026-11-24,147,9,0.929,9.69,LOW_STOCK,Kanti Central Store,Cold_Chain
2026-06-30,BATCH-003617,HOSP-GD-002,MED-035,7,vial,350.0,2024-12-30,2026-11-27,150,4,0.452,15.47,OK,Local Pharmacy Wholesaler,Cold_Chain
2026-06-30,BATCH-003618,HOSP-GD-002,MED-035,3,vial,350.0,2025-11-04,2026-12-05,158,4,0.452,6.63,LOW_STOCK,Private Distributor - Kathmandu,Cold_Chain
2026-06-30,BATCH-003619,HOSP-GD-002,MED-035,5,vial,350.0,2026-02-19,2027-05-02,306,4,0.452,11.05,OK,Private Distributor - Kathmandu,Cold_Chain
2026-06-30,BATCH-003620,HOSP-GD-002,MED-036,232,tablet,0.5,2025-08-26,2027-06-07,342,97,9.762,23.77,OK,UNICEF Supply,Ambient
2026-06-30,BATCH-003621,HOSP-GD-002,MED-036,113,tablet,0.5,2024-12-05,2026-08-01,32,97,9.762,11.58,NEAR_EXPIRY,BPKMCH Pharmacy Store,Ambient
2026-06-30,BATCH-003622,HOSP-GD-002,MED-036,113,tablet,0.5,2026-05-29,2027-12-29,547,97,9.762,11.58,OK,Private Distributor - Kathmandu,Ambient
2026-06-30,BATCH-003623,HOSP-GD-002,MED-037,102,tablet,8.0,2026-06-29,2028-08-13,775,21,2.119,48.13,OK,Kanti Central Store,Ambient
2026-06-30,BATCH-003624,HOSP-GD-002,MED-038,98,ampoule,12.0,2026-06-16,2028-06-07,708,21,2.155,45.48,OK,Kanti Central Store,Ambient
2026-06-30,BATCH-003625,HOSP-GD-002,MED-039,68,ampoule,10.0,2025-09-30,2028-08-10,772,13,1.393,48.82,OK,Local Pharmacy Wholesaler,Ambient
2026-06-30,BATCH-003626,HOSP-GD-002,MED-040,41,ampoule,28.0,2025-10-19,2028-05-08,678,14,1.476,27.77,OK,BPKMCH Pharmacy Store,Ambient
2026-06-30,BATCH-003627,HOSP-GD-002,MED-041,12,vial,180.0,2025-12-28,2026-11-26,149,3,0.226,53.05,OK,Provincial Medical Store,Ambient
2026-06-30,BATCH-003628,HOSP-GD-002,MED-042,2,vial,1200.0,2026-06-24,2028-05-30,700,3,0.143,14.0,LOW_STOCK,Private Distributor - Kathmandu,Cold_Chain
2026-06-30,BATCH-003629,HOSP-GD-002,MED-042,2,vial,1200.0,2026-02-01,2027-05-19,323,3,0.143,14.0,LOW_STOCK,Kanti Central Store,Cold_Chain
2026-06-30,BATCH-003630,HOSP-GD-002,MED-042,2,vial,1200.0,2026-01-22,2027-10-02,459,3,0.143,14.0,LOW_STOCK,Nepal CMS,Cold_Chain
2026-06-30,BATCH-003631,HOSP-GD-002,MED-043,2,vial,3500.0,2026-06-17,2027-10-22,479,3,0.083,24.0,LOW_STOCK,Private Distributor - Kathmandu,Ambient
2026-06-30,BATCH-003632,HOSP-GD-002,MED-043,1,vial,3500.0,2025-10-16,2027-08-20,416,3,0.083,12.0,LOW_STOCK,Local Pharmacy Wholesaler,Ambient
2026-06-30,BATCH-003633,HOSP-GD-002,MED-043,1,vial,3500.0,2026-02-25,2027-07-16,381,3,0.083,12.0,LOW_STOCK,Private Distributor - Kathmandu,Ambient
2026-06-30,BATCH-003634,HOSP-GD-002,MED-044,1,vial,450.0,2025-04-18,2026-11-15,138,3,0.119,8.4,LOW_STOCK,Private Distributor - Kathmandu,Ambient
2026-06-30,BATCH-003636,HOSP-GD-002,MED-044,1,vial,450.0,2026-03-02,2027-05-11,315,3,0.119,8.4,LOW_STOCK,DoDA Logistics,Ambient
2026-06-30,BATCH-003637,HOSP-GD-002,MED-045,5,tablet,15.0,2025-12-22,2027-10-17,474,4,0.464,10.77,OK,BPKMCH Pharmacy Store,Ambient
2026-06-30,BATCH-003638,HOSP-GD-002,MED-045,2,tablet,15.0,2025-11-29,2027-01-16,200,4,0.464,4.31,LOW_STOCK,UNICEF Supply,Ambient
2026-06-30,BATCH-003639,HOSP-GD-002,MED-045,2,tablet,15.0,2025-02-07,2026-11-09,132,4,0.464,4.31,LOW_STOCK,Kanti Central Store,Ambient
2026-06-30,BATCH-003640,HOSP-GD-002,MED-046,2,prefilled,4500.0,2026-05-27,2027-09-04,431,3,0.083,24.0,LOW_STOCK,DoDA Logistics,Cold_Chain
2026-06-30,BATCH-003641,HOSP-GD-002,MED-046,1,prefilled,4500.0,2025-10-24,2026-11-27,150,3,0.083,12.0,LOW_STOCK,Nepal CMS,Cold_Chain
2026-06-30,BATCH-003642,HOSP-GD-002,MED-046,1,prefilled,4500.0,2026-06-26,2027-06-15,350,3,0.083,12.0,LOW_STOCK,Private Distributor - Kathmandu,Cold_Chain
2026-06-30,BATCH-003643,HOSP-GD-002,MED-047,77,sachet,6.0,2025-11-08,2027-12-05,523,59,5.94,12.96,OK,Provincial Medical Store,Ambient
2026-06-30,BATCH-003644,HOSP-GD-002,MED-047,207,sachet,6.0,2025-12-06,2027-06-21,356,59,5.94,34.85,OK,Local Pharmacy Wholesaler,Ambient
2026-06-30,BATCH-003645,HOSP-GD-002,MED-048,30,bottle,65.0,2025-05-01,2027-02-11,226,18,1.845,16.26,OK,Nepal CMS,Ambient
2026-06-30,BATCH-003646,HOSP-GD-002,MED-048,27,bottle,65.0,2026-06-07,2028-01-05,554,18,1.845,14.63,OK,BPKMCH Pharmacy Store,Ambient
2026-06-30,BATCH-003647,HOSP-GD-002,MED-048,30,bottle,65.0,2026-01-11,2026-11-20,143,18,1.845,16.26,OK,Provincial Medical Store,Ambient
2026-06-30,BATCH-003648,HOSP-GD-002,MED-049,46,capsule,2.0,2025-11-07,2026-10-15,107,26,2.69,17.1,OK,Kanti Central Store,Ambient
2026-06-30,BATCH-003649,HOSP-GD-002,MED-049,13,capsule,2.0,2026-06-11,2028-05-02,672,26,2.69,4.83,LOW_STOCK,UNICEF Supply,Ambient
2026-06-30,BATCH-003650,HOSP-GD-002,MED-049,37,capsule,2.0,2025-10-30,2027-04-22,296,26,2.69,13.75,OK,Kanti Central Store,Ambient
2026-06-30,BATCH-003651,HOSP-GD-002,MED-050,73,vial,120.0,2025-11-29,2027-03-31,274,19,1.929,37.85,OK,Provincial Medical Store,Cold_Chain
2026-06-30,BATCH-003652,HOSP-GD-002,MED-051,20,vial,80.0,2026-06-04,2027-12-29,547,12,1.262,15.85,OK,Nepal CMS,Cold_Chain
2026-06-30,BATCH-003653,HOSP-GD-002,MED-051,42,vial,80.0,2026-04-07,2028-01-30,579,12,1.262,33.28,OK,Private Distributor - Kathmandu,Cold_Chain
2026-06-30,BATCH-003654,HOSP-GD-002,MED-052,54,kit,25.0,2025-05-17,2027-01-29,213,32,3.274,16.49,OK,Nepal CMS,Ambient
2026-06-30,BATCH-003655,HOSP-GD-002,MED-052,34,kit,25.0,2026-02-27,2028-02-08,588,32,3.274,10.39,OK,Local Pharmacy Wholesaler,Ambient
2026-06-30,BATCH-003656,HOSP-GD-002,MED-052,57,kit,25.0,2026-06-28,2027-05-15,319,32,3.274,17.41,OK,UNICEF Supply,Ambient
2026-06-30,BATCH-003657,HOSP-GD-002,MED-053,34,ampoule,35.0,2026-06-25,2027-12-23,541,19,1.905,17.85,OK,UNICEF Supply,Cold_Chain
2026-06-30,BATCH-003658,HOSP-GD-002,MED-053,40,ampoule,35.0,2025-06-20,2027-02-25,240,19,1.905,21.0,OK,DoDA Logistics,Cold_Chain
2026-06-30,BATCH-003659,HOSP-GD-002,MED-054,80,tablet,20.0,2025-01-01,2026-11-04,127,15,1.595,50.15,OK,UNICEF Supply,Ambient
2026-06-30,BATCH-003660,HOSP-GD-002,MED-055,12,ampoule,18.0,2024-09-12,2027-02-01,216,10,1.036,11.59,OK,BPKMCH Pharmacy Store,Ambient
2026-06-30,BATCH-003661,HOSP-GD-002,MED-055,10,ampoule,18.0,2024-08-03,2026-10-24,116,10,1.036,9.66,LOW_STOCK,Provincial Medical Store,Ambient
2026-06-30,BATCH-003662,HOSP-GD-002,MED-056,6,ampoule,45.0,2025-06-25,2026-09-20,82,6,0.679,8.84,LOW_AND_NEAR_EXPIRY,Provincial Medical Store,Ambient
2026-06-30,BATCH-003663,HOSP-GD-002,MED-056,6,ampoule,45.0,2025-12-11,2027-12-22,540,6,0.679,8.84,LOW_STOCK,Kanti Central Store,Ambient
2026-06-30,BATCH-003664,HOSP-GD-002,MED-056,7,ampoule,45.0,2026-05-25,2029-05-02,1037,6,0.679,10.32,OK,BPKMCH Pharmacy Store,Ambient
2026-06-30,BATCH-003665,HOSP-GD-002,MED-057,9,bottle,55.0,2026-06-13,2028-06-12,713,7,0.774,11.63,OK,Provincial Medical Store,Ambient
2026-06-30,BATCH-003666,HOSP-GD-002,MED-057,6,bottle,55.0,2026-06-17,2027-05-08,312,7,0.774,7.75,LOW_STOCK,Private Distributor - Kathmandu,Ambient
2026-06-30,BATCH-003667,HOSP-GD-002,MED-057,7,bottle,55.0,2026-05-19,2028-04-18,658,7,0.774,9.05,LOW_STOCK,Kanti Central Store,Ambient
2026-06-30,BATCH-003668,HOSP-GD-002,MED-058,12,bottle,90.0,2025-08-28,2027-02-04,219,3,0.286,42.0,OK,UNICEF Supply,Ambient
2026-06-30,BATCH-003669,HOSP-GD-002,MED-059,4,bottle,70.0,2026-06-02,2027-08-28,424,3,0.357,11.2,OK,Provincial Medical Store,Ambient
2026-06-30,BATCH-003670,HOSP-GD-002,MED-059,3,bottle,70.0,2025-03-16,2027-02-03,218,3,0.357,8.4,LOW_STOCK,Nepal CMS,Ambient
2026-06-30,BATCH-003671,HOSP-GD-002,MED-059,3,bottle,70.0,2026-05-20,2027-12-25,543,3,0.357,8.4,LOW_STOCK,UNICEF Supply,Ambient
2026-06-30,BATCH-003672,HOSP-GD-002,MED-060,7,vial,2500.0,2025-08-13,2027-03-20,263,3,0.357,19.6,OK,UNICEF Supply,Cold_Chain
2026-06-30,BATCH-003673,HOSP-GD-002,MED-060,2,vial,2500.0,2026-06-20,2028-02-04,584,3,0.357,5.6,LOW_STOCK,UNICEF Supply,Cold_Chain
2026-06-30,BATCH-003674,HOSP-GD-002,MED-060,5,vial,2500.0,2026-03-20,2027-05-28,332,3,0.357,14.0,OK,DoDA Logistics,Cold_Chain
2026-06-30,BATCH-003675,HOSP-GD-002,MED-061,13,ampoule,25.0,2025-11-03,2026-11-15,138,8,0.881,14.76,OK,UNICEF Supply,Ambient
2026-06-30,BATCH-003676,HOSP-GD-002,MED-061,17,ampoule,25.0,2026-05-24,2028-02-20,600,8,0.881,19.3,OK,BPKMCH Pharmacy Store,Ambient
2026-06-30,BATCH-003677,HOSP-GD-002,MED-062,16,ampoule,12.0,2025-09-05,2026-12-08,161,7,0.702,22.78,OK,Private Distributor - Kathmandu,Ambient
2026-06-30,BATCH-003678,HOSP-GD-002,MED-063,7,vial,850.0,2026-05-21,2027-04-08,282,4,0.429,16.33,OK,BPKMCH Pharmacy Store,Cold_Chain
2026-06-30,BATCH-003679,HOSP-GD-002,MED-064,138,roll,80.0,2026-05-19,2031-06-01,1797,35,3.5,39.43,OK,BPKMCH Pharmacy Store,Ambient
2026-06-30,BATCH-003680,HOSP-GD-002,MED-065,29,unit,0.0,2026-06-15,2026-07-11,11,5,0.571,50.75,NEAR_EXPIRY,BPKMCH Pharmacy Store,Cold_Chain
2026-06-30,BATCH-003681,HOSP-GD-002,MED-066,9,unit,0.0,2026-06-30,2026-07-18,18,6,0.607,14.82,NEAR_EXPIRY,UNICEF Supply,Cold_Chain
2026-06-30,BATCH-003682,HOSP-GD-002,MED-066,19,unit,0.0,2026-06-09,2026-07-26,26,6,0.607,31.29,NEAR_EXPIRY,Private Distributor - Kathmandu,Cold_Chain
2026-06-30,BATCH-003683,HOSP-GD-002,MED-067,14,vial,40.0,2025-02-27,2027-07-01,366,20,2.024,6.92,LOW_STOCK,Nepal CMS,Ambient
2026-06-30,BATCH-003684,HOSP-GD-002,MED-067,7,vial,40.0,2025-02-28,2026-07-12,12,20,2.024,3.46,LOW_AND_NEAR_EXPIRY,DoDA Logistics,Ambient
2026-06-30,BATCH-003685,HOSP-GD-002,MED-067,10,vial,40.0,2026-06-24,2029-05-22,1057,20,2.024,4.94,LOW_STOCK,UNICEF Supply,Ambient
2026-06-30,BATCH-003686,HOSP-GD-002,MED-068,19,vial,180.0,2026-06-08,2029-04-09,1014,4,0.476,39.9,OK,Provincial Medical Store,Ambient
2026-06-30,BATCH-003687,HOSP-GD-002,MED-069,15,ampoule,95.0,2023-12-19,2026-11-28,151,7,0.702,21.36,OK,Local Pharmacy Wholesaler,Ambient
2026-06-30,BATCH-003688,HOSP-GD-002,MED-069,16,ampoule,95.0,2026-06-23,2028-01-09,558,7,0.702,22.78,OK,Kanti Central Store,Ambient
2026-06-30,BATCH-003689,HOSP-GD-002,MED-070,42,sachet,120.0,2026-06-16,2027-12-03,521,14,1.464,28.68,OK,Private Distributor - Kathmandu,Ambient
2026-06-30,BATCH-003690,HOSP-GD-002,MED-071,11,ampoule,150.0,2025-06-17,2026-10-14,106,7,0.702,15.66,OK,DoDA Logistics,Ambient
2026-06-30,BATCH-003691,HOSP-GD-002,MED-072,28,vial,650.0,2025-01-01,2026-09-18,80,13,1.393,20.1,NEAR_EXPIRY,Private Distributor - Kathmandu,Ambient
2026-06-30,BATCH-003692,HOSP-GD-003,MED-001,65,tablet,1.5,2023-11-19,2026-08-09,40,54,5.452,11.92,NEAR_EXPIRY,DoDA Logistics,Ambient
2026-06-30,BATCH-003693,HOSP-GD-003,MED-001,16,tablet,1.5,2026-06-05,2029-06-11,1077,54,5.452,2.93,LOW_STOCK,Nepal CMS,Ambient
2026-06-30,BATCH-003694,HOSP-GD-003,MED-001,43,tablet,1.5,2024-06-02,2027-01-19,203,54,5.452,7.89,LOW_STOCK,Kanti Central Store,Ambient
2026-06-30,BATCH-003695,HOSP-GD-003,MED-002,10,bottle,45.0,2025-10-30,2027-07-22,387,15,1.571,6.36,LOW_STOCK,Nepal CMS,Ambient
2026-06-30,BATCH-003696,HOSP-GD-003,MED-002,5,bottle,45.0,2026-06-23,2028-03-22,631,15,1.571,3.18,LOW_STOCK,Kanti Central Store,Ambient
2026-06-30,BATCH-003697,HOSP-GD-003,MED-002,9,bottle,45.0,2026-06-05,2028-06-17,718,15,1.571,5.73,LOW_STOCK,Provincial Medical Store,Ambient
2026-06-30,BATCH-003698,HOSP-GD-003,MED-003,61,tablet,2.5,2024-05-29,2026-12-10,163,23,2.357,25.88,OK,Kanti Central Store,Ambient
2026-06-30,BATCH-003699,HOSP-GD-003,MED-003,30,tablet,2.5,2024-10-03,2026-07-19,19,23,2.357,12.73,NEAR_EXPIRY,BPKMCH Pharmacy Store,Ambient
2026-06-30,BATCH-003700,HOSP-GD-003,MED-003,26,tablet,2.5,2026-06-15,2029-04-23,1028,23,2.357,11.03,OK,Provincial Medical Store,Ambient
2026-06-30,BATCH-003701,HOSP-GD-003,MED-004,5,ampoule,25.0,2025-10-15,2027-06-01,336,9,0.988,5.06,LOW_STOCK,DoDA Logistics,Ambient
2026-06-30,BATCH-003702,HOSP-GD-003,MED-004,14,ampoule,25.0,2025-11-05,2027-09-26,453,9,0.988,14.17,OK,Nepal CMS,Ambient
2026-06-30,BATCH-003703,HOSP-GD-003,MED-005,114,capsule,6.0,2025-11-16,2026-12-20,173,45,4.583,24.87,OK,Local Pharmacy Wholesaler,Ambient
2026-06-30,BATCH-003704,HOSP-GD-003,MED-005,112,capsule,6.0,2026-06-01,2027-10-15,472,45,4.583,24.44,OK,Provincial Medical Store,Ambient
2026-06-30,BATCH-003705,HOSP-GD-003,MED-006,59,tablet,35.0,2026-02-15,2027-08-24,420,19,1.988,29.68,OK,Provincial Medical Store,Ambient
2026-06-30,BATCH-003706,HOSP-GD-003,MED-007,13,tablet,40.0,2025-03-02,2026-08-06,37,12,1.298,10.02,NEAR_EXPIRY,Nepal CMS,Ambient
2026-06-30,BATCH-003707,HOSP-GD-003,MED-007,6,tablet,40.0,2026-06-03,2027-05-12,316,12,1.298,4.62,LOW_STOCK,Private Distributor - Kathmandu,Ambient
2026-06-30,BATCH-003708,HOSP-GD-003,MED-007,15,tablet,40.0,2026-04-20,2027-03-08,251,12,1.298,11.56,OK,Private Distributor - Kathmandu,Ambient
2026-06-30,BATCH-003709,HOSP-GD-003,MED-008,40,tablet,8.0,2026-06-09,2028-12-12,896,19,1.905,21.0,OK,Provincial Medical Store,Ambient
2026-06-30,BATCH-003710,HOSP-GD-003,MED-008,48,tablet,8.0,2026-03-13,2028-02-23,603,19,1.905,25.2,OK,Nepal CMS,Ambient
2026-06-30,BATCH-003711,HOSP-GD-003,MED-009,36,vial,85.0,2025-10-05,2026-11-20,143,18,1.881,19.14,OK,Nepal CMS,Ambient
2026-06-30,BATCH-003712,HOSP-GD-003,MED-010,56,tablet,2.0,2026-06-17,2028-05-25,695,24,2.44,22.95,OK,Nepal CMS,Ambient
2026-06-30,BATCH-003713,HOSP-GD-003,MED-011,44,sachet,8.0,2023-10-31,2026-08-19,50,68,6.857,6.42,LOW_AND_NEAR_EXPIRY,Private Distributor - Kathmandu,Ambient
2026-06-30,BATCH-003714,HOSP-GD-003,MED-011,79,sachet,8.0,2024-08-10,2027-06-28,363,68,6.857,11.52,OK,Local Pharmacy Wholesaler,Ambient
2026-06-30,BATCH-003715,HOSP-GD-003,MED-012,162,tablet,1.2,2026-06-13,2029-04-21,1026,36,3.69,43.9,OK,Local Pharmacy Wholesaler,Ambient
2026-06-30,BATCH-003716,HOSP-GD-003,MED-013,65,bag,55.0,2026-06-18,2028-04-17,657,19,1.905,34.12,OK,Nepal CMS,Ambient
2026-06-30,BATCH-003717,HOSP-GD-003,MED-014,43,bag,45.0,2025-06-01,2026-09-06,68,37,3.738,11.5,NEAR_EXPIRY,Kanti Central Store,Ambient
2026-06-30,BATCH-003718,HOSP-GD-003,MED-014,108,bag,45.0,2024-10-06,2026-07-27,27,37,3.738,28.89,NEAR_EXPIRY,Kanti Central Store,Ambient
2026-06-30,BATCH-003719,HOSP-GD-003,MED-015,25,bag,48.0,2026-06-25,2028-05-01,671,15,1.548,16.15,OK,Private Distributor - Kathmandu,Ambient
2026-06-30,BATCH-003720,HOSP-GD-003,MED-015,38,bag,48.0,2026-01-14,2026-12-04,157,15,1.548,24.55,OK,Private Distributor - Kathmandu,Ambient
2026-06-30,BATCH-003721,HOSP-GD-003,MED-016,12,tablet,15.0,2025-09-01,2027-03-15,258,7,0.762,15.75,OK,BPKMCH Pharmacy Store,Ambient
2026-06-30,BATCH-003722,HOSP-GD-003,MED-017,15,tablet,1.8,2025-03-06,2028-02-10,590,3,0.31,48.46,OK,Private Distributor - Kathmandu,Ambient
2026-06-30,BATCH-003723,HOSP-GD-003,MED-018,14,unit,180.0,2024-10-19,2026-09-11,73,6,0.69,20.28,NEAR_EXPIRY,UNICEF Supply,Ambient
2026-06-30,BATCH-003724,HOSP-GD-003,MED-019,20,ampoule,30.0,2026-06-17,2028-04-14,654,11,1.155,17.32,OK,BPKMCH Pharmacy Store,Ambient
2026-06-30,BATCH-003725,HOSP-GD-003,MED-019,38,ampoule,30.0,2026-06-29,2027-06-07,342,11,1.155,32.91,OK,Provincial Medical Store,Ambient
2026-06-30,BATCH-003726,HOSP-GD-003,MED-020,12,bottle,55.0,2025-09-10,2027-06-16,351,7,0.774,15.51,OK,Local Pharmacy Wholesaler,Ambient
2026-06-30,BATCH-003727,HOSP-GD-003,MED-021,24,tablet,1.0,2025-10-07,2028-01-18,567,41,4.107,5.84,LOW_STOCK,DoDA Logistics,Ambient
2026-06-30,BATCH-003728,HOSP-GD-003,MED-021,13,tablet,1.0,2025-10-21,2028-04-06,646,41,4.107,3.17,LOW_STOCK,Private Distributor - Kathmandu,Ambient
2026-06-30,BATCH-003729,HOSP-GD-003,MED-021,28,tablet,1.0,2024-01-12,2026-08-07,38,41,4.107,6.82,LOW_AND_NEAR_EXPIRY,Provincial Medical Store,Ambient
2026-06-30,BATCH-003730,HOSP-GD-003,MED-022,28,tablet,2.5,2026-04-04,2028-08-08,770,23,2.321,12.06,OK,Nepal CMS,Ambient
2026-06-30,BATCH-003731,HOSP-GD-003,MED-022,25,tablet,2.5,2026-06-27,2028-11-05,859,23,2.321,10.77,OK,DoDA Logistics,Ambient
2026-06-30,BATCH-003732,HOSP-GD-003,MED-022,50,tablet,2.5,2025-02-19,2027-12-09,527,23,2.321,21.54,OK,Kanti Central Store,Ambient
2026-06-30,BATCH-003733,HOSP-GD-003,MED-023,55,tablet,1.5,2025-09-21,2027-10-14,471,43,4.381,12.55,OK,Provincial Medical Store,Ambient
2026-06-30,BATCH-003734,HOSP-GD-003,MED-023,123,tablet,1.5,2026-06-17,2029-06-01,1067,43,4.381,28.08,OK,Provincial Medical Store,Ambient
2026-06-30,BATCH-003735,HOSP-GD-003,MED-024,13,vial,450.0,2025-11-15,2027-07-18,383,5,0.595,21.84,OK,Nepal CMS,Cold_Chain
2026-06-30,BATCH-003736,HOSP-GD-003,MED-025,25,tablet,3.0,2025-04-22,2027-11-15,503,18,1.821,13.73,OK,Provincial Medical Store,Ambient
2026-06-30,BATCH-003737,HOSP-GD-003,MED-025,50,tablet,3.0,2025-04-02,2026-11-15,138,18,1.821,27.45,OK,Local Pharmacy Wholesaler,Ambient
2026-06-30,BATCH-003738,HOSP-GD-003,MED-026,84,tablet,0.8,2026-06-02,2028-12-03,887,29,2.929,28.68,OK,Provincial Medical Store,Ambient
2026-06-30,BATCH-003739,HOSP-GD-003,MED-027,64,capsule,2.0,2026-06-10,2029-05-28,1063,41,4.131,15.49,OK,Provincial Medical Store,Ambient
2026-06-30,BATCH-003740,HOSP-GD-003,MED-027,56,capsule,2.0,2025-04-03,2027-07-09,374,41,4.131,13.56,OK,Kanti Central Store,Ambient
2026-06-30,BATCH-003741,HOSP-GD-003,MED-027,75,capsule,2.0,2025-10-07,2028-07-04,735,41,4.131,18.16,OK,Provincial Medical Store,Ambient
2026-06-30,BATCH-003742,HOSP-GD-003,MED-028,11,tablet,6.0,2024-12-18,2027-09-21,448,14,1.405,7.83,LOW_STOCK,Local Pharmacy Wholesaler,Ambient
2026-06-30,BATCH-003743,HOSP-GD-003,MED-028,12,tablet,6.0,2025-05-25,2028-01-10,559,14,1.405,8.54,LOW_STOCK,BPKMCH Pharmacy Store,Ambient
2026-06-30,BATCH-003744,HOSP-GD-003,MED-029,8,tablet,1.5,2023-08-03,2026-07-12,12,16,1.667,4.8,LOW_AND_NEAR_EXPIRY,Private Distributor - Kathmandu,Ambient
2026-06-30,BATCH-003745,HOSP-GD-003,MED-029,8,tablet,1.5,2026-06-18,2029-02-04,950,16,1.667,4.8,LOW_STOCK,Nepal CMS,Ambient
2026-06-30,BATCH-003746,HOSP-GD-003,MED-029,13,tablet,1.5,2025-04-04,2026-11-03,126,16,1.667,7.8,LOW_STOCK,DoDA Logistics,Ambient
2026-06-30,BATCH-003747,HOSP-GD-003,MED-030,9,bottle_100ml,85.0,2026-06-03,2028-08-13,775,8,0.833,10.8,OK,DoDA Logistics,Ambient
2026-06-30,BATCH-003748,HOSP-GD-003,MED-030,11,bottle_100ml,85.0,2026-05-22,2028-12-09,893,8,0.833,13.2,OK,UNICEF Supply,Ambient
2026-06-30,BATCH-003749,HOSP-GD-003,MED-031,156,pair,25.0,2024-12-26,2027-09-30,457,37,3.75,41.6,OK,BPKMCH Pharmacy Store,Ambient
2026-06-30,BATCH-003750,HOSP-GD-003,MED-032,348,piece,5.0,2026-01-14,2028-10-30,853,70,7.012,49.63,OK,BPKMCH Pharmacy Store,Ambient
2026-06-30,BATCH-003751,HOSP-GD-003,MED-033,21,piece,35.0,2026-06-26,2030-06-09,1440,18,1.857,11.31,OK,Kanti Central Store,Ambient
2026-06-30,BATCH-003752,HOSP-GD-003,MED-033,20,piece,35.0,2024-04-16,2028-10-15,838,18,1.857,10.77,OK,Private Distributor - Kathmandu,Ambient
2026-06-30,BATCH-003753,HOSP-GD-003,MED-033,18,piece,35.0,2026-05-29,2030-11-23,1607,18,1.857,9.69,LOW_STOCK,BPKMCH Pharmacy Store,Ambient
2026-06-30,BATCH-003754,HOSP-GD-003,MED-034,4,vial,25.0,2025-03-09,2026-09-11,73,4,0.417,9.6,LOW_AND_NEAR_EXPIRY,UNICEF Supply,Cold_Chain
2026-06-30,BATCH-003755,HOSP-GD-003,MED-034,5,vial,25.0,2026-04-10,2028-03-04,613,4,0.417,12.0,OK,UNICEF Supply,Cold_Chain
2026-06-30,BATCH-003756,HOSP-GD-003,MED-034,5,vial,25.0,2026-06-09,2028-03-07,616,4,0.417,12.0,OK,Kanti Central Store,Cold_Chain
2026-06-30,BATCH-003757,HOSP-GD-003,MED-035,3,vial,350.0,2026-01-23,2027-05-23,327,3,0.238,12.6,LOW_STOCK,Nepal CMS,Cold_Chain
2026-06-30,BATCH-003758,HOSP-GD-003,MED-035,8,vial,350.0,2026-05-09,2027-10-28,485,3,0.238,33.6,OK,Local Pharmacy Wholesaler,Cold_Chain
2026-06-30,BATCH-003759,HOSP-GD-003,MED-036,30,tablet,0.5,2025-12-30,2027-05-24,328,33,3.369,8.9,LOW_STOCK,Local Pharmacy Wholesaler,Ambient
2026-06-30,BATCH-003760,HOSP-GD-003,MED-036,19,tablet,0.5,2025-12-17,2027-04-20,294,33,3.369,5.64,LOW_STOCK,Provincial Medical Store,Ambient
2026-06-30,BATCH-003761,HOSP-GD-003,MED-036,50,tablet,0.5,2025-09-03,2027-08-10,406,33,3.369,14.84,OK,Local Pharmacy Wholesaler,Ambient
2026-06-30,BATCH-003762,HOSP-GD-003,MED-037,33,tablet,8.0,2026-06-20,2029-01-14,929,8,0.869,37.97,OK,Kanti Central Store,Ambient
2026-06-30,BATCH-003763,HOSP-GD-003,MED-038,10,ampoule,12.0,2025-05-04,2027-04-22,296,8,0.881,11.35,OK,Local Pharmacy Wholesaler,Ambient
2026-06-30,BATCH-003764,HOSP-GD-003,MED-038,22,ampoule,12.0,2026-06-06,2028-03-28,637,8,0.881,24.97,OK,Private Distributor - Kathmandu,Ambient
2026-06-30,BATCH-003765,HOSP-GD-003,MED-039,13,ampoule,10.0,2026-05-29,2027-12-13,531,5,0.536,24.27,OK,Nepal CMS,Ambient
2026-06-30,BATCH-003766,HOSP-GD-003,MED-040,12,ampoule,28.0,2025-07-11,2026-10-05,97,3,0.31,38.77,OK,BPKMCH Pharmacy Store,Ambient
2026-06-30,BATCH-003768,HOSP-GD-003,MED-041,1,vial,180.0,2026-04-21,2027-09-06,433,3,0.048,21.0,LOW_STOCK,DoDA Logistics,Ambient
2026-06-30,BATCH-003770,HOSP-GD-003,MED-043,1,vial,3500.0,2025-06-28,2026-08-31,62,3,0.036,28.0,LOW_AND_NEAR_EXPIRY,Nepal CMS,Ambient
2026-06-30,BATCH-003771,HOSP-GD-003,MED-044,1,vial,450.0,2025-07-20,2027-01-19,203,3,0.048,21.0,LOW_STOCK,Local Pharmacy Wholesaler,Ambient
2026-06-30,BATCH-003772,HOSP-GD-003,MED-044,2,vial,450.0,2026-06-10,2027-10-17,474,3,0.048,42.0,LOW_STOCK,Local Pharmacy Wholesaler,Ambient
2026-06-30,BATCH-003773,HOSP-GD-003,MED-045,6,tablet,15.0,2024-12-04,2026-09-07,69,3,0.143,42.0,NEAR_EXPIRY,BPKMCH Pharmacy Store,Ambient
2026-06-30,BATCH-003777,HOSP-GD-003,MED-047,90,sachet,6.0,2025-09-06,2026-11-13,136,25,2.524,35.66,OK,Provincial Medical Store,Ambient
2026-06-30,BATCH-003778,HOSP-GD-003,MED-048,15,bottle,65.0,2026-06-06,2028-05-03,673,8,0.821,18.26,OK,UNICEF Supply,Ambient
2026-06-30,BATCH-003779,HOSP-GD-003,MED-049,12,capsule,2.0,2025-04-08,2026-10-09,101,11,1.179,10.18,OK,BPKMCH Pharmacy Store,Ambient
2026-06-30,BATCH-003780,HOSP-GD-003,MED-049,21,capsule,2.0,2025-08-20,2026-10-20,112,11,1.179,17.82,OK,Nepal CMS,Ambient
2026-06-30,BATCH-003781,HOSP-GD-003,MED-050,6,vial,120.0,2025-10-03,2027-05-06,310,4,0.464,12.92,OK,Local Pharmacy Wholesaler,Cold_Chain
2026-06-30,BATCH-003782,HOSP-GD-003,MED-050,3,vial,120.0,2026-06-09,2028-05-06,676,4,0.464,6.46,LOW_STOCK,UNICEF Supply,Cold_Chain
2026-06-30,BATCH-003783,HOSP-GD-003,MED-050,3,vial,120.0,2025-08-18,2027-03-12,255,4,0.464,6.46,LOW_STOCK,BPKMCH Pharmacy Store,Cold_Chain
2026-06-30,BATCH-003784,HOSP-GD-003,MED-051,5,vial,80.0,2024-11-01,2026-09-10,72,4,0.44,11.35,NEAR_EXPIRY,Local Pharmacy Wholesaler,Cold_Chain
2026-06-30,BATCH-003785,HOSP-GD-003,MED-051,10,vial,80.0,2026-06-12,2028-01-22,571,4,0.44,22.7,OK,Nepal CMS,Cold_Chain
2026-06-30,BATCH-003786,HOSP-GD-003,MED-052,14,kit,25.0,2025-02-12,2026-12-05,158,11,1.19,11.76,OK,Private Distributor - Kathmandu,Ambient
2026-06-30,BATCH-003787,HOSP-GD-003,MED-052,16,kit,25.0,2026-03-17,2027-03-01,244,11,1.19,13.44,OK,BPKMCH Pharmacy Store,Ambient
2026-06-30,BATCH-003788,HOSP-GD-003,MED-053,54,ampoule,35.0,2025-08-13,2027-06-05,340,10,1.083,49.85,OK,Kanti Central Store,Cold_Chain
2026-06-30,BATCH-003789,HOSP-GD-003,MED-054,4,tablet,20.0,2025-09-03,2026-08-13,44,6,0.619,6.46,LOW_AND_NEAR_EXPIRY,BPKMCH Pharmacy Store,Ambient
2026-06-30,BATCH-003790,HOSP-GD-003,MED-054,3,tablet,20.0,2026-06-30,2027-08-23,419,6,0.619,4.85,LOW_STOCK,Local Pharmacy Wholesaler,Ambient
2026-06-30,BATCH-003791,HOSP-GD-003,MED-054,4,tablet,20.0,2025-09-25,2027-02-09,224,6,0.619,6.46,LOW_STOCK,BPKMCH Pharmacy Store,Ambient
2026-06-30,BATCH-003792,HOSP-GD-003,MED-055,3,ampoule,18.0,2025-09-30,2028-03-15,624,3,0.31,9.69,LOW_STOCK,Provincial Medical Store,Ambient
2026-06-30,BATCH-003793,HOSP-GD-003,MED-055,2,ampoule,18.0,2025-04-02,2027-08-14,410,3,0.31,6.46,LOW_STOCK,Nepal CMS,Ambient
2026-06-30,BATCH-003794,HOSP-GD-003,MED-055,4,ampoule,18.0,2026-06-26,2027-11-06,494,3,0.31,12.92,OK,UNICEF Supply,Ambient
2026-06-30,BATCH-003795,HOSP-GD-003,MED-056,3,ampoule,45.0,2024-06-16,2027-02-26,241,3,0.202,14.82,LOW_STOCK,Local Pharmacy Wholesaler,Ambient
2026-06-30,BATCH-003796,HOSP-GD-003,MED-057,12,bottle,55.0,2024-12-11,2026-10-15,107,3,0.25,48.0,OK,Private Distributor - Kathmandu,Ambient
2026-06-30,BATCH-003797,HOSP-GD-003,MED-058,1,bottle,90.0,2025-11-07,2027-04-24,298,3,0.107,9.33,LOW_STOCK,DoDA Logistics,Ambient
2026-06-30,BATCH-003799,HOSP-GD-003,MED-058,1,bottle,90.0,2026-03-03,2027-03-26,269,3,0.107,9.33,LOW_STOCK,Nepal CMS,Ambient
2026-06-30,BATCH-003800,HOSP-GD-003,MED-059,3,bottle,70.0,2024-09-29,2026-09-09,71,3,0.107,28.0,LOW_AND_NEAR_EXPIRY,Private Distributor - Kathmandu,Ambient
2026-06-30,BATCH-003801,HOSP-GD-003,MED-060,3,vial,2500.0,2025-05-24,2026-09-30,92,3,0.131,22.91,LOW_STOCK,Private Distributor - Kathmandu,Cold_Chain
2026-06-30,BATCH-003802,HOSP-GD-003,MED-060,3,vial,2500.0,2026-06-24,2028-06-13,714,3,0.131,22.91,LOW_STOCK,UNICEF Supply,Cold_Chain
2026-06-30,BATCH-003803,HOSP-GD-003,MED-061,11,ampoule,25.0,2026-06-06,2028-03-27,636,5,0.512,21.49,OK,Local Pharmacy Wholesaler,Ambient
2026-06-30,BATCH-003804,HOSP-GD-003,MED-061,13,ampoule,25.0,2026-02-18,2027-06-03,338,5,0.512,25.4,OK,Private Distributor - Kathmandu,Ambient
2026-06-30,BATCH-003805,HOSP-GD-003,MED-062,3,ampoule,12.0,2024-07-24,2026-10-18,110,3,0.226,13.26,LOW_STOCK,Kanti Central Store,Ambient
2026-06-30,BATCH-003806,HOSP-GD-003,MED-062,3,ampoule,12.0,2024-09-22,2027-07-11,376,3,0.226,13.26,LOW_STOCK,UNICEF Supply,Ambient
2026-06-30,BATCH-003807,HOSP-GD-003,MED-062,3,ampoule,12.0,2026-06-25,2027-12-14,532,3,0.226,13.26,LOW_STOCK,BPKMCH Pharmacy Store,Ambient
2026-06-30,BATCH-003808,HOSP-GD-003,MED-063,2,vial,850.0,2025-12-13,2027-05-06,310,3,0.25,8.0,LOW_STOCK,BPKMCH Pharmacy Store,Cold_Chain
2026-06-30,BATCH-003809,HOSP-GD-003,MED-063,1,vial,850.0,2025-01-01,2026-11-14,137,3,0.25,4.0,LOW_STOCK,Local Pharmacy Wholesaler,Cold_Chain
2026-06-30,BATCH-003810,HOSP-GD-003,MED-063,2,vial,850.0,2025-01-27,2026-10-21,113,3,0.25,8.0,LOW_STOCK,DoDA Logistics,Cold_Chain
2026-06-30,BATCH-003811,HOSP-GD-003,MED-064,13,roll,80.0,2022-04-21,2026-08-18,49,9,0.964,13.48,NEAR_EXPIRY,Provincial Medical Store,Ambient
2026-06-30,BATCH-003812,HOSP-GD-003,MED-064,5,roll,80.0,2026-06-10,2030-05-06,1406,9,0.964,5.19,LOW_STOCK,BPKMCH Pharmacy Store,Ambient
2026-06-30,BATCH-003813,HOSP-GD-003,MED-064,8,roll,80.0,2025-09-16,2030-02-18,1329,9,0.964,8.3,LOW_STOCK,BPKMCH Pharmacy Store,Ambient
2026-06-30,BATCH-003814,HOSP-GD-003,MED-065,2,unit,0.0,2026-06-25,2026-07-21,21,3,0.202,9.88,LOW_AND_NEAR_EXPIRY,UNICEF Supply,Cold_Chain
2026-06-30,BATCH-003815,HOSP-GD-003,MED-065,5,unit,0.0,2026-06-20,2026-07-19,19,3,0.202,24.71,NEAR_EXPIRY,DoDA Logistics,Cold_Chain
2026-06-30,BATCH-003816,HOSP-GD-003,MED-066,4,unit,0.0,2026-06-30,2026-07-24,24,3,0.286,14.0,NEAR_EXPIRY,Local Pharmacy Wholesaler,Cold_Chain
2026-06-30,BATCH-003817,HOSP-GD-003,MED-066,3,unit,0.0,2026-06-16,2026-07-06,6,3,0.286,10.5,LOW_AND_NEAR_EXPIRY,Private Distributor - Kathmandu,Cold_Chain
2026-06-30,BATCH-003818,HOSP-GD-003,MED-066,4,unit,0.0,2026-06-12,2026-07-29,29,3,0.286,14.0,NEAR_EXPIRY,Private Distributor - Kathmandu,Cold_Chain
2026-06-30,BATCH-003819,HOSP-GD-003,MED-067,25,vial,40.0,2024-10-01,2027-08-10,406,8,0.821,30.43,OK,Private Distributor - Kathmandu,Ambient
2026-06-30,BATCH-003820,HOSP-GD-003,MED-068,4,vial,180.0,2024-07-29,2026-08-13,44,3,0.179,22.4,NEAR_EXPIRY,Private Distributor - Kathmandu,Ambient
2026-06-30,BATCH-003821,HOSP-GD-003,MED-069,2,ampoule,95.0,2025-08-25,2027-04-29,303,3,0.262,7.64,LOW_STOCK,BPKMCH Pharmacy Store,Ambient
2026-06-30,BATCH-003822,HOSP-GD-003,MED-069,4,ampoule,95.0,2025-04-02,2027-03-16,259,3,0.262,15.27,OK,Local Pharmacy Wholesaler,Ambient
2026-06-30,BATCH-003823,HOSP-GD-003,MED-070,10,sachet,120.0,2025-07-07,2027-01-23,207,6,0.69,14.48,OK,UNICEF Supply,Ambient
2026-06-30,BATCH-003824,HOSP-GD-003,MED-070,11,sachet,120.0,2025-11-15,2027-02-14,229,6,0.69,15.93,OK,UNICEF Supply,Ambient
2026-06-30,BATCH-003825,HOSP-GD-003,MED-071,3,ampoule,150.0,2026-05-04,2028-03-17,626,3,0.179,16.8,LOW_STOCK,Kanti Central Store,Ambient
2026-06-30,BATCH-003826,HOSP-GD-003,MED-071,5,ampoule,150.0,2026-05-25,2028-03-29,638,3,0.179,28.0,OK,BPKMCH Pharmacy Store,Ambient
2026-06-30,BATCH-003827,HOSP-GD-003,MED-072,11,vial,650.0,2025-09-14,2027-03-07,250,3,0.369,29.81,OK,DoDA Logistics,Ambient
2026-06-30,BATCH-003828,HOSP-GD-004,MED-001,49,tablet,1.5,2026-06-27,2028-07-08,739,7,0.798,61.43,OK,UNICEF Supply,Ambient
2026-06-30,BATCH-003829,HOSP-GD-004,MED-002,6,bottle,45.0,2025-01-31,2026-09-25,87,3,0.095,63.0,NEAR_EXPIRY,Provincial Medical Store,Ambient
2026-06-30,BATCH-003830,HOSP-GD-004,MED-003,4,tablet,2.5,2025-10-12,2027-06-30,365,3,0.202,19.76,OK,UNICEF Supply,Ambient
2026-06-30,BATCH-003831,HOSP-GD-004,MED-003,3,tablet,2.5,2026-01-16,2028-04-28,668,3,0.202,14.82,LOW_STOCK,DoDA Logistics,Ambient
2026-06-30,BATCH-003832,HOSP-GD-004,MED-004,1,ampoule,25.0,2026-06-01,2027-11-02,490,3,0.048,21.0,LOW_STOCK,DoDA Logistics,Ambient
2026-06-30,BATCH-003833,HOSP-GD-004,MED-004,1,ampoule,25.0,2026-03-08,2027-11-03,491,3,0.048,21.0,LOW_STOCK,DoDA Logistics,Ambient
2026-06-30,BATCH-003834,HOSP-GD-004,MED-005,8,capsule,6.0,2026-06-03,2028-02-01,581,3,0.202,39.53,OK,Kanti Central Store,Ambient
2026-06-30,BATCH-003835,HOSP-GD-004,MED-005,7,capsule,6.0,2026-06-20,2028-05-10,680,3,0.202,34.59,OK,Kanti Central Store,Ambient
2026-06-30,BATCH-003836,HOSP-GD-004,MED-006,9,tablet,35.0,2025-08-23,2027-06-27,362,3,0.214,42.0,OK,UNICEF Supply,Ambient
2026-06-30,BATCH-003837,HOSP-GD-004,MED-007,3,tablet,40.0,2026-06-18,2028-04-01,641,3,0.143,21.0,LOW_STOCK,Local Pharmacy Wholesaler,Ambient
2026-06-30,BATCH-003838,HOSP-GD-004,MED-008,8,tablet,8.0,2026-06-17,2029-02-28,974,3,0.262,30.55,OK,Provincial Medical Store,Ambient
2026-06-30,BATCH-003839,HOSP-GD-004,MED-009,2,vial,85.0,2024-12-28,2026-09-22,84,3,0.143,14.0,LOW_AND_NEAR_EXPIRY,Nepal CMS,Ambient
2026-06-30,BATCH-003840,HOSP-GD-004,MED-009,1,vial,85.0,2025-01-09,2026-08-04,35,3,0.143,7.0,LOW_AND_NEAR_EXPIRY,DoDA Logistics,Ambient
2026-06-30,BATCH-003841,HOSP-GD-004,MED-009,2,vial,85.0,2025-03-17,2026-11-06,129,3,0.143,14.0,LOW_STOCK,Kanti Central Store,Ambient
2026-06-30,BATCH-003842,HOSP-GD-004,MED-010,2,tablet,2.0,2026-06-28,2029-01-08,923,3,0.202,9.88,LOW_STOCK,Nepal CMS,Ambient
2026-06-30,BATCH-003843,HOSP-GD-004,MED-010,1,tablet,2.0,2026-06-03,2029-04-25,1030,3,0.202,4.94,LOW_STOCK,UNICEF Supply,Ambient
2026-06-30,BATCH-003844,HOSP-GD-004,MED-010,2,tablet,2.0,2024-09-07,2026-07-16,16,3,0.202,9.88,LOW_AND_NEAR_EXPIRY,DoDA Logistics,Ambient
2026-06-30,BATCH-003845,HOSP-GD-004,MED-011,22,sachet,8.0,2026-05-24,2029-04-09,1014,3,0.345,63.72,OK,Local Pharmacy Wholesaler,Ambient
2026-06-30,BATCH-003846,HOSP-GD-004,MED-012,17,tablet,1.2,2025-09-20,2026-12-11,164,3,0.25,68.0,OK,BPKMCH Pharmacy Store,Ambient
2026-06-30,BATCH-003847,HOSP-GD-004,MED-013,4,bag,55.0,2025-06-04,2027-03-21,264,3,0.143,28.0,OK,UNICEF Supply,Ambient
2026-06-30,BATCH-003848,HOSP-GD-004,MED-013,7,bag,55.0,2026-06-24,2027-07-16,381,3,0.143,49.0,OK,Private Distributor - Kathmandu,Ambient
2026-06-30,BATCH-003849,HOSP-GD-004,MED-014,7,bag,45.0,2026-06-12,2028-06-04,705,3,0.31,22.62,OK,DoDA Logistics,Ambient
2026-06-30,BATCH-003850,HOSP-GD-004,MED-014,4,bag,45.0,2025-09-26,2026-12-13,166,3,0.31,12.92,OK,DoDA Logistics,Ambient
2026-06-30,BATCH-003851,HOSP-GD-004,MED-014,10,bag,45.0,2025-09-27,2027-02-25,240,3,0.31,32.31,OK,Kanti Central Store,Ambient
2026-06-30,BATCH-003852,HOSP-GD-004,MED-015,2,bag,48.0,2025-09-21,2027-08-15,411,3,0.119,16.8,LOW_STOCK,Nepal CMS,Ambient
2026-06-30,BATCH-003853,HOSP-GD-004,MED-015,3,bag,48.0,2026-05-26,2027-10-03,460,3,0.119,25.2,LOW_STOCK,Nepal CMS,Ambient
2026-06-30,BATCH-003858,HOSP-GD-004,MED-018,1,unit,180.0,2025-05-23,2026-10-28,120,3,0.036,28.0,LOW_STOCK,DoDA Logistics,Ambient
2026-06-30,BATCH-003864,HOSP-GD-004,MED-020,6,bottle,55.0,2026-04-28,2028-02-19,599,3,0.095,63.0,OK,BPKMCH Pharmacy Store,Ambient
2026-06-30,BATCH-003865,HOSP-GD-004,MED-021,4,tablet,1.0,2026-06-20,2028-10-27,850,3,0.238,16.8,OK,Nepal CMS,Ambient
2026-06-30,BATCH-003866,HOSP-GD-004,MED-021,2,tablet,1.0,2026-06-01,2029-06-04,1070,3,0.238,8.4,LOW_STOCK,Kanti Central Store,Ambient
2026-06-30,BATCH-003867,HOSP-GD-004,MED-021,3,tablet,1.0,2023-12-14,2026-07-09,9,3,0.238,12.6,LOW_AND_NEAR_EXPIRY,Provincial Medical Store,Ambient
2026-06-30,BATCH-003868,HOSP-GD-004,MED-022,6,tablet,2.5,2026-03-21,2027-06-26,361,3,0.179,33.6,OK,Nepal CMS,Ambient
2026-06-30,BATCH-003869,HOSP-GD-004,MED-023,4,tablet,1.5,2025-07-28,2027-09-04,431,3,0.274,14.61,OK,UNICEF Supply,Ambient
2026-06-30,BATCH-003870,HOSP-GD-004,MED-023,9,tablet,1.5,2026-06-29,2028-05-26,696,3,0.274,32.87,OK,BPKMCH Pharmacy Store,Ambient
2026-06-30,BATCH-003871,HOSP-GD-004,MED-024,1,vial,450.0,2026-01-26,2027-01-16,200,3,0.036,28.0,LOW_STOCK,BPKMCH Pharmacy Store,Cold_Chain
2026-06-30,BATCH-003873,HOSP-GD-004,MED-024,1,vial,450.0,2026-06-03,2028-02-12,592,3,0.036,28.0,LOW_STOCK,BPKMCH Pharmacy Store,Cold_Chain
2026-06-30,BATCH-003874,HOSP-GD-004,MED-025,2,tablet,3.0,2024-12-20,2026-08-15,46,3,0.226,8.84,LOW_AND_NEAR_EXPIRY,DoDA Logistics,Ambient
2026-06-30,BATCH-003875,HOSP-GD-004,MED-025,2,tablet,3.0,2026-04-08,2027-08-28,424,3,0.226,8.84,LOW_STOCK,Kanti Central Store,Ambient
2026-06-30,BATCH-003876,HOSP-GD-004,MED-025,1,tablet,3.0,2025-07-30,2028-01-27,576,3,0.226,4.42,LOW_STOCK,DoDA Logistics,Ambient
2026-06-30,BATCH-003877,HOSP-GD-004,MED-026,5,tablet,0.8,2026-06-02,2029-03-15,989,3,0.155,32.31,OK,Local Pharmacy Wholesaler,Ambient
2026-06-30,BATCH-003878,HOSP-GD-004,MED-026,6,tablet,0.8,2025-07-10,2028-04-16,656,3,0.155,38.77,OK,Local Pharmacy Wholesaler,Ambient
2026-06-30,BATCH-003879,HOSP-GD-004,MED-027,8,capsule,2.0,2026-02-09,2028-12-26,910,3,0.393,20.36,OK,UNICEF Supply,Ambient
2026-06-30,BATCH-003880,HOSP-GD-004,MED-027,13,capsule,2.0,2023-10-23,2026-08-10,41,3,0.393,33.09,NEAR_EXPIRY,Kanti Central Store,Ambient
2026-06-30,BATCH-003881,HOSP-GD-004,MED-028,3,tablet,6.0,2024-07-10,2026-12-21,174,3,0.119,25.2,LOW_STOCK,Nepal CMS,Ambient
2026-06-30,BATCH-003882,HOSP-GD-004,MED-028,1,tablet,6.0,2025-03-19,2027-04-30,304,3,0.119,8.4,LOW_STOCK,DoDA Logistics,Ambient
2026-06-30,BATCH-003883,HOSP-GD-004,MED-028,1,tablet,6.0,2024-08-07,2027-07-09,374,3,0.119,8.4,LOW_STOCK,Kanti Central Store,Ambient
2026-06-30,BATCH-003884,HOSP-GD-004,MED-029,4,tablet,1.5,2025-05-10,2026-10-07,99,3,0.167,24.0,OK,Kanti Central Store,Ambient
2026-06-30,BATCH-003885,HOSP-GD-004,MED-030,5,bottle_100ml,85.0,2026-06-20,2028-09-22,815,3,0.083,60.0,OK,UNICEF Supply,Ambient
2026-06-30,BATCH-003886,HOSP-GD-004,MED-031,5,pair,25.0,2024-10-16,2028-02-04,584,3,0.345,14.48,OK,UNICEF Supply,Ambient
2026-06-30,BATCH-003887,HOSP-GD-004,MED-031,9,pair,25.0,2025-10-16,2029-09-27,1185,3,0.345,26.07,OK,DoDA Logistics,Ambient
2026-06-30,BATCH-003888,HOSP-GD-004,MED-032,8,piece,5.0,2026-06-03,2031-05-12,1777,5,0.595,13.44,OK,Kanti Central Store,Ambient
2026-06-30,BATCH-003889,HOSP-GD-004,MED-032,20,piece,5.0,2023-01-28,2027-11-07,495,5,0.595,33.6,OK,UNICEF Supply,Ambient
2026-06-30,BATCH-003890,HOSP-GD-004,MED-033,4,piece,35.0,2025-03-24,2027-06-22,357,3,0.214,18.67,OK,BPKMCH Pharmacy Store,Ambient
2026-06-30,BATCH-003891,HOSP-GD-004,MED-033,9,piece,35.0,2024-08-29,2028-08-11,773,3,0.214,42.0,OK,Kanti Central Store,Ambient
2026-06-30,BATCH-003892,HOSP-GD-004,MED-034,1,vial,25.0,2026-01-08,2027-08-30,426,3,0.012,84.0,LOW_STOCK,Private Distributor - Kathmandu,Cold_Chain
2026-06-30,BATCH-003893,HOSP-GD-004,MED-035,1,vial,350.0,2026-03-23,2027-03-21,264,3,0.024,42.0,LOW_STOCK,Provincial Medical Store,Cold_Chain
2026-06-30,BATCH-003894,HOSP-GD-004,MED-035,1,vial,350.0,2024-10-19,2026-08-11,42,3,0.024,42.0,LOW_AND_NEAR_EXPIRY,UNICEF Supply,Cold_Chain
2026-06-30,BATCH-003895,HOSP-GD-004,MED-036,6,tablet,0.5,2026-02-26,2028-01-04,553,3,0.226,26.53,OK,Nepal CMS,Ambient
2026-06-30,BATCH-003896,HOSP-GD-004,MED-036,7,tablet,0.5,2025-10-08,2027-08-30,426,3,0.226,30.95,OK,BPKMCH Pharmacy Store,Ambient
2026-06-30,BATCH-003897,HOSP-GD-004,MED-037,1,tablet,8.0,2025-06-18,2027-09-16,443,3,0.048,21.0,LOW_STOCK,Nepal CMS,Ambient
2026-06-30,BATCH-003898,HOSP-GD-004,MED-037,1,tablet,8.0,2026-03-11,2027-09-19,446,3,0.048,21.0,LOW_STOCK,Local Pharmacy Wholesaler,Ambient
2026-06-30,BATCH-003899,HOSP-GD-004,MED-038,1,ampoule,12.0,2024-08-21,2026-07-23,23,3,0.036,28.0,LOW_AND_NEAR_EXPIRY,UNICEF Supply,Ambient
2026-06-30,BATCH-003900,HOSP-GD-004,MED-038,1,ampoule,12.0,2026-04-15,2028-01-29,578,3,0.036,28.0,LOW_STOCK,Kanti Central Store,Ambient
2026-06-30,BATCH-003901,HOSP-GD-004,MED-039,1,ampoule,10.0,2026-01-17,2028-09-27,820,3,0.06,16.8,LOW_STOCK,UNICEF Supply,Ambient
2026-06-30,BATCH-003902,HOSP-GD-004,MED-040,1,ampoule,28.0,2026-06-02,2028-08-03,765,3,0.036,28.0,LOW_STOCK,Nepal CMS,Ambient
2026-06-30,BATCH-003903,HOSP-GD-004,MED-040,1,ampoule,28.0,2026-06-07,2028-05-08,678,3,0.036,28.0,LOW_STOCK,BPKMCH Pharmacy Store,Ambient
2026-06-30,BATCH-003904,HOSP-GD-004,MED-040,1,ampoule,28.0,2026-03-16,2027-11-07,495,3,0.036,28.0,LOW_STOCK,BPKMCH Pharmacy Store,Ambient
2026-06-30,BATCH-003921,HOSP-GD-004,MED-047,2,sachet,6.0,2024-11-26,2026-09-08,70,3,0.155,12.92,LOW_AND_NEAR_EXPIRY,Nepal CMS,Ambient
2026-06-30,BATCH-003922,HOSP-GD-004,MED-047,2,sachet,6.0,2025-10-31,2028-04-11,651,3,0.155,12.92,LOW_STOCK,UNICEF Supply,Ambient
2026-06-30,BATCH-003923,HOSP-GD-004,MED-048,2,bottle,65.0,2026-05-29,2028-05-15,685,3,0.071,28.0,LOW_STOCK,Nepal CMS,Ambient
2026-06-30,BATCH-003924,HOSP-GD-004,MED-048,1,bottle,65.0,2026-06-27,2027-12-02,520,3,0.071,14.0,LOW_STOCK,Local Pharmacy Wholesaler,Ambient
2026-06-30,BATCH-003925,HOSP-GD-004,MED-048,1,bottle,65.0,2025-11-19,2027-07-10,375,3,0.071,14.0,LOW_STOCK,BPKMCH Pharmacy Store,Ambient
2026-06-30,BATCH-003926,HOSP-GD-004,MED-049,2,capsule,2.0,2024-11-11,2026-07-16,16,3,0.048,42.0,LOW_AND_NEAR_EXPIRY,Nepal CMS,Ambient
2026-06-30,BATCH-003928,HOSP-GD-004,MED-051,1,vial,80.0,2026-06-09,2027-11-22,510,3,0.036,28.0,LOW_STOCK,Local Pharmacy Wholesaler,Cold_Chain
2026-06-30,BATCH-003929,HOSP-GD-004,MED-051,2,vial,80.0,2026-02-02,2027-01-31,215,3,0.036,56.0,LOW_STOCK,Nepal CMS,Cold_Chain
2026-06-30,BATCH-003930,HOSP-GD-004,MED-052,1,kit,25.0,2025-11-28,2027-04-13,287,3,0.048,21.0,LOW_STOCK,BPKMCH Pharmacy Store,Ambient
2026-06-30,BATCH-003931,HOSP-GD-004,MED-052,1,kit,25.0,2025-12-05,2027-03-11,254,3,0.048,21.0,LOW_STOCK,Private Distributor - Kathmandu,Ambient
2026-06-30,BATCH-003932,HOSP-GD-004,MED-053,3,ampoule,35.0,2025-07-31,2027-05-26,330,3,0.048,63.0,LOW_STOCK,Private Distributor - Kathmandu,Cold_Chain
2026-06-30,BATCH-003933,HOSP-GD-004,MED-054,4,tablet,20.0,2026-05-18,2028-04-24,664,3,0.06,67.2,OK,UNICEF Supply,Ambient
2026-06-30,BATCH-003934,HOSP-GD-004,MED-055,1,ampoule,18.0,2026-06-01,2028-07-22,753,3,0.048,21.0,LOW_STOCK,Local Pharmacy Wholesaler,Ambient
2026-06-30,BATCH-003935,HOSP-GD-004,MED-055,1,ampoule,18.0,2025-02-28,2026-11-21,144,3,0.048,21.0,LOW_STOCK,Private Distributor - Kathmandu,Ambient
2026-06-30,BATCH-003936,HOSP-GD-004,MED-055,2,ampoule,18.0,2025-09-11,2028-06-22,723,3,0.048,42.0,LOW_STOCK,Private Distributor - Kathmandu,Ambient
2026-06-30,BATCH-003937,HOSP-GD-004,MED-056,1,ampoule,45.0,2025-11-24,2027-11-10,498,3,0.024,42.0,LOW_STOCK,Provincial Medical Store,Ambient
2026-06-30,BATCH-003939,HOSP-GD-004,MED-056,1,ampoule,45.0,2024-11-21,2027-07-10,375,3,0.024,42.0,LOW_STOCK,Private Distributor - Kathmandu,Ambient
2026-06-30,BATCH-003943,HOSP-GD-004,MED-058,1,bottle,90.0,2025-10-23,2027-02-05,220,3,0.012,84.0,LOW_STOCK,Provincial Medical Store,Ambient
2026-06-30,BATCH-003947,HOSP-GD-004,MED-061,1,ampoule,25.0,2026-06-22,2028-05-09,679,3,0.024,42.0,LOW_STOCK,UNICEF Supply,Ambient
2026-06-30,BATCH-003948,HOSP-GD-004,MED-061,1,ampoule,25.0,2026-05-17,2027-11-22,510,3,0.024,42.0,LOW_STOCK,Kanti Central Store,Ambient
2026-06-30,BATCH-003952,HOSP-GD-004,MED-064,3,roll,80.0,2022-09-09,2027-04-23,297,3,0.155,19.38,LOW_STOCK,Nepal CMS,Ambient
2026-06-30,BATCH-003953,HOSP-GD-004,MED-064,1,roll,80.0,2026-06-05,2031-01-10,1655,3,0.155,6.46,LOW_STOCK,Kanti Central Store,Ambient
2026-06-30,BATCH-003954,HOSP-GD-004,MED-064,2,roll,80.0,2026-01-12,2028-03-30,639,3,0.155,12.92,LOW_STOCK,Local Pharmacy Wholesaler,Ambient
2026-06-30,BATCH-003960,HOSP-GD-004,MED-067,1,vial,40.0,2024-05-16,2026-10-05,97,3,0.036,28.0,LOW_STOCK,Kanti Central Store,Ambient
2026-06-30,BATCH-003961,HOSP-GD-004,MED-067,1,vial,40.0,2025-01-24,2027-04-04,278,3,0.036,28.0,LOW_STOCK,Local Pharmacy Wholesaler,Ambient
2026-06-30,BATCH-003963,HOSP-GD-004,MED-069,1,ampoule,95.0,2026-02-07,2027-11-02,490,3,0.036,28.0,LOW_STOCK,Local Pharmacy Wholesaler,Ambient
2026-06-30,BATCH-003964,HOSP-GD-004,MED-069,1,ampoule,95.0,2026-03-17,2027-08-26,422,3,0.036,28.0,LOW_STOCK,Kanti Central Store,Ambient
2026-06-30,BATCH-003966,HOSP-GD-004,MED-070,1,sachet,120.0,2024-11-12,2026-08-16,47,3,0.012,84.0,LOW_AND_NEAR_EXPIRY,DoDA Logistics,Ambient
2026-06-30,BATCH-003969,HOSP-GD-004,MED-072,1,vial,650.0,2026-05-18,2027-09-16,443,3,0.06,16.8,LOW_STOCK,Local Pharmacy Wholesaler,Ambient
2026-06-30,BATCH-003970,HOSP-GD-004,MED-072,3,vial,650.0,2025-01-16,2026-11-15,138,3,0.06,50.4,LOW_STOCK,Kanti Central Store,Ambient
2026-06-30,BATCH-003971,HOSP-GD-005,MED-001,5295,tablet,1.5,2023-08-16,2026-07-25,25,3416,341.643,15.5,NEAR_EXPIRY,Local Pharmacy Wholesaler,Ambient
2026-06-30,BATCH-003972,HOSP-GD-005,MED-002,402,bottle,45.0,2025-10-20,2027-01-18,202,716,71.667,5.61,LOW_STOCK,BPKMCH Pharmacy Store,Ambient
2026-06-30,BATCH-003973,HOSP-GD-005,MED-002,542,bottle,45.0,2026-06-27,2028-04-12,652,716,71.667,7.56,LOW_STOCK,Local Pharmacy Wholesaler,Ambient
2026-06-30,BATCH-003974,HOSP-GD-005,MED-002,519,bottle,45.0,2025-07-27,2027-02-27,242,716,71.667,7.24,LOW_STOCK,DoDA Logistics,Ambient
2026-06-30,BATCH-003975,HOSP-GD-005,MED-003,2704,tablet,2.5,2025-12-11,2028-05-18,688,1472,147.214,18.37,OK,Local Pharmacy Wholesaler,Ambient
2026-06-30,BATCH-003976,HOSP-GD-005,MED-003,4731,tablet,2.5,2024-11-22,2027-06-14,349,1472,147.214,32.14,OK,Private Distributor - Kathmandu,Ambient
2026-06-30,BATCH-003977,HOSP-GD-005,MED-004,343,ampoule,25.0,2025-05-06,2026-11-13,136,527,52.762,6.5,LOW_STOCK,UNICEF Supply,Ambient
2026-06-30,BATCH-003978,HOSP-GD-005,MED-004,885,ampoule,25.0,2025-09-11,2027-08-22,418,527,52.762,16.77,OK,Provincial Medical Store,Ambient
2026-06-30,BATCH-003979,HOSP-GD-005,MED-005,11069,capsule,6.0,2025-03-26,2026-07-11,11,3099,309.929,35.71,NEAR_EXPIRY,Local Pharmacy Wholesaler,Ambient
2026-06-30,BATCH-003980,HOSP-GD-005,MED-006,3254,tablet,35.0,2025-06-30,2026-11-28,151,1190,119.06,27.33,OK,Provincial Medical Store,Ambient
2026-06-30,BATCH-003981,HOSP-GD-005,MED-006,1297,tablet,35.0,2026-06-28,2028-03-20,629,1190,119.06,10.89,OK,Local Pharmacy Wholesaler,Ambient
2026-06-30,BATCH-003982,HOSP-GD-005,MED-006,1463,tablet,35.0,2026-06-08,2028-06-06,707,1190,119.06,12.29,OK,DoDA Logistics,Ambient
2026-06-30,BATCH-003983,HOSP-GD-005,MED-007,2388,tablet,40.0,2026-02-17,2027-07-21,386,1042,104.286,22.9,OK,UNICEF Supply,Ambient
2026-06-30,BATCH-003984,HOSP-GD-005,MED-007,2353,tablet,40.0,2025-10-12,2026-09-30,92,1042,104.286,22.56,OK,Kanti Central Store,Ambient
2026-06-30,BATCH-003985,HOSP-GD-005,MED-008,2687,tablet,8.0,2025-11-30,2028-01-15,564,1405,140.56,19.12,OK,UNICEF Supply,Ambient
2026-06-30,BATCH-003986,HOSP-GD-005,MED-008,973,tablet,8.0,2026-05-24,2029-05-03,1038,1405,140.56,6.92,LOW_STOCK,UNICEF Supply,Ambient
2026-06-30,BATCH-003987,HOSP-GD-005,MED-008,1273,tablet,8.0,2024-10-01,2026-12-27,180,1405,140.56,9.06,LOW_STOCK,Nepal CMS,Ambient
2026-06-30,BATCH-003988,HOSP-GD-005,MED-009,737,vial,85.0,2026-05-28,2027-12-29,547,1113,111.369,6.62,LOW_STOCK,Local Pharmacy Wholesaler,Ambient
2026-06-30,BATCH-003989,HOSP-GD-005,MED-009,1961,vial,85.0,2026-05-27,2028-03-11,620,1113,111.369,17.61,OK,Provincial Medical Store,Ambient
2026-06-30,BATCH-003990,HOSP-GD-005,MED-010,2094,tablet,2.0,2024-02-27,2026-08-31,62,1601,160.19,13.07,NEAR_EXPIRY,UNICEF Supply,Ambient
2026-06-30,BATCH-003991,HOSP-GD-005,MED-010,6043,tablet,2.0,2026-06-28,2028-03-21,630,1601,160.19,37.72,OK,UNICEF Supply,Ambient
2026-06-30,BATCH-003992,HOSP-GD-005,MED-011,4584,sachet,8.0,2026-05-19,2029-04-22,1027,3370,337.048,13.6,OK,Provincial Medical Store,Ambient
2026-06-30,BATCH-003993,HOSP-GD-005,MED-011,8798,sachet,8.0,2025-08-08,2026-10-16,108,3370,337.048,26.1,OK,UNICEF Supply,Ambient
2026-06-30,BATCH-003994,HOSP-GD-005,MED-012,4385,tablet,1.2,2025-06-18,2027-10-01,458,1826,182.607,24.01,OK,Kanti Central Store,Ambient
2026-06-30,BATCH-003995,HOSP-GD-005,MED-012,1633,tablet,1.2,2024-09-13,2026-10-25,117,1826,182.607,8.94,LOW_STOCK,Kanti Central Store,Ambient
2026-06-30,BATCH-003996,HOSP-GD-005,MED-012,3239,tablet,1.2,2026-02-09,2028-11-03,857,1826,182.607,17.74,OK,UNICEF Supply,Ambient
2026-06-30,BATCH-003997,HOSP-GD-005,MED-013,1751,bag,55.0,2026-04-12,2027-07-15,380,1288,128.833,13.59,OK,DoDA Logistics,Ambient
2026-06-30,BATCH-003998,HOSP-GD-005,MED-013,2999,bag,55.0,2025-11-18,2027-06-29,364,1288,128.833,23.28,OK,Provincial Medical Store,Ambient
2026-06-30,BATCH-003999,HOSP-GD-005,MED-014,4576,bag,45.0,2026-05-20,2028-02-15,595,1831,183.107,24.99,OK,UNICEF Supply,Ambient
2026-06-30,BATCH-004000,HOSP-GD-005,MED-015,1595,bag,48.0,2026-05-21,2028-04-20,660,881,88.131,18.1,OK,Nepal CMS,Ambient
2026-06-30,BATCH-004001,HOSP-GD-005,MED-015,610,bag,48.0,2026-06-16,2028-02-26,606,881,88.131,6.92,LOW_STOCK,BPKMCH Pharmacy Store,Ambient
2026-06-30,BATCH-004002,HOSP-GD-005,MED-015,820,bag,48.0,2026-05-18,2028-03-21,630,881,88.131,9.3,LOW_STOCK,Kanti Central Store,Ambient
2026-06-30,BATCH-004003,HOSP-GD-005,MED-016,521,tablet,15.0,2026-06-28,2028-06-06,707,224,22.429,23.23,OK,BPKMCH Pharmacy Store,Ambient
2026-06-30,BATCH-004004,HOSP-GD-005,MED-016,141,tablet,15.0,2026-02-05,2027-12-11,529,224,22.429,6.29,LOW_STOCK,Nepal CMS,Ambient
2026-06-30,BATCH-004005,HOSP-GD-005,MED-016,305,tablet,15.0,2025-01-03,2026-08-04,35,224,22.429,13.6,NEAR_EXPIRY,Local Pharmacy Wholesaler,Ambient
2026-06-30,BATCH-004006,HOSP-GD-005,MED-017,183,tablet,1.8,2024-04-09,2026-08-27,58,111,11.119,16.46,NEAR_EXPIRY,Provincial Medical Store,Ambient
2026-06-30,BATCH-004007,HOSP-GD-005,MED-017,115,tablet,1.8,2026-06-29,2028-12-14,898,111,11.119,10.34,OK,Local Pharmacy Wholesaler,Ambient
2026-06-30,BATCH-004008,HOSP-GD-005,MED-017,255,tablet,1.8,2026-01-09,2027-05-29,333,111,11.119,22.93,OK,BPKMCH Pharmacy Store,Ambient
2026-06-30,BATCH-004009,HOSP-GD-005,MED-018,1066,unit,180.0,2025-08-07,2027-07-23,388,412,41.25,25.84,OK,UNICEF Supply,Ambient
2026-06-30,BATCH-004010,HOSP-GD-005,MED-018,434,unit,180.0,2026-06-16,2027-12-09,527,412,41.25,10.52,OK,Local Pharmacy Wholesaler,Ambient
2026-06-30,BATCH-004011,HOSP-GD-005,MED-018,473,unit,180.0,2025-11-15,2027-02-26,241,412,41.25,11.47,OK,Nepal CMS,Ambient
2026-06-30,BATCH-004012,HOSP-GD-005,MED-019,536,ampoule,30.0,2025-11-10,2027-07-23,388,467,46.774,11.46,OK,Provincial Medical Store,Ambient
2026-06-30,BATCH-004013,HOSP-GD-005,MED-019,662,ampoule,30.0,2025-10-01,2027-08-16,412,467,46.774,14.15,OK,Local Pharmacy Wholesaler,Ambient
2026-06-30,BATCH-004014,HOSP-GD-005,MED-019,767,ampoule,30.0,2025-08-24,2027-06-05,340,467,46.774,16.4,OK,DoDA Logistics,Ambient
2026-06-30,BATCH-004015,HOSP-GD-005,MED-020,548,bottle,55.0,2025-06-11,2026-08-22,53,451,45.179,12.13,NEAR_EXPIRY,BPKMCH Pharmacy Store,Ambient
2026-06-30,BATCH-004016,HOSP-GD-005,MED-020,341,bottle,55.0,2025-06-01,2026-07-19,19,451,45.179,7.55,LOW_AND_NEAR_EXPIRY,DoDA Logistics,Ambient
2026-06-30,BATCH-004017,HOSP-GD-005,MED-020,583,bottle,55.0,2026-02-11,2027-12-06,524,451,45.179,12.9,OK,DoDA Logistics,Ambient
2026-06-30,BATCH-004018,HOSP-GD-005,MED-021,7061,tablet,1.0,2025-05-03,2027-09-17,444,1680,168.071,42.01,OK,Nepal CMS,Ambient
2026-06-30,BATCH-004019,HOSP-GD-005,MED-022,2825,tablet,2.5,2025-09-03,2028-06-01,702,985,98.548,28.67,OK,Private Distributor - Kathmandu,Ambient
2026-06-30,BATCH-004020,HOSP-GD-005,MED-023,7188,tablet,1.5,2025-02-23,2026-07-26,26,1658,165.881,43.33,NEAR_EXPIRY,UNICEF Supply,Ambient
2026-06-30,BATCH-004021,HOSP-GD-005,MED-024,616,vial,450.0,2025-03-06,2027-02-12,227,280,28.012,21.99,OK,Private Distributor - Kathmandu,Cold_Chain
2026-06-30,BATCH-004022,HOSP-GD-005,MED-024,187,vial,450.0,2026-06-25,2027-11-27,515,280,28.012,6.68,LOW_STOCK,Nepal CMS,Cold_Chain
2026-06-30,BATCH-004023,HOSP-GD-005,MED-024,373,vial,450.0,2025-01-18,2026-10-06,98,280,28.012,13.32,OK,DoDA Logistics,Cold_Chain
2026-06-30,BATCH-004024,HOSP-GD-005,MED-025,776,tablet,3.0,2026-06-05,2028-07-28,759,989,98.94,7.84,LOW_STOCK,DoDA Logistics,Ambient
2026-06-30,BATCH-004025,HOSP-GD-005,MED-025,650,tablet,3.0,2025-04-18,2027-09-15,442,989,98.94,6.57,LOW_STOCK,Kanti Central Store,Ambient
2026-06-30,BATCH-004026,HOSP-GD-005,MED-025,551,tablet,3.0,2024-03-07,2026-11-02,125,989,98.94,5.57,LOW_STOCK,Kanti Central Store,Ambient
2026-06-30,BATCH-004027,HOSP-GD-005,MED-026,5257,tablet,0.8,2023-09-16,2026-08-14,45,1264,126.464,41.57,NEAR_EXPIRY,Private Distributor - Kathmandu,Ambient
2026-06-30,BATCH-004028,HOSP-GD-005,MED-027,3454,capsule,2.0,2026-05-19,2028-11-22,876,1955,195.5,17.67,OK,DoDA Logistics,Ambient
2026-06-30,BATCH-004029,HOSP-GD-005,MED-027,3194,capsule,2.0,2026-05-13,2028-06-12,713,1955,195.5,16.34,OK,Local Pharmacy Wholesaler,Ambient
2026-06-30,BATCH-004030,HOSP-GD-005,MED-027,2673,capsule,2.0,2024-03-02,2027-01-14,198,1955,195.5,13.67,OK,Provincial Medical Store,Ambient
2026-06-30,BATCH-004031,HOSP-GD-005,MED-028,1909,tablet,6.0,2025-01-02,2026-08-09,40,983,98.357,19.41,NEAR_EXPIRY,Local Pharmacy Wholesaler,Ambient
2026-06-30,BATCH-004032,HOSP-GD-005,MED-029,1433,tablet,1.5,2026-02-05,2028-05-19,689,737,73.774,19.42,OK,Local Pharmacy Wholesaler,Ambient
2026-06-30,BATCH-004033,HOSP-GD-005,MED-029,718,tablet,1.5,2024-09-20,2027-04-11,285,737,73.774,9.73,LOW_STOCK,Kanti Central Store,Ambient
2026-06-30,BATCH-004034,HOSP-GD-005,MED-029,1097,tablet,1.5,2025-04-08,2026-07-16,16,737,73.774,14.87,NEAR_EXPIRY,Private Distributor - Kathmandu,Ambient
2026-06-30,BATCH-004035,HOSP-GD-005,MED-030,674,bottle_100ml,85.0,2025-10-31,2028-01-17,566,469,46.964,14.35,OK,Private Distributor - Kathmandu,Ambient
2026-06-30,BATCH-004036,HOSP-GD-005,MED-030,1160,bottle_100ml,85.0,2026-05-17,2029-01-10,925,469,46.964,24.7,OK,Private Distributor - Kathmandu,Ambient
2026-06-30,BATCH-004037,HOSP-GD-005,MED-031,2387,pair,25.0,2023-10-26,2026-08-03,34,3077,307.798,7.76,LOW_AND_NEAR_EXPIRY,Provincial Medical Store,Ambient
2026-06-30,BATCH-004038,HOSP-GD-005,MED-031,2002,pair,25.0,2026-06-07,2030-08-21,1513,3077,307.798,6.5,LOW_STOCK,BPKMCH Pharmacy Store,Ambient
2026-06-30,BATCH-004039,HOSP-GD-005,MED-032,6280,piece,5.0,2026-05-18,2030-11-12,1596,4052,405.286,15.5,OK,Local Pharmacy Wholesaler,Ambient
2026-06-30,BATCH-004040,HOSP-GD-005,MED-032,10274,piece,5.0,2025-06-16,2028-01-08,557,4052,405.286,25.35,OK,BPKMCH Pharmacy Store,Ambient
2026-06-30,BATCH-004041,HOSP-GD-005,MED-033,4021,piece,35.0,2023-11-28,2026-07-30,30,1797,179.702,22.38,NEAR_EXPIRY,UNICEF Supply,Ambient
2026-06-30,BATCH-004042,HOSP-GD-005,MED-034,281,vial,25.0,2026-05-22,2028-05-27,697,252,25.274,11.12,OK,UNICEF Supply,Cold_Chain
2026-06-30,BATCH-004043,HOSP-GD-005,MED-034,80,vial,25.0,2025-12-03,2027-01-04,188,252,25.274,3.17,LOW_STOCK,Provincial Medical Store,Cold_Chain
2026-06-30,BATCH-004044,HOSP-GD-005,MED-034,159,vial,25.0,2026-01-26,2027-03-16,259,252,25.274,6.29,LOW_STOCK,Nepal CMS,Cold_Chain
2026-06-30,BATCH-004045,HOSP-GD-005,MED-035,230,vial,350.0,2024-10-29,2026-07-08,8,124,12.488,18.42,NEAR_EXPIRY,Local Pharmacy Wholesaler,Cold_Chain
2026-06-30,BATCH-004046,HOSP-GD-005,MED-036,3127,tablet,0.5,2026-01-31,2027-06-01,336,1610,161.06,19.42,OK,Kanti Central Store,Ambient
2026-06-30,BATCH-004047,HOSP-GD-005,MED-036,3901,tablet,0.5,2026-02-01,2027-05-27,331,1610,161.06,24.22,OK,BPKMCH Pharmacy Store,Ambient
2026-06-30,BATCH-004048,HOSP-GD-005,MED-037,332,tablet,8.0,2026-06-08,2029-03-08,982,418,41.821,7.94,LOW_STOCK,Local Pharmacy Wholesaler,Ambient
2026-06-30,BATCH-004049,HOSP-GD-005,MED-037,643,tablet,8.0,2026-06-26,2028-10-08,831,418,41.821,15.37,OK,Provincial Medical Store,Ambient
2026-06-30,BATCH-004050,HOSP-GD-005,MED-038,615,ampoule,12.0,2026-05-24,2027-09-04,431,456,45.607,13.48,OK,Nepal CMS,Ambient
2026-06-30,BATCH-004051,HOSP-GD-005,MED-038,299,ampoule,12.0,2026-06-26,2028-06-11,712,456,45.607,6.56,LOW_STOCK,BPKMCH Pharmacy Store,Ambient
2026-06-30,BATCH-004052,HOSP-GD-005,MED-038,527,ampoule,12.0,2025-11-15,2027-05-01,305,456,45.607,11.56,OK,BPKMCH Pharmacy Store,Ambient
2026-06-30,BATCH-004053,HOSP-GD-005,MED-039,312,ampoule,10.0,2024-08-28,2027-02-27,242,392,39.214,7.96,LOW_STOCK,BPKMCH Pharmacy Store,Ambient
2026-06-30,BATCH-004054,HOSP-GD-005,MED-039,801,ampoule,10.0,2025-08-28,2027-01-12,196,392,39.214,20.43,OK,BPKMCH Pharmacy Store,Ambient
2026-06-30,BATCH-004055,HOSP-GD-005,MED-040,1141,ampoule,28.0,2025-05-05,2028-02-02,582,364,36.488,31.27,OK,Kanti Central Store,Ambient
2026-06-30,BATCH-004056,HOSP-GD-005,MED-041,64,vial,180.0,2025-11-08,2027-01-25,209,47,4.762,13.44,OK,Private Distributor - Kathmandu,Ambient
2026-06-30,BATCH-004057,HOSP-GD-005,MED-041,52,vial,180.0,2026-05-24,2027-09-18,445,47,4.762,10.92,OK,Private Distributor - Kathmandu,Ambient
2026-06-30,BATCH-004058,HOSP-GD-005,MED-041,54,vial,180.0,2026-06-05,2027-12-05,523,47,4.762,11.34,OK,Local Pharmacy Wholesaler,Ambient
2026-06-30,BATCH-004059,HOSP-GD-005,MED-042,9,vial,1200.0,2026-05-10,2028-02-29,609,24,2.405,3.74,LOW_STOCK,DoDA Logistics,Cold_Chain
2026-06-30,BATCH-004060,HOSP-GD-005,MED-042,13,vial,1200.0,2025-11-05,2026-10-18,110,24,2.405,5.41,LOW_STOCK,Provincial Medical Store,Cold_Chain
2026-06-30,BATCH-004061,HOSP-GD-005,MED-042,11,vial,1200.0,2025-08-21,2026-12-08,161,24,2.405,4.57,LOW_STOCK,Provincial Medical Store,Cold_Chain
2026-06-30,BATCH-004062,HOSP-GD-005,MED-043,15,vial,3500.0,2025-01-06,2026-08-26,57,20,2.06,7.28,LOW_AND_NEAR_EXPIRY,BPKMCH Pharmacy Store,Ambient
2026-06-30,BATCH-004063,HOSP-GD-005,MED-043,17,vial,3500.0,2026-03-31,2027-03-19,262,20,2.06,8.25,LOW_STOCK,Local Pharmacy Wholesaler,Ambient
2026-06-30,BATCH-004064,HOSP-GD-005,MED-043,16,vial,3500.0,2026-03-31,2027-06-21,356,20,2.06,7.77,LOW_STOCK,Provincial Medical Store,Ambient
2026-06-30,BATCH-004065,HOSP-GD-005,MED-044,67,vial,450.0,2026-05-25,2028-04-05,645,23,2.357,28.42,OK,Nepal CMS,Ambient
2026-06-30,BATCH-004066,HOSP-GD-005,MED-045,65,tablet,15.0,2026-05-28,2028-03-15,624,97,9.714,6.69,LOW_STOCK,Kanti Central Store,Ambient
2026-06-30,BATCH-004067,HOSP-GD-005,MED-045,48,tablet,15.0,2026-06-27,2028-05-10,680,97,9.714,4.94,LOW_STOCK,Nepal CMS,Ambient
2026-06-30,BATCH-004068,HOSP-GD-005,MED-045,41,tablet,15.0,2025-02-17,2026-07-31,31,97,9.714,4.22,LOW_AND_NEAR_EXPIRY,Nepal CMS,Ambient
2026-06-30,BATCH-004069,HOSP-GD-005,MED-046,27,prefilled,4500.0,2025-08-05,2026-07-29,29,13,1.31,20.62,NEAR_EXPIRY,DoDA Logistics,Cold_Chain
2026-06-30,BATCH-004070,HOSP-GD-005,MED-046,24,prefilled,4500.0,2026-03-14,2027-05-18,322,13,1.31,18.33,OK,Local Pharmacy Wholesaler,Cold_Chain
2026-06-30,BATCH-004071,HOSP-GD-005,MED-047,4341,sachet,6.0,2026-04-21,2028-03-25,634,1467,146.774,29.58,OK,Nepal CMS,Ambient
2026-06-30,BATCH-004072,HOSP-GD-005,MED-048,350,bottle,65.0,2025-09-26,2027-04-29,303,433,43.345,8.07,LOW_STOCK,Local Pharmacy Wholesaler,Ambient
2026-06-30,BATCH-004073,HOSP-GD-005,MED-048,204,bottle,65.0,2026-05-24,2028-04-09,649,433,43.345,4.71,LOW_STOCK,Private Distributor - Kathmandu,Ambient
2026-06-30,BATCH-004074,HOSP-GD-005,MED-048,276,bottle,65.0,2026-05-22,2028-05-01,671,433,43.345,6.37,LOW_STOCK,Provincial Medical Store,Ambient
2026-06-30,BATCH-004075,HOSP-GD-005,MED-049,744,capsule,2.0,2026-04-12,2027-06-04,339,473,47.369,15.71,OK,DoDA Logistics,Ambient
2026-06-30,BATCH-004076,HOSP-GD-005,MED-049,467,capsule,2.0,2026-06-10,2027-11-23,511,473,47.369,9.86,LOW_STOCK,Private Distributor - Kathmandu,Ambient
2026-06-30,BATCH-004077,HOSP-GD-005,MED-049,575,capsule,2.0,2026-01-13,2027-11-03,491,473,47.369,12.14,OK,BPKMCH Pharmacy Store,Ambient
2026-06-30,BATCH-004078,HOSP-GD-005,MED-050,569,vial,120.0,2026-05-18,2027-04-28,302,378,37.857,15.03,OK,Kanti Central Store,Cold_Chain
2026-06-30,BATCH-004079,HOSP-GD-005,MED-050,257,vial,120.0,2025-04-15,2027-03-29,272,378,37.857,6.79,LOW_STOCK,Local Pharmacy Wholesaler,Cold_Chain
2026-06-30,BATCH-004080,HOSP-GD-005,MED-050,463,vial,120.0,2026-06-14,2028-06-16,717,378,37.857,12.23,OK,Provincial Medical Store,Cold_Chain
2026-06-30,BATCH-004081,HOSP-GD-005,MED-051,501,vial,80.0,2025-06-15,2027-02-17,232,265,26.512,18.9,OK,Provincial Medical Store,Cold_Chain
2026-06-30,BATCH-004082,HOSP-GD-005,MED-051,287,vial,80.0,2025-08-21,2027-03-17,260,265,26.512,10.83,OK,Kanti Central Store,Cold_Chain
2026-06-30,BATCH-004083,HOSP-GD-005,MED-051,471,vial,80.0,2026-06-25,2028-04-15,655,265,26.512,17.77,OK,Nepal CMS,Cold_Chain
2026-06-30,BATCH-004084,HOSP-GD-005,MED-052,1192,kit,25.0,2026-05-17,2027-11-29,517,668,66.821,17.84,OK,Nepal CMS,Ambient
2026-06-30,BATCH-004085,HOSP-GD-005,MED-052,546,kit,25.0,2026-05-17,2028-04-15,655,668,66.821,8.17,LOW_STOCK,Provincial Medical Store,Ambient
2026-06-30,BATCH-004086,HOSP-GD-005,MED-052,967,kit,25.0,2026-01-14,2027-10-15,472,668,66.821,14.47,OK,Private Distributor - Kathmandu,Ambient
2026-06-30,BATCH-004087,HOSP-GD-005,MED-053,1399,ampoule,35.0,2026-05-25,2028-04-24,664,552,55.25,25.32,OK,Private Distributor - Kathmandu,Cold_Chain
2026-06-30,BATCH-004088,HOSP-GD-005,MED-054,348,tablet,20.0,2025-11-29,2027-02-05,220,341,34.119,10.2,OK,Private Distributor - Kathmandu,Ambient
2026-06-30,BATCH-004089,HOSP-GD-005,MED-054,536,tablet,20.0,2026-06-24,2028-04-10,650,341,34.119,15.71,OK,Private Distributor - Kathmandu,Ambient
2026-06-30,BATCH-004090,HOSP-GD-005,MED-055,175,ampoule,18.0,2026-06-12,2028-05-25,695,204,20.464,8.55,LOW_STOCK,UNICEF Supply,Ambient
2026-06-30,BATCH-004091,HOSP-GD-005,MED-055,339,ampoule,18.0,2025-12-06,2028-03-07,616,204,20.464,16.57,OK,Kanti Central Store,Ambient
2026-06-30,BATCH-004092,HOSP-GD-005,MED-056,819,ampoule,45.0,2026-05-29,2028-10-17,840,177,17.774,46.08,OK,Provincial Medical Store,Ambient
2026-06-30,BATCH-004093,HOSP-GD-005,MED-057,315,bottle,55.0,2025-05-28,2026-08-29,60,141,14.19,22.2,NEAR_EXPIRY,BPKMCH Pharmacy Store,Ambient
2026-06-30,BATCH-004094,HOSP-GD-005,MED-057,92,bottle,55.0,2025-02-23,2026-08-30,61,141,14.19,6.48,LOW_AND_NEAR_EXPIRY,Nepal CMS,Ambient
2026-06-30,BATCH-004095,HOSP-GD-005,MED-057,187,bottle,55.0,2026-01-27,2026-12-11,164,141,14.19,13.18,OK,Local Pharmacy Wholesaler,Ambient
2026-06-30,BATCH-004096,HOSP-GD-005,MED-058,160,bottle,90.0,2025-11-29,2027-10-29,486,99,9.917,16.13,OK,Private Distributor - Kathmandu,Ambient
2026-06-30,BATCH-004097,HOSP-GD-005,MED-058,73,bottle,90.0,2026-05-25,2028-06-06,707,99,9.917,7.36,LOW_STOCK,Kanti Central Store,Ambient
2026-06-30,BATCH-004098,HOSP-GD-005,MED-058,115,bottle,90.0,2025-08-08,2027-04-20,294,99,9.917,11.6,OK,Private Distributor - Kathmandu,Ambient
2026-06-30,BATCH-004099,HOSP-GD-005,MED-059,293,bottle,70.0,2025-05-07,2027-04-14,288,75,7.595,38.58,OK,Nepal CMS,Ambient
2026-06-30,BATCH-004100,HOSP-GD-005,MED-060,101,vial,2500.0,2025-12-22,2027-03-28,271,73,7.321,13.8,OK,Nepal CMS,Cold_Chain
2026-06-30,BATCH-004101,HOSP-GD-005,MED-060,64,vial,2500.0,2026-01-10,2027-06-24,359,73,7.321,8.74,LOW_STOCK,Provincial Medical Store,Cold_Chain
2026-06-30,BATCH-004102,HOSP-GD-005,MED-060,89,vial,2500.0,2025-01-08,2026-11-27,150,73,7.321,12.16,OK,Private Distributor - Kathmandu,Cold_Chain
2026-06-30,BATCH-004103,HOSP-GD-005,MED-061,227,ampoule,25.0,2025-06-30,2027-05-13,317,179,17.988,12.62,OK,BPKMCH Pharmacy Store,Ambient
2026-06-30,BATCH-004104,HOSP-GD-005,MED-061,680,ampoule,25.0,2026-04-28,2027-10-03,460,179,17.988,37.8,OK,UNICEF Supply,Ambient
2026-06-30,BATCH-004105,HOSP-GD-005,MED-062,113,ampoule,12.0,2025-12-23,2028-10-10,833,131,13.143,8.6,LOW_STOCK,Private Distributor - Kathmandu,Ambient
2026-06-30,BATCH-004106,HOSP-GD-005,MED-062,101,ampoule,12.0,2024-12-02,2026-12-17,170,131,13.143,7.68,LOW_STOCK,Nepal CMS,Ambient
2026-06-30,BATCH-004107,HOSP-GD-005,MED-063,371,vial,850.0,2025-06-30,2026-08-17,48,87,8.714,42.57,NEAR_EXPIRY,DoDA Logistics,Cold_Chain
2026-06-30,BATCH-004108,HOSP-GD-005,MED-064,1228,roll,80.0,2026-06-12,2031-03-08,1712,740,74.071,16.58,OK,BPKMCH Pharmacy Store,Ambient
2026-06-30,BATCH-004109,HOSP-GD-005,MED-064,1928,roll,80.0,2025-01-10,2029-09-25,1183,740,74.071,26.03,OK,Kanti Central Store,Ambient
2026-06-30,BATCH-004110,HOSP-GD-005,MED-065,292,unit,0.0,2026-06-28,2026-07-23,23,142,14.274,20.46,NEAR_EXPIRY,BPKMCH Pharmacy Store,Cold_Chain
2026-06-30,BATCH-004111,HOSP-GD-005,MED-066,322,unit,0.0,2026-06-19,2026-07-18,18,90,9.095,35.4,NEAR_EXPIRY,Provincial Medical Store,Cold_Chain
2026-06-30,BATCH-004112,HOSP-GD-005,MED-067,1701,vial,40.0,2025-08-15,2027-11-02,490,470,47.06,36.15,OK,Kanti Central Store,Ambient
2026-06-30,BATCH-004113,HOSP-GD-005,MED-068,159,vial,180.0,2026-01-16,2028-04-08,648,141,14.167,11.22,OK,DoDA Logistics,Ambient
2026-06-30,BATCH-004114,HOSP-GD-005,MED-068,104,vial,180.0,2025-04-10,2026-08-01,32,141,14.167,7.34,LOW_AND_NEAR_EXPIRY,BPKMCH Pharmacy Store,Ambient
2026-06-30,BATCH-004115,HOSP-GD-005,MED-068,98,vial,180.0,2025-09-20,2027-11-08,496,141,14.167,6.92,LOW_STOCK,UNICEF Supply,Ambient
2026-06-30,BATCH-004116,HOSP-GD-005,MED-069,175,ampoule,95.0,2025-11-30,2027-04-23,297,194,19.429,9.01,LOW_STOCK,Local Pharmacy Wholesaler,Ambient
2026-06-30,BATCH-004117,HOSP-GD-005,MED-069,297,ampoule,95.0,2026-06-08,2029-04-18,1023,194,19.429,15.29,OK,Nepal CMS,Ambient
2026-06-30,BATCH-004118,HOSP-GD-005,MED-070,622,sachet,120.0,2025-10-09,2027-04-06,280,498,49.881,12.47,OK,BPKMCH Pharmacy Store,Ambient
2026-06-30,BATCH-004119,HOSP-GD-005,MED-070,1148,sachet,120.0,2025-08-20,2026-12-16,169,498,49.881,23.01,OK,Private Distributor - Kathmandu,Ambient
2026-06-30,BATCH-004120,HOSP-GD-005,MED-071,116,ampoule,150.0,2026-06-14,2028-03-21,630,120,12.06,9.62,LOW_STOCK,Nepal CMS,Ambient
2026-06-30,BATCH-004121,HOSP-GD-005,MED-071,81,ampoule,150.0,2024-11-06,2026-10-26,118,120,12.06,6.72,LOW_STOCK,Provincial Medical Store,Ambient
2026-06-30,BATCH-004122,HOSP-GD-005,MED-071,110,ampoule,150.0,2025-10-04,2027-05-20,324,120,12.06,9.12,LOW_STOCK,BPKMCH Pharmacy Store,Ambient
2026-06-30,BATCH-004123,HOSP-GD-005,MED-072,605,vial,650.0,2026-05-06,2028-03-31,640,311,31.143,19.43,OK,Nepal CMS,Ambient
2026-06-30,BATCH-004124,HOSP-LB-001,MED-001,1770,tablet,1.5,2025-03-18,2027-06-11,346,1727,172.762,10.25,OK,Local Pharmacy Wholesaler,Ambient
2026-06-30,BATCH-004125,HOSP-LB-001,MED-001,1785,tablet,1.5,2025-09-16,2028-05-07,677,1727,172.762,10.33,OK,Local Pharmacy Wholesaler,Ambient
2026-06-30,BATCH-004126,HOSP-LB-001,MED-001,1621,tablet,1.5,2026-06-21,2029-02-20,966,1727,172.762,9.38,LOW_STOCK,Private Distributor - Kathmandu,Ambient
2026-06-30,BATCH-004127,HOSP-LB-001,MED-002,957,bottle,45.0,2026-06-24,2027-06-05,340,283,28.31,33.8,OK,Private Distributor - Kathmandu,Ambient
2026-06-30,BATCH-004128,HOSP-LB-001,MED-003,1285,tablet,2.5,2026-05-14,2028-12-13,897,538,53.821,23.88,OK,DoDA Logistics,Ambient
2026-06-30,BATCH-004129,HOSP-LB-001,MED-004,101,ampoule,25.0,2025-12-21,2026-10-27,119,151,15.167,6.66,LOW_STOCK,Provincial Medical Store,Ambient
2026-06-30,BATCH-004130,HOSP-LB-001,MED-004,114,ampoule,25.0,2026-04-26,2027-10-11,468,151,15.167,7.52,LOW_STOCK,Nepal CMS,Ambient
2026-06-30,BATCH-004131,HOSP-LB-001,MED-005,1419,capsule,6.0,2026-01-06,2026-10-30,122,713,71.393,19.88,OK,Provincial Medical Store,Ambient
2026-06-30,BATCH-004132,HOSP-LB-001,MED-006,468,tablet,35.0,2026-05-07,2027-10-03,460,288,28.833,16.23,OK,Local Pharmacy Wholesaler,Ambient
2026-06-30,BATCH-004133,HOSP-LB-001,MED-006,470,tablet,35.0,2026-06-22,2028-06-05,706,288,28.833,16.3,OK,Private Distributor - Kathmandu,Ambient
2026-06-30,BATCH-004134,HOSP-LB-001,MED-007,560,tablet,40.0,2026-06-26,2027-10-10,467,232,23.214,24.12,OK,UNICEF Supply,Ambient
2026-06-30,BATCH-004135,HOSP-LB-001,MED-008,118,tablet,8.0,2024-04-02,2026-09-10,72,406,40.69,2.9,LOW_AND_NEAR_EXPIRY,Private Distributor - Kathmandu,Ambient
2026-06-30,BATCH-004136,HOSP-LB-001,MED-008,273,tablet,8.0,2026-04-24,2028-06-12,713,406,40.69,6.71,LOW_STOCK,Private Distributor - Kathmandu,Ambient
2026-06-30,BATCH-004137,HOSP-LB-001,MED-009,170,vial,85.0,2026-06-29,2028-04-26,666,262,26.25,6.48,LOW_STOCK,DoDA Logistics,Ambient
2026-06-30,BATCH-004138,HOSP-LB-001,MED-009,268,vial,85.0,2026-06-08,2028-03-02,611,262,26.25,10.21,OK,DoDA Logistics,Ambient
2026-06-30,BATCH-004139,HOSP-LB-001,MED-010,1269,tablet,2.0,2023-08-22,2026-08-04,35,452,45.25,28.04,NEAR_EXPIRY,Nepal CMS,Ambient
2026-06-30,BATCH-004140,HOSP-LB-001,MED-011,817,sachet,8.0,2024-11-18,2027-04-25,299,1371,137.143,5.96,LOW_STOCK,Nepal CMS,Ambient
2026-06-30,BATCH-004141,HOSP-LB-001,MED-011,625,sachet,8.0,2026-06-10,2029-04-05,1010,1371,137.143,4.56,LOW_STOCK,Nepal CMS,Ambient
2026-06-30,BATCH-004142,HOSP-LB-001,MED-011,711,sachet,8.0,2024-11-28,2027-07-02,367,1371,137.143,5.18,LOW_STOCK,BPKMCH Pharmacy Store,Ambient
2026-06-30,BATCH-004143,HOSP-LB-001,MED-012,547,tablet,1.2,2025-09-25,2028-02-18,598,767,76.702,7.13,LOW_STOCK,UNICEF Supply,Ambient
2026-06-30,BATCH-004144,HOSP-LB-001,MED-012,1495,tablet,1.2,2023-10-06,2026-08-22,53,767,76.702,19.49,NEAR_EXPIRY,Private Distributor - Kathmandu,Ambient
2026-06-30,BATCH-004145,HOSP-LB-001,MED-013,612,bag,55.0,2026-06-04,2028-05-28,698,350,35.0,17.49,OK,Local Pharmacy Wholesaler,Ambient
2026-06-30,BATCH-004146,HOSP-LB-001,MED-014,368,bag,45.0,2026-06-04,2028-06-17,718,644,64.452,5.71,LOW_STOCK,UNICEF Supply,Ambient
2026-06-30,BATCH-004147,HOSP-LB-001,MED-014,129,bag,45.0,2025-10-17,2026-08-02,33,644,64.452,2.0,LOW_AND_NEAR_EXPIRY,Private Distributor - Kathmandu,Ambient
2026-06-30,BATCH-004148,HOSP-LB-001,MED-014,333,bag,45.0,2026-02-25,2027-04-27,301,644,64.452,5.17,LOW_STOCK,Private Distributor - Kathmandu,Ambient
2026-06-30,BATCH-004149,HOSP-LB-001,MED-015,275,bag,48.0,2025-09-21,2027-07-17,382,285,28.571,9.62,LOW_STOCK,Provincial Medical Store,Ambient
2026-06-30,BATCH-004150,HOSP-LB-001,MED-015,337,bag,48.0,2026-06-12,2028-03-14,623,285,28.571,11.79,OK,BPKMCH Pharmacy Store,Ambient
2026-06-30,BATCH-004151,HOSP-LB-001,MED-016,508,tablet,15.0,2025-01-06,2026-11-01,124,161,16.179,31.4,OK,Nepal CMS,Ambient
2026-06-30,BATCH-004152,HOSP-LB-001,MED-017,221,tablet,1.8,2023-12-07,2026-07-30,30,63,6.381,34.63,NEAR_EXPIRY,Local Pharmacy Wholesaler,Ambient
2026-06-30,BATCH-004153,HOSP-LB-001,MED-018,52,unit,180.0,2026-06-26,2028-04-09,649,88,8.869,5.86,LOW_STOCK,DoDA Logistics,Ambient
2026-06-30,BATCH-004154,HOSP-LB-001,MED-018,57,unit,180.0,2026-05-29,2027-12-31,549,88,8.869,6.43,LOW_STOCK,DoDA Logistics,Ambient
2026-06-30,BATCH-004155,HOSP-LB-001,MED-018,49,unit,180.0,2025-09-07,2026-10-21,113,88,8.869,5.52,LOW_STOCK,Private Distributor - Kathmandu,Ambient
2026-06-30,BATCH-004156,HOSP-LB-001,MED-019,157,ampoule,30.0,2025-09-01,2026-12-12,165,122,12.214,12.85,OK,Kanti Central Store,Ambient
2026-06-30,BATCH-004157,HOSP-LB-001,MED-020,471,bottle,55.0,2026-05-20,2028-04-27,667,132,13.286,35.45,OK,BPKMCH Pharmacy Store,Ambient
2026-06-30,BATCH-004158,HOSP-LB-001,MED-021,904,tablet,1.0,2026-05-19,2029-03-27,1001,509,50.976,17.73,OK,UNICEF Supply,Ambient
2026-06-30,BATCH-004159,HOSP-LB-001,MED-021,751,tablet,1.0,2026-05-01,2027-08-22,418,509,50.976,14.73,OK,Kanti Central Store,Ambient
2026-06-30,BATCH-004160,HOSP-LB-001,MED-022,450,tablet,2.5,2026-01-10,2028-12-22,906,406,40.667,11.07,OK,Private Distributor - Kathmandu,Ambient
2026-06-30,BATCH-004161,HOSP-LB-001,MED-023,1346,tablet,1.5,2024-10-26,2027-05-28,332,609,60.988,22.07,OK,Provincial Medical Store,Ambient
2026-06-30,BATCH-004162,HOSP-LB-001,MED-024,30,vial,450.0,2025-09-30,2026-09-05,67,72,7.298,4.11,LOW_AND_NEAR_EXPIRY,BPKMCH Pharmacy Store,Cold_Chain
2026-06-30,BATCH-004163,HOSP-LB-001,MED-024,57,vial,450.0,2025-12-23,2027-03-23,266,72,7.298,7.81,LOW_STOCK,UNICEF Supply,Cold_Chain
2026-06-30,BATCH-004164,HOSP-LB-001,MED-025,157,tablet,3.0,2025-11-23,2027-11-10,498,275,27.524,5.7,LOW_STOCK,Local Pharmacy Wholesaler,Ambient
2026-06-30,BATCH-004165,HOSP-LB-001,MED-025,162,tablet,3.0,2025-06-03,2026-11-14,137,275,27.524,5.89,LOW_STOCK,UNICEF Supply,Ambient
2026-06-30,BATCH-004166,HOSP-LB-001,MED-025,137,tablet,3.0,2026-06-05,2028-08-26,788,275,27.524,4.98,LOW_STOCK,Provincial Medical Store,Ambient
2026-06-30,BATCH-004167,HOSP-LB-001,MED-026,571,tablet,0.8,2026-06-14,2028-06-13,714,453,45.381,12.58,OK,Nepal CMS,Ambient
2026-06-30,BATCH-004168,HOSP-LB-001,MED-026,199,tablet,0.8,2026-06-22,2028-04-25,665,453,45.381,4.39,LOW_STOCK,Provincial Medical Store,Ambient
2026-06-30,BATCH-004169,HOSP-LB-001,MED-026,422,tablet,0.8,2026-05-27,2029-05-10,1045,453,45.381,9.3,LOW_STOCK,Local Pharmacy Wholesaler,Ambient
2026-06-30,BATCH-004170,HOSP-LB-001,MED-027,1571,capsule,2.0,2024-08-01,2027-04-17,291,662,66.298,23.7,OK,DoDA Logistics,Ambient
2026-06-30,BATCH-004171,HOSP-LB-001,MED-028,568,tablet,6.0,2024-03-05,2027-01-31,215,248,24.821,22.88,OK,Nepal CMS,Ambient
2026-06-30,BATCH-004172,HOSP-LB-001,MED-029,675,tablet,1.5,2025-01-13,2027-03-23,266,260,26.048,25.91,OK,Kanti Central Store,Ambient
2026-06-30,BATCH-004173,HOSP-LB-001,MED-030,459,bottle_100ml,85.0,2024-04-26,2027-02-27,242,142,14.25,32.21,OK,Provincial Medical Store,Ambient
2026-06-30,BATCH-004174,HOSP-LB-001,MED-031,2244,pair,25.0,2026-02-18,2029-10-17,1205,702,70.262,31.94,OK,DoDA Logistics,Ambient
2026-06-30,BATCH-004175,HOSP-LB-001,MED-032,1099,piece,5.0,2022-10-06,2026-08-21,52,878,87.81,12.52,NEAR_EXPIRY,Kanti Central Store,Ambient
2026-06-30,BATCH-004176,HOSP-LB-001,MED-033,422,piece,35.0,2023-03-20,2026-10-13,105,329,32.905,12.82,OK,Nepal CMS,Ambient
2026-06-30,BATCH-004177,HOSP-LB-001,MED-033,140,piece,35.0,2023-11-01,2028-01-16,565,329,32.905,4.25,LOW_STOCK,Provincial Medical Store,Ambient
2026-06-30,BATCH-004178,HOSP-LB-001,MED-033,331,piece,35.0,2023-01-23,2027-03-09,252,329,32.905,10.06,OK,Private Distributor - Kathmandu,Ambient
2026-06-30,BATCH-004179,HOSP-LB-001,MED-034,117,vial,25.0,2026-05-18,2028-03-23,632,81,8.167,14.33,OK,UNICEF Supply,Cold_Chain
2026-06-30,BATCH-004180,HOSP-LB-001,MED-034,40,vial,25.0,2025-06-21,2026-12-19,172,81,8.167,4.9,LOW_STOCK,Private Distributor - Kathmandu,Cold_Chain
2026-06-30,BATCH-004181,HOSP-LB-001,MED-034,112,vial,25.0,2026-06-04,2028-05-06,676,81,8.167,13.71,OK,Nepal CMS,Cold_Chain
2026-06-30,BATCH-004182,HOSP-LB-001,MED-035,54,vial,350.0,2026-06-22,2027-12-13,531,37,3.702,14.59,OK,UNICEF Supply,Cold_Chain
2026-06-30,BATCH-004183,HOSP-LB-001,MED-036,634,tablet,0.5,2026-05-29,2027-11-14,502,527,52.714,12.03,OK,Provincial Medical Store,Ambient
2026-06-30,BATCH-004184,HOSP-LB-001,MED-036,752,tablet,0.5,2025-10-01,2026-08-21,52,527,52.714,14.27,NEAR_EXPIRY,UNICEF Supply,Ambient
2026-06-30,BATCH-004185,HOSP-LB-001,MED-037,49,tablet,8.0,2024-07-17,2026-09-14,76,104,10.488,4.67,LOW_AND_NEAR_EXPIRY,Nepal CMS,Ambient
2026-06-30,BATCH-004186,HOSP-LB-001,MED-037,121,tablet,8.0,2025-01-26,2026-12-06,159,104,10.488,11.54,OK,Private Distributor - Kathmandu,Ambient
2026-06-30,BATCH-004187,HOSP-LB-001,MED-038,98,ampoule,12.0,2026-04-15,2027-12-13,531,146,14.643,6.69,LOW_STOCK,Private Distributor - Kathmandu,Ambient
2026-06-30,BATCH-004188,HOSP-LB-001,MED-038,58,ampoule,12.0,2026-06-03,2028-01-21,570,146,14.643,3.96,LOW_STOCK,BPKMCH Pharmacy Store,Ambient
2026-06-30,BATCH-004189,HOSP-LB-001,MED-038,147,ampoule,12.0,2025-12-09,2027-06-05,340,146,14.643,10.04,OK,DoDA Logistics,Ambient
2026-06-30,BATCH-004190,HOSP-LB-001,MED-039,91,ampoule,10.0,2026-05-23,2028-07-13,744,75,7.595,11.98,OK,DoDA Logistics,Ambient
2026-06-30,BATCH-004191,HOSP-LB-001,MED-039,46,ampoule,10.0,2026-05-13,2028-07-21,752,75,7.595,6.06,LOW_STOCK,BPKMCH Pharmacy Store,Ambient
2026-06-30,BATCH-004192,HOSP-LB-001,MED-039,66,ampoule,10.0,2025-12-01,2028-04-10,650,75,7.595,8.69,LOW_STOCK,Nepal CMS,Ambient
2026-06-30,BATCH-004193,HOSP-LB-001,MED-040,145,ampoule,28.0,2025-05-25,2026-08-04,35,66,6.69,21.67,NEAR_EXPIRY,Provincial Medical Store,Ambient
2026-06-30,BATCH-004194,HOSP-LB-001,MED-041,33,vial,180.0,2024-12-11,2026-08-07,38,11,1.155,28.58,NEAR_EXPIRY,Private Distributor - Kathmandu,Ambient
2026-06-30,BATCH-004195,HOSP-LB-001,MED-042,3,vial,1200.0,2024-11-24,2026-07-13,13,5,0.595,5.04,LOW_AND_NEAR_EXPIRY,Private Distributor - Kathmandu,Cold_Chain
2026-06-30,BATCH-004196,HOSP-LB-001,MED-042,2,vial,1200.0,2026-05-29,2028-01-09,558,5,0.595,3.36,LOW_STOCK,Private Distributor - Kathmandu,Cold_Chain
2026-06-30,BATCH-004197,HOSP-LB-001,MED-042,2,vial,1200.0,2025-09-20,2026-09-24,86,5,0.595,3.36,LOW_AND_NEAR_EXPIRY,Kanti Central Store,Cold_Chain
2026-06-30,BATCH-004198,HOSP-LB-001,MED-043,16,vial,3500.0,2026-04-18,2027-04-23,297,5,0.548,29.22,OK,Kanti Central Store,Ambient
2026-06-30,BATCH-004199,HOSP-LB-001,MED-044,4,vial,450.0,2024-12-27,2026-07-13,13,6,0.69,5.79,LOW_AND_NEAR_EXPIRY,BPKMCH Pharmacy Store,Ambient
2026-06-30,BATCH-004200,HOSP-LB-001,MED-044,3,vial,450.0,2026-06-11,2028-03-31,640,6,0.69,4.34,LOW_STOCK,DoDA Logistics,Ambient
2026-06-30,BATCH-004201,HOSP-LB-001,MED-044,3,vial,450.0,2026-06-21,2027-08-13,409,6,0.69,4.34,LOW_STOCK,Provincial Medical Store,Ambient
2026-06-30,BATCH-004202,HOSP-LB-001,MED-045,49,tablet,15.0,2026-05-18,2027-11-04,492,17,1.714,28.58,OK,UNICEF Supply,Ambient
2026-06-30,BATCH-004203,HOSP-LB-001,MED-046,2,prefilled,4500.0,2026-06-04,2027-07-03,368,4,0.405,4.94,LOW_STOCK,UNICEF Supply,Cold_Chain
2026-06-30,BATCH-004204,HOSP-LB-001,MED-046,1,prefilled,4500.0,2025-09-09,2026-07-18,18,4,0.405,2.47,LOW_AND_NEAR_EXPIRY,Private Distributor - Kathmandu,Cold_Chain
2026-06-30,BATCH-004205,HOSP-LB-001,MED-046,2,prefilled,4500.0,2026-02-04,2026-12-25,178,4,0.405,4.94,LOW_STOCK,Kanti Central Store,Cold_Chain
2026-06-30,BATCH-004206,HOSP-LB-001,MED-047,547,sachet,6.0,2025-04-24,2026-09-14,76,329,32.929,16.61,NEAR_EXPIRY,BPKMCH Pharmacy Store,Ambient
2026-06-30,BATCH-004207,HOSP-LB-001,MED-047,161,sachet,6.0,2024-10-11,2027-07-06,371,329,32.929,4.89,LOW_STOCK,Local Pharmacy Wholesaler,Ambient
2026-06-30,BATCH-004208,HOSP-LB-001,MED-047,436,sachet,6.0,2026-06-01,2028-02-14,594,329,32.929,13.24,OK,BPKMCH Pharmacy Store,Ambient
2026-06-30,BATCH-004209,HOSP-LB-001,MED-048,353,bottle,65.0,2026-04-30,2027-06-20,355,116,11.667,30.26,OK,BPKMCH Pharmacy Store,Ambient
2026-06-30,BATCH-004210,HOSP-LB-001,MED-049,344,capsule,2.0,2025-06-21,2026-08-18,49,156,15.619,22.02,NEAR_EXPIRY,BPKMCH Pharmacy Store,Ambient
2026-06-30,BATCH-004211,HOSP-LB-001,MED-050,122,vial,120.0,2026-05-31,2027-09-23,450,95,9.571,12.75,OK,Local Pharmacy Wholesaler,Cold_Chain
2026-06-30,BATCH-004212,HOSP-LB-001,MED-050,156,vial,120.0,2026-06-04,2027-08-08,404,95,9.571,16.3,OK,BPKMCH Pharmacy Store,Cold_Chain
2026-06-30,BATCH-004213,HOSP-LB-001,MED-051,90,vial,80.0,2026-06-29,2027-12-20,538,84,8.452,10.65,OK,Local Pharmacy Wholesaler,Cold_Chain
2026-06-30,BATCH-004214,HOSP-LB-001,MED-051,76,vial,80.0,2026-04-08,2027-09-08,435,84,8.452,8.99,LOW_STOCK,DoDA Logistics,Cold_Chain
2026-06-30,BATCH-004215,HOSP-LB-001,MED-051,110,vial,80.0,2025-10-13,2027-03-16,259,84,8.452,13.01,OK,Nepal CMS,Cold_Chain
2026-06-30,BATCH-004216,HOSP-LB-001,MED-052,387,kit,25.0,2025-08-27,2027-01-08,192,235,23.524,16.45,OK,UNICEF Supply,Ambient
2026-06-30,BATCH-004217,HOSP-LB-001,MED-053,113,ampoule,35.0,2025-02-13,2026-09-10,72,133,13.357,8.46,LOW_AND_NEAR_EXPIRY,Local Pharmacy Wholesaler,Cold_Chain
2026-06-30,BATCH-004218,HOSP-LB-001,MED-053,245,ampoule,35.0,2026-05-29,2028-02-02,582,133,13.357,18.34,OK,Kanti Central Store,Cold_Chain
2026-06-30,BATCH-004219,HOSP-LB-001,MED-054,223,tablet,20.0,2026-06-15,2027-10-16,473,68,6.845,32.58,OK,Provincial Medical Store,Ambient
2026-06-30,BATCH-004220,HOSP-LB-001,MED-055,47,ampoule,18.0,2026-02-22,2028-05-12,682,48,4.857,9.68,LOW_STOCK,DoDA Logistics,Ambient
2026-06-30,BATCH-004221,HOSP-LB-001,MED-055,33,ampoule,18.0,2024-04-16,2027-01-17,201,48,4.857,6.79,LOW_STOCK,Nepal CMS,Ambient
2026-06-30,BATCH-004222,HOSP-LB-001,MED-055,33,ampoule,18.0,2024-03-27,2026-10-13,105,48,4.857,6.79,LOW_STOCK,BPKMCH Pharmacy Store,Ambient
2026-06-30,BATCH-004223,HOSP-LB-001,MED-056,19,ampoule,45.0,2025-07-18,2028-02-14,594,35,3.595,5.28,LOW_STOCK,Local Pharmacy Wholesaler,Ambient
2026-06-30,BATCH-004224,HOSP-LB-001,MED-056,21,ampoule,45.0,2026-05-25,2029-02-05,951,35,3.595,5.84,LOW_STOCK,Local Pharmacy Wholesaler,Ambient
2026-06-30,BATCH-004225,HOSP-LB-001,MED-057,17,bottle,55.0,2026-01-05,2027-11-02,490,39,3.94,4.31,LOW_STOCK,BPKMCH Pharmacy Store,Ambient
2026-06-30,BATCH-004226,HOSP-LB-001,MED-057,11,bottle,55.0,2026-04-13,2027-02-28,243,39,3.94,2.79,LOW_STOCK,Local Pharmacy Wholesaler,Ambient
2026-06-30,BATCH-004227,HOSP-LB-001,MED-057,28,bottle,55.0,2025-03-30,2026-10-25,117,39,3.94,7.11,LOW_STOCK,BPKMCH Pharmacy Store,Ambient
2026-06-30,BATCH-004228,HOSP-LB-001,MED-058,95,bottle,90.0,2025-07-04,2027-05-09,313,27,2.75,34.55,OK,Private Distributor - Kathmandu,Ambient
2026-06-30,BATCH-004229,HOSP-LB-001,MED-059,73,bottle,70.0,2025-03-12,2027-01-23,207,22,2.25,32.44,OK,BPKMCH Pharmacy Store,Ambient
2026-06-30,BATCH-004230,HOSP-LB-001,MED-060,40,vial,2500.0,2026-06-19,2028-04-21,661,20,2.036,19.65,OK,Private Distributor - Kathmandu,Cold_Chain
2026-06-30,BATCH-004231,HOSP-LB-001,MED-061,73,ampoule,25.0,2025-05-28,2026-12-27,180,50,5.036,14.5,OK,Kanti Central Store,Ambient
2026-06-30,BATCH-004232,HOSP-LB-001,MED-061,30,ampoule,25.0,2024-11-22,2026-10-02,94,50,5.036,5.96,LOW_STOCK,Nepal CMS,Ambient
2026-06-30,BATCH-004233,HOSP-LB-001,MED-061,36,ampoule,25.0,2026-02-28,2028-02-02,582,50,5.036,7.15,LOW_STOCK,BPKMCH Pharmacy Store,Ambient
2026-06-30,BATCH-004234,HOSP-LB-001,MED-062,20,ampoule,12.0,2026-06-23,2028-04-02,642,33,3.381,5.92,LOW_STOCK,Provincial Medical Store,Ambient
2026-06-30,BATCH-004235,HOSP-LB-001,MED-062,44,ampoule,12.0,2024-08-06,2027-06-24,359,33,3.381,13.01,OK,Private Distributor - Kathmandu,Ambient
2026-06-30,BATCH-004236,HOSP-LB-001,MED-063,25,vial,850.0,2025-04-22,2027-04-11,285,19,1.952,12.8,OK,UNICEF Supply,Cold_Chain
2026-06-30,BATCH-004237,HOSP-LB-001,MED-064,78,roll,80.0,2024-07-29,2026-10-21,113,166,16.607,4.7,LOW_STOCK,DoDA Logistics,Ambient
2026-06-30,BATCH-004238,HOSP-LB-001,MED-064,134,roll,80.0,2025-06-26,2030-01-15,1295,166,16.607,8.07,LOW_STOCK,UNICEF Supply,Ambient
2026-06-30,BATCH-004239,HOSP-LB-001,MED-065,154,unit,0.0,2026-06-23,2026-07-11,11,43,4.345,35.44,NEAR_EXPIRY,Kanti Central Store,Cold_Chain
2026-06-30,BATCH-004240,HOSP-LB-001,MED-066,17,unit,0.0,2026-06-21,2026-07-10,10,34,3.405,4.99,LOW_AND_NEAR_EXPIRY,Provincial Medical Store,Cold_Chain
2026-06-30,BATCH-004241,HOSP-LB-001,MED-066,45,unit,0.0,2026-06-20,2026-07-16,16,34,3.405,13.22,NEAR_EXPIRY,UNICEF Supply,Cold_Chain
2026-06-30,BATCH-004242,HOSP-LB-001,MED-067,154,vial,40.0,2023-12-08,2026-08-05,36,92,9.238,16.67,NEAR_EXPIRY,Provincial Medical Store,Ambient
2026-06-30,BATCH-004243,HOSP-LB-001,MED-067,166,vial,40.0,2024-10-05,2026-08-28,59,92,9.238,17.97,NEAR_EXPIRY,DoDA Logistics,Ambient
2026-06-30,BATCH-004244,HOSP-LB-001,MED-068,35,vial,180.0,2026-05-17,2029-02-24,970,30,3.0,11.67,OK,BPKMCH Pharmacy Store,Ambient
2026-06-30,BATCH-004245,HOSP-LB-001,MED-068,27,vial,180.0,2026-04-06,2027-09-06,433,30,3.0,9.0,LOW_STOCK,BPKMCH Pharmacy Store,Ambient
2026-06-30,BATCH-004246,HOSP-LB-001,MED-068,42,vial,180.0,2024-09-07,2026-10-18,110,30,3.0,14.0,OK,UNICEF Supply,Ambient
2026-06-30,BATCH-004247,HOSP-LB-001,MED-069,45,ampoule,95.0,2025-08-08,2028-03-17,626,42,4.286,10.5,OK,BPKMCH Pharmacy Store,Ambient
2026-06-30,BATCH-004248,HOSP-LB-001,MED-070,199,sachet,120.0,2026-05-18,2027-08-04,400,106,10.667,18.66,OK,BPKMCH Pharmacy Store,Ambient
2026-06-30,BATCH-004249,HOSP-LB-001,MED-071,11,ampoule,150.0,2025-06-30,2027-06-01,336,31,3.167,3.47,LOW_STOCK,Nepal CMS,Ambient
2026-06-30,BATCH-004250,HOSP-LB-001,MED-071,16,ampoule,150.0,2026-06-02,2028-02-24,604,31,3.167,5.05,LOW_STOCK,Local Pharmacy Wholesaler,Ambient
2026-06-30,BATCH-004251,HOSP-LB-001,MED-071,14,ampoule,150.0,2026-02-16,2027-04-07,281,31,3.167,4.42,LOW_STOCK,Nepal CMS,Ambient
2026-06-30,BATCH-004252,HOSP-LB-001,MED-072,232,vial,650.0,2025-10-12,2026-11-30,153,80,8.0,29.0,OK,Nepal CMS,Ambient
2026-06-30,BATCH-004253,HOSP-LB-002,MED-001,1160,tablet,1.5,2024-08-26,2026-07-28,28,897,89.774,12.92,NEAR_EXPIRY,Nepal CMS,Ambient
2026-06-30,BATCH-004254,HOSP-LB-002,MED-001,580,tablet,1.5,2026-06-02,2028-05-10,680,897,89.774,6.46,LOW_STOCK,Provincial Medical Store,Ambient
2026-06-30,BATCH-004255,HOSP-LB-002,MED-001,985,tablet,1.5,2026-03-14,2027-11-13,501,897,89.774,10.97,OK,Provincial Medical Store,Ambient
2026-06-30,BATCH-004256,HOSP-LB-002,MED-002,550,bottle,45.0,2026-03-06,2027-03-15,258,157,15.798,34.82,OK,UNICEF Supply,Ambient
2026-06-30,BATCH-004257,HOSP-LB-002,MED-003,202,tablet,2.5,2026-06-19,2028-07-29,760,281,28.143,7.18,LOW_STOCK,DoDA Logistics,Ambient
2026-06-30,BATCH-004258,HOSP-LB-002,MED-003,73,tablet,2.5,2025-06-18,2026-09-20,82,281,28.143,2.59,LOW_AND_NEAR_EXPIRY,Provincial Medical Store,Ambient
2026-06-30,BATCH-004259,HOSP-LB-002,MED-003,129,tablet,2.5,2025-09-28,2027-12-05,523,281,28.143,4.58,LOW_STOCK,DoDA Logistics,Ambient
2026-06-30,BATCH-004260,HOSP-LB-002,MED-004,100,ampoule,25.0,2025-04-21,2026-12-29,182,98,9.81,10.19,OK,DoDA Logistics,Ambient
2026-06-30,BATCH-004261,HOSP-LB-002,MED-004,112,ampoule,25.0,2025-07-15,2027-06-05,340,98,9.81,11.42,OK,UNICEF Supply,Ambient
2026-06-30,BATCH-004262,HOSP-LB-002,MED-005,565,capsule,6.0,2026-02-04,2027-05-05,309,391,39.167,14.43,OK,Kanti Central Store,Ambient
2026-06-30,BATCH-004263,HOSP-LB-002,MED-006,523,tablet,35.0,2026-04-30,2027-12-08,526,174,17.476,29.93,OK,Private Distributor - Kathmandu,Ambient
2026-06-30,BATCH-004264,HOSP-LB-002,MED-007,309,tablet,40.0,2026-03-25,2027-02-02,217,164,16.464,18.77,OK,Kanti Central Store,Ambient
2026-06-30,BATCH-004265,HOSP-LB-002,MED-008,148,tablet,8.0,2024-07-08,2026-07-10,10,242,24.286,6.09,LOW_AND_NEAR_EXPIRY,UNICEF Supply,Ambient
2026-06-30,BATCH-004266,HOSP-LB-002,MED-008,101,tablet,8.0,2025-11-21,2028-05-17,687,242,24.286,4.16,LOW_STOCK,Private Distributor - Kathmandu,Ambient
2026-06-30,BATCH-004267,HOSP-LB-002,MED-008,219,tablet,8.0,2026-06-24,2029-05-28,1063,242,24.286,9.02,LOW_STOCK,Provincial Medical Store,Ambient
2026-06-30,BATCH-004268,HOSP-LB-002,MED-009,484,vial,85.0,2025-11-09,2027-04-27,301,158,15.81,30.61,OK,UNICEF Supply,Ambient
2026-06-30,BATCH-004269,HOSP-LB-002,MED-010,901,tablet,2.0,2026-05-25,2029-06-13,1079,279,27.952,32.23,OK,Provincial Medical Store,Ambient
2026-06-30,BATCH-004270,HOSP-LB-002,MED-011,753,sachet,8.0,2026-06-29,2028-05-17,687,768,76.869,9.8,LOW_STOCK,Provincial Medical Store,Ambient
2026-06-30,BATCH-004271,HOSP-LB-002,MED-011,766,sachet,8.0,2025-03-11,2027-11-22,510,768,76.869,9.96,LOW_STOCK,BPKMCH Pharmacy Store,Ambient
2026-06-30,BATCH-004272,HOSP-LB-002,MED-012,890,tablet,1.2,2025-10-02,2027-08-09,405,500,50.024,17.79,OK,Provincial Medical Store,Ambient
2026-06-30,BATCH-004273,HOSP-LB-002,MED-012,741,tablet,1.2,2026-02-11,2028-01-30,579,500,50.024,14.81,OK,BPKMCH Pharmacy Store,Ambient
2026-06-30,BATCH-004274,HOSP-LB-002,MED-013,479,bag,55.0,2025-11-26,2027-11-02,490,231,23.107,20.73,OK,BPKMCH Pharmacy Store,Ambient
2026-06-30,BATCH-004275,HOSP-LB-002,MED-014,675,bag,45.0,2024-10-14,2026-07-28,28,265,26.512,25.46,NEAR_EXPIRY,Private Distributor - Kathmandu,Ambient
2026-06-30,BATCH-004276,HOSP-LB-002,MED-015,101,bag,48.0,2026-02-25,2027-03-13,256,172,17.214,5.87,LOW_STOCK,DoDA Logistics,Ambient
2026-06-30,BATCH-004277,HOSP-LB-002,MED-015,215,bag,48.0,2026-06-26,2028-05-25,695,172,17.214,12.49,OK,Kanti Central Store,Ambient
2026-06-30,BATCH-004278,HOSP-LB-002,MED-016,110,tablet,15.0,2026-06-24,2028-01-22,571,101,10.179,10.81,OK,DoDA Logistics,Ambient
2026-06-30,BATCH-004279,HOSP-LB-002,MED-016,210,tablet,15.0,2026-05-28,2027-11-28,516,101,10.179,20.63,OK,Kanti Central Store,Ambient
2026-06-30,BATCH-004280,HOSP-LB-002,MED-017,35,tablet,1.8,2024-10-30,2027-05-09,313,38,3.833,9.13,LOW_STOCK,Local Pharmacy Wholesaler,Ambient
2026-06-30,BATCH-004281,HOSP-LB-002,MED-017,61,tablet,1.8,2025-02-12,2027-11-10,498,38,3.833,15.91,OK,Nepal CMS,Ambient
2026-06-30,BATCH-004282,HOSP-LB-002,MED-018,31,unit,180.0,2025-10-26,2027-02-20,235,54,5.488,5.65,LOW_STOCK,Provincial Medical Store,Ambient
2026-06-30,BATCH-004283,HOSP-LB-002,MED-018,61,unit,180.0,2025-03-16,2027-01-04,188,54,5.488,11.11,OK,Private Distributor - Kathmandu,Ambient
2026-06-30,BATCH-004284,HOSP-LB-002,MED-019,116,ampoule,30.0,2026-03-05,2028-01-13,562,60,6.024,19.26,OK,Kanti Central Store,Ambient
2026-06-30,BATCH-004285,HOSP-LB-002,MED-020,63,bottle,55.0,2025-03-12,2027-02-10,225,76,7.631,8.26,LOW_STOCK,Kanti Central Store,Ambient
2026-06-30,BATCH-004286,HOSP-LB-002,MED-020,49,bottle,55.0,2025-04-14,2026-07-14,14,76,7.631,6.42,LOW_AND_NEAR_EXPIRY,BPKMCH Pharmacy Store,Ambient
2026-06-30,BATCH-004287,HOSP-LB-002,MED-020,135,bottle,55.0,2025-07-15,2026-08-18,49,76,7.631,17.69,NEAR_EXPIRY,Local Pharmacy Wholesaler,Ambient
2026-06-30,BATCH-004288,HOSP-LB-002,MED-021,240,tablet,1.0,2023-10-20,2026-09-01,63,275,27.512,8.72,LOW_AND_NEAR_EXPIRY,UNICEF Supply,Ambient
2026-06-30,BATCH-004289,HOSP-LB-002,MED-021,148,tablet,1.0,2023-12-17,2026-08-09,40,275,27.512,5.38,LOW_AND_NEAR_EXPIRY,BPKMCH Pharmacy Store,Ambient
2026-06-30,BATCH-004290,HOSP-LB-002,MED-021,123,tablet,1.0,2026-06-27,2029-04-17,1022,275,27.512,4.47,LOW_STOCK,Provincial Medical Store,Ambient
2026-06-30,BATCH-004291,HOSP-LB-002,MED-022,65,tablet,2.5,2024-08-18,2026-09-23,85,217,21.75,2.99,LOW_AND_NEAR_EXPIRY,Private Distributor - Kathmandu,Ambient
2026-06-30,BATCH-004292,HOSP-LB-002,MED-022,191,tablet,2.5,2025-01-02,2026-09-30,92,217,21.75,8.78,LOW_STOCK,DoDA Logistics,Ambient
2026-06-30,BATCH-004293,HOSP-LB-002,MED-023,541,tablet,1.5,2026-06-20,2028-08-23,785,282,28.226,19.17,OK,UNICEF Supply,Ambient
2026-06-30,BATCH-004294,HOSP-LB-002,MED-024,22,vial,450.0,2025-12-20,2027-04-26,300,40,4.083,5.39,LOW_STOCK,Provincial Medical Store,Cold_Chain
2026-06-30,BATCH-004295,HOSP-LB-002,MED-024,28,vial,450.0,2026-04-06,2027-05-10,314,40,4.083,6.86,LOW_STOCK,DoDA Logistics,Cold_Chain
2026-06-30,BATCH-004296,HOSP-LB-002,MED-024,37,vial,450.0,2026-06-28,2028-04-08,648,40,4.083,9.06,LOW_STOCK,DoDA Logistics,Cold_Chain
2026-06-30,BATCH-004297,HOSP-LB-002,MED-025,536,tablet,3.0,2026-05-30,2029-01-06,921,192,19.214,27.9,OK,Kanti Central Store,Ambient
2026-06-30,BATCH-004298,HOSP-LB-002,MED-026,84,tablet,0.8,2025-10-21,2028-09-27,820,251,25.179,3.34,LOW_STOCK,Nepal CMS,Ambient
2026-06-30,BATCH-004299,HOSP-LB-002,MED-026,176,tablet,0.8,2025-08-07,2027-01-16,200,251,25.179,6.99,LOW_STOCK,DoDA Logistics,Ambient
2026-06-30,BATCH-004300,HOSP-LB-002,MED-027,687,capsule,2.0,2025-07-03,2027-02-16,231,374,37.464,18.34,OK,Provincial Medical Store,Ambient
2026-06-30,BATCH-004301,HOSP-LB-002,MED-028,236,tablet,6.0,2025-10-20,2027-06-03,338,168,16.881,13.98,OK,Private Distributor - Kathmandu,Ambient
2026-06-30,BATCH-004302,HOSP-LB-002,MED-028,246,tablet,6.0,2025-01-24,2026-11-25,148,168,16.881,14.57,OK,Nepal CMS,Ambient
2026-06-30,BATCH-004303,HOSP-LB-002,MED-029,477,tablet,1.5,2025-06-10,2026-09-14,76,153,15.321,31.13,NEAR_EXPIRY,BPKMCH Pharmacy Store,Ambient
2026-06-30,BATCH-004304,HOSP-LB-002,MED-030,69,bottle_100ml,85.0,2024-10-04,2027-05-10,314,79,7.917,8.72,LOW_STOCK,BPKMCH Pharmacy Store,Ambient
2026-06-30,BATCH-004305,HOSP-LB-002,MED-030,144,bottle_100ml,85.0,2025-11-06,2027-07-29,394,79,7.917,18.19,OK,DoDA Logistics,Ambient
2026-06-30,BATCH-004306,HOSP-LB-002,MED-031,623,pair,25.0,2024-11-09,2029-02-07,953,365,36.595,17.02,OK,UNICEF Supply,Ambient
2026-06-30,BATCH-004307,HOSP-LB-002,MED-032,731,piece,5.0,2022-07-06,2026-09-09,71,535,53.536,13.65,NEAR_EXPIRY,Local Pharmacy Wholesaler,Ambient
2026-06-30,BATCH-004308,HOSP-LB-002,MED-032,383,piece,5.0,2025-07-07,2028-08-06,768,535,53.536,7.15,LOW_STOCK,Nepal CMS,Ambient
2026-06-30,BATCH-004309,HOSP-LB-002,MED-032,595,piece,5.0,2025-03-12,2029-02-12,958,535,53.536,11.11,OK,BPKMCH Pharmacy Store,Ambient
2026-06-30,BATCH-004310,HOSP-LB-002,MED-033,495,piece,35.0,2023-11-05,2026-09-21,83,247,24.702,20.04,NEAR_EXPIRY,UNICEF Supply,Ambient
2026-06-30,BATCH-004311,HOSP-LB-002,MED-034,46,vial,25.0,2025-12-19,2027-08-17,413,35,3.5,13.14,OK,BPKMCH Pharmacy Store,Cold_Chain
2026-06-30,BATCH-004312,HOSP-LB-002,MED-035,36,vial,350.0,2026-05-31,2028-01-23,572,17,1.774,20.3,OK,Provincial Medical Store,Cold_Chain
2026-06-30,BATCH-004313,HOSP-LB-002,MED-036,360,tablet,0.5,2026-06-11,2027-09-27,454,292,29.202,12.33,OK,BPKMCH Pharmacy Store,Ambient
2026-06-30,BATCH-004314,HOSP-LB-002,MED-037,24,tablet,8.0,2025-10-01,2028-09-03,796,58,5.81,4.13,LOW_STOCK,Private Distributor - Kathmandu,Ambient
2026-06-30,BATCH-004315,HOSP-LB-002,MED-037,14,tablet,8.0,2026-06-21,2029-02-05,951,58,5.81,2.41,LOW_STOCK,Provincial Medical Store,Ambient
2026-06-30,BATCH-004316,HOSP-LB-002,MED-037,30,tablet,8.0,2026-04-13,2028-10-27,850,58,5.81,5.16,LOW_STOCK,Private Distributor - Kathmandu,Ambient
2026-06-30,BATCH-004317,HOSP-LB-002,MED-038,45,ampoule,12.0,2026-06-11,2028-05-07,677,55,5.583,8.06,LOW_STOCK,Private Distributor - Kathmandu,Ambient
2026-06-30,BATCH-004318,HOSP-LB-002,MED-038,26,ampoule,12.0,2026-05-31,2028-03-23,632,55,5.583,4.66,LOW_STOCK,Nepal CMS,Ambient
2026-06-30,BATCH-004319,HOSP-LB-002,MED-038,23,ampoule,12.0,2026-05-24,2027-11-30,518,55,5.583,4.12,LOW_STOCK,BPKMCH Pharmacy Store,Ambient
2026-06-30,BATCH-004320,HOSP-LB-002,MED-039,23,ampoule,10.0,2026-05-10,2028-01-09,558,45,4.595,5.01,LOW_STOCK,DoDA Logistics,Ambient
2026-06-30,BATCH-004321,HOSP-LB-002,MED-039,65,ampoule,10.0,2026-06-12,2029-01-28,943,45,4.595,14.15,OK,Local Pharmacy Wholesaler,Ambient
2026-06-30,BATCH-004322,HOSP-LB-002,MED-040,30,ampoule,28.0,2025-12-06,2027-05-12,316,47,4.738,6.33,LOW_STOCK,Nepal CMS,Ambient
2026-06-30,BATCH-004323,HOSP-LB-002,MED-040,23,ampoule,28.0,2025-06-29,2028-01-23,572,47,4.738,4.85,LOW_STOCK,DoDA Logistics,Ambient
2026-06-30,BATCH-004324,HOSP-LB-002,MED-040,25,ampoule,28.0,2026-03-01,2027-12-22,540,47,4.738,5.28,LOW_STOCK,Local Pharmacy Wholesaler,Ambient
2026-06-30,BATCH-004325,HOSP-LB-002,MED-041,5,vial,180.0,2025-08-27,2027-04-30,304,5,0.5,10.0,LOW_STOCK,Local Pharmacy Wholesaler,Ambient
2026-06-30,BATCH-004326,HOSP-LB-002,MED-041,5,vial,180.0,2026-05-21,2027-07-22,387,5,0.5,10.0,LOW_STOCK,Nepal CMS,Ambient
2026-06-30,BATCH-004327,HOSP-LB-002,MED-042,4,vial,1200.0,2026-06-18,2028-01-26,575,3,0.345,11.59,OK,Provincial Medical Store,Cold_Chain
2026-06-30,BATCH-004328,HOSP-LB-002,MED-042,3,vial,1200.0,2025-12-04,2027-03-13,256,3,0.345,8.69,LOW_STOCK,DoDA Logistics,Cold_Chain
2026-06-30,BATCH-004329,HOSP-LB-002,MED-042,2,vial,1200.0,2026-04-03,2027-02-03,218,3,0.345,5.79,LOW_STOCK,Private Distributor - Kathmandu,Cold_Chain
2026-06-30,BATCH-004330,HOSP-LB-002,MED-043,2,vial,3500.0,2024-12-07,2026-07-10,10,3,0.155,12.92,LOW_AND_NEAR_EXPIRY,Private Distributor - Kathmandu,Ambient
2026-06-30,BATCH-004331,HOSP-LB-002,MED-044,1,vial,450.0,2026-06-14,2027-04-23,297,4,0.44,2.27,LOW_STOCK,Nepal CMS,Ambient
2026-06-30,BATCH-004332,HOSP-LB-002,MED-044,1,vial,450.0,2025-12-17,2027-08-21,417,4,0.44,2.27,LOW_STOCK,Private Distributor - Kathmandu,Ambient
2026-06-30,BATCH-004333,HOSP-LB-002,MED-044,2,vial,450.0,2026-06-12,2028-01-18,567,4,0.44,4.54,LOW_STOCK,Nepal CMS,Ambient
2026-06-30,BATCH-004334,HOSP-LB-002,MED-045,16,tablet,15.0,2025-10-17,2026-08-30,61,12,1.286,12.44,NEAR_EXPIRY,Provincial Medical Store,Ambient
2026-06-30,BATCH-004335,HOSP-LB-002,MED-045,7,tablet,15.0,2026-02-24,2027-11-13,501,12,1.286,5.44,LOW_STOCK,Provincial Medical Store,Ambient
2026-06-30,BATCH-004336,HOSP-LB-002,MED-045,20,tablet,15.0,2026-06-03,2027-12-15,533,12,1.286,15.56,OK,Nepal CMS,Ambient
2026-06-30,BATCH-004337,HOSP-LB-002,MED-046,1,prefilled,4500.0,2026-06-05,2027-09-17,444,3,0.202,4.94,LOW_STOCK,Nepal CMS,Cold_Chain
2026-06-30,BATCH-004338,HOSP-LB-002,MED-046,1,prefilled,4500.0,2025-09-25,2026-12-10,163,3,0.202,4.94,LOW_STOCK,Provincial Medical Store,Cold_Chain
2026-06-30,BATCH-004339,HOSP-LB-002,MED-046,1,prefilled,4500.0,2025-11-26,2027-04-30,304,3,0.202,4.94,LOW_STOCK,UNICEF Supply,Cold_Chain
2026-06-30,BATCH-004340,HOSP-LB-002,MED-047,151,sachet,6.0,2026-06-23,2027-12-28,546,189,18.917,7.98,LOW_STOCK,Local Pharmacy Wholesaler,Ambient
2026-06-30,BATCH-004341,HOSP-LB-002,MED-047,288,sachet,6.0,2025-05-14,2028-04-04,644,189,18.917,15.22,OK,Kanti Central Store,Ambient
2026-06-30,BATCH-004342,HOSP-LB-002,MED-048,94,bottle,65.0,2026-06-14,2028-05-11,681,68,6.893,13.64,OK,Kanti Central Store,Ambient
2026-06-30,BATCH-004343,HOSP-LB-002,MED-048,146,bottle,65.0,2025-12-04,2027-11-09,497,68,6.893,21.18,OK,Nepal CMS,Ambient
2026-06-30,BATCH-004344,HOSP-LB-002,MED-049,105,capsule,2.0,2024-11-24,2026-11-08,131,103,10.369,10.13,OK,Nepal CMS,Ambient
2026-06-30,BATCH-004345,HOSP-LB-002,MED-049,167,capsule,2.0,2026-01-17,2027-05-07,311,103,10.369,16.11,OK,Private Distributor - Kathmandu,Ambient
2026-06-30,BATCH-004346,HOSP-LB-002,MED-050,100,vial,120.0,2026-02-11,2027-09-05,432,47,4.786,20.9,OK,Private Distributor - Kathmandu,Cold_Chain
2026-06-30,BATCH-004347,HOSP-LB-002,MED-051,83,vial,80.0,2026-05-20,2028-04-15,655,49,4.964,16.72,OK,Private Distributor - Kathmandu,Cold_Chain
2026-06-30,BATCH-004348,HOSP-LB-002,MED-051,92,vial,80.0,2026-06-02,2028-04-02,642,49,4.964,18.53,OK,UNICEF Supply,Cold_Chain
2026-06-30,BATCH-004349,HOSP-LB-002,MED-052,189,kit,25.0,2025-07-24,2027-05-20,324,116,11.631,16.25,OK,UNICEF Supply,Ambient
2026-06-30,BATCH-004350,HOSP-LB-002,MED-052,167,kit,25.0,2025-09-04,2027-06-28,363,116,11.631,14.36,OK,BPKMCH Pharmacy Store,Ambient
2026-06-30,BATCH-004351,HOSP-LB-002,MED-053,60,ampoule,35.0,2026-05-21,2027-11-10,498,57,5.726,10.48,OK,Provincial Medical Store,Cold_Chain
2026-06-30,BATCH-004352,HOSP-LB-002,MED-054,68,tablet,20.0,2026-04-05,2028-01-22,571,55,5.524,12.31,OK,Private Distributor - Kathmandu,Ambient
2026-06-30,BATCH-004353,HOSP-LB-002,MED-054,97,tablet,20.0,2024-12-17,2026-09-20,82,55,5.524,17.56,NEAR_EXPIRY,BPKMCH Pharmacy Store,Ambient
2026-06-30,BATCH-004354,HOSP-LB-002,MED-055,67,ampoule,18.0,2025-09-15,2027-11-04,492,26,2.655,25.24,OK,DoDA Logistics,Ambient
2026-06-30,BATCH-004355,HOSP-LB-002,MED-056,37,ampoule,45.0,2026-03-12,2027-05-18,322,25,2.5,14.8,OK,BPKMCH Pharmacy Store,Ambient
2026-06-30,BATCH-004356,HOSP-LB-002,MED-056,49,ampoule,45.0,2024-11-10,2026-10-23,115,25,2.5,19.6,OK,Local Pharmacy Wholesaler,Ambient
2026-06-30,BATCH-004357,HOSP-LB-002,MED-057,39,bottle,55.0,2026-04-19,2027-09-03,430,18,1.893,20.6,OK,BPKMCH Pharmacy Store,Ambient
2026-06-30,BATCH-004358,HOSP-LB-002,MED-058,14,bottle,90.0,2026-06-07,2027-12-14,532,13,1.31,10.69,OK,DoDA Logistics,Ambient
2026-06-30,BATCH-004359,HOSP-LB-002,MED-059,37,bottle,70.0,2025-11-26,2026-12-12,165,13,1.31,28.25,OK,Kanti Central Store,Ambient
2026-06-30,BATCH-004360,HOSP-LB-002,MED-060,3,vial,2500.0,2026-01-28,2027-10-08,465,6,0.679,4.42,LOW_STOCK,UNICEF Supply,Cold_Chain
2026-06-30,BATCH-004361,HOSP-LB-002,MED-060,1,vial,2500.0,2026-04-18,2027-03-07,250,6,0.679,1.47,LOW_STOCK,Provincial Medical Store,Cold_Chain
2026-06-30,BATCH-004362,HOSP-LB-002,MED-060,2,vial,2500.0,2025-07-12,2027-01-21,205,6,0.679,2.95,LOW_STOCK,DoDA Logistics,Cold_Chain
2026-06-30,BATCH-004363,HOSP-LB-002,MED-061,28,ampoule,25.0,2026-03-12,2027-12-15,533,21,2.155,12.99,OK,UNICEF Supply,Ambient
2026-06-30,BATCH-004364,HOSP-LB-002,MED-061,12,ampoule,25.0,2026-05-29,2028-03-14,623,21,2.155,5.57,LOW_STOCK,Kanti Central Store,Ambient
2026-06-30,BATCH-004365,HOSP-LB-002,MED-061,16,ampoule,25.0,2026-06-18,2028-03-09,618,21,2.155,7.43,LOW_STOCK,DoDA Logistics,Ambient
2026-06-30,BATCH-004366,HOSP-LB-002,MED-062,30,ampoule,12.0,2024-03-04,2026-10-09,101,16,1.679,17.87,OK,UNICEF Supply,Ambient
2026-06-30,BATCH-004367,HOSP-LB-002,MED-063,14,vial,850.0,2026-04-06,2027-07-24,389,11,1.143,12.25,OK,Private Distributor - Kathmandu,Cold_Chain
2026-06-30,BATCH-004368,HOSP-LB-002,MED-063,12,vial,850.0,2026-06-21,2028-02-04,584,11,1.143,10.5,OK,Kanti Central Store,Cold_Chain
2026-06-30,BATCH-004369,HOSP-LB-002,MED-063,14,vial,850.0,2026-05-19,2027-12-30,548,11,1.143,12.25,OK,Provincial Medical Store,Cold_Chain
2026-06-30,BATCH-004370,HOSP-LB-002,MED-064,38,roll,80.0,2025-02-21,2027-04-26,300,115,11.548,3.29,LOW_STOCK,UNICEF Supply,Ambient
2026-06-30,BATCH-004371,HOSP-LB-002,MED-064,26,roll,80.0,2026-06-21,2031-05-12,1777,115,11.548,2.25,LOW_STOCK,Provincial Medical Store,Ambient
2026-06-30,BATCH-004372,HOSP-LB-002,MED-064,68,roll,80.0,2024-06-17,2026-10-15,107,115,11.548,5.89,LOW_STOCK,Kanti Central Store,Ambient
2026-06-30,BATCH-004373,HOSP-LB-002,MED-065,27,unit,0.0,2026-06-01,2026-07-26,26,27,2.738,9.86,LOW_AND_NEAR_EXPIRY,Nepal CMS,Cold_Chain
2026-06-30,BATCH-004374,HOSP-LB-002,MED-066,16,unit,0.0,2026-06-02,2026-07-30,30,17,1.774,9.02,LOW_AND_NEAR_EXPIRY,Local Pharmacy Wholesaler,Cold_Chain
2026-06-30,BATCH-004375,HOSP-LB-002,MED-066,6,unit,0.0,2026-06-03,2026-07-19,19,17,1.774,3.38,LOW_AND_NEAR_EXPIRY,UNICEF Supply,Cold_Chain
2026-06-30,BATCH-004376,HOSP-LB-002,MED-066,14,unit,0.0,2026-06-18,2026-08-01,32,17,1.774,7.89,LOW_AND_NEAR_EXPIRY,Provincial Medical Store,Cold_Chain
2026-06-30,BATCH-004377,HOSP-LB-002,MED-067,75,vial,40.0,2026-02-11,2028-06-18,719,64,6.464,11.6,OK,BPKMCH Pharmacy Store,Ambient
2026-06-30,BATCH-004378,HOSP-LB-002,MED-067,75,vial,40.0,2024-05-10,2026-07-27,27,64,6.464,11.6,NEAR_EXPIRY,Provincial Medical Store,Ambient
2026-06-30,BATCH-004379,HOSP-LB-002,MED-067,75,vial,40.0,2026-03-25,2028-04-28,668,64,6.464,11.6,OK,Local Pharmacy Wholesaler,Ambient
2026-06-30,BATCH-004380,HOSP-LB-002,MED-068,47,vial,180.0,2024-09-19,2027-02-26,241,13,1.357,34.63,OK,Provincial Medical Store,Ambient
2026-06-30,BATCH-004381,HOSP-LB-002,MED-069,40,ampoule,95.0,2024-05-29,2027-04-07,281,21,2.19,18.26,OK,Local Pharmacy Wholesaler,Ambient
2026-06-30,BATCH-004382,HOSP-LB-002,MED-070,210,sachet,120.0,2026-02-10,2028-01-17,566,59,5.964,35.21,OK,Private Distributor - Kathmandu,Ambient
2026-06-30,BATCH-004383,HOSP-LB-002,MED-071,5,ampoule,150.0,2026-06-02,2027-07-04,369,17,1.738,2.88,LOW_STOCK,Kanti Central Store,Ambient
2026-06-30,BATCH-004384,HOSP-LB-002,MED-071,4,ampoule,150.0,2025-10-05,2027-05-02,306,17,1.738,2.3,LOW_STOCK,UNICEF Supply,Ambient
2026-06-30,BATCH-004385,HOSP-LB-002,MED-071,11,ampoule,150.0,2025-12-18,2026-10-17,109,17,1.738,6.33,LOW_STOCK,Provincial Medical Store,Ambient
2026-06-30,BATCH-004386,HOSP-LB-002,MED-072,36,vial,650.0,2025-07-24,2027-03-22,265,47,4.714,7.64,LOW_STOCK,Kanti Central Store,Ambient
2026-06-30,BATCH-004387,HOSP-LB-002,MED-072,41,vial,650.0,2026-05-16,2027-03-16,259,47,4.714,8.7,LOW_STOCK,BPKMCH Pharmacy Store,Ambient
2026-06-30,BATCH-004388,HOSP-LB-003,MED-001,2277,tablet,1.5,2025-03-14,2026-11-09,132,1433,143.321,15.89,OK,BPKMCH Pharmacy Store,Ambient
2026-06-30,BATCH-004389,HOSP-LB-003,MED-002,287,bottle,45.0,2024-10-12,2026-09-16,78,235,23.583,12.17,NEAR_EXPIRY,Provincial Medical Store,Ambient
2026-06-30,BATCH-004390,HOSP-LB-003,MED-002,159,bottle,45.0,2026-05-21,2028-03-04,613,235,23.583,6.74,LOW_STOCK,Kanti Central Store,Ambient
2026-06-30,BATCH-004391,HOSP-LB-003,MED-002,245,bottle,45.0,2025-10-18,2026-12-30,183,235,23.583,10.39,OK,Provincial Medical Store,Ambient
2026-06-30,BATCH-004392,HOSP-LB-003,MED-003,142,tablet,2.5,2025-08-31,2027-07-31,396,270,27.06,5.25,LOW_STOCK,DoDA Logistics,Ambient
2026-06-30,BATCH-004393,HOSP-LB-003,MED-003,121,tablet,2.5,2025-12-01,2028-04-08,648,270,27.06,4.47,LOW_STOCK,Local Pharmacy Wholesaler,Ambient
2026-06-30,BATCH-004394,HOSP-LB-003,MED-003,119,tablet,2.5,2026-06-07,2028-04-12,652,270,27.06,4.4,LOW_STOCK,Private Distributor - Kathmandu,Ambient
2026-06-30,BATCH-004395,HOSP-LB-003,MED-004,89,ampoule,25.0,2026-05-06,2027-12-06,524,123,12.393,7.18,LOW_STOCK,UNICEF Supply,Ambient
2026-06-30,BATCH-004396,HOSP-LB-003,MED-004,154,ampoule,25.0,2025-09-17,2027-08-16,412,123,12.393,12.43,OK,Local Pharmacy Wholesaler,Ambient
2026-06-30,BATCH-004397,HOSP-LB-003,MED-005,1579,capsule,6.0,2025-10-28,2027-02-12,227,720,72.071,21.91,OK,Provincial Medical Store,Ambient
2026-06-30,BATCH-004398,HOSP-LB-003,MED-006,475,tablet,35.0,2026-04-15,2027-09-23,450,265,26.56,17.88,OK,DoDA Logistics,Ambient
2026-06-30,BATCH-004399,HOSP-LB-003,MED-007,233,tablet,40.0,2025-02-13,2026-07-14,14,194,19.429,11.99,NEAR_EXPIRY,Local Pharmacy Wholesaler,Ambient
2026-06-30,BATCH-004400,HOSP-LB-003,MED-007,96,tablet,40.0,2025-09-18,2027-07-16,381,194,19.429,4.94,LOW_STOCK,Nepal CMS,Ambient
2026-06-30,BATCH-004401,HOSP-LB-003,MED-007,132,tablet,40.0,2026-06-05,2027-09-24,451,194,19.429,6.79,LOW_STOCK,Nepal CMS,Ambient
2026-06-30,BATCH-004402,HOSP-LB-003,MED-008,1313,tablet,8.0,2025-05-24,2027-10-31,488,370,37.012,35.48,OK,Nepal CMS,Ambient
2026-06-30,BATCH-004403,HOSP-LB-003,MED-009,283,vial,85.0,2025-04-15,2027-02-11,226,272,27.25,10.39,OK,Provincial Medical Store,Ambient
2026-06-30,BATCH-004404,HOSP-LB-003,MED-009,309,vial,85.0,2026-06-22,2028-05-31,701,272,27.25,11.34,OK,Private Distributor - Kathmandu,Ambient
2026-06-30,BATCH-004405,HOSP-LB-003,MED-010,1304,tablet,2.0,2025-09-08,2027-12-04,522,436,43.667,29.86,OK,DoDA Logistics,Ambient
2026-06-30,BATCH-004406,HOSP-LB-003,MED-011,2844,sachet,8.0,2026-04-13,2028-07-28,759,1130,113.012,25.17,OK,Nepal CMS,Ambient
2026-06-30,BATCH-004407,HOSP-LB-003,MED-012,601,tablet,1.2,2024-02-03,2026-12-28,181,711,71.143,8.45,LOW_STOCK,Private Distributor - Kathmandu,Ambient
2026-06-30,BATCH-004408,HOSP-LB-003,MED-012,427,tablet,1.2,2026-06-03,2028-06-13,714,711,71.143,6.0,LOW_STOCK,Local Pharmacy Wholesaler,Ambient
2026-06-30,BATCH-004409,HOSP-LB-003,MED-012,716,tablet,1.2,2026-03-04,2028-05-31,701,711,71.143,10.06,OK,DoDA Logistics,Ambient
2026-06-30,BATCH-004410,HOSP-LB-003,MED-013,423,bag,55.0,2025-11-01,2026-12-03,156,310,31.036,13.63,OK,DoDA Logistics,Ambient
2026-06-30,BATCH-004411,HOSP-LB-003,MED-013,482,bag,55.0,2026-03-08,2027-07-09,374,310,31.036,15.53,OK,Provincial Medical Store,Ambient
2026-06-30,BATCH-004412,HOSP-LB-003,MED-014,655,bag,45.0,2025-11-27,2026-11-21,144,469,46.964,13.95,OK,Nepal CMS,Ambient
2026-06-30,BATCH-004413,HOSP-LB-003,MED-015,140,bag,48.0,2026-06-15,2028-05-21,691,311,31.179,4.49,LOW_STOCK,Local Pharmacy Wholesaler,Ambient
2026-06-30,BATCH-004414,HOSP-LB-003,MED-015,218,bag,48.0,2026-05-24,2028-06-04,705,311,31.179,6.99,LOW_STOCK,Nepal CMS,Ambient
2026-06-30,BATCH-004415,HOSP-LB-003,MED-016,162,tablet,15.0,2025-06-04,2026-08-14,45,148,14.821,10.93,NEAR_EXPIRY,Local Pharmacy Wholesaler,Ambient
2026-06-30,BATCH-004416,HOSP-LB-003,MED-017,26,tablet,1.8,2026-06-14,2029-04-06,1011,51,5.167,5.03,LOW_STOCK,Kanti Central Store,Ambient
2026-06-30,BATCH-004417,HOSP-LB-003,MED-017,76,tablet,1.8,2025-10-09,2027-05-23,327,51,5.167,14.71,OK,Provincial Medical Store,Ambient
2026-06-30,BATCH-004418,HOSP-LB-003,MED-018,118,unit,180.0,2026-06-12,2028-05-02,672,84,8.464,13.94,OK,Provincial Medical Store,Ambient
2026-06-30,BATCH-004419,HOSP-LB-003,MED-018,70,unit,180.0,2025-11-16,2027-01-10,194,84,8.464,8.27,LOW_STOCK,BPKMCH Pharmacy Store,Ambient
2026-06-30,BATCH-004420,HOSP-LB-003,MED-018,100,unit,180.0,2026-03-01,2027-04-06,280,84,8.464,11.81,OK,BPKMCH Pharmacy Store,Ambient
2026-06-30,BATCH-004421,HOSP-LB-003,MED-019,59,ampoule,30.0,2026-06-18,2027-11-09,497,106,10.631,5.55,LOW_STOCK,Local Pharmacy Wholesaler,Ambient
2026-06-30,BATCH-004422,HOSP-LB-003,MED-019,56,ampoule,30.0,2025-06-20,2026-08-13,44,106,10.631,5.27,LOW_AND_NEAR_EXPIRY,BPKMCH Pharmacy Store,Ambient
2026-06-30,BATCH-004423,HOSP-LB-003,MED-020,126,bottle,55.0,2026-06-18,2027-11-09,497,131,13.19,9.55,LOW_STOCK,DoDA Logistics,Ambient
2026-06-30,BATCH-004424,HOSP-LB-003,MED-020,320,bottle,55.0,2026-01-22,2027-10-20,477,131,13.19,24.26,OK,UNICEF Supply,Ambient
2026-06-30,BATCH-004425,HOSP-LB-003,MED-021,178,tablet,1.0,2026-06-23,2028-07-23,754,418,41.881,4.25,LOW_STOCK,Nepal CMS,Ambient
2026-06-30,BATCH-004426,HOSP-LB-003,MED-021,242,tablet,1.0,2025-06-04,2028-01-19,568,418,41.881,5.78,LOW_STOCK,BPKMCH Pharmacy Store,Ambient
2026-06-30,BATCH-004427,HOSP-LB-003,MED-022,296,tablet,2.5,2026-06-29,2029-04-18,1023,384,38.44,7.7,LOW_STOCK,BPKMCH Pharmacy Store,Ambient
2026-06-30,BATCH-004428,HOSP-LB-003,MED-022,500,tablet,2.5,2026-06-11,2028-12-08,892,384,38.44,13.01,OK,Local Pharmacy Wholesaler,Ambient
2026-06-30,BATCH-004429,HOSP-LB-003,MED-023,732,tablet,1.5,2025-02-21,2028-01-03,552,533,53.345,13.72,OK,Private Distributor - Kathmandu,Ambient
2026-06-30,BATCH-004430,HOSP-LB-003,MED-023,720,tablet,1.5,2026-05-28,2029-04-04,1009,533,53.345,13.5,OK,Provincial Medical Store,Ambient
2026-06-30,BATCH-004431,HOSP-LB-003,MED-024,52,vial,450.0,2026-06-23,2027-07-28,393,79,7.905,6.58,LOW_STOCK,Local Pharmacy Wholesaler,Cold_Chain
2026-06-30,BATCH-004432,HOSP-LB-003,MED-024,119,vial,450.0,2025-06-22,2026-11-03,126,79,7.905,15.05,OK,Nepal CMS,Cold_Chain
2026-06-30,BATCH-004433,HOSP-LB-003,MED-025,633,tablet,3.0,2024-02-07,2026-08-30,61,254,25.452,24.87,NEAR_EXPIRY,UNICEF Supply,Ambient
2026-06-30,BATCH-004434,HOSP-LB-003,MED-026,335,tablet,0.8,2025-09-11,2028-08-17,779,373,37.31,8.98,LOW_STOCK,Private Distributor - Kathmandu,Ambient
2026-06-30,BATCH-004435,HOSP-LB-003,MED-026,354,tablet,0.8,2026-06-15,2029-03-20,994,373,37.31,9.49,LOW_STOCK,Local Pharmacy Wholesaler,Ambient
2026-06-30,BATCH-004436,HOSP-LB-003,MED-027,757,capsule,2.0,2026-05-31,2029-01-09,924,535,53.512,14.15,OK,Private Distributor - Kathmandu,Ambient
2026-06-30,BATCH-004437,HOSP-LB-003,MED-027,737,capsule,2.0,2024-08-14,2026-07-17,17,535,53.512,13.77,NEAR_EXPIRY,Provincial Medical Store,Ambient
2026-06-30,BATCH-004438,HOSP-LB-003,MED-028,129,tablet,6.0,2024-03-14,2026-07-27,27,206,20.679,6.24,LOW_AND_NEAR_EXPIRY,UNICEF Supply,Ambient
2026-06-30,BATCH-004439,HOSP-LB-003,MED-028,66,tablet,6.0,2025-06-13,2026-10-05,97,206,20.679,3.19,LOW_STOCK,UNICEF Supply,Ambient
2026-06-30,BATCH-004440,HOSP-LB-003,MED-028,92,tablet,6.0,2025-05-30,2026-08-05,36,206,20.679,4.45,LOW_AND_NEAR_EXPIRY,BPKMCH Pharmacy Store,Ambient
2026-06-30,BATCH-004441,HOSP-LB-003,MED-029,314,tablet,1.5,2026-06-06,2029-01-31,946,210,21.048,14.92,OK,DoDA Logistics,Ambient
2026-06-30,BATCH-004442,HOSP-LB-003,MED-029,145,tablet,1.5,2025-04-29,2027-03-21,264,210,21.048,6.89,LOW_STOCK,Provincial Medical Store,Ambient
2026-06-30,BATCH-004443,HOSP-LB-003,MED-029,261,tablet,1.5,2025-07-25,2028-02-25,605,210,21.048,12.4,OK,Kanti Central Store,Ambient
2026-06-30,BATCH-004444,HOSP-LB-003,MED-030,83,bottle_100ml,85.0,2025-05-03,2027-07-25,390,82,8.226,10.09,OK,Provincial Medical Store,Ambient
2026-06-30,BATCH-004445,HOSP-LB-003,MED-030,26,bottle_100ml,85.0,2026-04-23,2028-06-15,716,82,8.226,3.16,LOW_STOCK,UNICEF Supply,Ambient
2026-06-30,BATCH-004446,HOSP-LB-003,MED-030,72,bottle_100ml,85.0,2024-10-21,2027-08-10,406,82,8.226,8.75,LOW_STOCK,BPKMCH Pharmacy Store,Ambient
2026-06-30,BATCH-004447,HOSP-LB-003,MED-031,2121,pair,25.0,2024-03-23,2026-09-18,80,667,66.798,31.75,NEAR_EXPIRY,Private Distributor - Kathmandu,Ambient
2026-06-30,BATCH-004448,HOSP-LB-003,MED-032,622,piece,5.0,2023-08-30,2026-07-28,28,899,89.905,6.92,LOW_AND_NEAR_EXPIRY,BPKMCH Pharmacy Store,Ambient
2026-06-30,BATCH-004449,HOSP-LB-003,MED-032,1356,piece,5.0,2023-12-26,2028-07-26,757,899,89.905,15.08,OK,Private Distributor - Kathmandu,Ambient
2026-06-30,BATCH-004450,HOSP-LB-003,MED-033,409,piece,35.0,2023-03-13,2026-10-07,99,324,32.44,12.61,OK,Private Distributor - Kathmandu,Ambient
2026-06-30,BATCH-004451,HOSP-LB-003,MED-033,681,piece,35.0,2026-06-05,2031-02-18,1694,324,32.44,20.99,OK,Kanti Central Store,Ambient
2026-06-30,BATCH-004452,HOSP-LB-003,MED-034,80,vial,25.0,2026-06-06,2028-06-06,707,67,6.798,11.77,OK,BPKMCH Pharmacy Store,Cold_Chain
2026-06-30,BATCH-004453,HOSP-LB-003,MED-034,33,vial,25.0,2026-06-22,2028-01-19,568,67,6.798,4.85,LOW_STOCK,Nepal CMS,Cold_Chain
2026-06-30,BATCH-004454,HOSP-LB-003,MED-034,75,vial,25.0,2025-04-26,2027-01-08,192,67,6.798,11.03,OK,UNICEF Supply,Cold_Chain
2026-06-30,BATCH-004455,HOSP-LB-003,MED-035,11,vial,350.0,2026-06-20,2028-05-15,685,27,2.726,4.03,LOW_STOCK,BPKMCH Pharmacy Store,Cold_Chain
2026-06-30,BATCH-004456,HOSP-LB-003,MED-035,10,vial,350.0,2026-05-28,2028-02-15,595,27,2.726,3.67,LOW_STOCK,DoDA Logistics,Cold_Chain
2026-06-30,BATCH-004457,HOSP-LB-003,MED-035,22,vial,350.0,2026-06-25,2028-03-18,627,27,2.726,8.07,LOW_STOCK,BPKMCH Pharmacy Store,Cold_Chain
2026-06-30,BATCH-004458,HOSP-LB-003,MED-036,661,tablet,0.5,2026-02-15,2027-10-09,466,479,47.988,13.77,OK,Nepal CMS,Ambient
2026-06-30,BATCH-004459,HOSP-LB-003,MED-036,770,tablet,0.5,2026-06-05,2028-05-13,683,479,47.988,16.05,OK,DoDA Logistics,Ambient
2026-06-30,BATCH-004460,HOSP-LB-003,MED-037,76,tablet,8.0,2024-06-01,2026-07-26,26,87,8.702,8.73,LOW_AND_NEAR_EXPIRY,BPKMCH Pharmacy Store,Ambient
2026-06-30,BATCH-004461,HOSP-LB-003,MED-037,32,tablet,8.0,2026-06-25,2029-04-19,1024,87,8.702,3.68,LOW_STOCK,UNICEF Supply,Ambient
2026-06-30,BATCH-004462,HOSP-LB-003,MED-037,49,tablet,8.0,2025-08-27,2028-04-21,661,87,8.702,5.63,LOW_STOCK,Private Distributor - Kathmandu,Ambient
2026-06-30,BATCH-004463,HOSP-LB-003,MED-038,121,ampoule,12.0,2026-06-03,2027-09-30,457,93,9.345,12.95,OK,Kanti Central Store,Ambient
2026-06-30,BATCH-004464,HOSP-LB-003,MED-038,44,ampoule,12.0,2025-04-24,2026-10-25,117,93,9.345,4.71,LOW_STOCK,Provincial Medical Store,Ambient
2026-06-30,BATCH-004465,HOSP-LB-003,MED-038,86,ampoule,12.0,2025-02-16,2026-07-25,25,93,9.345,9.2,LOW_AND_NEAR_EXPIRY,Local Pharmacy Wholesaler,Ambient
2026-06-30,BATCH-004466,HOSP-LB-003,MED-039,98,ampoule,10.0,2025-08-15,2028-05-11,681,79,7.964,12.3,OK,Provincial Medical Store,Ambient
2026-06-30,BATCH-004467,HOSP-LB-003,MED-039,143,ampoule,10.0,2025-09-29,2027-07-28,393,79,7.964,17.96,OK,BPKMCH Pharmacy Store,Ambient
2026-06-30,BATCH-004468,HOSP-LB-003,MED-040,98,ampoule,28.0,2024-06-20,2026-10-14,106,70,7.048,13.91,OK,UNICEF Supply,Ambient
2026-06-30,BATCH-004469,HOSP-LB-003,MED-041,7,vial,180.0,2026-01-11,2027-09-06,433,10,1.071,6.53,LOW_STOCK,DoDA Logistics,Ambient
2026-06-30,BATCH-004470,HOSP-LB-003,MED-041,6,vial,180.0,2026-06-04,2028-02-29,609,10,1.071,5.6,LOW_STOCK,Kanti Central Store,Ambient
2026-06-30,BATCH-004471,HOSP-LB-003,MED-041,9,vial,180.0,2026-06-22,2028-04-02,642,10,1.071,8.4,LOW_STOCK,Local Pharmacy Wholesaler,Ambient
2026-06-30,BATCH-004472,HOSP-LB-003,MED-042,6,vial,1200.0,2025-05-06,2026-12-01,154,5,0.56,10.72,OK,Private Distributor - Kathmandu,Cold_Chain
2026-06-30,BATCH-004473,HOSP-LB-003,MED-042,14,vial,1200.0,2026-04-16,2027-03-03,246,5,0.56,25.02,OK,Provincial Medical Store,Cold_Chain
2026-06-30,BATCH-004474,HOSP-LB-003,MED-043,12,vial,3500.0,2026-06-26,2028-02-22,602,4,0.464,25.85,OK,Local Pharmacy Wholesaler,Ambient
2026-06-30,BATCH-004475,HOSP-LB-003,MED-044,2,vial,450.0,2025-04-28,2027-01-13,197,3,0.369,5.42,LOW_STOCK,DoDA Logistics,Ambient
2026-06-30,BATCH-004476,HOSP-LB-003,MED-044,1,vial,450.0,2026-06-10,2027-06-04,339,3,0.369,2.71,LOW_STOCK,Kanti Central Store,Ambient
2026-06-30,BATCH-004477,HOSP-LB-003,MED-044,1,vial,450.0,2025-04-26,2026-12-08,161,3,0.369,2.71,LOW_STOCK,Local Pharmacy Wholesaler,Ambient
2026-06-30,BATCH-004478,HOSP-LB-003,MED-045,73,tablet,15.0,2026-05-28,2028-04-02,642,20,2.083,35.04,OK,Local Pharmacy Wholesaler,Ambient
2026-06-30,BATCH-004479,HOSP-LB-003,MED-046,2,prefilled,4500.0,2026-02-19,2027-07-19,384,3,0.286,7.0,LOW_STOCK,Local Pharmacy Wholesaler,Cold_Chain
2026-06-30,BATCH-004480,HOSP-LB-003,MED-046,2,prefilled,4500.0,2025-03-28,2026-07-24,24,3,0.286,7.0,LOW_AND_NEAR_EXPIRY,UNICEF Supply,Cold_Chain
2026-06-30,BATCH-004481,HOSP-LB-003,MED-046,4,prefilled,4500.0,2025-10-26,2026-11-23,146,3,0.286,14.0,OK,BPKMCH Pharmacy Store,Cold_Chain
2026-06-30,BATCH-004482,HOSP-LB-003,MED-047,194,sachet,6.0,2026-05-29,2029-04-18,1023,293,29.333,6.61,LOW_STOCK,Kanti Central Store,Ambient
2026-06-30,BATCH-004483,HOSP-LB-003,MED-047,102,sachet,6.0,2026-06-18,2029-02-25,971,293,29.333,3.48,LOW_STOCK,Kanti Central Store,Ambient
2026-06-30,BATCH-004484,HOSP-LB-003,MED-047,88,sachet,6.0,2024-11-15,2027-01-14,198,293,29.333,3.0,LOW_STOCK,BPKMCH Pharmacy Store,Ambient
2026-06-30,BATCH-004485,HOSP-LB-003,MED-048,94,bottle,65.0,2025-10-21,2027-01-12,196,101,10.179,9.24,LOW_STOCK,Nepal CMS,Ambient
2026-06-30,BATCH-004486,HOSP-LB-003,MED-048,118,bottle,65.0,2026-06-20,2028-01-06,555,101,10.179,11.59,OK,UNICEF Supply,Ambient
2026-06-30,BATCH-004487,HOSP-LB-003,MED-049,360,capsule,2.0,2026-05-15,2027-07-04,369,152,15.214,23.66,OK,Local Pharmacy Wholesaler,Ambient
2026-06-30,BATCH-004488,HOSP-LB-003,MED-050,238,vial,120.0,2026-01-02,2027-07-15,380,81,8.131,29.27,OK,Local Pharmacy Wholesaler,Cold_Chain
2026-06-30,BATCH-004489,HOSP-LB-003,MED-051,233,vial,80.0,2026-06-05,2028-05-17,687,72,7.226,32.24,OK,DoDA Logistics,Cold_Chain
2026-06-30,BATCH-004490,HOSP-LB-003,MED-052,60,kit,25.0,2024-10-19,2026-08-14,45,126,12.619,4.75,LOW_AND_NEAR_EXPIRY,Provincial Medical Store,Ambient
2026-06-30,BATCH-004491,HOSP-LB-003,MED-052,26,kit,25.0,2026-05-19,2028-02-16,596,126,12.619,2.06,LOW_STOCK,BPKMCH Pharmacy Store,Ambient
2026-06-30,BATCH-004492,HOSP-LB-003,MED-052,37,kit,25.0,2025-12-14,2026-12-25,178,126,12.619,2.93,LOW_STOCK,DoDA Logistics,Ambient
2026-06-30,BATCH-004493,HOSP-LB-003,MED-053,80,ampoule,35.0,2026-06-25,2028-03-03,612,124,12.476,6.41,LOW_STOCK,UNICEF Supply,Cold_Chain
2026-06-30,BATCH-004494,HOSP-LB-003,MED-053,152,ampoule,35.0,2025-11-15,2027-01-13,197,124,12.476,12.18,OK,Kanti Central Store,Cold_Chain
2026-06-30,BATCH-004495,HOSP-LB-003,MED-054,51,tablet,20.0,2026-05-19,2027-12-01,519,63,6.31,8.08,LOW_STOCK,DoDA Logistics,Ambient
2026-06-30,BATCH-004496,HOSP-LB-003,MED-054,98,tablet,20.0,2026-06-08,2028-03-02,611,63,6.31,15.53,OK,Nepal CMS,Ambient
2026-06-30,BATCH-004497,HOSP-LB-003,MED-055,77,ampoule,18.0,2023-10-12,2026-09-08,70,56,5.619,13.7,NEAR_EXPIRY,UNICEF Supply,Ambient
2026-06-30,BATCH-004498,HOSP-LB-003,MED-055,53,ampoule,18.0,2026-02-03,2028-12-15,899,56,5.619,9.43,LOW_STOCK,Nepal CMS,Ambient
2026-06-30,BATCH-004499,HOSP-LB-003,MED-055,59,ampoule,18.0,2026-02-16,2028-03-27,636,56,5.619,10.5,OK,Private Distributor - Kathmandu,Ambient
2026-06-30,BATCH-004500,HOSP-LB-003,MED-056,42,ampoule,45.0,2025-03-26,2027-07-18,383,40,4.024,10.44,OK,DoDA Logistics,Ambient
2026-06-30,BATCH-004501,HOSP-LB-003,MED-056,38,ampoule,45.0,2026-06-01,2029-01-08,923,40,4.024,9.44,LOW_STOCK,DoDA Logistics,Ambient
2026-06-30,BATCH-004502,HOSP-LB-003,MED-056,48,ampoule,45.0,2026-06-29,2029-06-12,1078,40,4.024,11.93,OK,Local Pharmacy Wholesaler,Ambient
2026-06-30,BATCH-004503,HOSP-LB-003,MED-057,25,bottle,55.0,2026-06-09,2027-12-03,521,34,3.405,7.34,LOW_STOCK,Kanti Central Store,Ambient
2026-06-30,BATCH-004504,HOSP-LB-003,MED-057,21,bottle,55.0,2025-05-04,2026-12-07,160,34,3.405,6.17,LOW_STOCK,DoDA Logistics,Ambient
2026-06-30,BATCH-004505,HOSP-LB-003,MED-058,12,bottle,90.0,2025-12-08,2026-10-28,120,18,1.81,6.63,LOW_STOCK,DoDA Logistics,Ambient
2026-06-30,BATCH-004506,HOSP-LB-003,MED-058,3,bottle,90.0,2026-03-10,2028-02-14,594,18,1.81,1.66,LOW_STOCK,Kanti Central Store,Ambient
2026-06-30,BATCH-004507,HOSP-LB-003,MED-058,8,bottle,90.0,2026-06-19,2028-05-29,699,18,1.81,4.42,LOW_STOCK,BPKMCH Pharmacy Store,Ambient
2026-06-30,BATCH-004508,HOSP-LB-003,MED-059,8,bottle,70.0,2025-05-29,2027-01-10,194,15,1.583,5.05,LOW_STOCK,Private Distributor - Kathmandu,Ambient
2026-06-30,BATCH-004509,HOSP-LB-003,MED-059,19,bottle,70.0,2026-04-19,2027-06-04,339,15,1.583,12.0,OK,Local Pharmacy Wholesaler,Ambient
2026-06-30,BATCH-004510,HOSP-LB-003,MED-060,6,vial,2500.0,2025-10-29,2027-01-30,214,16,1.655,3.63,LOW_STOCK,Local Pharmacy Wholesaler,Cold_Chain
2026-06-30,BATCH-004511,HOSP-LB-003,MED-060,7,vial,2500.0,2026-06-30,2027-11-12,500,16,1.655,4.23,LOW_STOCK,UNICEF Supply,Cold_Chain
2026-06-30,BATCH-004512,HOSP-LB-003,MED-060,8,vial,2500.0,2026-06-13,2027-04-11,285,16,1.655,4.83,LOW_STOCK,Local Pharmacy Wholesaler,Cold_Chain
2026-06-30,BATCH-004513,HOSP-LB-003,MED-061,24,ampoule,25.0,2025-01-26,2026-12-02,155,39,3.929,6.11,LOW_STOCK,Local Pharmacy Wholesaler,Ambient
2026-06-30,BATCH-004514,HOSP-LB-003,MED-061,22,ampoule,25.0,2026-05-08,2028-01-15,564,39,3.929,5.6,LOW_STOCK,DoDA Logistics,Ambient
2026-06-30,BATCH-004515,HOSP-LB-003,MED-061,34,ampoule,25.0,2026-06-20,2028-05-01,671,39,3.929,8.65,LOW_STOCK,BPKMCH Pharmacy Store,Ambient
2026-06-30,BATCH-004516,HOSP-LB-003,MED-062,13,ampoule,12.0,2026-06-15,2028-07-03,734,26,2.631,4.94,LOW_STOCK,Local Pharmacy Wholesaler,Ambient
2026-06-30,BATCH-004517,HOSP-LB-003,MED-062,12,ampoule,12.0,2025-08-29,2027-05-11,315,26,2.631,4.56,LOW_STOCK,Provincial Medical Store,Ambient
2026-06-30,BATCH-004518,HOSP-LB-003,MED-062,19,ampoule,12.0,2026-06-07,2027-10-12,469,26,2.631,7.22,LOW_STOCK,Kanti Central Store,Ambient
2026-06-30,BATCH-004519,HOSP-LB-003,MED-063,13,vial,850.0,2025-12-18,2027-09-10,437,21,2.119,6.13,LOW_STOCK,Kanti Central Store,Cold_Chain
2026-06-30,BATCH-004520,HOSP-LB-003,MED-063,11,vial,850.0,2026-05-30,2028-06-04,705,21,2.119,5.19,LOW_STOCK,Private Distributor - Kathmandu,Cold_Chain
2026-06-30,BATCH-004521,HOSP-LB-003,MED-063,10,vial,850.0,2024-11-02,2026-07-27,27,21,2.119,4.72,LOW_AND_NEAR_EXPIRY,Private Distributor - Kathmandu,Cold_Chain
2026-06-30,BATCH-004522,HOSP-LB-003,MED-064,262,roll,80.0,2023-05-24,2027-10-16,473,202,20.238,12.95,OK,Kanti Central Store,Ambient
2026-06-30,BATCH-004523,HOSP-LB-003,MED-064,107,roll,80.0,2026-05-18,2028-12-01,885,202,20.238,5.29,LOW_STOCK,Kanti Central Store,Ambient
2026-06-30,BATCH-004524,HOSP-LB-003,MED-064,135,roll,80.0,2023-08-26,2027-08-22,418,202,20.238,6.67,LOW_STOCK,BPKMCH Pharmacy Store,Ambient
2026-06-30,BATCH-004525,HOSP-LB-003,MED-065,33,unit,0.0,2026-06-10,2026-07-23,23,46,4.643,7.11,LOW_AND_NEAR_EXPIRY,DoDA Logistics,Cold_Chain
2026-06-30,BATCH-004526,HOSP-LB-003,MED-065,45,unit,0.0,2026-06-13,2026-07-22,22,46,4.643,9.69,LOW_AND_NEAR_EXPIRY,UNICEF Supply,Cold_Chain
2026-06-30,BATCH-004527,HOSP-LB-003,MED-065,51,unit,0.0,2026-06-22,2026-07-20,20,46,4.643,10.98,NEAR_EXPIRY,Kanti Central Store,Cold_Chain
2026-06-30,BATCH-004528,HOSP-LB-003,MED-066,11,unit,0.0,2026-05-21,2026-07-30,30,30,3.0,3.67,LOW_AND_NEAR_EXPIRY,Local Pharmacy Wholesaler,Cold_Chain
2026-06-30,BATCH-004529,HOSP-LB-003,MED-066,31,unit,0.0,2026-06-27,2026-07-31,31,30,3.0,10.33,NEAR_EXPIRY,Kanti Central Store,Cold_Chain
2026-06-30,BATCH-004530,HOSP-LB-003,MED-067,47,vial,40.0,2026-03-25,2028-08-28,790,100,10.024,4.69,LOW_STOCK,DoDA Logistics,Ambient
2026-06-30,BATCH-004531,HOSP-LB-003,MED-067,22,vial,40.0,2025-01-26,2026-11-17,140,100,10.024,2.19,LOW_STOCK,UNICEF Supply,Ambient
2026-06-30,BATCH-004532,HOSP-LB-003,MED-067,43,vial,40.0,2025-11-28,2027-02-08,223,100,10.024,4.29,LOW_STOCK,DoDA Logistics,Ambient
2026-06-30,BATCH-004533,HOSP-LB-003,MED-068,32,vial,180.0,2026-06-18,2028-12-08,892,34,3.464,9.24,LOW_STOCK,Local Pharmacy Wholesaler,Ambient
2026-06-30,BATCH-004534,HOSP-LB-003,MED-068,59,vial,180.0,2026-05-26,2028-10-01,824,34,3.464,17.03,OK,BPKMCH Pharmacy Store,Ambient
2026-06-30,BATCH-004535,HOSP-LB-003,MED-069,39,ampoule,95.0,2024-04-23,2026-10-17,109,41,4.131,9.44,LOW_STOCK,UNICEF Supply,Ambient
2026-06-30,BATCH-004536,HOSP-LB-003,MED-069,31,ampoule,95.0,2026-03-31,2027-08-23,419,41,4.131,7.5,LOW_STOCK,DoDA Logistics,Ambient
2026-06-30,BATCH-004537,HOSP-LB-003,MED-069,35,ampoule,95.0,2024-05-10,2026-08-22,53,41,4.131,8.47,LOW_AND_NEAR_EXPIRY,Provincial Medical Store,Ambient
2026-06-30,BATCH-004538,HOSP-LB-003,MED-070,33,sachet,120.0,2025-08-25,2026-11-13,136,77,7.774,4.25,LOW_STOCK,Provincial Medical Store,Ambient
2026-06-30,BATCH-004539,HOSP-LB-003,MED-070,26,sachet,120.0,2025-03-06,2026-11-03,126,77,7.774,3.34,LOW_STOCK,Kanti Central Store,Ambient
2026-06-30,BATCH-004540,HOSP-LB-003,MED-070,22,sachet,120.0,2026-06-22,2027-10-09,466,77,7.774,2.83,LOW_STOCK,Nepal CMS,Ambient
2026-06-30,BATCH-004541,HOSP-LB-003,MED-071,60,ampoule,150.0,2026-05-19,2028-04-26,666,27,2.726,22.01,OK,UNICEF Supply,Ambient
2026-06-30,BATCH-004542,HOSP-LB-003,MED-072,54,vial,650.0,2026-05-31,2028-04-30,670,75,7.5,7.2,LOW_STOCK,DoDA Logistics,Ambient
2026-06-30,BATCH-004543,HOSP-LB-003,MED-072,65,vial,650.0,2024-11-03,2026-09-28,90,75,7.5,8.67,LOW_AND_NEAR_EXPIRY,Kanti Central Store,Ambient
2026-06-30,BATCH-004544,HOSP-LB-003,MED-072,64,vial,650.0,2025-09-24,2027-03-08,251,75,7.5,8.53,LOW_STOCK,Private Distributor - Kathmandu,Ambient
2026-06-30,BATCH-004545,HOSP-LB-004,MED-001,124,tablet,1.5,2026-06-17,2028-03-25,634,60,6.06,20.46,OK,Private Distributor - Kathmandu,Ambient
2026-06-30,BATCH-004546,HOSP-LB-004,MED-001,79,tablet,1.5,2025-04-04,2028-01-02,551,60,6.06,13.04,OK,Provincial Medical Store,Ambient
2026-06-30,BATCH-004547,HOSP-LB-004,MED-001,97,tablet,1.5,2026-03-31,2027-08-06,402,60,6.06,16.01,OK,Private Distributor - Kathmandu,Ambient
2026-06-30,BATCH-004548,HOSP-LB-004,MED-002,16,bottle,45.0,2025-09-08,2026-08-20,51,10,1.095,14.61,NEAR_EXPIRY,UNICEF Supply,Ambient
2026-06-30,BATCH-004549,HOSP-LB-004,MED-002,14,bottle,45.0,2026-06-12,2028-01-25,574,10,1.095,12.78,OK,UNICEF Supply,Ambient
2026-06-30,BATCH-004550,HOSP-LB-004,MED-003,16,tablet,2.5,2024-08-11,2026-12-30,183,19,1.905,8.4,LOW_STOCK,Provincial Medical Store,Ambient
2026-06-30,BATCH-004551,HOSP-LB-004,MED-003,15,tablet,2.5,2024-10-01,2026-09-02,64,19,1.905,7.87,LOW_AND_NEAR_EXPIRY,Provincial Medical Store,Ambient
2026-06-30,BATCH-004552,HOSP-LB-004,MED-004,14,ampoule,25.0,2026-06-16,2027-11-26,514,9,0.929,15.08,OK,UNICEF Supply,Ambient
2026-06-30,BATCH-004553,HOSP-LB-004,MED-004,9,ampoule,25.0,2026-06-20,2027-12-31,549,9,0.929,9.69,LOW_STOCK,Kanti Central Store,Ambient
2026-06-30,BATCH-004554,HOSP-LB-004,MED-004,15,ampoule,25.0,2026-05-27,2028-01-28,577,9,0.929,16.15,OK,Private Distributor - Kathmandu,Ambient
2026-06-30,BATCH-004555,HOSP-LB-004,MED-005,54,capsule,6.0,2026-05-19,2028-03-05,614,34,3.429,15.75,OK,Nepal CMS,Ambient
2026-06-30,BATCH-004556,HOSP-LB-004,MED-005,29,capsule,6.0,2025-04-27,2026-11-03,126,34,3.429,8.46,LOW_STOCK,UNICEF Supply,Ambient
2026-06-30,BATCH-004557,HOSP-LB-004,MED-005,41,capsule,6.0,2025-06-06,2026-07-23,23,34,3.429,11.96,NEAR_EXPIRY,UNICEF Supply,Ambient
2026-06-30,BATCH-004558,HOSP-LB-004,MED-006,9,tablet,35.0,2025-12-09,2027-02-02,217,14,1.464,6.15,LOW_STOCK,Nepal CMS,Ambient
2026-06-30,BATCH-004559,HOSP-LB-004,MED-006,6,tablet,35.0,2026-05-30,2027-04-21,295,14,1.464,4.1,LOW_STOCK,Nepal CMS,Ambient
2026-06-30,BATCH-004560,HOSP-LB-004,MED-006,17,tablet,35.0,2025-05-03,2026-09-03,65,14,1.464,11.61,NEAR_EXPIRY,DoDA Logistics,Ambient
2026-06-30,BATCH-004561,HOSP-LB-004,MED-007,11,tablet,40.0,2025-01-01,2026-08-26,57,13,1.333,8.25,LOW_AND_NEAR_EXPIRY,DoDA Logistics,Ambient
2026-06-30,BATCH-004562,HOSP-LB-004,MED-007,12,tablet,40.0,2026-02-22,2027-03-14,257,13,1.333,9.0,LOW_STOCK,BPKMCH Pharmacy Store,Ambient
2026-06-30,BATCH-004563,HOSP-LB-004,MED-008,19,tablet,8.0,2026-06-04,2028-08-29,791,17,1.786,10.64,OK,Nepal CMS,Ambient
2026-06-30,BATCH-004564,HOSP-LB-004,MED-008,31,tablet,8.0,2026-06-25,2028-12-13,897,17,1.786,17.36,OK,UNICEF Supply,Ambient
2026-06-30,BATCH-004565,HOSP-LB-004,MED-009,13,vial,85.0,2026-03-27,2027-11-02,490,11,1.131,11.49,OK,Nepal CMS,Ambient
2026-06-30,BATCH-004566,HOSP-LB-004,MED-009,17,vial,85.0,2026-05-24,2027-04-10,284,11,1.131,15.03,OK,DoDA Logistics,Ambient
2026-06-30,BATCH-004567,HOSP-LB-004,MED-009,16,vial,85.0,2026-05-22,2028-05-21,691,11,1.131,14.15,OK,Provincial Medical Store,Ambient
2026-06-30,BATCH-004568,HOSP-LB-004,MED-010,34,tablet,2.0,2025-06-04,2026-09-26,88,18,1.81,18.79,NEAR_EXPIRY,DoDA Logistics,Ambient
2026-06-30,BATCH-004569,HOSP-LB-004,MED-010,16,tablet,2.0,2026-01-12,2028-08-07,769,18,1.81,8.84,LOW_STOCK,Kanti Central Store,Ambient
2026-06-30,BATCH-004570,HOSP-LB-004,MED-010,33,tablet,2.0,2024-12-20,2026-09-01,63,18,1.81,18.24,NEAR_EXPIRY,BPKMCH Pharmacy Store,Ambient
2026-06-30,BATCH-004571,HOSP-LB-004,MED-011,89,sachet,8.0,2024-09-21,2026-07-14,14,33,3.321,26.8,NEAR_EXPIRY,Nepal CMS,Ambient
2026-06-30,BATCH-004572,HOSP-LB-004,MED-011,28,sachet,8.0,2025-05-10,2027-01-10,194,33,3.321,8.43,LOW_STOCK,Provincial Medical Store,Ambient
2026-06-30,BATCH-004573,HOSP-LB-004,MED-011,45,sachet,8.0,2024-10-09,2026-09-18,80,33,3.321,13.55,NEAR_EXPIRY,Kanti Central Store,Ambient
2026-06-30,BATCH-004574,HOSP-LB-004,MED-012,52,tablet,1.2,2025-03-27,2026-09-21,83,25,2.512,20.7,NEAR_EXPIRY,UNICEF Supply,Ambient
2026-06-30,BATCH-004575,HOSP-LB-004,MED-012,68,tablet,1.2,2025-02-24,2026-09-15,77,25,2.512,27.07,NEAR_EXPIRY,Provincial Medical Store,Ambient
2026-06-30,BATCH-004576,HOSP-LB-004,MED-013,64,bag,55.0,2025-10-07,2027-05-08,312,18,1.81,35.37,OK,DoDA Logistics,Ambient
2026-06-30,BATCH-004577,HOSP-LB-004,MED-014,113,bag,45.0,2025-09-02,2026-08-01,32,30,3.012,37.52,NEAR_EXPIRY,DoDA Logistics,Ambient
2026-06-30,BATCH-004578,HOSP-LB-004,MED-015,25,bag,48.0,2026-03-20,2027-10-09,466,17,1.762,14.19,OK,DoDA Logistics,Ambient
2026-06-30,BATCH-004579,HOSP-LB-004,MED-015,27,bag,48.0,2026-06-23,2028-03-14,623,17,1.762,15.32,OK,DoDA Logistics,Ambient
2026-06-30,BATCH-004580,HOSP-LB-004,MED-016,5,tablet,15.0,2026-05-29,2028-05-06,676,4,0.405,12.35,OK,Local Pharmacy Wholesaler,Ambient
2026-06-30,BATCH-004581,HOSP-LB-004,MED-016,3,tablet,15.0,2026-06-20,2028-04-10,650,4,0.405,7.41,LOW_STOCK,DoDA Logistics,Ambient
2026-06-30,BATCH-004582,HOSP-LB-004,MED-016,6,tablet,15.0,2026-02-06,2027-10-16,473,4,0.405,14.82,OK,Provincial Medical Store,Ambient
2026-06-30,BATCH-004583,HOSP-LB-004,MED-017,2,tablet,1.8,2026-05-03,2029-01-05,920,3,0.107,18.67,LOW_STOCK,Nepal CMS,Ambient
2026-06-30,BATCH-004584,HOSP-LB-004,MED-017,1,tablet,1.8,2024-06-09,2027-01-22,206,3,0.107,9.33,LOW_STOCK,DoDA Logistics,Ambient
2026-06-30,BATCH-004585,HOSP-LB-004,MED-017,1,tablet,1.8,2026-05-29,2029-05-15,1050,3,0.107,9.33,LOW_STOCK,UNICEF Supply,Ambient
2026-06-30,BATCH-004586,HOSP-LB-004,MED-018,7,unit,180.0,2025-12-25,2027-01-10,194,5,0.5,14.0,OK,DoDA Logistics,Ambient
2026-06-30,BATCH-004587,HOSP-LB-004,MED-018,3,unit,180.0,2026-06-12,2028-06-05,706,5,0.5,6.0,LOW_STOCK,Provincial Medical Store,Ambient
2026-06-30,BATCH-004588,HOSP-LB-004,MED-018,7,unit,180.0,2024-11-17,2026-11-06,129,5,0.5,14.0,OK,Kanti Central Store,Ambient
2026-06-30,BATCH-004589,HOSP-LB-004,MED-019,8,ampoule,30.0,2026-03-16,2027-09-30,457,10,1.083,7.38,LOW_STOCK,DoDA Logistics,Ambient
2026-06-30,BATCH-004590,HOSP-LB-004,MED-019,7,ampoule,30.0,2025-04-26,2026-07-20,20,10,1.083,6.46,LOW_AND_NEAR_EXPIRY,Kanti Central Store,Ambient
2026-06-30,BATCH-004591,HOSP-LB-004,MED-019,12,ampoule,30.0,2025-08-09,2027-04-26,300,10,1.083,11.08,OK,Kanti Central Store,Ambient
2026-06-30,BATCH-004592,HOSP-LB-004,MED-020,15,bottle,55.0,2026-05-30,2028-03-12,621,9,0.929,16.15,OK,Local Pharmacy Wholesaler,Ambient
2026-06-30,BATCH-004593,HOSP-LB-004,MED-020,12,bottle,55.0,2026-04-04,2027-10-31,488,9,0.929,12.92,OK,Provincial Medical Store,Ambient
2026-06-30,BATCH-004594,HOSP-LB-004,MED-020,15,bottle,55.0,2026-05-14,2027-07-01,366,9,0.929,16.15,OK,DoDA Logistics,Ambient
2026-06-30,BATCH-004595,HOSP-LB-004,MED-021,121,tablet,1.0,2024-11-02,2026-09-05,67,27,2.726,44.38,NEAR_EXPIRY,DoDA Logistics,Ambient
2026-06-30,BATCH-004596,HOSP-LB-004,MED-022,43,tablet,2.5,2025-03-26,2026-12-31,184,24,2.44,17.62,OK,DoDA Logistics,Ambient
2026-06-30,BATCH-004597,HOSP-LB-004,MED-022,21,tablet,2.5,2024-05-15,2027-02-05,220,24,2.44,8.6,LOW_STOCK,Local Pharmacy Wholesaler,Ambient
2026-06-30,BATCH-004598,HOSP-LB-004,MED-022,28,tablet,2.5,2026-05-22,2028-12-20,904,24,2.44,11.47,OK,Nepal CMS,Ambient
2026-06-30,BATCH-004599,HOSP-LB-004,MED-023,91,tablet,1.5,2024-01-01,2026-09-15,77,26,2.631,34.59,NEAR_EXPIRY,DoDA Logistics,Ambient
2026-06-30,BATCH-004600,HOSP-LB-004,MED-024,5,vial,450.0,2026-05-06,2027-10-24,481,3,0.345,14.48,OK,Private Distributor - Kathmandu,Cold_Chain
2026-06-30,BATCH-004601,HOSP-LB-004,MED-024,4,vial,450.0,2026-06-18,2027-04-23,297,3,0.345,11.59,OK,BPKMCH Pharmacy Store,Cold_Chain
2026-06-30,BATCH-004602,HOSP-LB-004,MED-024,7,vial,450.0,2026-05-18,2027-12-25,543,3,0.345,20.28,OK,Kanti Central Store,Cold_Chain
2026-06-30,BATCH-004603,HOSP-LB-004,MED-025,26,tablet,3.0,2026-05-29,2029-05-19,1054,14,1.44,18.05,OK,Nepal CMS,Ambient
2026-06-30,BATCH-004604,HOSP-LB-004,MED-025,23,tablet,3.0,2026-06-23,2029-01-03,918,14,1.44,15.97,OK,BPKMCH Pharmacy Store,Ambient
2026-06-30,BATCH-004605,HOSP-LB-004,MED-026,14,tablet,0.8,2026-02-05,2028-07-22,753,23,2.393,5.85,LOW_STOCK,Kanti Central Store,Ambient
2026-06-30,BATCH-004606,HOSP-LB-004,MED-026,11,tablet,0.8,2024-05-11,2026-10-10,102,23,2.393,4.6,LOW_STOCK,DoDA Logistics,Ambient
2026-06-30,BATCH-004607,HOSP-LB-004,MED-026,13,tablet,0.8,2026-01-11,2028-11-08,862,23,2.393,5.43,LOW_STOCK,DoDA Logistics,Ambient
2026-06-30,BATCH-004608,HOSP-LB-004,MED-027,52,capsule,2.0,2025-02-21,2027-01-30,214,30,3.0,17.33,OK,BPKMCH Pharmacy Store,Ambient
2026-06-30,BATCH-004609,HOSP-LB-004,MED-028,48,tablet,6.0,2026-06-26,2028-04-16,656,13,1.345,35.68,OK,UNICEF Supply,Ambient
2026-06-30,BATCH-004610,HOSP-LB-004,MED-029,24,tablet,1.5,2026-06-29,2029-04-20,1025,12,1.262,19.02,OK,UNICEF Supply,Ambient
2026-06-30,BATCH-004611,HOSP-LB-004,MED-030,7,bottle_100ml,85.0,2026-06-21,2028-10-02,825,6,0.607,11.53,OK,Provincial Medical Store,Ambient
2026-06-30,BATCH-004612,HOSP-LB-004,MED-030,19,bottle_100ml,85.0,2025-08-12,2026-10-19,111,6,0.607,31.29,OK,Local Pharmacy Wholesaler,Ambient
2026-06-30,BATCH-004613,HOSP-LB-004,MED-031,60,pair,25.0,2026-06-16,2030-12-10,1624,26,2.643,22.7,OK,Provincial Medical Store,Ambient
2026-06-30,BATCH-004614,HOSP-LB-004,MED-032,172,piece,5.0,2022-10-05,2026-07-23,23,50,5.036,34.16,NEAR_EXPIRY,DoDA Logistics,Ambient
2026-06-30,BATCH-004615,HOSP-LB-004,MED-033,9,piece,35.0,2024-07-18,2027-09-09,436,21,2.167,4.15,LOW_STOCK,Kanti Central Store,Ambient
2026-06-30,BATCH-004616,HOSP-LB-004,MED-033,23,piece,35.0,2026-05-17,2030-10-01,1554,21,2.167,10.62,OK,Local Pharmacy Wholesaler,Ambient
2026-06-30,BATCH-004617,HOSP-LB-004,MED-034,2,vial,25.0,2024-12-08,2026-07-13,13,3,0.321,6.22,LOW_AND_NEAR_EXPIRY,Kanti Central Store,Cold_Chain
2026-06-30,BATCH-004618,HOSP-LB-004,MED-034,3,vial,25.0,2026-01-25,2027-01-17,201,3,0.321,9.33,LOW_STOCK,Nepal CMS,Cold_Chain
2026-06-30,BATCH-004619,HOSP-LB-004,MED-035,4,vial,350.0,2026-06-04,2028-04-30,670,3,0.107,37.33,OK,Private Distributor - Kathmandu,Cold_Chain
2026-06-30,BATCH-004620,HOSP-LB-004,MED-036,74,tablet,0.5,2026-05-21,2028-03-31,640,25,2.583,28.65,OK,Kanti Central Store,Ambient
2026-06-30,BATCH-004621,HOSP-LB-004,MED-037,9,tablet,8.0,2026-06-26,2028-07-10,741,6,0.607,14.82,OK,DoDA Logistics,Ambient
2026-06-30,BATCH-004622,HOSP-LB-004,MED-037,11,tablet,8.0,2026-05-09,2028-09-10,803,6,0.607,18.12,OK,BPKMCH Pharmacy Store,Ambient
2026-06-30,BATCH-004623,HOSP-LB-004,MED-038,12,ampoule,12.0,2026-05-30,2028-01-26,575,5,0.512,23.44,OK,BPKMCH Pharmacy Store,Ambient
2026-06-30,BATCH-004624,HOSP-LB-004,MED-038,10,ampoule,12.0,2024-09-03,2026-07-08,8,5,0.512,19.53,NEAR_EXPIRY,Local Pharmacy Wholesaler,Ambient
2026-06-30,BATCH-004625,HOSP-LB-004,MED-039,6,ampoule,10.0,2025-03-31,2026-08-10,41,4,0.429,14.0,NEAR_EXPIRY,Kanti Central Store,Ambient
2026-06-30,BATCH-004626,HOSP-LB-004,MED-039,13,ampoule,10.0,2024-11-18,2027-02-27,242,4,0.429,30.33,OK,Kanti Central Store,Ambient
2026-06-30,BATCH-004627,HOSP-LB-004,MED-040,6,ampoule,28.0,2025-10-28,2027-11-27,515,4,0.464,12.92,OK,Kanti Central Store,Ambient
2026-06-30,BATCH-004628,HOSP-LB-004,MED-040,9,ampoule,28.0,2025-06-14,2026-09-30,92,4,0.464,19.38,OK,DoDA Logistics,Ambient
2026-06-30,BATCH-004629,HOSP-LB-004,MED-041,2,vial,180.0,2025-03-31,2026-11-01,124,3,0.131,15.27,LOW_STOCK,DoDA Logistics,Ambient
2026-06-30,BATCH-004630,HOSP-LB-004,MED-041,2,vial,180.0,2025-12-15,2027-10-18,475,3,0.131,15.27,LOW_STOCK,Provincial Medical Store,Ambient
2026-06-30,BATCH-004637,HOSP-LB-004,MED-045,2,tablet,15.0,2026-06-08,2028-03-21,630,3,0.131,15.27,LOW_STOCK,Provincial Medical Store,Ambient
2026-06-30,BATCH-004638,HOSP-LB-004,MED-045,2,tablet,15.0,2025-06-04,2026-08-28,59,3,0.131,15.27,LOW_AND_NEAR_EXPIRY,UNICEF Supply,Ambient
2026-06-30,BATCH-004639,HOSP-LB-004,MED-045,3,tablet,15.0,2026-01-08,2026-11-05,128,3,0.131,22.91,LOW_STOCK,Kanti Central Store,Ambient
2026-06-30,BATCH-004642,HOSP-LB-004,MED-047,19,sachet,6.0,2025-04-18,2027-12-31,549,19,1.988,9.56,LOW_STOCK,Provincial Medical Store,Ambient
2026-06-30,BATCH-004643,HOSP-LB-004,MED-047,26,sachet,6.0,2025-07-29,2028-03-24,633,19,1.988,13.08,OK,Nepal CMS,Ambient
2026-06-30,BATCH-004644,HOSP-LB-004,MED-048,8,bottle,65.0,2026-06-05,2027-09-28,455,4,0.476,16.8,OK,Kanti Central Store,Ambient
2026-06-30,BATCH-004645,HOSP-LB-004,MED-049,13,capsule,2.0,2026-05-05,2027-08-15,411,7,0.714,18.2,OK,DoDA Logistics,Ambient
2026-06-30,BATCH-004646,HOSP-LB-004,MED-049,17,capsule,2.0,2026-04-26,2027-02-17,232,7,0.714,23.8,OK,Nepal CMS,Ambient
2026-06-30,BATCH-004647,HOSP-LB-004,MED-050,7,vial,120.0,2025-06-18,2026-12-24,177,4,0.405,17.29,OK,DoDA Logistics,Cold_Chain
2026-06-30,BATCH-004648,HOSP-LB-004,MED-050,4,vial,120.0,2025-03-15,2026-09-01,63,4,0.405,9.88,LOW_AND_NEAR_EXPIRY,DoDA Logistics,Cold_Chain
2026-06-30,BATCH-004649,HOSP-LB-004,MED-050,10,vial,120.0,2025-11-17,2027-02-05,220,4,0.405,24.71,OK,UNICEF Supply,Cold_Chain
2026-06-30,BATCH-004650,HOSP-LB-004,MED-051,5,vial,80.0,2026-06-14,2027-10-04,461,3,0.262,19.09,OK,Kanti Central Store,Cold_Chain
2026-06-30,BATCH-004651,HOSP-LB-004,MED-051,1,vial,80.0,2026-06-08,2028-02-07,587,3,0.262,3.82,LOW_STOCK,UNICEF Supply,Cold_Chain
2026-06-30,BATCH-004652,HOSP-LB-004,MED-051,3,vial,80.0,2025-06-28,2027-04-26,300,3,0.262,11.45,LOW_STOCK,Kanti Central Store,Cold_Chain
2026-06-30,BATCH-004653,HOSP-LB-004,MED-052,8,kit,25.0,2026-03-11,2027-03-07,250,9,0.952,8.4,LOW_STOCK,BPKMCH Pharmacy Store,Ambient
2026-06-30,BATCH-004654,HOSP-LB-004,MED-052,6,kit,25.0,2025-12-08,2027-11-11,499,9,0.952,6.3,LOW_STOCK,BPKMCH Pharmacy Store,Ambient
2026-06-30,BATCH-004655,HOSP-LB-004,MED-052,13,kit,25.0,2025-08-16,2026-07-20,20,9,0.952,13.65,NEAR_EXPIRY,Nepal CMS,Ambient
2026-06-30,BATCH-004656,HOSP-LB-004,MED-053,7,ampoule,35.0,2025-10-20,2027-04-29,303,6,0.607,11.53,OK,Nepal CMS,Cold_Chain
2026-06-30,BATCH-004657,HOSP-LB-004,MED-053,8,ampoule,35.0,2025-03-31,2026-11-22,145,6,0.607,13.18,OK,Private Distributor - Kathmandu,Cold_Chain
2026-06-30,BATCH-004658,HOSP-LB-004,MED-054,5,tablet,20.0,2026-06-03,2028-05-06,676,3,0.369,13.55,OK,BPKMCH Pharmacy Store,Ambient
2026-06-30,BATCH-004659,HOSP-LB-004,MED-054,12,tablet,20.0,2026-06-20,2028-02-20,600,3,0.369,32.52,OK,Nepal CMS,Ambient
2026-06-30,BATCH-004660,HOSP-LB-004,MED-055,6,ampoule,18.0,2025-03-13,2027-12-04,522,3,0.286,21.0,OK,Private Distributor - Kathmandu,Ambient
2026-06-30,BATCH-004661,HOSP-LB-004,MED-055,5,ampoule,18.0,2026-03-29,2027-07-02,367,3,0.286,17.5,OK,Local Pharmacy Wholesaler,Ambient
2026-06-30,BATCH-004662,HOSP-LB-004,MED-056,2,ampoule,45.0,2024-06-26,2026-09-17,79,3,0.262,7.64,LOW_AND_NEAR_EXPIRY,Nepal CMS,Ambient
2026-06-30,BATCH-004663,HOSP-LB-004,MED-056,2,ampoule,45.0,2026-01-28,2028-05-03,673,3,0.262,7.64,LOW_STOCK,DoDA Logistics,Ambient
2026-06-30,BATCH-004664,HOSP-LB-004,MED-056,2,ampoule,45.0,2025-11-01,2028-01-19,568,3,0.262,7.64,LOW_STOCK,DoDA Logistics,Ambient
2026-06-30,BATCH-004665,HOSP-LB-004,MED-057,2,bottle,55.0,2026-02-01,2027-03-08,251,3,0.202,9.88,LOW_STOCK,DoDA Logistics,Ambient
2026-06-30,BATCH-004667,HOSP-LB-004,MED-057,1,bottle,55.0,2026-06-06,2027-09-25,452,3,0.202,4.94,LOW_STOCK,BPKMCH Pharmacy Store,Ambient
2026-06-30,BATCH-004668,HOSP-LB-004,MED-058,1,bottle,90.0,2025-09-30,2027-01-04,188,3,0.095,10.5,LOW_STOCK,Nepal CMS,Ambient
2026-06-30,BATCH-004670,HOSP-LB-004,MED-058,1,bottle,90.0,2025-05-01,2026-09-07,69,3,0.095,10.5,LOW_AND_NEAR_EXPIRY,UNICEF Supply,Ambient
2026-06-30,BATCH-004671,HOSP-LB-004,MED-059,4,bottle,70.0,2026-06-20,2028-04-24,664,3,0.143,28.0,OK,Nepal CMS,Ambient
2026-06-30,BATCH-004672,HOSP-LB-004,MED-060,3,vial,2500.0,2026-06-26,2027-06-26,361,3,0.143,21.0,LOW_STOCK,BPKMCH Pharmacy Store,Cold_Chain
2026-06-30,BATCH-004673,HOSP-LB-004,MED-060,2,vial,2500.0,2025-08-29,2027-02-20,235,3,0.143,14.0,LOW_STOCK,Local Pharmacy Wholesaler,Cold_Chain
2026-06-30,BATCH-004674,HOSP-LB-004,MED-060,1,vial,2500.0,2025-12-21,2027-06-27,362,3,0.143,7.0,LOW_STOCK,DoDA Logistics,Cold_Chain
2026-06-30,BATCH-004675,HOSP-LB-004,MED-061,4,ampoule,25.0,2026-06-22,2028-05-20,690,3,0.286,14.0,OK,Provincial Medical Store,Ambient
2026-06-30,BATCH-004676,HOSP-LB-004,MED-061,6,ampoule,25.0,2026-06-26,2028-05-17,687,3,0.286,21.0,OK,UNICEF Supply,Ambient
2026-06-30,BATCH-004677,HOSP-LB-004,MED-062,1,ampoule,12.0,2025-07-25,2027-04-08,282,3,0.143,7.0,LOW_STOCK,UNICEF Supply,Ambient
2026-06-30,BATCH-004679,HOSP-LB-004,MED-062,1,ampoule,12.0,2025-03-25,2026-09-18,80,3,0.143,7.0,LOW_AND_NEAR_EXPIRY,Local Pharmacy Wholesaler,Ambient
2026-06-30,BATCH-004680,HOSP-LB-004,MED-063,3,vial,850.0,2025-07-12,2027-03-28,271,3,0.119,25.2,LOW_STOCK,Kanti Central Store,Cold_Chain
2026-06-30,BATCH-004681,HOSP-LB-004,MED-063,1,vial,850.0,2025-12-17,2027-07-19,384,3,0.119,8.4,LOW_STOCK,Nepal CMS,Cold_Chain
2026-06-30,BATCH-004682,HOSP-LB-004,MED-063,1,vial,850.0,2026-04-01,2028-03-16,625,3,0.119,8.4,LOW_STOCK,BPKMCH Pharmacy Store,Cold_Chain
2026-06-30,BATCH-004683,HOSP-LB-004,MED-064,19,roll,80.0,2024-02-03,2027-07-04,369,8,0.821,23.13,OK,DoDA Logistics,Ambient
2026-06-30,BATCH-004684,HOSP-LB-004,MED-065,5,unit,0.0,2026-06-29,2026-07-17,17,3,0.262,19.09,NEAR_EXPIRY,BPKMCH Pharmacy Store,Cold_Chain
2026-06-30,BATCH-004685,HOSP-LB-004,MED-065,2,unit,0.0,2026-06-28,2026-07-27,27,3,0.262,7.64,LOW_AND_NEAR_EXPIRY,UNICEF Supply,Cold_Chain
2026-06-30,BATCH-004686,HOSP-LB-004,MED-065,3,unit,0.0,2026-05-28,2026-07-15,15,3,0.262,11.45,LOW_AND_NEAR_EXPIRY,Private Distributor - Kathmandu,Cold_Chain
2026-06-30,BATCH-004687,HOSP-LB-004,MED-066,2,unit,0.0,2026-06-29,2026-07-17,17,3,0.238,8.4,LOW_AND_NEAR_EXPIRY,Provincial Medical Store,Cold_Chain
2026-06-30,BATCH-004688,HOSP-LB-004,MED-066,4,unit,0.0,2026-06-22,2026-07-30,30,3,0.238,16.8,NEAR_EXPIRY,Local Pharmacy Wholesaler,Cold_Chain
2026-06-30,BATCH-004689,HOSP-LB-004,MED-067,12,vial,40.0,2024-08-13,2026-09-05,67,7,0.75,16.0,NEAR_EXPIRY,DoDA Logistics,Ambient
2026-06-30,BATCH-004690,HOSP-LB-004,MED-068,2,vial,180.0,2024-07-06,2026-08-26,57,3,0.131,15.27,LOW_AND_NEAR_EXPIRY,Kanti Central Store,Ambient
2026-06-30,BATCH-004691,HOSP-LB-004,MED-068,1,vial,180.0,2026-05-21,2028-09-14,807,3,0.131,7.64,LOW_STOCK,Local Pharmacy Wholesaler,Ambient
2026-06-30,BATCH-004692,HOSP-LB-004,MED-068,2,vial,180.0,2025-12-24,2028-01-01,550,3,0.131,15.27,LOW_STOCK,DoDA Logistics,Ambient
2026-06-30,BATCH-004693,HOSP-LB-004,MED-069,2,ampoule,95.0,2026-03-05,2027-10-18,475,3,0.202,9.88,LOW_STOCK,Private Distributor - Kathmandu,Ambient
2026-06-30,BATCH-004694,HOSP-LB-004,MED-069,2,ampoule,95.0,2026-06-08,2028-10-17,840,3,0.202,9.88,LOW_STOCK,UNICEF Supply,Ambient
2026-06-30,BATCH-004695,HOSP-LB-004,MED-069,3,ampoule,95.0,2026-05-27,2029-04-16,1021,3,0.202,14.82,LOW_STOCK,DoDA Logistics,Ambient
2026-06-30,BATCH-004696,HOSP-LB-004,MED-070,4,sachet,120.0,2025-05-03,2026-09-07,69,6,0.643,6.22,LOW_AND_NEAR_EXPIRY,UNICEF Supply,Ambient
2026-06-30,BATCH-004697,HOSP-LB-004,MED-070,3,sachet,120.0,2025-10-23,2027-08-05,401,6,0.643,4.67,LOW_STOCK,Kanti Central Store,Ambient
2026-06-30,BATCH-004698,HOSP-LB-004,MED-070,6,sachet,120.0,2025-11-06,2026-09-02,64,6,0.643,9.33,LOW_AND_NEAR_EXPIRY,Kanti Central Store,Ambient
2026-06-30,BATCH-004699,HOSP-LB-004,MED-071,3,ampoule,150.0,2026-06-07,2028-03-13,622,3,0.167,18.0,LOW_STOCK,DoDA Logistics,Ambient
2026-06-30,BATCH-004700,HOSP-LB-004,MED-071,4,ampoule,150.0,2026-05-30,2028-03-13,622,3,0.167,24.0,OK,Kanti Central Store,Ambient
2026-06-30,BATCH-004701,HOSP-LB-004,MED-072,6,vial,650.0,2026-04-12,2027-12-21,539,3,0.345,17.38,OK,DoDA Logistics,Ambient
2026-06-30,BATCH-004702,HOSP-LB-004,MED-072,6,vial,650.0,2026-02-03,2028-01-07,556,3,0.345,17.38,OK,Kanti Central Store,Ambient
2026-06-30,BATCH-004703,HOSP-LB-005,MED-001,8610,tablet,1.5,2026-04-01,2029-02-11,957,1815,181.583,47.42,OK,Private Distributor - Kathmandu,Ambient
2026-06-30,BATCH-004704,HOSP-LB-005,MED-002,554,bottle,45.0,2026-03-10,2027-05-31,335,513,51.345,10.79,OK,Provincial Medical Store,Ambient
2026-06-30,BATCH-004705,HOSP-LB-005,MED-002,258,bottle,45.0,2026-06-12,2028-04-24,664,513,51.345,5.02,LOW_STOCK,Kanti Central Store,Ambient
2026-06-30,BATCH-004706,HOSP-LB-005,MED-002,303,bottle,45.0,2026-01-06,2026-11-08,131,513,51.345,5.9,LOW_STOCK,UNICEF Supply,Ambient
2026-06-30,BATCH-004707,HOSP-LB-005,MED-003,1577,tablet,2.5,2025-08-13,2028-01-19,568,641,64.143,24.59,OK,DoDA Logistics,Ambient
2026-06-30,BATCH-004708,HOSP-LB-005,MED-003,1670,tablet,2.5,2026-06-17,2027-10-31,488,641,64.143,26.04,OK,Provincial Medical Store,Ambient
2026-06-30,BATCH-004709,HOSP-LB-005,MED-004,590,ampoule,25.0,2026-01-05,2027-12-18,536,274,27.44,21.5,OK,Nepal CMS,Ambient
2026-06-30,BATCH-004710,HOSP-LB-005,MED-004,537,ampoule,25.0,2025-07-29,2027-05-07,311,274,27.44,19.57,OK,Nepal CMS,Ambient
2026-06-30,BATCH-004711,HOSP-LB-005,MED-005,1160,capsule,6.0,2025-11-29,2027-10-30,487,1277,127.714,9.08,LOW_STOCK,Provincial Medical Store,Ambient
2026-06-30,BATCH-004712,HOSP-LB-005,MED-005,1286,capsule,6.0,2025-03-21,2026-10-27,119,1277,127.714,10.07,OK,UNICEF Supply,Ambient
2026-06-30,BATCH-004713,HOSP-LB-005,MED-006,435,tablet,35.0,2025-06-16,2027-06-03,338,737,73.75,5.9,LOW_STOCK,Kanti Central Store,Ambient
2026-06-30,BATCH-004714,HOSP-LB-005,MED-006,739,tablet,35.0,2025-02-21,2026-08-18,49,737,73.75,10.02,NEAR_EXPIRY,UNICEF Supply,Ambient
2026-06-30,BATCH-004715,HOSP-LB-005,MED-007,716,tablet,40.0,2026-03-20,2027-01-23,207,466,46.631,15.35,OK,Kanti Central Store,Ambient
2026-06-30,BATCH-004716,HOSP-LB-005,MED-008,973,tablet,8.0,2025-12-25,2027-04-02,276,815,81.595,11.92,OK,Local Pharmacy Wholesaler,Ambient
2026-06-30,BATCH-004717,HOSP-LB-005,MED-008,903,tablet,8.0,2024-12-17,2027-09-19,446,815,81.595,11.07,OK,UNICEF Supply,Ambient
2026-06-30,BATCH-004718,HOSP-LB-005,MED-009,1896,vial,85.0,2025-03-08,2026-07-07,7,636,63.69,29.77,NEAR_EXPIRY,Kanti Central Store,Ambient
2026-06-30,BATCH-004719,HOSP-LB-005,MED-010,675,tablet,2.0,2025-10-17,2027-01-24,208,914,91.488,7.38,LOW_STOCK,Nepal CMS,Ambient
2026-06-30,BATCH-004720,HOSP-LB-005,MED-010,1010,tablet,2.0,2024-03-17,2026-12-26,179,914,91.488,11.04,OK,Kanti Central Store,Ambient
2026-06-30,BATCH-004721,HOSP-LB-005,MED-011,2305,sachet,8.0,2025-12-28,2028-03-29,638,1687,168.714,13.66,OK,UNICEF Supply,Ambient
2026-06-30,BATCH-004722,HOSP-LB-005,MED-011,2059,sachet,8.0,2026-05-01,2028-03-11,620,1687,168.714,12.2,OK,BPKMCH Pharmacy Store,Ambient
2026-06-30,BATCH-004723,HOSP-LB-005,MED-012,898,tablet,1.2,2024-06-02,2026-09-08,70,921,92.19,9.74,LOW_AND_NEAR_EXPIRY,BPKMCH Pharmacy Store,Ambient
2026-06-30,BATCH-004724,HOSP-LB-005,MED-012,1645,tablet,1.2,2026-01-20,2028-11-06,860,921,92.19,17.84,OK,UNICEF Supply,Ambient
2026-06-30,BATCH-004725,HOSP-LB-005,MED-013,814,bag,55.0,2025-09-02,2026-10-09,101,735,73.524,11.07,OK,Kanti Central Store,Ambient
2026-06-30,BATCH-004726,HOSP-LB-005,MED-013,1242,bag,55.0,2025-07-21,2027-03-14,257,735,73.524,16.89,OK,UNICEF Supply,Ambient
2026-06-30,BATCH-004727,HOSP-LB-005,MED-014,2383,bag,45.0,2026-02-16,2027-07-20,385,856,85.69,27.81,OK,UNICEF Supply,Ambient
2026-06-30,BATCH-004728,HOSP-LB-005,MED-015,1680,bag,48.0,2026-04-21,2027-06-17,352,626,62.619,26.83,OK,Nepal CMS,Ambient
2026-06-30,BATCH-004729,HOSP-LB-005,MED-016,330,tablet,15.0,2026-02-13,2027-12-20,538,145,14.524,22.72,OK,Private Distributor - Kathmandu,Ambient
2026-06-30,BATCH-004730,HOSP-LB-005,MED-016,77,tablet,15.0,2026-05-28,2027-07-01,366,145,14.524,5.3,LOW_STOCK,Nepal CMS,Ambient
2026-06-30,BATCH-004731,HOSP-LB-005,MED-016,200,tablet,15.0,2026-05-30,2028-04-27,667,145,14.524,13.77,OK,BPKMCH Pharmacy Store,Ambient
2026-06-30,BATCH-004732,HOSP-LB-005,MED-017,208,tablet,1.8,2024-06-22,2027-05-27,331,63,6.345,32.78,OK,Provincial Medical Store,Ambient
2026-06-30,BATCH-004733,HOSP-LB-005,MED-018,498,unit,180.0,2025-11-30,2027-03-08,251,197,19.75,25.22,OK,BPKMCH Pharmacy Store,Ambient
2026-06-30,BATCH-004734,HOSP-LB-005,MED-019,443,ampoule,30.0,2026-05-20,2027-08-03,399,235,23.583,18.78,OK,BPKMCH Pharmacy Store,Ambient
2026-06-30,BATCH-004735,HOSP-LB-005,MED-019,569,ampoule,30.0,2025-03-01,2026-07-25,25,235,23.583,24.13,NEAR_EXPIRY,BPKMCH Pharmacy Store,Ambient
2026-06-30,BATCH-004736,HOSP-LB-005,MED-020,265,bottle,55.0,2026-03-08,2027-03-22,265,249,24.952,10.62,OK,Local Pharmacy Wholesaler,Ambient
2026-06-30,BATCH-004737,HOSP-LB-005,MED-020,174,bottle,55.0,2026-06-23,2027-05-25,329,249,24.952,6.97,LOW_STOCK,DoDA Logistics,Ambient
2026-06-30,BATCH-004738,HOSP-LB-005,MED-020,246,bottle,55.0,2026-06-13,2028-05-01,671,249,24.952,9.86,LOW_STOCK,DoDA Logistics,Ambient
2026-06-30,BATCH-004739,HOSP-LB-005,MED-021,1526,tablet,1.0,2025-01-05,2026-10-11,103,883,88.381,17.27,OK,DoDA Logistics,Ambient
2026-06-30,BATCH-004740,HOSP-LB-005,MED-021,1904,tablet,1.0,2026-05-31,2029-05-01,1036,883,88.381,21.54,OK,DoDA Logistics,Ambient
2026-06-30,BATCH-004741,HOSP-LB-005,MED-022,979,tablet,2.5,2026-05-27,2028-01-07,556,765,76.5,12.8,OK,BPKMCH Pharmacy Store,Ambient
2026-06-30,BATCH-004742,HOSP-LB-005,MED-022,1788,tablet,2.5,2026-06-23,2028-11-06,860,765,76.5,23.37,OK,BPKMCH Pharmacy Store,Ambient
2026-06-30,BATCH-004743,HOSP-LB-005,MED-023,1786,tablet,1.5,2025-05-14,2027-12-06,524,940,94.06,18.99,OK,BPKMCH Pharmacy Store,Ambient
2026-06-30,BATCH-004744,HOSP-LB-005,MED-023,2754,tablet,1.5,2025-02-09,2026-12-31,184,940,94.06,29.28,OK,Nepal CMS,Ambient
2026-06-30,BATCH-004745,HOSP-LB-005,MED-024,72,vial,450.0,2025-11-28,2026-10-21,113,145,14.548,4.95,LOW_STOCK,Nepal CMS,Cold_Chain
2026-06-30,BATCH-004746,HOSP-LB-005,MED-024,58,vial,450.0,2026-05-21,2028-06-16,717,145,14.548,3.99,LOW_STOCK,Nepal CMS,Cold_Chain
2026-06-30,BATCH-004747,HOSP-LB-005,MED-024,86,vial,450.0,2025-12-25,2027-08-08,404,145,14.548,5.91,LOW_STOCK,UNICEF Supply,Cold_Chain
2026-06-30,BATCH-004748,HOSP-LB-005,MED-025,389,tablet,3.0,2024-11-30,2026-08-06,37,543,54.357,7.16,LOW_AND_NEAR_EXPIRY,UNICEF Supply,Ambient
2026-06-30,BATCH-004749,HOSP-LB-005,MED-025,548,tablet,3.0,2024-10-11,2027-02-14,229,543,54.357,10.08,OK,Private Distributor - Kathmandu,Ambient
2026-06-30,BATCH-004750,HOSP-LB-005,MED-025,536,tablet,3.0,2026-06-13,2028-09-06,799,543,54.357,9.86,LOW_STOCK,BPKMCH Pharmacy Store,Ambient
2026-06-30,BATCH-004751,HOSP-LB-005,MED-026,1790,tablet,0.8,2023-08-12,2026-07-23,23,700,70.095,25.54,NEAR_EXPIRY,Local Pharmacy Wholesaler,Ambient
2026-06-30,BATCH-004752,HOSP-LB-005,MED-027,1870,capsule,2.0,2026-06-17,2029-02-28,974,1106,110.619,16.9,OK,DoDA Logistics,Ambient
2026-06-30,BATCH-004753,HOSP-LB-005,MED-027,976,capsule,2.0,2025-09-30,2028-07-15,746,1106,110.619,8.82,LOW_STOCK,Nepal CMS,Ambient
2026-06-30,BATCH-004754,HOSP-LB-005,MED-027,916,capsule,2.0,2025-11-01,2027-11-27,515,1106,110.619,8.28,LOW_STOCK,Kanti Central Store,Ambient
2026-06-30,BATCH-004755,HOSP-LB-005,MED-028,750,tablet,6.0,2026-06-23,2029-02-19,965,502,50.226,14.93,OK,BPKMCH Pharmacy Store,Ambient
2026-06-30,BATCH-004756,HOSP-LB-005,MED-028,1079,tablet,6.0,2026-06-11,2028-09-02,795,502,50.226,21.48,OK,BPKMCH Pharmacy Store,Ambient
2026-06-30,BATCH-004757,HOSP-LB-005,MED-029,297,tablet,1.5,2025-07-16,2027-01-14,198,433,43.345,6.85,LOW_STOCK,UNICEF Supply,Ambient
2026-06-30,BATCH-004758,HOSP-LB-005,MED-029,788,tablet,1.5,2026-02-16,2027-08-29,425,433,43.345,18.18,OK,BPKMCH Pharmacy Store,Ambient
2026-06-30,BATCH-004759,HOSP-LB-005,MED-030,197,bottle_100ml,85.0,2026-06-21,2028-06-03,704,239,23.988,8.21,LOW_STOCK,Private Distributor - Kathmandu,Ambient
2026-06-30,BATCH-004760,HOSP-LB-005,MED-030,420,bottle_100ml,85.0,2026-05-21,2029-04-15,1020,239,23.988,17.51,OK,Kanti Central Store,Ambient
2026-06-30,BATCH-004761,HOSP-LB-005,MED-031,1730,pair,25.0,2024-10-24,2028-01-15,564,1635,163.56,10.58,OK,Provincial Medical Store,Ambient
2026-06-30,BATCH-004762,HOSP-LB-005,MED-031,4179,pair,25.0,2024-04-01,2026-10-27,119,1635,163.56,25.55,OK,UNICEF Supply,Ambient
2026-06-30,BATCH-004763,HOSP-LB-005,MED-032,2171,piece,5.0,2026-06-27,2031-03-29,1733,2470,247.012,8.79,LOW_STOCK,Nepal CMS,Ambient
2026-06-30,BATCH-004764,HOSP-LB-005,MED-032,1604,piece,5.0,2025-09-24,2028-03-08,617,2470,247.012,6.49,LOW_STOCK,UNICEF Supply,Ambient
2026-06-30,BATCH-004765,HOSP-LB-005,MED-032,3789,piece,5.0,2025-03-24,2029-03-25,999,2470,247.012,15.34,OK,Nepal CMS,Ambient
2026-06-30,BATCH-004766,HOSP-LB-005,MED-033,1598,piece,35.0,2026-05-25,2030-05-25,1425,951,95.19,16.79,OK,UNICEF Supply,Ambient
2026-06-30,BATCH-004767,HOSP-LB-005,MED-033,804,piece,35.0,2026-06-17,2031-02-17,1693,951,95.19,8.45,LOW_STOCK,Nepal CMS,Ambient
2026-06-30,BATCH-004768,HOSP-LB-005,MED-033,1715,piece,35.0,2025-03-31,2028-08-01,763,951,95.19,18.02,OK,BPKMCH Pharmacy Store,Ambient
2026-06-30,BATCH-004769,HOSP-LB-005,MED-034,204,vial,25.0,2025-12-17,2027-04-30,304,120,12.0,17.0,OK,Provincial Medical Store,Cold_Chain
2026-06-30,BATCH-004770,HOSP-LB-005,MED-034,45,vial,25.0,2025-03-16,2027-01-07,191,120,12.0,3.75,LOW_STOCK,Nepal CMS,Cold_Chain
2026-06-30,BATCH-004771,HOSP-LB-005,MED-034,127,vial,25.0,2026-06-21,2028-05-23,693,120,12.0,10.58,OK,Local Pharmacy Wholesaler,Cold_Chain
2026-06-30,BATCH-004772,HOSP-LB-005,MED-035,135,vial,350.0,2025-10-04,2027-08-06,402,63,6.369,21.2,OK,Kanti Central Store,Cold_Chain
2026-06-30,BATCH-004773,HOSP-LB-005,MED-036,1074,tablet,0.5,2025-05-21,2027-01-12,196,867,86.774,12.38,OK,UNICEF Supply,Ambient
2026-06-30,BATCH-004774,HOSP-LB-005,MED-036,1032,tablet,0.5,2026-06-11,2028-02-19,599,867,86.774,11.89,OK,BPKMCH Pharmacy Store,Ambient
2026-06-30,BATCH-004775,HOSP-LB-005,MED-037,780,tablet,8.0,2023-12-12,2026-10-09,101,177,17.786,43.86,OK,Provincial Medical Store,Ambient
2026-06-30,BATCH-004776,HOSP-LB-005,MED-038,864,ampoule,12.0,2026-05-31,2028-03-13,622,232,23.262,37.14,OK,Kanti Central Store,Ambient
2026-06-30,BATCH-004777,HOSP-LB-005,MED-039,284,ampoule,10.0,2025-07-31,2027-05-06,310,194,19.417,14.63,OK,Private Distributor - Kathmandu,Ambient
2026-06-30,BATCH-004778,HOSP-LB-005,MED-039,270,ampoule,10.0,2026-05-28,2029-06-03,1069,194,19.417,13.91,OK,Kanti Central Store,Ambient
2026-06-30,BATCH-004779,HOSP-LB-005,MED-040,157,ampoule,28.0,2024-09-14,2026-09-04,66,176,17.667,8.89,LOW_AND_NEAR_EXPIRY,Kanti Central Store,Ambient
2026-06-30,BATCH-004780,HOSP-LB-005,MED-040,54,ampoule,28.0,2024-01-27,2026-10-12,104,176,17.667,3.06,LOW_STOCK,UNICEF Supply,Ambient
2026-06-30,BATCH-004781,HOSP-LB-005,MED-040,158,ampoule,28.0,2026-05-23,2028-05-16,686,176,17.667,8.94,LOW_STOCK,DoDA Logistics,Ambient
2026-06-30,BATCH-004782,HOSP-LB-005,MED-041,16,vial,180.0,2025-07-31,2027-02-16,231,24,2.417,6.62,LOW_STOCK,Nepal CMS,Ambient
2026-06-30,BATCH-004783,HOSP-LB-005,MED-041,30,vial,180.0,2026-05-30,2028-01-19,568,24,2.417,12.41,OK,DoDA Logistics,Ambient
2026-06-30,BATCH-004784,HOSP-LB-005,MED-042,13,vial,1200.0,2025-10-06,2027-06-06,341,12,1.286,10.11,OK,DoDA Logistics,Cold_Chain
2026-06-30,BATCH-004785,HOSP-LB-005,MED-042,8,vial,1200.0,2026-05-30,2028-01-23,572,12,1.286,6.22,LOW_STOCK,Private Distributor - Kathmandu,Cold_Chain
2026-06-30,BATCH-004786,HOSP-LB-005,MED-042,12,vial,1200.0,2025-10-31,2027-03-05,248,12,1.286,9.33,LOW_STOCK,Private Distributor - Kathmandu,Cold_Chain
2026-06-30,BATCH-004787,HOSP-LB-005,MED-043,15,vial,3500.0,2026-01-23,2027-11-19,507,8,0.821,18.26,OK,Kanti Central Store,Ambient
2026-06-30,BATCH-004788,HOSP-LB-005,MED-044,13,vial,450.0,2025-04-06,2026-09-04,66,12,1.274,10.21,NEAR_EXPIRY,BPKMCH Pharmacy Store,Ambient
2026-06-30,BATCH-004789,HOSP-LB-005,MED-044,13,vial,450.0,2026-01-12,2027-01-30,214,12,1.274,10.21,OK,Local Pharmacy Wholesaler,Ambient
2026-06-30,BATCH-004790,HOSP-LB-005,MED-045,56,tablet,15.0,2024-10-16,2026-09-28,90,45,4.56,12.28,NEAR_EXPIRY,BPKMCH Pharmacy Store,Ambient
2026-06-30,BATCH-004791,HOSP-LB-005,MED-045,65,tablet,15.0,2026-05-29,2027-09-16,443,45,4.56,14.26,OK,BPKMCH Pharmacy Store,Ambient
2026-06-30,BATCH-004792,HOSP-LB-005,MED-046,6,prefilled,4500.0,2026-01-02,2027-06-07,342,8,0.821,7.3,LOW_STOCK,Local Pharmacy Wholesaler,Cold_Chain
2026-06-30,BATCH-004793,HOSP-LB-005,MED-046,3,prefilled,4500.0,2026-03-24,2027-05-24,328,8,0.821,3.65,LOW_STOCK,Private Distributor - Kathmandu,Cold_Chain
2026-06-30,BATCH-004794,HOSP-LB-005,MED-046,4,prefilled,4500.0,2026-03-15,2027-07-26,391,8,0.821,4.87,LOW_STOCK,Nepal CMS,Cold_Chain
2026-06-30,BATCH-004795,HOSP-LB-005,MED-047,991,sachet,6.0,2025-11-29,2027-11-12,500,610,61.012,16.24,OK,DoDA Logistics,Ambient
2026-06-30,BATCH-004796,HOSP-LB-005,MED-048,1153,bottle,65.0,2026-05-18,2027-12-03,521,228,22.845,50.47,OK,Local Pharmacy Wholesaler,Ambient
2026-06-30,BATCH-004797,HOSP-LB-005,MED-049,1056,capsule,2.0,2026-06-02,2028-04-03,643,245,24.5,43.1,OK,Provincial Medical Store,Ambient
2026-06-30,BATCH-004798,HOSP-LB-005,MED-050,604,vial,120.0,2026-06-16,2028-03-01,610,177,17.75,34.03,OK,UNICEF Supply,Cold_Chain
2026-06-30,BATCH-004799,HOSP-LB-005,MED-051,133,vial,80.0,2026-06-26,2027-12-05,523,173,17.31,7.68,LOW_STOCK,Private Distributor - Kathmandu,Cold_Chain
2026-06-30,BATCH-004800,HOSP-LB-005,MED-051,151,vial,80.0,2025-12-18,2027-10-22,479,173,17.31,8.72,LOW_STOCK,Local Pharmacy Wholesaler,Cold_Chain
2026-06-30,BATCH-004801,HOSP-LB-005,MED-052,378,kit,25.0,2025-07-20,2026-09-24,86,414,41.452,9.12,LOW_AND_NEAR_EXPIRY,Kanti Central Store,Ambient
2026-06-30,BATCH-004802,HOSP-LB-005,MED-052,333,kit,25.0,2026-03-23,2028-02-16,596,414,41.452,8.03,LOW_STOCK,Local Pharmacy Wholesaler,Ambient
2026-06-30,BATCH-004803,HOSP-LB-005,MED-052,343,kit,25.0,2025-01-13,2026-12-21,174,414,41.452,8.27,LOW_STOCK,UNICEF Supply,Ambient
2026-06-30,BATCH-004804,HOSP-LB-005,MED-053,489,ampoule,35.0,2026-06-22,2028-02-13,593,284,28.44,17.19,OK,Nepal CMS,Cold_Chain
2026-06-30,BATCH-004805,HOSP-LB-005,MED-054,341,tablet,20.0,2025-06-13,2026-10-17,109,177,17.714,19.25,OK,Kanti Central Store,Ambient
2026-06-30,BATCH-004806,HOSP-LB-005,MED-055,365,ampoule,18.0,2026-06-11,2028-09-25,818,93,9.357,39.01,OK,Private Distributor - Kathmandu,Ambient
2026-06-30,BATCH-004807,HOSP-LB-005,MED-056,329,ampoule,45.0,2026-02-25,2028-04-21,661,90,9.071,36.27,OK,Kanti Central Store,Ambient
2026-06-30,BATCH-004808,HOSP-LB-005,MED-057,98,bottle,55.0,2025-02-07,2027-01-14,198,78,7.893,12.42,OK,Provincial Medical Store,Ambient
2026-06-30,BATCH-004809,HOSP-LB-005,MED-057,287,bottle,55.0,2025-08-23,2027-02-10,225,78,7.893,36.36,OK,UNICEF Supply,Ambient
2026-06-30,BATCH-004810,HOSP-LB-005,MED-058,54,bottle,90.0,2026-03-16,2027-11-01,489,47,4.714,11.45,OK,UNICEF Supply,Ambient
2026-06-30,BATCH-004811,HOSP-LB-005,MED-058,46,bottle,90.0,2026-06-12,2028-01-19,568,47,4.714,9.76,LOW_STOCK,Local Pharmacy Wholesaler,Ambient
2026-06-30,BATCH-004812,HOSP-LB-005,MED-059,106,bottle,70.0,2026-06-01,2028-05-03,673,43,4.333,24.46,OK,Kanti Central Store,Ambient
2026-06-30,BATCH-004813,HOSP-LB-005,MED-060,81,vial,2500.0,2026-03-01,2027-05-12,316,25,2.571,31.5,OK,Private Distributor - Kathmandu,Cold_Chain
2026-06-30,BATCH-004814,HOSP-LB-005,MED-061,109,ampoule,25.0,2026-02-21,2027-05-16,320,98,9.857,11.06,OK,Kanti Central Store,Ambient
2026-06-30,BATCH-004815,HOSP-LB-005,MED-061,104,ampoule,25.0,2025-03-03,2027-01-01,185,98,9.857,10.55,OK,Private Distributor - Kathmandu,Ambient
2026-06-30,BATCH-004816,HOSP-LB-005,MED-061,127,ampoule,25.0,2025-01-16,2026-11-15,138,98,9.857,12.88,OK,Provincial Medical Store,Ambient
2026-06-30,BATCH-004817,HOSP-LB-005,MED-062,103,ampoule,12.0,2026-06-29,2027-11-28,516,65,6.56,15.7,OK,Provincial Medical Store,Ambient
2026-06-30,BATCH-004818,HOSP-LB-005,MED-062,59,ampoule,12.0,2026-04-06,2028-12-19,903,65,6.56,8.99,LOW_STOCK,Local Pharmacy Wholesaler,Ambient
2026-06-30,BATCH-004819,HOSP-LB-005,MED-062,155,ampoule,12.0,2025-03-26,2027-10-20,477,65,6.56,23.63,OK,DoDA Logistics,Ambient
2026-06-30,BATCH-004820,HOSP-LB-005,MED-063,204,vial,850.0,2026-05-29,2028-04-14,654,46,4.619,44.16,OK,Provincial Medical Store,Cold_Chain
2026-06-30,BATCH-004821,HOSP-LB-005,MED-064,1202,roll,80.0,2022-11-22,2027-02-08,223,434,43.488,27.64,OK,Provincial Medical Store,Ambient
2026-06-30,BATCH-004822,HOSP-LB-005,MED-065,230,unit,0.0,2026-06-14,2026-07-07,7,61,6.143,37.44,NEAR_EXPIRY,UNICEF Supply,Cold_Chain
2026-06-30,BATCH-004823,HOSP-LB-005,MED-066,81,unit,0.0,2026-06-26,2026-07-21,21,52,5.214,15.53,NEAR_EXPIRY,DoDA Logistics,Cold_Chain
2026-06-30,BATCH-004824,HOSP-LB-005,MED-066,34,unit,0.0,2026-06-26,2026-07-13,13,52,5.214,6.52,LOW_AND_NEAR_EXPIRY,BPKMCH Pharmacy Store,Cold_Chain
2026-06-30,BATCH-004825,HOSP-LB-005,MED-066,35,unit,0.0,2026-06-19,2026-07-13,13,52,5.214,6.71,LOW_AND_NEAR_EXPIRY,Kanti Central Store,Cold_Chain
2026-06-30,BATCH-004826,HOSP-LB-005,MED-067,207,vial,40.0,2024-12-21,2027-06-05,340,245,24.595,8.42,LOW_STOCK,Local Pharmacy Wholesaler,Ambient
2026-06-30,BATCH-004827,HOSP-LB-005,MED-067,354,vial,40.0,2026-05-30,2028-11-03,857,245,24.595,14.39,OK,Kanti Central Store,Ambient
2026-06-30,BATCH-004828,HOSP-LB-005,MED-068,87,vial,180.0,2024-08-09,2026-09-12,74,69,6.964,12.49,NEAR_EXPIRY,Kanti Central Store,Ambient
2026-06-30,BATCH-004829,HOSP-LB-005,MED-068,79,vial,180.0,2025-09-26,2027-12-16,534,69,6.964,11.34,OK,UNICEF Supply,Ambient
2026-06-30,BATCH-004830,HOSP-LB-005,MED-068,180,vial,180.0,2026-06-20,2029-02-01,947,69,6.964,25.85,OK,Kanti Central Store,Ambient
2026-06-30,BATCH-004831,HOSP-LB-005,MED-069,87,ampoule,95.0,2025-12-22,2027-10-27,484,97,9.714,8.96,LOW_STOCK,Nepal CMS,Ambient
2026-06-30,BATCH-004832,HOSP-LB-005,MED-069,162,ampoule,95.0,2024-05-30,2026-10-22,114,97,9.714,16.68,OK,Kanti Central Store,Ambient
2026-06-30,BATCH-004833,HOSP-LB-005,MED-070,339,sachet,120.0,2026-06-21,2028-04-05,645,226,22.667,14.96,OK,Private Distributor - Kathmandu,Ambient
2026-06-30,BATCH-004834,HOSP-LB-005,MED-070,441,sachet,120.0,2024-10-18,2026-08-25,56,226,22.667,19.46,NEAR_EXPIRY,Private Distributor - Kathmandu,Ambient
2026-06-30,BATCH-004835,HOSP-LB-005,MED-071,305,ampoule,150.0,2026-02-23,2027-06-16,351,78,7.821,39.0,OK,BPKMCH Pharmacy Store,Ambient
2026-06-30,BATCH-004836,HOSP-LB-005,MED-072,768,vial,650.0,2026-04-24,2027-07-12,377,174,17.452,44.01,OK,BPKMCH Pharmacy Store,Ambient
2026-06-30,BATCH-004837,HOSP-KR-001,MED-001,1139,tablet,1.5,2025-04-10,2026-11-05,128,712,71.274,15.98,OK,Private Distributor - Kathmandu,Ambient
2026-06-30,BATCH-004838,HOSP-KR-001,MED-001,552,tablet,1.5,2024-10-18,2026-07-10,10,712,71.274,7.74,LOW_AND_NEAR_EXPIRY,Nepal CMS,Ambient
2026-06-30,BATCH-004839,HOSP-KR-001,MED-001,789,tablet,1.5,2026-06-26,2028-04-21,661,712,71.274,11.07,OK,Private Distributor - Kathmandu,Ambient
2026-06-30,BATCH-004840,HOSP-KR-001,MED-002,618,bottle,45.0,2025-08-02,2026-08-07,38,128,12.81,48.25,NEAR_EXPIRY,DoDA Logistics,Ambient
2026-06-30,BATCH-004841,HOSP-KR-001,MED-003,497,tablet,2.5,2026-06-01,2028-04-07,647,220,22.083,22.51,OK,Provincial Medical Store,Ambient
2026-06-30,BATCH-004842,HOSP-KR-001,MED-003,438,tablet,2.5,2025-02-10,2027-06-12,347,220,22.083,19.83,OK,Local Pharmacy Wholesaler,Ambient
2026-06-30,BATCH-004843,HOSP-KR-001,MED-004,98,ampoule,25.0,2025-10-02,2026-12-07,160,77,7.726,12.68,OK,Nepal CMS,Ambient
2026-06-30,BATCH-004844,HOSP-KR-001,MED-004,245,ampoule,25.0,2026-05-29,2027-07-14,379,77,7.726,31.71,OK,Provincial Medical Store,Ambient
2026-06-30,BATCH-004845,HOSP-KR-001,MED-005,333,capsule,6.0,2025-07-26,2027-06-17,352,272,27.238,12.23,OK,DoDA Logistics,Ambient
2026-06-30,BATCH-004846,HOSP-KR-001,MED-005,235,capsule,6.0,2025-12-23,2027-06-20,355,272,27.238,8.63,LOW_STOCK,DoDA Logistics,Ambient
2026-06-30,BATCH-004847,HOSP-KR-001,MED-005,623,capsule,6.0,2026-05-28,2027-11-22,510,272,27.238,22.87,OK,DoDA Logistics,Ambient
2026-06-30,BATCH-004848,HOSP-KR-001,MED-006,187,tablet,35.0,2026-06-07,2028-01-28,577,159,15.988,11.7,OK,BPKMCH Pharmacy Store,Ambient
2026-06-30,BATCH-004849,HOSP-KR-001,MED-006,414,tablet,35.0,2026-03-22,2027-04-28,302,159,15.988,25.89,OK,DoDA Logistics,Ambient
2026-06-30,BATCH-004850,HOSP-KR-001,MED-007,357,tablet,40.0,2026-05-01,2027-03-27,270,138,13.81,25.85,OK,Provincial Medical Store,Ambient
2026-06-30,BATCH-004851,HOSP-KR-001,MED-007,150,tablet,40.0,2025-05-14,2026-12-22,175,138,13.81,10.86,OK,BPKMCH Pharmacy Store,Ambient
2026-06-30,BATCH-004852,HOSP-KR-001,MED-007,184,tablet,40.0,2025-08-09,2027-02-14,229,138,13.81,13.32,OK,UNICEF Supply,Ambient
2026-06-30,BATCH-004853,HOSP-KR-001,MED-008,512,tablet,8.0,2026-01-30,2027-07-19,384,170,17.083,29.97,OK,Kanti Central Store,Ambient
2026-06-30,BATCH-004854,HOSP-KR-001,MED-009,455,vial,85.0,2025-05-27,2027-01-01,185,92,9.226,49.32,OK,DoDA Logistics,Ambient
2026-06-30,BATCH-004855,HOSP-KR-001,MED-010,274,tablet,2.0,2025-06-02,2027-02-14,229,187,18.762,14.6,OK,Kanti Central Store,Ambient
2026-06-30,BATCH-004856,HOSP-KR-001,MED-010,378,tablet,2.0,2025-02-06,2027-09-06,433,187,18.762,20.15,OK,Nepal CMS,Ambient
2026-06-30,BATCH-004857,HOSP-KR-001,MED-011,713,sachet,8.0,2025-05-16,2026-07-27,27,520,52.036,13.7,NEAR_EXPIRY,Kanti Central Store,Ambient
2026-06-30,BATCH-004858,HOSP-KR-001,MED-011,562,sachet,8.0,2025-12-20,2028-01-26,575,520,52.036,10.8,OK,Private Distributor - Kathmandu,Ambient
2026-06-30,BATCH-004859,HOSP-KR-001,MED-011,904,sachet,8.0,2025-11-01,2028-01-01,550,520,52.036,17.37,OK,Kanti Central Store,Ambient
2026-06-30,BATCH-004860,HOSP-KR-001,MED-012,414,tablet,1.2,2026-06-07,2029-05-17,1052,289,28.952,14.3,OK,Nepal CMS,Ambient
2026-06-30,BATCH-004861,HOSP-KR-001,MED-013,868,bag,55.0,2025-11-20,2027-10-05,462,180,18.06,48.06,OK,DoDA Logistics,Ambient
2026-06-30,BATCH-004862,HOSP-KR-001,MED-014,431,bag,45.0,2025-04-29,2026-08-01,32,299,29.976,14.38,NEAR_EXPIRY,BPKMCH Pharmacy Store,Ambient
2026-06-30,BATCH-004863,HOSP-KR-001,MED-014,605,bag,45.0,2026-06-04,2028-01-08,557,299,29.976,20.18,OK,UNICEF Supply,Ambient
2026-06-30,BATCH-004864,HOSP-KR-001,MED-015,330,bag,48.0,2026-06-12,2028-03-29,638,158,15.833,20.84,OK,Private Distributor - Kathmandu,Ambient
2026-06-30,BATCH-004865,HOSP-KR-001,MED-015,221,bag,48.0,2025-12-28,2027-07-19,384,158,15.833,13.96,OK,Private Distributor - Kathmandu,Ambient
2026-06-30,BATCH-004866,HOSP-KR-001,MED-015,246,bag,48.0,2024-08-09,2026-07-16,16,158,15.833,15.54,NEAR_EXPIRY,UNICEF Supply,Ambient
2026-06-30,BATCH-004867,HOSP-KR-001,MED-016,35,tablet,15.0,2025-09-09,2027-01-11,195,39,3.976,8.8,LOW_STOCK,Local Pharmacy Wholesaler,Ambient
2026-06-30,BATCH-004868,HOSP-KR-001,MED-016,17,tablet,15.0,2026-03-02,2027-07-27,392,39,3.976,4.28,LOW_STOCK,Nepal CMS,Ambient
2026-06-30,BATCH-004869,HOSP-KR-001,MED-016,38,tablet,15.0,2025-09-18,2027-08-09,405,39,3.976,9.56,LOW_STOCK,Provincial Medical Store,Ambient
2026-06-30,BATCH-004870,HOSP-KR-001,MED-017,45,tablet,1.8,2025-01-29,2027-12-23,541,20,2.012,22.37,OK,Kanti Central Store,Ambient
2026-06-30,BATCH-004871,HOSP-KR-001,MED-018,52,unit,180.0,2026-05-29,2028-05-20,690,57,5.786,8.99,LOW_STOCK,DoDA Logistics,Ambient
2026-06-30,BATCH-004872,HOSP-KR-001,MED-018,83,unit,180.0,2025-01-20,2026-08-31,62,57,5.786,14.35,NEAR_EXPIRY,Provincial Medical Store,Ambient
2026-06-30,BATCH-004873,HOSP-KR-001,MED-019,117,ampoule,30.0,2025-08-08,2026-10-03,95,70,7.024,16.66,OK,DoDA Logistics,Ambient
2026-06-30,BATCH-004874,HOSP-KR-001,MED-019,61,ampoule,30.0,2026-05-21,2028-03-24,633,70,7.024,8.68,LOW_STOCK,Nepal CMS,Ambient
2026-06-30,BATCH-004875,HOSP-KR-001,MED-019,117,ampoule,30.0,2025-02-03,2026-10-12,104,70,7.024,16.66,OK,BPKMCH Pharmacy Store,Ambient
2026-06-30,BATCH-004876,HOSP-KR-001,MED-020,81,bottle,55.0,2026-06-17,2027-10-19,476,67,6.798,11.92,OK,Private Distributor - Kathmandu,Ambient
2026-06-30,BATCH-004877,HOSP-KR-001,MED-020,33,bottle,55.0,2025-06-30,2026-08-13,44,67,6.798,4.85,LOW_AND_NEAR_EXPIRY,Nepal CMS,Ambient
2026-06-30,BATCH-004878,HOSP-KR-001,MED-020,46,bottle,55.0,2026-05-17,2027-09-22,449,67,6.798,6.77,LOW_STOCK,UNICEF Supply,Ambient
2026-06-30,BATCH-004879,HOSP-KR-001,MED-021,1234,tablet,1.0,2025-06-12,2026-10-19,111,242,24.202,50.99,OK,Nepal CMS,Ambient
2026-06-30,BATCH-004880,HOSP-KR-001,MED-022,159,tablet,2.5,2026-06-03,2029-03-16,990,190,19.036,8.35,LOW_STOCK,BPKMCH Pharmacy Store,Ambient
2026-06-30,BATCH-004881,HOSP-KR-001,MED-022,103,tablet,2.5,2025-10-31,2027-02-02,217,190,19.036,5.41,LOW_STOCK,Private Distributor - Kathmandu,Ambient
2026-06-30,BATCH-004882,HOSP-KR-001,MED-022,227,tablet,2.5,2026-05-24,2028-08-07,769,190,19.036,11.92,OK,Provincial Medical Store,Ambient
2026-06-30,BATCH-004883,HOSP-KR-001,MED-023,890,tablet,1.5,2026-06-26,2029-06-13,1079,320,32.095,27.73,OK,Local Pharmacy Wholesaler,Ambient
2026-06-30,BATCH-004884,HOSP-KR-001,MED-024,46,vial,450.0,2026-02-28,2027-06-25,360,41,4.167,11.04,OK,BPKMCH Pharmacy Store,Cold_Chain
2026-06-30,BATCH-004885,HOSP-KR-001,MED-024,86,vial,450.0,2025-06-29,2027-04-30,304,41,4.167,20.64,OK,Kanti Central Store,Cold_Chain
2026-06-30,BATCH-004886,HOSP-KR-001,MED-025,285,tablet,3.0,2026-06-08,2028-12-01,885,163,16.369,17.41,OK,BPKMCH Pharmacy Store,Ambient
2026-06-30,BATCH-004887,HOSP-KR-001,MED-025,318,tablet,3.0,2025-12-26,2028-12-04,888,163,16.369,19.43,OK,Kanti Central Store,Ambient
2026-06-30,BATCH-004888,HOSP-KR-001,MED-026,534,tablet,0.8,2025-08-29,2027-12-28,546,237,23.786,22.45,OK,UNICEF Supply,Ambient
2026-06-30,BATCH-004889,HOSP-KR-001,MED-026,438,tablet,0.8,2026-06-06,2028-02-10,590,237,23.786,18.41,OK,Local Pharmacy Wholesaler,Ambient
2026-06-30,BATCH-004890,HOSP-KR-001,MED-027,383,capsule,2.0,2024-08-19,2026-07-20,20,298,29.81,12.85,NEAR_EXPIRY,DoDA Logistics,Ambient
2026-06-30,BATCH-004891,HOSP-KR-001,MED-027,659,capsule,2.0,2024-12-07,2027-02-23,238,298,29.81,22.11,OK,Provincial Medical Store,Ambient
2026-06-30,BATCH-004892,HOSP-KR-001,MED-028,106,tablet,6.0,2023-09-26,2026-08-17,48,128,12.81,8.28,LOW_AND_NEAR_EXPIRY,DoDA Logistics,Ambient
2026-06-30,BATCH-004893,HOSP-KR-001,MED-028,147,tablet,6.0,2026-02-25,2027-09-04,431,128,12.81,11.48,OK,Nepal CMS,Ambient
2026-06-30,BATCH-004894,HOSP-KR-001,MED-028,168,tablet,6.0,2024-09-30,2026-08-08,39,128,12.81,13.12,NEAR_EXPIRY,DoDA Logistics,Ambient
2026-06-30,BATCH-004895,HOSP-KR-001,MED-029,439,tablet,1.5,2026-06-12,2028-07-28,759,119,11.905,36.88,OK,DoDA Logistics,Ambient
2026-06-30,BATCH-004896,HOSP-KR-001,MED-030,61,bottle_100ml,85.0,2024-05-23,2026-12-03,156,64,6.464,9.44,LOW_STOCK,Nepal CMS,Ambient
2026-06-30,BATCH-004897,HOSP-KR-001,MED-030,94,bottle_100ml,85.0,2024-09-02,2027-05-28,332,64,6.464,14.54,OK,Nepal CMS,Ambient
2026-06-30,BATCH-004898,HOSP-KR-001,MED-031,1488,pair,25.0,2024-11-15,2028-10-20,843,315,31.5,47.24,OK,Kanti Central Store,Ambient
2026-06-30,BATCH-004899,HOSP-KR-001,MED-032,1193,piece,5.0,2026-05-30,2030-01-21,1301,494,49.452,24.12,OK,DoDA Logistics,Ambient
2026-06-30,BATCH-004900,HOSP-KR-001,MED-032,495,piece,5.0,2025-08-31,2030-05-03,1403,494,49.452,10.01,OK,Nepal CMS,Ambient
2026-06-30,BATCH-004901,HOSP-KR-001,MED-032,663,piece,5.0,2026-05-28,2031-02-10,1686,494,49.452,13.41,OK,Nepal CMS,Ambient
2026-06-30,BATCH-004902,HOSP-KR-001,MED-033,907,piece,35.0,2026-06-13,2029-12-22,1271,210,21.071,43.04,OK,Local Pharmacy Wholesaler,Ambient
2026-06-30,BATCH-004903,HOSP-KR-001,MED-034,33,vial,25.0,2026-01-07,2027-08-25,421,31,3.131,10.54,OK,BPKMCH Pharmacy Store,Cold_Chain
2026-06-30,BATCH-004904,HOSP-KR-001,MED-034,24,vial,25.0,2026-06-10,2027-05-15,319,31,3.131,7.67,LOW_STOCK,Provincial Medical Store,Cold_Chain
2026-06-30,BATCH-004905,HOSP-KR-001,MED-034,58,vial,25.0,2026-04-09,2027-03-20,263,31,3.131,18.52,OK,UNICEF Supply,Cold_Chain
2026-06-30,BATCH-004906,HOSP-KR-001,MED-035,10,vial,350.0,2026-02-05,2027-09-17,444,14,1.429,7.0,LOW_STOCK,BPKMCH Pharmacy Store,Cold_Chain
2026-06-30,BATCH-004907,HOSP-KR-001,MED-035,5,vial,350.0,2026-06-18,2028-01-19,568,14,1.429,3.5,LOW_STOCK,Nepal CMS,Cold_Chain
2026-06-30,BATCH-004908,HOSP-KR-001,MED-035,8,vial,350.0,2026-05-30,2028-03-11,620,14,1.429,5.6,LOW_STOCK,Nepal CMS,Cold_Chain
2026-06-30,BATCH-004909,HOSP-KR-001,MED-036,260,tablet,0.5,2026-06-01,2027-09-29,456,282,28.214,9.22,LOW_STOCK,Provincial Medical Store,Ambient
2026-06-30,BATCH-004910,HOSP-KR-001,MED-036,360,tablet,0.5,2026-06-13,2028-01-13,562,282,28.214,12.76,OK,BPKMCH Pharmacy Store,Ambient
2026-06-30,BATCH-004911,HOSP-KR-001,MED-037,66,tablet,8.0,2026-05-22,2028-04-08,648,46,4.69,14.07,OK,Local Pharmacy Wholesaler,Ambient
2026-06-30,BATCH-004912,HOSP-KR-001,MED-038,308,ampoule,12.0,2025-12-25,2027-12-01,519,64,6.476,47.56,OK,BPKMCH Pharmacy Store,Ambient
2026-06-30,BATCH-004913,HOSP-KR-001,MED-039,83,ampoule,10.0,2026-06-12,2028-05-23,693,45,4.512,18.4,OK,DoDA Logistics,Ambient
2026-06-30,BATCH-004914,HOSP-KR-001,MED-039,52,ampoule,10.0,2026-06-21,2029-03-12,986,45,4.512,11.53,OK,UNICEF Supply,Ambient
2026-06-30,BATCH-004915,HOSP-KR-001,MED-039,55,ampoule,10.0,2026-06-01,2028-03-07,616,45,4.512,12.19,OK,Kanti Central Store,Ambient
2026-06-30,BATCH-004916,HOSP-KR-001,MED-040,125,ampoule,28.0,2025-07-29,2028-03-10,619,44,4.44,28.15,OK,UNICEF Supply,Ambient
2026-06-30,BATCH-004917,HOSP-KR-001,MED-041,13,vial,180.0,2024-11-05,2026-08-15,46,4,0.452,28.74,NEAR_EXPIRY,Private Distributor - Kathmandu,Ambient
2026-06-30,BATCH-004918,HOSP-KR-001,MED-042,3,vial,1200.0,2026-01-17,2026-12-15,168,3,0.321,9.33,LOW_STOCK,BPKMCH Pharmacy Store,Cold_Chain
2026-06-30,BATCH-004919,HOSP-KR-001,MED-042,1,vial,1200.0,2024-11-17,2026-07-28,28,3,0.321,3.11,LOW_AND_NEAR_EXPIRY,Local Pharmacy Wholesaler,Cold_Chain
2026-06-30,BATCH-004920,HOSP-KR-001,MED-042,2,vial,1200.0,2026-06-19,2027-04-05,279,3,0.321,6.22,LOW_STOCK,Nepal CMS,Cold_Chain
2026-06-30,BATCH-004921,HOSP-KR-001,MED-043,5,vial,3500.0,2025-01-29,2026-11-02,125,3,0.238,21.0,OK,BPKMCH Pharmacy Store,Ambient
2026-06-30,BATCH-004922,HOSP-KR-001,MED-044,2,vial,450.0,2025-12-14,2027-03-27,270,3,0.262,7.64,LOW_STOCK,UNICEF Supply,Ambient
2026-06-30,BATCH-004923,HOSP-KR-001,MED-044,1,vial,450.0,2025-09-28,2027-07-21,386,3,0.262,3.82,LOW_STOCK,DoDA Logistics,Ambient
2026-06-30,BATCH-004924,HOSP-KR-001,MED-044,2,vial,450.0,2026-03-24,2027-06-24,359,3,0.262,7.64,LOW_STOCK,Private Distributor - Kathmandu,Ambient
2026-06-30,BATCH-004925,HOSP-KR-001,MED-045,11,tablet,15.0,2025-07-05,2027-02-14,229,10,1.012,10.87,OK,BPKMCH Pharmacy Store,Ambient
2026-06-30,BATCH-004926,HOSP-KR-001,MED-045,32,tablet,15.0,2026-06-09,2028-02-15,595,10,1.012,31.62,OK,UNICEF Supply,Ambient
2026-06-30,BATCH-004927,HOSP-KR-001,MED-046,9,prefilled,4500.0,2026-04-01,2027-07-25,390,3,0.179,50.4,OK,Local Pharmacy Wholesaler,Cold_Chain
2026-06-30,BATCH-004928,HOSP-KR-001,MED-047,367,sachet,6.0,2026-06-25,2029-04-08,1013,204,20.44,17.95,OK,Provincial Medical Store,Ambient
2026-06-30,BATCH-004929,HOSP-KR-001,MED-047,467,sachet,6.0,2025-10-13,2027-03-31,274,204,20.44,22.85,OK,UNICEF Supply,Ambient
2026-06-30,BATCH-004930,HOSP-KR-001,MED-048,30,bottle,65.0,2026-06-16,2028-03-08,617,51,5.119,5.86,LOW_STOCK,BPKMCH Pharmacy Store,Ambient
2026-06-30,BATCH-004931,HOSP-KR-001,MED-048,13,bottle,65.0,2025-10-04,2026-10-08,100,51,5.119,2.54,LOW_STOCK,DoDA Logistics,Ambient
2026-06-30,BATCH-004932,HOSP-KR-001,MED-048,28,bottle,65.0,2025-11-09,2027-09-23,450,51,5.119,5.47,LOW_STOCK,Provincial Medical Store,Ambient
2026-06-30,BATCH-004933,HOSP-KR-001,MED-049,69,capsule,2.0,2026-06-17,2028-03-04,613,61,6.131,11.25,OK,Nepal CMS,Ambient
2026-06-30,BATCH-004934,HOSP-KR-001,MED-049,59,capsule,2.0,2026-06-13,2027-12-25,543,61,6.131,9.62,LOW_STOCK,Provincial Medical Store,Ambient
2026-06-30,BATCH-004935,HOSP-KR-001,MED-050,75,vial,120.0,2025-08-31,2027-07-03,368,47,4.75,15.79,OK,Local Pharmacy Wholesaler,Cold_Chain
2026-06-30,BATCH-004936,HOSP-KR-001,MED-050,59,vial,120.0,2026-06-29,2027-11-05,493,47,4.75,12.42,OK,UNICEF Supply,Cold_Chain
2026-06-30,BATCH-004937,HOSP-KR-001,MED-050,57,vial,120.0,2026-03-01,2027-02-03,218,47,4.75,12.0,OK,DoDA Logistics,Cold_Chain
2026-06-30,BATCH-004938,HOSP-KR-001,MED-051,185,vial,80.0,2025-04-01,2026-08-07,38,37,3.726,49.65,NEAR_EXPIRY,Nepal CMS,Cold_Chain
2026-06-30,BATCH-004939,HOSP-KR-001,MED-052,305,kit,25.0,2025-07-08,2027-04-23,297,101,10.155,30.04,OK,UNICEF Supply,Ambient
2026-06-30,BATCH-004940,HOSP-KR-001,MED-053,37,ampoule,35.0,2026-06-06,2027-12-11,529,67,6.762,5.47,LOW_STOCK,DoDA Logistics,Cold_Chain
2026-06-30,BATCH-004941,HOSP-KR-001,MED-053,76,ampoule,35.0,2026-06-04,2028-03-05,614,67,6.762,11.24,OK,UNICEF Supply,Cold_Chain
2026-06-30,BATCH-004942,HOSP-KR-001,MED-054,29,tablet,20.0,2026-06-17,2028-04-20,660,46,4.655,6.23,LOW_STOCK,Provincial Medical Store,Ambient
2026-06-30,BATCH-004943,HOSP-KR-001,MED-054,37,tablet,20.0,2026-05-24,2027-06-24,359,46,4.655,7.95,LOW_STOCK,Private Distributor - Kathmandu,Ambient
2026-06-30,BATCH-004944,HOSP-KR-001,MED-055,28,ampoule,18.0,2026-06-05,2028-11-22,876,30,3.024,9.26,LOW_STOCK,Local Pharmacy Wholesaler,Ambient
2026-06-30,BATCH-004945,HOSP-KR-001,MED-055,63,ampoule,18.0,2025-11-11,2027-06-04,339,30,3.024,20.83,OK,Kanti Central Store,Ambient
2026-06-30,BATCH-004946,HOSP-KR-001,MED-056,30,ampoule,45.0,2025-08-16,2028-01-06,555,20,2.095,14.32,OK,Kanti Central Store,Ambient
2026-06-30,BATCH-004947,HOSP-KR-001,MED-056,19,ampoule,45.0,2026-05-17,2029-01-28,943,20,2.095,9.07,LOW_STOCK,Private Distributor - Kathmandu,Ambient
2026-06-30,BATCH-004948,HOSP-KR-001,MED-056,22,ampoule,45.0,2026-06-11,2028-10-16,839,20,2.095,10.5,OK,BPKMCH Pharmacy Store,Ambient
2026-06-30,BATCH-004949,HOSP-KR-001,MED-057,15,bottle,55.0,2026-06-16,2027-04-25,299,19,1.905,7.87,LOW_STOCK,BPKMCH Pharmacy Store,Ambient
2026-06-30,BATCH-004950,HOSP-KR-001,MED-057,4,bottle,55.0,2026-05-01,2027-05-06,310,19,1.905,2.1,LOW_STOCK,Provincial Medical Store,Ambient
2026-06-30,BATCH-004951,HOSP-KR-001,MED-057,9,bottle,55.0,2025-09-25,2026-10-31,123,19,1.905,4.72,LOW_STOCK,UNICEF Supply,Ambient
2026-06-30,BATCH-004952,HOSP-KR-001,MED-058,15,bottle,90.0,2026-04-21,2027-08-14,410,13,1.357,11.05,OK,Local Pharmacy Wholesaler,Ambient
2026-06-30,BATCH-004953,HOSP-KR-001,MED-058,25,bottle,90.0,2026-02-08,2027-11-10,498,13,1.357,18.42,OK,UNICEF Supply,Ambient
2026-06-30,BATCH-004954,HOSP-KR-001,MED-059,11,bottle,70.0,2026-06-23,2028-03-17,626,10,1.06,10.38,OK,Kanti Central Store,Ambient
2026-06-30,BATCH-004955,HOSP-KR-001,MED-059,9,bottle,70.0,2025-09-26,2027-06-17,352,10,1.06,8.49,LOW_STOCK,Kanti Central Store,Ambient
2026-06-30,BATCH-004956,HOSP-KR-001,MED-059,16,bottle,70.0,2025-05-18,2026-10-29,121,10,1.06,15.1,OK,Nepal CMS,Ambient
2026-06-30,BATCH-004957,HOSP-KR-001,MED-060,14,vial,2500.0,2026-06-15,2027-10-25,482,7,0.75,18.67,OK,Nepal CMS,Cold_Chain
2026-06-30,BATCH-004958,HOSP-KR-001,MED-061,40,ampoule,25.0,2026-06-09,2027-12-24,542,23,2.321,17.23,OK,Private Distributor - Kathmandu,Ambient
2026-06-30,BATCH-004959,HOSP-KR-001,MED-061,25,ampoule,25.0,2025-08-03,2027-01-29,213,23,2.321,10.77,OK,Private Distributor - Kathmandu,Ambient
2026-06-30,BATCH-004960,HOSP-KR-001,MED-061,41,ampoule,25.0,2026-06-15,2028-04-06,646,23,2.321,17.66,OK,Local Pharmacy Wholesaler,Ambient
2026-06-30,BATCH-004961,HOSP-KR-001,MED-062,13,ampoule,12.0,2026-01-23,2027-08-25,421,12,1.25,10.4,OK,Nepal CMS,Ambient
2026-06-30,BATCH-004962,HOSP-KR-001,MED-062,12,ampoule,12.0,2026-06-09,2028-12-04,888,12,1.25,9.6,LOW_STOCK,Local Pharmacy Wholesaler,Ambient
2026-06-30,BATCH-004963,HOSP-KR-001,MED-063,31,vial,850.0,2026-06-16,2027-11-01,489,8,0.881,35.19,OK,Provincial Medical Store,Cold_Chain
2026-06-30,BATCH-004964,HOSP-KR-001,MED-064,118,roll,80.0,2024-02-25,2027-05-03,307,93,9.345,12.63,OK,Local Pharmacy Wholesaler,Ambient
2026-06-30,BATCH-004965,HOSP-KR-001,MED-064,275,roll,80.0,2023-08-14,2026-10-10,102,93,9.345,29.43,OK,Kanti Central Store,Ambient
2026-06-30,BATCH-004966,HOSP-KR-001,MED-065,64,unit,0.0,2026-06-22,2026-07-18,18,17,1.726,37.08,NEAR_EXPIRY,Nepal CMS,Cold_Chain
2026-06-30,BATCH-004967,HOSP-KR-001,MED-066,22,unit,0.0,2026-06-25,2026-07-21,21,15,1.536,14.33,NEAR_EXPIRY,DoDA Logistics,Cold_Chain
2026-06-30,BATCH-004968,HOSP-KR-001,MED-067,43,vial,40.0,2026-06-29,2029-01-03,918,56,5.667,7.59,LOW_STOCK,Nepal CMS,Ambient
2026-06-30,BATCH-004969,HOSP-KR-001,MED-067,29,vial,40.0,2026-04-05,2027-07-15,380,56,5.667,5.12,LOW_STOCK,Nepal CMS,Ambient
2026-06-30,BATCH-004970,HOSP-KR-001,MED-067,75,vial,40.0,2024-09-16,2027-01-23,207,56,5.667,13.24,OK,DoDA Logistics,Ambient
2026-06-30,BATCH-004971,HOSP-KR-001,MED-068,25,vial,180.0,2025-06-24,2028-01-24,573,10,1.06,23.6,OK,Nepal CMS,Ambient
2026-06-30,BATCH-004972,HOSP-KR-001,MED-068,8,vial,180.0,2026-05-26,2028-04-19,659,10,1.06,7.55,LOW_STOCK,Private Distributor - Kathmandu,Ambient
2026-06-30,BATCH-004973,HOSP-KR-001,MED-068,20,vial,180.0,2025-06-05,2027-03-19,262,10,1.06,18.88,OK,Provincial Medical Store,Ambient
2026-06-30,BATCH-004974,HOSP-KR-001,MED-069,12,ampoule,95.0,2026-05-20,2028-10-27,850,23,2.345,5.12,LOW_STOCK,Private Distributor - Kathmandu,Ambient
2026-06-30,BATCH-004975,HOSP-KR-001,MED-069,15,ampoule,95.0,2026-05-23,2029-01-14,929,23,2.345,6.4,LOW_STOCK,Kanti Central Store,Ambient
2026-06-30,BATCH-004976,HOSP-KR-001,MED-069,17,ampoule,95.0,2026-05-17,2028-04-04,644,23,2.345,7.25,LOW_STOCK,BPKMCH Pharmacy Store,Ambient
2026-06-30,BATCH-004977,HOSP-KR-001,MED-070,125,sachet,120.0,2025-03-22,2026-10-11,103,55,5.524,22.63,OK,Local Pharmacy Wholesaler,Ambient
2026-06-30,BATCH-004978,HOSP-KR-001,MED-070,51,sachet,120.0,2026-06-28,2027-12-07,525,55,5.524,9.23,LOW_STOCK,DoDA Logistics,Ambient
2026-06-30,BATCH-004979,HOSP-KR-001,MED-070,74,sachet,120.0,2026-06-03,2028-03-09,618,55,5.524,13.4,OK,DoDA Logistics,Ambient
2026-06-30,BATCH-004980,HOSP-KR-001,MED-071,25,ampoule,150.0,2026-06-13,2028-05-24,694,18,1.81,13.82,OK,UNICEF Supply,Ambient
2026-06-30,BATCH-004981,HOSP-KR-001,MED-072,29,vial,650.0,2025-04-15,2026-09-02,64,38,3.833,7.57,LOW_AND_NEAR_EXPIRY,Kanti Central Store,Ambient
2026-06-30,BATCH-004982,HOSP-KR-001,MED-072,36,vial,650.0,2026-02-09,2026-12-11,164,38,3.833,9.39,LOW_STOCK,Provincial Medical Store,Ambient
2026-06-30,BATCH-004983,HOSP-KR-001,MED-072,35,vial,650.0,2025-10-22,2026-12-27,180,38,3.833,9.13,LOW_STOCK,BPKMCH Pharmacy Store,Ambient
2026-06-30,BATCH-004984,HOSP-KR-003,MED-001,15,tablet,1.5,2025-09-11,2028-05-06,676,4,0.464,32.31,OK,Provincial Medical Store,Ambient
2026-06-30,BATCH-004985,HOSP-KR-003,MED-002,1,bottle,45.0,2026-06-19,2027-09-19,446,3,0.083,12.0,LOW_STOCK,Provincial Medical Store,Ambient
2026-06-30,BATCH-004986,HOSP-KR-003,MED-002,2,bottle,45.0,2026-06-09,2028-02-12,592,3,0.083,24.0,LOW_STOCK,Provincial Medical Store,Ambient
2026-06-30,BATCH-004987,HOSP-KR-003,MED-002,2,bottle,45.0,2026-06-24,2028-03-10,619,3,0.083,24.0,LOW_STOCK,Local Pharmacy Wholesaler,Ambient
2026-06-30,BATCH-004988,HOSP-KR-003,MED-003,9,tablet,2.5,2024-03-31,2027-01-14,198,3,0.274,32.87,OK,Provincial Medical Store,Ambient
2026-06-30,BATCH-004989,HOSP-KR-003,MED-003,3,tablet,2.5,2024-07-11,2027-06-20,355,3,0.274,10.96,LOW_STOCK,Local Pharmacy Wholesaler,Ambient
2026-06-30,BATCH-004990,HOSP-KR-003,MED-003,6,tablet,2.5,2024-07-05,2026-07-07,7,3,0.274,21.91,NEAR_EXPIRY,DoDA Logistics,Ambient
2026-06-30,BATCH-004992,HOSP-KR-003,MED-004,1,ampoule,25.0,2026-05-20,2028-05-25,695,3,0.048,21.0,LOW_STOCK,Kanti Central Store,Ambient
2026-06-30,BATCH-004993,HOSP-KR-003,MED-005,2,capsule,6.0,2025-04-18,2026-12-14,167,3,0.238,8.4,LOW_STOCK,Local Pharmacy Wholesaler,Ambient
2026-06-30,BATCH-004994,HOSP-KR-003,MED-005,1,capsule,6.0,2026-04-27,2027-06-02,337,3,0.238,4.2,LOW_STOCK,DoDA Logistics,Ambient
2026-06-30,BATCH-004995,HOSP-KR-003,MED-005,1,capsule,6.0,2026-05-09,2028-01-10,559,3,0.238,4.2,LOW_STOCK,Kanti Central Store,Ambient
2026-06-30,BATCH-004996,HOSP-KR-003,MED-006,3,tablet,35.0,2026-06-28,2027-12-14,532,3,0.143,21.0,LOW_STOCK,UNICEF Supply,Ambient
2026-06-30,BATCH-004997,HOSP-KR-003,MED-006,7,tablet,35.0,2026-06-10,2027-12-26,544,3,0.143,49.0,OK,UNICEF Supply,Ambient
2026-06-30,BATCH-004998,HOSP-KR-003,MED-007,2,tablet,40.0,2026-06-12,2027-12-06,524,3,0.119,16.8,LOW_STOCK,Provincial Medical Store,Ambient
2026-06-30,BATCH-004999,HOSP-KR-003,MED-007,2,tablet,40.0,2026-06-16,2028-02-18,598,3,0.119,16.8,LOW_STOCK,Nepal CMS,Ambient
2026-06-30,BATCH-005000,HOSP-KR-003,MED-007,3,tablet,40.0,2025-06-21,2026-09-13,75,3,0.119,25.2,LOW_AND_NEAR_EXPIRY,DoDA Logistics,Ambient
2026-06-30,BATCH-005001,HOSP-KR-003,MED-008,5,tablet,8.0,2025-06-15,2028-05-18,688,3,0.167,30.0,OK,Private Distributor - Kathmandu,Ambient
2026-06-30,BATCH-005002,HOSP-KR-003,MED-009,2,vial,85.0,2025-09-18,2027-08-03,399,3,0.095,21.0,LOW_STOCK,Nepal CMS,Ambient
2026-06-30,BATCH-005003,HOSP-KR-003,MED-009,1,vial,85.0,2026-06-21,2028-01-29,578,3,0.095,10.5,LOW_STOCK,Nepal CMS,Ambient
2026-06-30,BATCH-005004,HOSP-KR-003,MED-009,1,vial,85.0,2026-05-31,2028-02-25,605,3,0.095,10.5,LOW_STOCK,BPKMCH Pharmacy Store,Ambient
2026-06-30,BATCH-005005,HOSP-KR-003,MED-010,4,tablet,2.0,2026-05-25,2028-12-02,886,3,0.155,25.85,OK,Provincial Medical Store,Ambient
2026-06-30,BATCH-005006,HOSP-KR-003,MED-010,1,tablet,2.0,2025-07-21,2028-04-13,653,3,0.155,6.46,LOW_STOCK,Kanti Central Store,Ambient
2026-06-30,BATCH-005007,HOSP-KR-003,MED-010,3,tablet,2.0,2024-05-06,2026-08-03,34,3,0.155,19.38,LOW_AND_NEAR_EXPIRY,DoDA Logistics,Ambient
2026-06-30,BATCH-005008,HOSP-KR-003,MED-011,6,sachet,8.0,2026-05-21,2028-09-11,804,3,0.31,19.38,OK,DoDA Logistics,Ambient
2026-06-30,BATCH-005009,HOSP-KR-003,MED-011,15,sachet,8.0,2026-05-17,2028-08-01,763,3,0.31,48.46,OK,BPKMCH Pharmacy Store,Ambient
2026-06-30,BATCH-005010,HOSP-KR-003,MED-012,7,tablet,1.2,2025-08-19,2027-01-28,212,3,0.345,20.28,OK,Local Pharmacy Wholesaler,Ambient
2026-06-30,BATCH-005011,HOSP-KR-003,MED-012,18,tablet,1.2,2026-05-19,2028-09-11,804,3,0.345,52.14,OK,BPKMCH Pharmacy Store,Ambient
2026-06-30,BATCH-005012,HOSP-KR-003,MED-013,9,bag,55.0,2026-06-02,2027-09-10,437,3,0.226,39.79,OK,Provincial Medical Store,Ambient
2026-06-30,BATCH-005013,HOSP-KR-003,MED-014,4,bag,45.0,2026-06-21,2027-08-03,399,3,0.214,18.67,OK,Nepal CMS,Ambient
2026-06-30,BATCH-005014,HOSP-KR-003,MED-014,1,bag,45.0,2024-10-18,2026-09-01,63,3,0.214,4.67,LOW_AND_NEAR_EXPIRY,Local Pharmacy Wholesaler,Ambient
2026-06-30,BATCH-005015,HOSP-KR-003,MED-014,3,bag,45.0,2026-06-08,2028-05-03,673,3,0.214,14.0,LOW_STOCK,Kanti Central Store,Ambient
2026-06-30,BATCH-005016,HOSP-KR-003,MED-015,4,bag,48.0,2026-05-20,2027-11-23,511,3,0.167,24.0,OK,BPKMCH Pharmacy Store,Ambient
2026-06-30,BATCH-005017,HOSP-KR-003,MED-015,6,bag,48.0,2026-02-04,2027-01-22,206,3,0.167,36.0,OK,DoDA Logistics,Ambient
2026-06-30,BATCH-005022,HOSP-KR-003,MED-018,1,unit,180.0,2025-03-16,2027-01-26,210,3,0.036,28.0,LOW_STOCK,DoDA Logistics,Ambient
2026-06-30,BATCH-005023,HOSP-KR-003,MED-018,1,unit,180.0,2026-06-03,2027-12-13,531,3,0.036,28.0,LOW_STOCK,DoDA Logistics,Ambient
2026-06-30,BATCH-005024,HOSP-KR-003,MED-019,2,ampoule,30.0,2026-05-31,2027-11-29,517,3,0.048,42.0,LOW_STOCK,Private Distributor - Kathmandu,Ambient
2026-06-30,BATCH-005025,HOSP-KR-003,MED-019,1,ampoule,30.0,2026-06-09,2028-04-02,642,3,0.048,21.0,LOW_STOCK,Provincial Medical Store,Ambient
2026-06-30,BATCH-005026,HOSP-KR-003,MED-019,1,ampoule,30.0,2026-05-30,2028-01-03,552,3,0.048,21.0,LOW_STOCK,BPKMCH Pharmacy Store,Ambient
2026-06-30,BATCH-005029,HOSP-KR-003,MED-021,3,tablet,1.0,2026-02-27,2028-02-13,593,3,0.214,14.0,LOW_STOCK,UNICEF Supply,Ambient
2026-06-30,BATCH-005030,HOSP-KR-003,MED-021,3,tablet,1.0,2024-09-30,2027-06-13,348,3,0.214,14.0,LOW_STOCK,BPKMCH Pharmacy Store,Ambient
2026-06-30,BATCH-005031,HOSP-KR-003,MED-021,3,tablet,1.0,2026-06-02,2029-03-01,975,3,0.214,14.0,LOW_STOCK,DoDA Logistics,Ambient
2026-06-30,BATCH-005032,HOSP-KR-003,MED-022,7,tablet,2.5,2026-05-24,2029-02-06,952,3,0.214,32.67,OK,Provincial Medical Store,Ambient
2026-06-30,BATCH-005033,HOSP-KR-003,MED-022,9,tablet,2.5,2025-11-09,2028-10-04,827,3,0.214,42.0,OK,Nepal CMS,Ambient
2026-06-30,BATCH-005034,HOSP-KR-003,MED-023,4,tablet,1.5,2024-11-13,2026-07-08,8,3,0.19,21.0,NEAR_EXPIRY,Kanti Central Store,Ambient
2026-06-30,BATCH-005035,HOSP-KR-003,MED-023,3,tablet,1.5,2026-06-05,2029-04-19,1024,3,0.19,15.75,LOW_STOCK,Nepal CMS,Ambient
2026-06-30,BATCH-005036,HOSP-KR-003,MED-023,5,tablet,1.5,2026-05-20,2028-04-29,669,3,0.19,26.25,OK,Private Distributor - Kathmandu,Ambient
2026-06-30,BATCH-005038,HOSP-KR-003,MED-025,3,tablet,3.0,2026-01-11,2028-05-12,682,3,0.131,22.91,LOW_STOCK,Provincial Medical Store,Ambient
2026-06-30,BATCH-005039,HOSP-KR-003,MED-025,1,tablet,3.0,2026-06-14,2028-11-28,882,3,0.131,7.64,LOW_STOCK,Provincial Medical Store,Ambient
2026-06-30,BATCH-005040,HOSP-KR-003,MED-025,2,tablet,3.0,2026-06-10,2028-08-20,782,3,0.131,15.27,LOW_STOCK,Local Pharmacy Wholesaler,Ambient
2026-06-30,BATCH-005041,HOSP-KR-003,MED-026,4,tablet,0.8,2026-05-09,2028-10-21,844,3,0.226,17.68,OK,Provincial Medical Store,Ambient
2026-06-30,BATCH-005042,HOSP-KR-003,MED-026,4,tablet,0.8,2024-04-14,2026-08-25,56,3,0.226,17.68,NEAR_EXPIRY,UNICEF Supply,Ambient
2026-06-30,BATCH-005043,HOSP-KR-003,MED-027,6,capsule,2.0,2024-07-07,2026-12-25,178,3,0.321,18.67,OK,DoDA Logistics,Ambient
2026-06-30,BATCH-005044,HOSP-KR-003,MED-027,16,capsule,2.0,2026-06-20,2028-11-25,879,3,0.321,49.78,OK,UNICEF Supply,Ambient
2026-06-30,BATCH-005045,HOSP-KR-003,MED-028,1,tablet,6.0,2026-06-15,2028-09-05,798,3,0.095,10.5,LOW_STOCK,Local Pharmacy Wholesaler,Ambient
2026-06-30,BATCH-005046,HOSP-KR-003,MED-028,2,tablet,6.0,2024-10-09,2027-02-21,236,3,0.095,21.0,LOW_STOCK,Nepal CMS,Ambient
2026-06-30,BATCH-005047,HOSP-KR-003,MED-029,5,tablet,1.5,2025-07-05,2027-08-21,417,3,0.083,60.0,OK,Private Distributor - Kathmandu,Ambient
2026-06-30,BATCH-005048,HOSP-KR-003,MED-030,1,bottle_100ml,85.0,2026-06-14,2028-06-27,728,3,0.024,42.0,LOW_STOCK,UNICEF Supply,Ambient
2026-06-30,BATCH-005049,HOSP-KR-003,MED-030,1,bottle_100ml,85.0,2025-10-04,2028-09-03,796,3,0.024,42.0,LOW_STOCK,UNICEF Supply,Ambient
2026-06-30,BATCH-005050,HOSP-KR-003,MED-031,9,pair,25.0,2023-12-15,2026-09-23,85,3,0.393,22.91,NEAR_EXPIRY,Nepal CMS,Ambient
2026-06-30,BATCH-005051,HOSP-KR-003,MED-032,4,piece,5.0,2022-02-18,2026-07-31,31,3,0.226,17.68,NEAR_EXPIRY,Kanti Central Store,Ambient
2026-06-30,BATCH-005052,HOSP-KR-003,MED-032,11,piece,5.0,2026-06-20,2030-11-22,1606,3,0.226,48.63,OK,DoDA Logistics,Ambient
2026-06-30,BATCH-005053,HOSP-KR-003,MED-033,2,piece,35.0,2022-08-27,2026-09-06,68,3,0.119,16.8,LOW_AND_NEAR_EXPIRY,Private Distributor - Kathmandu,Ambient
2026-06-30,BATCH-005054,HOSP-KR-003,MED-033,1,piece,35.0,2026-06-07,2030-02-13,1324,3,0.119,8.4,LOW_STOCK,Provincial Medical Store,Ambient
2026-06-30,BATCH-005055,HOSP-KR-003,MED-033,2,piece,35.0,2025-04-20,2028-10-08,831,3,0.119,16.8,LOW_STOCK,UNICEF Supply,Ambient
2026-06-30,BATCH-005059,HOSP-KR-003,MED-036,5,tablet,0.5,2025-04-26,2027-01-21,205,3,0.19,26.25,OK,Local Pharmacy Wholesaler,Ambient
2026-06-30,BATCH-005060,HOSP-KR-003,MED-037,4,tablet,8.0,2026-05-28,2028-09-22,815,3,0.06,67.2,OK,Local Pharmacy Wholesaler,Ambient
2026-06-30,BATCH-005064,HOSP-KR-003,MED-039,1,ampoule,10.0,2026-05-30,2028-12-14,898,3,0.071,14.0,LOW_STOCK,Provincial Medical Store,Ambient
2026-06-30,BATCH-005065,HOSP-KR-003,MED-039,1,ampoule,10.0,2024-09-20,2027-04-28,302,3,0.071,14.0,LOW_STOCK,UNICEF Supply,Ambient
2026-06-30,BATCH-005081,HOSP-KR-003,MED-047,4,sachet,6.0,2025-09-24,2028-04-21,661,3,0.155,25.85,OK,UNICEF Supply,Ambient
2026-06-30,BATCH-005082,HOSP-KR-003,MED-048,2,bottle,65.0,2026-06-23,2028-03-28,637,3,0.071,28.0,LOW_STOCK,BPKMCH Pharmacy Store,Ambient
2026-06-30,BATCH-005083,HOSP-KR-003,MED-048,2,bottle,65.0,2026-06-14,2028-04-26,666,3,0.071,28.0,LOW_STOCK,Provincial Medical Store,Ambient
2026-06-30,BATCH-005084,HOSP-KR-003,MED-049,1,capsule,2.0,2025-08-01,2026-10-10,102,3,0.06,16.8,LOW_STOCK,Kanti Central Store,Ambient
2026-06-30,BATCH-005086,HOSP-KR-003,MED-049,1,capsule,2.0,2026-04-11,2027-09-05,432,3,0.06,16.8,LOW_STOCK,Provincial Medical Store,Ambient
2026-06-30,BATCH-005090,HOSP-KR-003,MED-051,2,vial,80.0,2026-06-06,2028-04-21,661,3,0.036,56.0,LOW_STOCK,UNICEF Supply,Cold_Chain
2026-06-30,BATCH-005091,HOSP-KR-003,MED-052,2,kit,25.0,2025-03-03,2026-08-20,51,3,0.071,28.0,LOW_AND_NEAR_EXPIRY,Private Distributor - Kathmandu,Ambient
2026-06-30,BATCH-005092,HOSP-KR-003,MED-052,3,kit,25.0,2026-06-10,2027-12-03,521,3,0.071,42.0,LOW_STOCK,DoDA Logistics,Ambient
2026-06-30,BATCH-005093,HOSP-KR-003,MED-053,1,ampoule,35.0,2026-05-29,2028-03-13,622,3,0.036,28.0,LOW_STOCK,DoDA Logistics,Cold_Chain
2026-06-30,BATCH-005099,HOSP-KR-003,MED-055,2,ampoule,18.0,2025-09-17,2028-05-27,697,3,0.036,56.0,LOW_STOCK,Nepal CMS,Ambient
2026-06-30,BATCH-005100,HOSP-KR-003,MED-056,1,ampoule,45.0,2025-05-15,2027-05-29,333,3,0.012,84.0,LOW_STOCK,Private Distributor - Kathmandu,Ambient
2026-06-30,BATCH-005101,HOSP-KR-003,MED-057,1,bottle,55.0,2025-04-28,2027-03-11,254,3,0.036,28.0,LOW_STOCK,Kanti Central Store,Ambient
2026-06-30,BATCH-005102,HOSP-KR-003,MED-057,1,bottle,55.0,2025-10-15,2027-02-18,233,3,0.036,28.0,LOW_STOCK,Nepal CMS,Ambient
2026-06-30,BATCH-005108,HOSP-KR-003,MED-061,1,ampoule,25.0,2026-06-22,2028-05-12,682,3,0.024,42.0,LOW_STOCK,DoDA Logistics,Ambient
2026-06-30,BATCH-005112,HOSP-KR-003,MED-063,1,vial,850.0,2025-09-06,2027-04-28,302,3,0.036,28.0,LOW_STOCK,Local Pharmacy Wholesaler,Cold_Chain
2026-06-30,BATCH-005113,HOSP-KR-003,MED-063,1,vial,850.0,2026-05-19,2028-04-13,653,3,0.036,28.0,LOW_STOCK,Private Distributor - Kathmandu,Cold_Chain
2026-06-30,BATCH-005114,HOSP-KR-003,MED-063,1,vial,850.0,2026-05-29,2028-05-01,671,3,0.036,28.0,LOW_STOCK,BPKMCH Pharmacy Store,Cold_Chain
2026-06-30,BATCH-005115,HOSP-KR-003,MED-064,1,roll,80.0,2026-05-19,2030-02-05,1316,3,0.036,28.0,LOW_STOCK,DoDA Logistics,Ambient
2026-06-30,BATCH-005117,HOSP-KR-003,MED-064,1,roll,80.0,2023-07-30,2026-09-29,91,3,0.036,28.0,LOW_STOCK,Local Pharmacy Wholesaler,Ambient
2026-06-30,BATCH-005123,HOSP-KR-003,MED-067,1,vial,40.0,2025-06-28,2026-11-23,146,3,0.048,21.0,LOW_STOCK,Provincial Medical Store,Ambient
2026-06-30,BATCH-005124,HOSP-KR-003,MED-067,1,vial,40.0,2024-07-20,2027-03-28,271,3,0.048,21.0,LOW_STOCK,UNICEF Supply,Ambient
2026-06-30,BATCH-005125,HOSP-KR-003,MED-067,1,vial,40.0,2026-06-17,2029-02-24,970,3,0.048,21.0,LOW_STOCK,Nepal CMS,Ambient
2026-06-30,BATCH-005127,HOSP-KR-003,MED-068,1,vial,180.0,2024-08-11,2027-05-31,335,3,0.012,84.0,LOW_STOCK,Private Distributor - Kathmandu,Ambient
2026-06-30,BATCH-005136,HOSP-KR-004,MED-001,43,tablet,1.5,2024-11-23,2027-08-11,407,57,5.786,7.43,LOW_STOCK,DoDA Logistics,Ambient
2026-06-30,BATCH-005137,HOSP-KR-004,MED-001,33,tablet,1.5,2024-12-21,2027-04-19,293,57,5.786,5.7,LOW_STOCK,Local Pharmacy Wholesaler,Ambient
2026-06-30,BATCH-005138,HOSP-KR-004,MED-001,56,tablet,1.5,2025-02-25,2027-09-13,440,57,5.786,9.68,LOW_STOCK,Private Distributor - Kathmandu,Ambient
2026-06-30,BATCH-005139,HOSP-KR-004,MED-002,59,bottle,45.0,2026-05-27,2028-03-16,625,13,1.31,45.05,OK,Local Pharmacy Wholesaler,Ambient
2026-06-30,BATCH-005140,HOSP-KR-004,MED-003,33,tablet,2.5,2026-05-24,2028-01-23,572,17,1.762,18.73,OK,BPKMCH Pharmacy Store,Ambient
2026-06-30,BATCH-005141,HOSP-KR-004,MED-003,40,tablet,2.5,2026-06-18,2028-09-03,796,17,1.762,22.7,OK,Nepal CMS,Ambient
2026-06-30,BATCH-005142,HOSP-KR-004,MED-004,19,ampoule,25.0,2025-01-13,2026-11-06,129,5,0.583,32.57,OK,DoDA Logistics,Ambient
2026-06-30,BATCH-005143,HOSP-KR-004,MED-005,15,capsule,6.0,2026-05-23,2027-10-22,479,31,3.131,4.79,LOW_STOCK,DoDA Logistics,Ambient
2026-06-30,BATCH-005144,HOSP-KR-004,MED-005,37,capsule,6.0,2026-06-23,2027-05-12,316,31,3.131,11.82,OK,Nepal CMS,Ambient
2026-06-30,BATCH-005145,HOSP-KR-004,MED-006,32,tablet,35.0,2024-11-18,2026-07-12,12,15,1.524,21.0,NEAR_EXPIRY,DoDA Logistics,Ambient
2026-06-30,BATCH-005146,HOSP-KR-004,MED-006,12,tablet,35.0,2026-06-10,2027-12-14,532,15,1.524,7.88,LOW_STOCK,Local Pharmacy Wholesaler,Ambient
2026-06-30,BATCH-005147,HOSP-KR-004,MED-006,21,tablet,35.0,2026-06-22,2027-10-31,488,15,1.524,13.78,OK,Local Pharmacy Wholesaler,Ambient
2026-06-30,BATCH-005148,HOSP-KR-004,MED-007,42,tablet,40.0,2025-05-08,2026-10-15,107,10,1.024,41.02,OK,Provincial Medical Store,Ambient
2026-06-30,BATCH-005149,HOSP-KR-004,MED-008,17,tablet,8.0,2026-03-24,2028-06-02,703,16,1.619,10.5,OK,Nepal CMS,Ambient
2026-06-30,BATCH-005150,HOSP-KR-004,MED-008,7,tablet,8.0,2026-01-24,2027-04-08,282,16,1.619,4.32,LOW_STOCK,Local Pharmacy Wholesaler,Ambient
2026-06-30,BATCH-005151,HOSP-KR-004,MED-008,10,tablet,8.0,2025-10-29,2028-09-09,802,16,1.619,6.18,LOW_STOCK,Local Pharmacy Wholesaler,Ambient
2026-06-30,BATCH-005152,HOSP-KR-004,MED-009,8,vial,85.0,2026-05-28,2028-05-07,677,8,0.869,9.21,LOW_STOCK,DoDA Logistics,Ambient
2026-06-30,BATCH-005153,HOSP-KR-004,MED-009,7,vial,85.0,2026-02-22,2027-01-09,193,8,0.869,8.05,LOW_STOCK,Nepal CMS,Ambient
2026-06-30,BATCH-005154,HOSP-KR-004,MED-009,9,vial,85.0,2025-03-07,2026-07-11,11,8,0.869,10.36,NEAR_EXPIRY,DoDA Logistics,Ambient
2026-06-30,BATCH-005155,HOSP-KR-004,MED-010,11,tablet,2.0,2024-01-13,2026-11-06,129,15,1.571,7.0,LOW_STOCK,Private Distributor - Kathmandu,Ambient
2026-06-30,BATCH-005156,HOSP-KR-004,MED-010,18,tablet,2.0,2026-03-16,2028-08-30,792,15,1.571,11.45,OK,Nepal CMS,Ambient
2026-06-30,BATCH-005157,HOSP-KR-004,MED-011,37,sachet,8.0,2024-02-05,2026-11-30,153,43,4.381,8.45,LOW_STOCK,Kanti Central Store,Ambient
2026-06-30,BATCH-005158,HOSP-KR-004,MED-011,87,sachet,8.0,2026-02-27,2029-01-26,941,43,4.381,19.86,OK,Kanti Central Store,Ambient
2026-06-30,BATCH-005159,HOSP-KR-004,MED-012,46,tablet,1.2,2025-08-02,2027-11-17,505,29,2.988,15.39,OK,Local Pharmacy Wholesaler,Ambient
2026-06-30,BATCH-005160,HOSP-KR-004,MED-012,23,tablet,1.2,2025-01-23,2027-05-07,311,29,2.988,7.7,LOW_STOCK,BPKMCH Pharmacy Store,Ambient
2026-06-30,BATCH-005161,HOSP-KR-004,MED-012,29,tablet,1.2,2025-03-31,2027-01-31,215,29,2.988,9.71,LOW_STOCK,BPKMCH Pharmacy Store,Ambient
2026-06-30,BATCH-005162,HOSP-KR-004,MED-013,59,bag,55.0,2025-10-14,2026-09-21,83,12,1.262,46.75,NEAR_EXPIRY,Nepal CMS,Ambient
2026-06-30,BATCH-005163,HOSP-KR-004,MED-014,34,bag,45.0,2026-06-14,2027-07-27,392,27,2.702,12.58,OK,Provincial Medical Store,Ambient
2026-06-30,BATCH-005164,HOSP-KR-004,MED-014,17,bag,45.0,2025-11-14,2027-03-17,260,27,2.702,6.29,LOW_STOCK,UNICEF Supply,Ambient
2026-06-30,BATCH-005165,HOSP-KR-004,MED-014,25,bag,45.0,2026-06-19,2028-02-17,597,27,2.702,9.25,LOW_STOCK,BPKMCH Pharmacy Store,Ambient
2026-06-30,BATCH-005166,HOSP-KR-004,MED-015,7,bag,48.0,2025-12-14,2027-06-03,338,13,1.369,5.11,LOW_STOCK,Nepal CMS,Ambient
2026-06-30,BATCH-005167,HOSP-KR-004,MED-015,13,bag,48.0,2026-06-15,2028-04-19,659,13,1.369,9.5,LOW_STOCK,BPKMCH Pharmacy Store,Ambient
2026-06-30,BATCH-005168,HOSP-KR-004,MED-016,3,tablet,15.0,2026-01-17,2027-05-18,322,4,0.464,6.46,LOW_STOCK,Provincial Medical Store,Ambient
2026-06-30,BATCH-005169,HOSP-KR-004,MED-016,3,tablet,15.0,2025-06-23,2027-02-03,218,4,0.464,6.46,LOW_STOCK,Kanti Central Store,Ambient
2026-06-30,BATCH-005170,HOSP-KR-004,MED-016,5,tablet,15.0,2025-09-04,2027-01-29,213,4,0.464,10.77,OK,UNICEF Supply,Ambient
2026-06-30,BATCH-005171,HOSP-KR-004,MED-017,14,tablet,1.8,2024-08-31,2027-06-13,348,3,0.321,43.56,OK,BPKMCH Pharmacy Store,Ambient
2026-06-30,BATCH-005172,HOSP-KR-004,MED-018,5,unit,180.0,2025-07-21,2027-01-17,201,4,0.464,10.77,OK,Private Distributor - Kathmandu,Ambient
2026-06-30,BATCH-005173,HOSP-KR-004,MED-018,9,unit,180.0,2025-09-19,2026-11-08,131,4,0.464,19.38,OK,UNICEF Supply,Ambient
2026-06-30,BATCH-005174,HOSP-KR-004,MED-019,15,ampoule,30.0,2026-01-22,2027-07-31,396,5,0.595,25.2,OK,Kanti Central Store,Ambient
2026-06-30,BATCH-005175,HOSP-KR-004,MED-020,6,bottle,55.0,2025-06-14,2027-01-04,188,6,0.667,9.0,LOW_STOCK,Nepal CMS,Ambient
2026-06-30,BATCH-005176,HOSP-KR-004,MED-020,5,bottle,55.0,2025-07-09,2027-02-12,227,6,0.667,7.5,LOW_STOCK,Local Pharmacy Wholesaler,Ambient
2026-06-30,BATCH-005177,HOSP-KR-004,MED-021,23,tablet,1.0,2025-12-12,2027-06-23,358,19,1.917,12.0,OK,Local Pharmacy Wholesaler,Ambient
2026-06-30,BATCH-005178,HOSP-KR-004,MED-021,43,tablet,1.0,2026-05-30,2029-02-07,953,19,1.917,22.43,OK,Provincial Medical Store,Ambient
2026-06-30,BATCH-005179,HOSP-KR-004,MED-022,20,tablet,2.5,2026-05-24,2029-05-11,1046,16,1.619,12.35,OK,Nepal CMS,Ambient
2026-06-30,BATCH-005180,HOSP-KR-004,MED-022,10,tablet,2.5,2026-06-02,2028-06-15,716,16,1.619,6.18,LOW_STOCK,BPKMCH Pharmacy Store,Ambient
2026-06-30,BATCH-005181,HOSP-KR-004,MED-022,12,tablet,2.5,2024-09-28,2026-09-25,87,16,1.619,7.41,LOW_AND_NEAR_EXPIRY,BPKMCH Pharmacy Store,Ambient
2026-06-30,BATCH-005182,HOSP-KR-004,MED-023,21,tablet,1.5,2024-05-27,2026-10-28,120,23,2.31,9.09,LOW_STOCK,Private Distributor - Kathmandu,Ambient
2026-06-30,BATCH-005183,HOSP-KR-004,MED-023,6,tablet,1.5,2024-08-01,2027-05-03,307,23,2.31,2.6,LOW_STOCK,BPKMCH Pharmacy Store,Ambient
2026-06-30,BATCH-005184,HOSP-KR-004,MED-023,12,tablet,1.5,2024-02-05,2026-07-14,14,23,2.31,5.2,LOW_AND_NEAR_EXPIRY,DoDA Logistics,Ambient
2026-06-30,BATCH-005185,HOSP-KR-004,MED-024,3,vial,450.0,2026-01-08,2027-08-19,415,3,0.369,8.13,LOW_STOCK,BPKMCH Pharmacy Store,Cold_Chain
2026-06-30,BATCH-005186,HOSP-KR-004,MED-024,5,vial,450.0,2025-11-30,2026-09-22,84,3,0.369,13.55,NEAR_EXPIRY,Local Pharmacy Wholesaler,Cold_Chain
2026-06-30,BATCH-005187,HOSP-KR-004,MED-025,11,tablet,3.0,2026-05-06,2028-12-08,892,13,1.333,8.25,LOW_STOCK,BPKMCH Pharmacy Store,Ambient
2026-06-30,BATCH-005188,HOSP-KR-004,MED-025,24,tablet,3.0,2026-04-25,2027-10-29,486,13,1.333,18.0,OK,Kanti Central Store,Ambient
2026-06-30,BATCH-005189,HOSP-KR-004,MED-026,62,tablet,0.8,2025-05-27,2027-01-09,193,20,2.012,30.82,OK,Nepal CMS,Ambient
2026-06-30,BATCH-005190,HOSP-KR-004,MED-027,40,capsule,2.0,2024-01-31,2026-07-13,13,26,2.607,15.34,NEAR_EXPIRY,Local Pharmacy Wholesaler,Ambient
2026-06-30,BATCH-005191,HOSP-KR-004,MED-027,28,capsule,2.0,2026-06-22,2029-04-14,1019,26,2.607,10.74,OK,Provincial Medical Store,Ambient
2026-06-30,BATCH-005192,HOSP-KR-004,MED-027,60,capsule,2.0,2024-01-24,2026-12-24,177,26,2.607,23.01,OK,Kanti Central Store,Ambient
2026-06-30,BATCH-005193,HOSP-KR-004,MED-028,20,tablet,6.0,2025-10-25,2028-09-01,794,11,1.179,16.97,OK,Local Pharmacy Wholesaler,Ambient
2026-06-30,BATCH-005194,HOSP-KR-004,MED-029,44,tablet,1.5,2024-02-06,2026-09-16,78,9,0.952,46.2,NEAR_EXPIRY,Nepal CMS,Ambient
2026-06-30,BATCH-005195,HOSP-KR-004,MED-030,14,bottle_100ml,85.0,2026-06-24,2028-04-02,642,5,0.524,26.73,OK,Provincial Medical Store,Ambient
2026-06-30,BATCH-005196,HOSP-KR-004,MED-031,33,pair,25.0,2026-06-12,2029-10-19,1207,29,2.905,11.36,OK,Kanti Central Store,Ambient
2026-06-30,BATCH-005197,HOSP-KR-004,MED-031,47,pair,25.0,2026-05-24,2030-05-31,1431,29,2.905,16.18,OK,UNICEF Supply,Ambient
2026-06-30,BATCH-005198,HOSP-KR-004,MED-031,42,pair,25.0,2024-09-26,2028-03-08,617,29,2.905,14.46,OK,UNICEF Supply,Ambient
2026-06-30,BATCH-005199,HOSP-KR-004,MED-032,180,piece,5.0,2025-11-18,2027-11-26,514,42,4.274,42.12,OK,Kanti Central Store,Ambient
2026-06-30,BATCH-005200,HOSP-KR-004,MED-033,21,piece,35.0,2024-12-27,2028-04-20,660,17,1.714,12.25,OK,UNICEF Supply,Ambient
2026-06-30,BATCH-005201,HOSP-KR-004,MED-033,8,piece,35.0,2026-04-03,2030-12-06,1620,17,1.714,4.67,LOW_STOCK,Kanti Central Store,Ambient
2026-06-30,BATCH-005202,HOSP-KR-004,MED-033,16,piece,35.0,2026-06-17,2029-05-19,1054,17,1.714,9.33,LOW_STOCK,Nepal CMS,Ambient
2026-06-30,BATCH-005203,HOSP-KR-004,MED-034,9,vial,25.0,2025-05-14,2026-07-16,16,3,0.31,29.08,NEAR_EXPIRY,BPKMCH Pharmacy Store,Cold_Chain
2026-06-30,BATCH-005204,HOSP-KR-004,MED-035,1,vial,350.0,2026-03-10,2027-12-07,525,3,0.107,9.33,LOW_STOCK,Local Pharmacy Wholesaler,Cold_Chain
2026-06-30,BATCH-005207,HOSP-KR-004,MED-036,65,tablet,0.5,2025-08-03,2027-01-31,215,24,2.405,27.03,OK,Nepal CMS,Ambient
2026-06-30,BATCH-005208,HOSP-KR-004,MED-037,15,tablet,8.0,2026-06-02,2028-10-21,844,3,0.393,38.18,OK,Kanti Central Store,Ambient
2026-06-30,BATCH-005209,HOSP-KR-004,MED-038,5,ampoule,12.0,2025-07-22,2026-07-18,18,5,0.571,8.75,LOW_AND_NEAR_EXPIRY,Provincial Medical Store,Ambient
2026-06-30,BATCH-005210,HOSP-KR-004,MED-038,7,ampoule,12.0,2026-01-06,2027-05-09,313,5,0.571,12.25,OK,Local Pharmacy Wholesaler,Ambient
2026-06-30,BATCH-005211,HOSP-KR-004,MED-038,7,ampoule,12.0,2025-03-25,2026-10-12,104,5,0.571,12.25,OK,Private Distributor - Kathmandu,Ambient
2026-06-30,BATCH-005212,HOSP-KR-004,MED-039,5,ampoule,10.0,2025-02-09,2026-08-11,42,4,0.488,10.24,NEAR_EXPIRY,UNICEF Supply,Ambient
2026-06-30,BATCH-005213,HOSP-KR-004,MED-039,3,ampoule,10.0,2026-06-07,2028-08-06,768,4,0.488,6.15,LOW_STOCK,DoDA Logistics,Ambient
2026-06-30,BATCH-005214,HOSP-KR-004,MED-039,5,ampoule,10.0,2024-11-05,2026-11-28,151,4,0.488,10.24,OK,Provincial Medical Store,Ambient
2026-06-30,BATCH-005215,HOSP-KR-004,MED-040,5,ampoule,28.0,2024-12-20,2026-07-24,24,4,0.452,11.05,NEAR_EXPIRY,BPKMCH Pharmacy Store,Ambient
2026-06-30,BATCH-005216,HOSP-KR-004,MED-040,11,ampoule,28.0,2025-03-19,2027-01-27,211,4,0.452,24.32,OK,Provincial Medical Store,Ambient
2026-06-30,BATCH-005217,HOSP-KR-004,MED-041,1,vial,180.0,2026-03-03,2027-03-19,262,3,0.06,16.8,LOW_STOCK,Local Pharmacy Wholesaler,Ambient
2026-06-30,BATCH-005218,HOSP-KR-004,MED-041,1,vial,180.0,2026-04-18,2027-07-22,387,3,0.06,16.8,LOW_STOCK,Provincial Medical Store,Ambient
2026-06-30,BATCH-005219,HOSP-KR-004,MED-042,2,vial,1200.0,2025-03-03,2026-08-02,33,3,0.048,42.0,LOW_AND_NEAR_EXPIRY,Private Distributor - Kathmandu,Cold_Chain
2026-06-30,BATCH-005220,HOSP-KR-004,MED-043,1,vial,3500.0,2026-05-25,2027-09-03,430,3,0.012,84.0,LOW_STOCK,Local Pharmacy Wholesaler,Ambient
2026-06-30,BATCH-005224,HOSP-KR-004,MED-045,4,tablet,15.0,2026-05-30,2027-09-09,436,3,0.119,33.6,OK,Provincial Medical Store,Ambient
2026-06-30,BATCH-005228,HOSP-KR-004,MED-047,23,sachet,6.0,2026-06-20,2029-03-25,999,16,1.607,14.31,OK,DoDA Logistics,Ambient
2026-06-30,BATCH-005229,HOSP-KR-004,MED-048,21,bottle,65.0,2025-01-25,2026-10-16,108,7,0.798,26.33,OK,UNICEF Supply,Ambient
2026-06-30,BATCH-005230,HOSP-KR-004,MED-048,9,bottle,65.0,2024-09-26,2026-07-29,29,7,0.798,11.28,NEAR_EXPIRY,UNICEF Supply,Ambient
2026-06-30,BATCH-005231,HOSP-KR-004,MED-048,11,bottle,65.0,2026-06-22,2027-11-14,502,7,0.798,13.79,OK,Nepal CMS,Ambient
2026-06-30,BATCH-005232,HOSP-KR-004,MED-049,6,capsule,2.0,2025-02-08,2026-08-12,43,5,0.571,10.5,NEAR_EXPIRY,Kanti Central Store,Ambient
2026-06-30,BATCH-005233,HOSP-KR-004,MED-049,12,capsule,2.0,2026-03-09,2027-05-26,330,5,0.571,21.0,OK,BPKMCH Pharmacy Store,Ambient
2026-06-30,BATCH-005234,HOSP-KR-004,MED-050,12,vial,120.0,2026-02-10,2027-10-05,462,5,0.524,22.91,OK,Kanti Central Store,Cold_Chain
2026-06-30,BATCH-005235,HOSP-KR-004,MED-050,4,vial,120.0,2025-07-24,2027-05-19,323,5,0.524,7.64,LOW_STOCK,UNICEF Supply,Cold_Chain
2026-06-30,BATCH-005236,HOSP-KR-004,MED-050,8,vial,120.0,2026-05-17,2028-04-07,647,5,0.524,15.27,OK,Private Distributor - Kathmandu,Cold_Chain
2026-06-30,BATCH-005237,HOSP-KR-004,MED-051,12,vial,80.0,2025-04-30,2027-04-19,293,3,0.381,31.5,OK,Provincial Medical Store,Cold_Chain
2026-06-30,BATCH-005238,HOSP-KR-004,MED-052,7,kit,25.0,2025-05-05,2026-10-23,115,6,0.679,10.32,OK,Private Distributor - Kathmandu,Ambient
2026-06-30,BATCH-005239,HOSP-KR-004,MED-052,5,kit,25.0,2025-09-18,2026-11-08,131,6,0.679,7.37,LOW_STOCK,BPKMCH Pharmacy Store,Ambient
2026-06-30,BATCH-005240,HOSP-KR-004,MED-052,7,kit,25.0,2025-03-09,2026-09-14,76,6,0.679,10.32,NEAR_EXPIRY,DoDA Logistics,Ambient
2026-06-30,BATCH-005241,HOSP-KR-004,MED-053,7,ampoule,35.0,2025-12-26,2026-12-16,169,7,0.762,9.19,LOW_STOCK,UNICEF Supply,Cold_Chain
2026-06-30,BATCH-005242,HOSP-KR-004,MED-053,12,ampoule,35.0,2026-02-25,2027-04-16,290,7,0.762,15.75,OK,Local Pharmacy Wholesaler,Cold_Chain
2026-06-30,BATCH-005243,HOSP-KR-004,MED-054,11,tablet,20.0,2025-12-14,2026-12-03,156,3,0.238,46.2,OK,DoDA Logistics,Ambient
2026-06-30,BATCH-005244,HOSP-KR-004,MED-055,4,ampoule,18.0,2025-01-27,2026-09-25,87,3,0.262,15.27,NEAR_EXPIRY,Local Pharmacy Wholesaler,Ambient
2026-06-30,BATCH-005245,HOSP-KR-004,MED-055,2,ampoule,18.0,2024-07-29,2026-12-06,159,3,0.262,7.64,LOW_STOCK,BPKMCH Pharmacy Store,Ambient
2026-06-30,BATCH-005246,HOSP-KR-004,MED-055,7,ampoule,18.0,2026-06-16,2028-11-02,856,3,0.262,26.73,OK,BPKMCH Pharmacy Store,Ambient
2026-06-30,BATCH-005247,HOSP-KR-004,MED-056,8,ampoule,45.0,2024-12-16,2026-07-15,15,3,0.179,44.8,NEAR_EXPIRY,Nepal CMS,Ambient
2026-06-30,BATCH-005248,HOSP-KR-004,MED-057,2,bottle,55.0,2026-02-27,2027-06-17,352,3,0.131,15.27,LOW_STOCK,Local Pharmacy Wholesaler,Ambient
2026-06-30,BATCH-005249,HOSP-KR-004,MED-057,1,bottle,55.0,2025-06-20,2026-11-06,129,3,0.131,7.64,LOW_STOCK,BPKMCH Pharmacy Store,Ambient
2026-06-30,BATCH-005250,HOSP-KR-004,MED-057,1,bottle,55.0,2026-06-18,2028-05-11,681,3,0.131,7.64,LOW_STOCK,Private Distributor - Kathmandu,Ambient
2026-06-30,BATCH-005252,HOSP-KR-004,MED-058,1,bottle,90.0,2026-06-19,2028-02-19,599,3,0.071,14.0,LOW_STOCK,BPKMCH Pharmacy Store,Ambient
2026-06-30,BATCH-005253,HOSP-KR-004,MED-059,1,bottle,70.0,2025-04-13,2026-08-04,35,3,0.048,21.0,LOW_AND_NEAR_EXPIRY,BPKMCH Pharmacy Store,Ambient
2026-06-30,BATCH-005256,HOSP-KR-004,MED-060,4,vial,2500.0,2025-08-16,2027-07-30,395,3,0.083,48.0,OK,BPKMCH Pharmacy Store,Cold_Chain
2026-06-30,BATCH-005257,HOSP-KR-004,MED-061,5,ampoule,25.0,2025-11-10,2027-03-14,257,3,0.143,35.0,OK,DoDA Logistics,Ambient
2026-06-30,BATCH-005258,HOSP-KR-004,MED-062,4,ampoule,12.0,2025-11-29,2027-10-28,485,3,0.167,24.0,OK,Local Pharmacy Wholesaler,Ambient
2026-06-30,BATCH-005259,HOSP-KR-004,MED-063,3,vial,850.0,2025-07-21,2026-10-18,110,3,0.167,18.0,LOW_STOCK,BPKMCH Pharmacy Store,Cold_Chain
2026-06-30,BATCH-005260,HOSP-KR-004,MED-063,1,vial,850.0,2026-05-21,2028-01-14,563,3,0.167,6.0,LOW_STOCK,Kanti Central Store,Cold_Chain
2026-06-30,BATCH-005261,HOSP-KR-004,MED-063,1,vial,850.0,2026-04-26,2027-04-06,280,3,0.167,6.0,LOW_STOCK,Nepal CMS,Cold_Chain
2026-06-30,BATCH-005262,HOSP-KR-004,MED-064,22,roll,80.0,2026-05-25,2030-10-16,1569,10,1.06,20.76,OK,BPKMCH Pharmacy Store,Ambient
2026-06-30,BATCH-005263,HOSP-KR-004,MED-064,25,roll,80.0,2026-06-17,2030-07-05,1466,10,1.06,23.6,OK,Provincial Medical Store,Ambient
2026-06-30,BATCH-005264,HOSP-KR-004,MED-065,2,unit,0.0,2026-06-07,2026-07-14,14,3,0.202,9.88,LOW_AND_NEAR_EXPIRY,Kanti Central Store,Cold_Chain
2026-06-30,BATCH-005265,HOSP-KR-004,MED-065,2,unit,0.0,2026-06-16,2026-07-07,7,3,0.202,9.88,LOW_AND_NEAR_EXPIRY,DoDA Logistics,Cold_Chain
2026-06-30,BATCH-005266,HOSP-KR-004,MED-066,2,unit,0.0,2026-06-25,2026-07-15,15,3,0.119,16.8,LOW_AND_NEAR_EXPIRY,Nepal CMS,Cold_Chain
2026-06-30,BATCH-005267,HOSP-KR-004,MED-066,2,unit,0.0,2026-06-19,2026-07-04,4,3,0.119,16.8,LOW_AND_NEAR_EXPIRY,Provincial Medical Store,Cold_Chain
2026-06-30,BATCH-005268,HOSP-KR-004,MED-067,3,vial,40.0,2025-02-25,2027-10-27,484,4,0.429,7.0,LOW_STOCK,DoDA Logistics,Ambient
2026-06-30,BATCH-005269,HOSP-KR-004,MED-067,9,vial,40.0,2026-06-12,2028-07-27,758,4,0.429,21.0,OK,Kanti Central Store,Ambient
2026-06-30,BATCH-005270,HOSP-KR-004,MED-068,2,vial,180.0,2025-07-21,2027-03-06,249,3,0.095,21.0,LOW_STOCK,Provincial Medical Store,Ambient
2026-06-30,BATCH-005271,HOSP-KR-004,MED-068,1,vial,180.0,2024-11-11,2027-03-02,245,3,0.095,10.5,LOW_STOCK,Local Pharmacy Wholesaler,Ambient
2026-06-30,BATCH-005272,HOSP-KR-004,MED-068,1,vial,180.0,2024-02-19,2026-09-01,63,3,0.095,10.5,LOW_AND_NEAR_EXPIRY,Nepal CMS,Ambient
2026-06-30,BATCH-005273,HOSP-KR-004,MED-069,2,ampoule,95.0,2026-06-25,2028-09-30,823,3,0.226,8.84,LOW_STOCK,Local Pharmacy Wholesaler,Ambient
2026-06-30,BATCH-005274,HOSP-KR-004,MED-069,4,ampoule,95.0,2025-05-29,2028-03-02,611,3,0.226,17.68,OK,Local Pharmacy Wholesaler,Ambient
2026-06-30,BATCH-005275,HOSP-KR-004,MED-070,11,sachet,120.0,2026-06-16,2028-03-16,625,5,0.548,20.09,OK,Kanti Central Store,Ambient
2026-06-30,BATCH-005276,HOSP-KR-004,MED-070,10,sachet,120.0,2025-10-17,2027-07-21,386,5,0.548,18.26,OK,BPKMCH Pharmacy Store,Ambient
2026-06-30,BATCH-005277,HOSP-KR-004,MED-071,7,ampoule,150.0,2026-06-18,2028-01-04,553,3,0.167,42.0,OK,Provincial Medical Store,Ambient
2026-06-30,BATCH-005278,HOSP-KR-004,MED-072,4,vial,650.0,2025-06-16,2026-09-05,67,3,0.31,12.92,NEAR_EXPIRY,Provincial Medical Store,Ambient
2026-06-30,BATCH-005279,HOSP-SP-001,MED-001,4305,tablet,1.5,2026-06-29,2029-06-04,1070,1389,138.964,30.98,OK,Provincial Medical Store,Ambient
2026-06-30,BATCH-005280,HOSP-SP-001,MED-002,529,bottle,45.0,2025-03-13,2026-11-30,153,269,26.976,19.61,OK,Local Pharmacy Wholesaler,Ambient
2026-06-30,BATCH-005281,HOSP-SP-001,MED-003,78,tablet,2.5,2024-08-28,2027-04-12,286,312,31.286,2.49,LOW_STOCK,Private Distributor - Kathmandu,Ambient
2026-06-30,BATCH-005282,HOSP-SP-001,MED-003,107,tablet,2.5,2026-03-22,2027-11-12,500,312,31.286,3.42,LOW_STOCK,Nepal CMS,Ambient
2026-06-30,BATCH-005283,HOSP-SP-001,MED-003,124,tablet,2.5,2025-05-13,2027-02-03,218,312,31.286,3.96,LOW_STOCK,Provincial Medical Store,Ambient
2026-06-30,BATCH-005284,HOSP-SP-001,MED-004,219,ampoule,25.0,2026-06-07,2027-09-28,455,136,13.631,16.07,OK,DoDA Logistics,Ambient
2026-06-30,BATCH-005285,HOSP-SP-001,MED-005,634,capsule,6.0,2025-07-19,2026-12-13,166,663,66.321,9.56,LOW_STOCK,BPKMCH Pharmacy Store,Ambient
2026-06-30,BATCH-005286,HOSP-SP-001,MED-005,369,capsule,6.0,2026-06-10,2028-06-01,702,663,66.321,5.56,LOW_STOCK,Provincial Medical Store,Ambient
2026-06-30,BATCH-005287,HOSP-SP-001,MED-005,671,capsule,6.0,2025-02-20,2026-10-31,123,663,66.321,10.12,OK,Private Distributor - Kathmandu,Ambient
2026-06-30,BATCH-005288,HOSP-SP-001,MED-006,237,tablet,35.0,2026-06-29,2027-11-29,517,261,26.179,9.05,LOW_STOCK,BPKMCH Pharmacy Store,Ambient
2026-06-30,BATCH-005289,HOSP-SP-001,MED-006,149,tablet,35.0,2025-09-19,2027-05-27,331,261,26.179,5.69,LOW_STOCK,BPKMCH Pharmacy Store,Ambient
2026-06-30,BATCH-005290,HOSP-SP-001,MED-006,129,tablet,35.0,2025-01-18,2026-07-14,14,261,26.179,4.93,LOW_AND_NEAR_EXPIRY,Local Pharmacy Wholesaler,Ambient
2026-06-30,BATCH-005291,HOSP-SP-001,MED-007,873,tablet,40.0,2026-05-06,2027-12-27,545,267,26.786,32.59,OK,Kanti Central Store,Ambient
2026-06-30,BATCH-005292,HOSP-SP-001,MED-008,113,tablet,8.0,2026-06-02,2028-01-09,558,359,35.94,3.14,LOW_STOCK,UNICEF Supply,Ambient
2026-06-30,BATCH-005293,HOSP-SP-001,MED-008,116,tablet,8.0,2025-08-15,2027-02-21,236,359,35.94,3.23,LOW_STOCK,Kanti Central Store,Ambient
2026-06-30,BATCH-005294,HOSP-SP-001,MED-008,203,tablet,8.0,2026-03-07,2027-08-21,417,359,35.94,5.65,LOW_STOCK,Private Distributor - Kathmandu,Ambient
2026-06-30,BATCH-005295,HOSP-SP-001,MED-009,82,vial,85.0,2025-07-24,2027-06-26,361,236,23.631,3.47,LOW_STOCK,UNICEF Supply,Ambient
2026-06-30,BATCH-005296,HOSP-SP-001,MED-009,85,vial,85.0,2025-08-10,2027-03-07,250,236,23.631,3.6,LOW_STOCK,UNICEF Supply,Ambient
2026-06-30,BATCH-005297,HOSP-SP-001,MED-009,134,vial,85.0,2025-04-13,2026-11-13,136,236,23.631,5.67,LOW_STOCK,Kanti Central Store,Ambient
2026-06-30,BATCH-005298,HOSP-SP-001,MED-010,1470,tablet,2.0,2025-04-04,2028-03-13,622,424,42.464,34.62,OK,Local Pharmacy Wholesaler,Ambient
2026-06-30,BATCH-005299,HOSP-SP-001,MED-011,478,sachet,8.0,2024-11-09,2027-09-05,432,1178,117.869,4.06,LOW_STOCK,DoDA Logistics,Ambient
2026-06-30,BATCH-005300,HOSP-SP-001,MED-011,780,sachet,8.0,2025-05-09,2028-03-31,640,1178,117.869,6.62,LOW_STOCK,Provincial Medical Store,Ambient
2026-06-30,BATCH-005301,HOSP-SP-001,MED-012,197,tablet,1.2,2025-07-06,2027-08-22,418,771,77.119,2.55,LOW_STOCK,UNICEF Supply,Ambient
2026-06-30,BATCH-005302,HOSP-SP-001,MED-012,247,tablet,1.2,2024-10-13,2026-09-23,85,771,77.119,3.2,LOW_AND_NEAR_EXPIRY,BPKMCH Pharmacy Store,Ambient
2026-06-30,BATCH-005303,HOSP-SP-001,MED-012,319,tablet,1.2,2026-06-02,2028-04-23,663,771,77.119,4.14,LOW_STOCK,DoDA Logistics,Ambient
2026-06-30,BATCH-005304,HOSP-SP-001,MED-013,309,bag,55.0,2026-06-21,2028-03-25,634,331,33.167,9.32,LOW_STOCK,Local Pharmacy Wholesaler,Ambient
2026-06-30,BATCH-005305,HOSP-SP-001,MED-013,292,bag,55.0,2026-04-05,2027-04-15,289,331,33.167,8.8,LOW_STOCK,UNICEF Supply,Ambient
2026-06-30,BATCH-005306,HOSP-SP-001,MED-014,204,bag,45.0,2025-04-19,2026-08-11,42,471,47.107,4.33,LOW_AND_NEAR_EXPIRY,Private Distributor - Kathmandu,Ambient
2026-06-30,BATCH-005307,HOSP-SP-001,MED-014,483,bag,45.0,2025-02-09,2026-11-19,142,471,47.107,10.25,OK,Provincial Medical Store,Ambient
2026-06-30,BATCH-005308,HOSP-SP-001,MED-015,429,bag,48.0,2025-12-13,2027-12-02,520,239,23.976,17.89,OK,DoDA Logistics,Ambient
2026-06-30,BATCH-005309,HOSP-SP-001,MED-015,355,bag,48.0,2026-03-25,2028-01-24,573,239,23.976,14.81,OK,Private Distributor - Kathmandu,Ambient
2026-06-30,BATCH-005310,HOSP-SP-001,MED-016,124,tablet,15.0,2026-01-19,2027-05-11,315,162,16.274,7.62,LOW_STOCK,Nepal CMS,Ambient
2026-06-30,BATCH-005311,HOSP-SP-001,MED-016,155,tablet,15.0,2026-05-31,2028-01-02,551,162,16.274,9.52,LOW_STOCK,BPKMCH Pharmacy Store,Ambient
2026-06-30,BATCH-005312,HOSP-SP-001,MED-017,155,tablet,1.8,2025-02-27,2027-05-20,324,71,7.179,21.59,OK,UNICEF Supply,Ambient
2026-06-30,BATCH-005313,HOSP-SP-001,MED-018,88,unit,180.0,2026-06-14,2028-01-03,552,83,8.369,10.51,OK,BPKMCH Pharmacy Store,Ambient
2026-06-30,BATCH-005314,HOSP-SP-001,MED-018,48,unit,180.0,2025-07-13,2026-07-11,11,83,8.369,5.74,LOW_AND_NEAR_EXPIRY,Local Pharmacy Wholesaler,Ambient
2026-06-30,BATCH-005315,HOSP-SP-001,MED-018,64,unit,180.0,2026-01-18,2027-10-10,467,83,8.369,7.65,LOW_STOCK,Private Distributor - Kathmandu,Ambient
2026-06-30,BATCH-005316,HOSP-SP-001,MED-019,155,ampoule,30.0,2026-05-31,2028-04-20,660,116,11.69,13.26,OK,Private Distributor - Kathmandu,Ambient
2026-06-30,BATCH-005317,HOSP-SP-001,MED-019,189,ampoule,30.0,2026-06-14,2027-08-09,405,116,11.69,16.17,OK,Kanti Central Store,Ambient
2026-06-30,BATCH-005318,HOSP-SP-001,MED-020,55,bottle,55.0,2026-05-03,2027-08-12,408,120,12.083,4.55,LOW_STOCK,BPKMCH Pharmacy Store,Ambient
2026-06-30,BATCH-005319,HOSP-SP-001,MED-020,149,bottle,55.0,2026-04-14,2027-12-02,520,120,12.083,12.33,OK,BPKMCH Pharmacy Store,Ambient
2026-06-30,BATCH-005320,HOSP-SP-001,MED-021,1424,tablet,1.0,2025-11-07,2027-10-06,463,408,40.845,34.86,OK,Private Distributor - Kathmandu,Ambient
2026-06-30,BATCH-005321,HOSP-SP-001,MED-022,437,tablet,2.5,2025-01-30,2026-09-11,73,355,35.5,12.31,NEAR_EXPIRY,Nepal CMS,Ambient
2026-06-30,BATCH-005322,HOSP-SP-001,MED-022,314,tablet,2.5,2026-06-25,2029-01-16,931,355,35.5,8.85,LOW_STOCK,UNICEF Supply,Ambient
2026-06-30,BATCH-005323,HOSP-SP-001,MED-022,414,tablet,2.5,2024-03-27,2026-12-08,161,355,35.5,11.66,OK,Kanti Central Store,Ambient
2026-06-30,BATCH-005324,HOSP-SP-001,MED-023,269,tablet,1.5,2023-11-04,2026-08-11,42,504,50.476,5.33,LOW_AND_NEAR_EXPIRY,BPKMCH Pharmacy Store,Ambient
2026-06-30,BATCH-005325,HOSP-SP-001,MED-023,186,tablet,1.5,2025-03-27,2026-09-22,84,504,50.476,3.68,LOW_AND_NEAR_EXPIRY,Nepal CMS,Ambient
2026-06-30,BATCH-005326,HOSP-SP-001,MED-023,276,tablet,1.5,2024-12-04,2027-02-01,216,504,50.476,5.47,LOW_STOCK,BPKMCH Pharmacy Store,Ambient
2026-06-30,BATCH-005327,HOSP-SP-001,MED-024,63,vial,450.0,2024-08-08,2026-07-10,10,82,8.286,7.6,LOW_AND_NEAR_EXPIRY,Local Pharmacy Wholesaler,Cold_Chain
2026-06-30,BATCH-005328,HOSP-SP-001,MED-024,78,vial,450.0,2026-06-18,2027-12-10,528,82,8.286,9.41,LOW_STOCK,Kanti Central Store,Cold_Chain
2026-06-30,BATCH-005329,HOSP-SP-001,MED-025,237,tablet,3.0,2024-08-27,2026-07-07,7,238,23.821,9.95,LOW_AND_NEAR_EXPIRY,BPKMCH Pharmacy Store,Ambient
2026-06-30,BATCH-005330,HOSP-SP-001,MED-025,105,tablet,3.0,2024-04-12,2026-10-01,93,238,23.821,4.41,LOW_STOCK,Provincial Medical Store,Ambient
2026-06-30,BATCH-005331,HOSP-SP-001,MED-025,124,tablet,3.0,2024-08-02,2027-02-15,230,238,23.821,5.21,LOW_STOCK,Provincial Medical Store,Ambient
2026-06-30,BATCH-005332,HOSP-SP-001,MED-026,326,tablet,0.8,2026-02-17,2028-10-31,854,368,36.833,8.85,LOW_STOCK,BPKMCH Pharmacy Store,Ambient
2026-06-30,BATCH-005333,HOSP-SP-001,MED-026,134,tablet,0.8,2026-05-15,2027-07-26,391,368,36.833,3.64,LOW_STOCK,Kanti Central Store,Ambient
2026-06-30,BATCH-005334,HOSP-SP-001,MED-026,317,tablet,0.8,2026-05-28,2029-01-18,933,368,36.833,8.61,LOW_STOCK,Provincial Medical Store,Ambient
2026-06-30,BATCH-005335,HOSP-SP-001,MED-027,1453,capsule,2.0,2024-09-26,2026-09-07,69,483,48.321,30.07,NEAR_EXPIRY,Nepal CMS,Ambient
2026-06-30,BATCH-005336,HOSP-SP-001,MED-028,404,tablet,6.0,2026-06-01,2027-08-20,416,268,26.869,15.04,OK,DoDA Logistics,Ambient
2026-06-30,BATCH-005337,HOSP-SP-001,MED-029,291,tablet,1.5,2026-06-28,2029-01-31,946,252,25.298,11.5,OK,Kanti Central Store,Ambient
2026-06-30,BATCH-005338,HOSP-SP-001,MED-030,153,bottle_100ml,85.0,2025-05-14,2027-05-07,311,118,11.821,12.94,OK,Local Pharmacy Wholesaler,Ambient
2026-06-30,BATCH-005339,HOSP-SP-001,MED-030,76,bottle_100ml,85.0,2025-08-22,2027-02-10,225,118,11.821,6.43,LOW_STOCK,UNICEF Supply,Ambient
2026-06-30,BATCH-005340,HOSP-SP-001,MED-030,123,bottle_100ml,85.0,2024-05-11,2026-09-08,70,118,11.821,10.4,NEAR_EXPIRY,Provincial Medical Store,Ambient
2026-06-30,BATCH-005341,HOSP-SP-001,MED-031,1763,pair,25.0,2026-05-18,2029-08-06,1133,676,67.667,26.05,OK,Local Pharmacy Wholesaler,Ambient
2026-06-30,BATCH-005342,HOSP-SP-001,MED-032,1014,piece,5.0,2023-07-17,2026-09-30,92,863,86.345,11.74,OK,UNICEF Supply,Ambient
2026-06-30,BATCH-005343,HOSP-SP-001,MED-032,367,piece,5.0,2022-09-04,2027-05-03,307,863,86.345,4.25,LOW_STOCK,Private Distributor - Kathmandu,Ambient
2026-06-30,BATCH-005344,HOSP-SP-001,MED-032,792,piece,5.0,2026-05-25,2030-03-31,1370,863,86.345,9.17,LOW_STOCK,UNICEF Supply,Ambient
2026-06-30,BATCH-005345,HOSP-SP-001,MED-033,678,piece,35.0,2026-05-03,2029-02-27,973,344,34.44,19.69,OK,DoDA Logistics,Ambient
2026-06-30,BATCH-005346,HOSP-SP-001,MED-034,45,vial,25.0,2024-10-04,2026-07-29,29,81,8.131,5.53,LOW_AND_NEAR_EXPIRY,Local Pharmacy Wholesaler,Cold_Chain
2026-06-30,BATCH-005347,HOSP-SP-001,MED-034,45,vial,25.0,2025-04-12,2026-10-08,100,81,8.131,5.53,LOW_STOCK,UNICEF Supply,Cold_Chain
2026-06-30,BATCH-005348,HOSP-SP-001,MED-035,28,vial,350.0,2025-09-01,2027-05-11,315,37,3.75,7.47,LOW_STOCK,DoDA Logistics,Cold_Chain
2026-06-30,BATCH-005349,HOSP-SP-001,MED-035,20,vial,350.0,2025-05-07,2026-09-21,83,37,3.75,5.33,LOW_AND_NEAR_EXPIRY,DoDA Logistics,Cold_Chain
2026-06-30,BATCH-005350,HOSP-SP-001,MED-035,45,vial,350.0,2026-02-04,2027-12-28,546,37,3.75,12.0,OK,Private Distributor - Kathmandu,Cold_Chain
2026-06-30,BATCH-005351,HOSP-SP-001,MED-036,435,tablet,0.5,2026-06-11,2028-05-08,678,434,43.417,10.02,OK,UNICEF Supply,Ambient
2026-06-30,BATCH-005352,HOSP-SP-001,MED-036,285,tablet,0.5,2024-11-26,2026-09-12,74,434,43.417,6.56,LOW_AND_NEAR_EXPIRY,Local Pharmacy Wholesaler,Ambient
2026-06-30,BATCH-005353,HOSP-SP-001,MED-036,324,tablet,0.5,2026-05-30,2027-04-20,294,434,43.417,7.46,LOW_STOCK,Private Distributor - Kathmandu,Ambient
2026-06-30,BATCH-005354,HOSP-SP-001,MED-037,71,tablet,8.0,2025-01-20,2026-08-18,49,103,10.357,6.86,LOW_AND_NEAR_EXPIRY,Private Distributor - Kathmandu,Ambient
2026-06-30,BATCH-005355,HOSP-SP-001,MED-037,68,tablet,8.0,2026-06-03,2028-12-20,904,103,10.357,6.57,LOW_STOCK,Provincial Medical Store,Ambient
2026-06-30,BATCH-005356,HOSP-SP-001,MED-038,174,ampoule,12.0,2025-08-25,2027-06-22,357,95,9.571,18.18,OK,Local Pharmacy Wholesaler,Ambient
2026-06-30,BATCH-005357,HOSP-SP-001,MED-039,61,ampoule,10.0,2026-06-09,2028-11-23,877,65,6.5,9.38,LOW_STOCK,Private Distributor - Kathmandu,Ambient
2026-06-30,BATCH-005358,HOSP-SP-001,MED-039,54,ampoule,10.0,2025-02-22,2027-09-07,434,65,6.5,8.31,LOW_STOCK,BPKMCH Pharmacy Store,Ambient
2026-06-30,BATCH-005359,HOSP-SP-001,MED-040,117,ampoule,28.0,2025-11-16,2027-12-24,542,76,7.631,15.33,OK,UNICEF Supply,Ambient
2026-06-30,BATCH-005360,HOSP-SP-001,MED-041,38,vial,180.0,2026-03-24,2027-08-02,398,12,1.226,30.99,OK,Local Pharmacy Wholesaler,Ambient
2026-06-30,BATCH-005361,HOSP-SP-001,MED-042,9,vial,1200.0,2026-06-05,2027-12-19,537,6,0.667,13.5,OK,Private Distributor - Kathmandu,Cold_Chain
2026-06-30,BATCH-005362,HOSP-SP-001,MED-042,3,vial,1200.0,2026-06-04,2028-01-23,572,6,0.667,4.5,LOW_STOCK,DoDA Logistics,Cold_Chain
2026-06-30,BATCH-005363,HOSP-SP-001,MED-042,5,vial,1200.0,2026-04-14,2027-10-14,471,6,0.667,7.5,LOW_STOCK,Nepal CMS,Cold_Chain
2026-06-30,BATCH-005364,HOSP-SP-001,MED-043,3,vial,3500.0,2024-12-23,2026-11-30,153,3,0.333,9.0,LOW_STOCK,UNICEF Supply,Ambient
2026-06-30,BATCH-005365,HOSP-SP-001,MED-043,3,vial,3500.0,2026-05-08,2027-05-08,312,3,0.333,9.0,LOW_STOCK,Provincial Medical Store,Ambient
2026-06-30,BATCH-005366,HOSP-SP-001,MED-044,11,vial,450.0,2026-05-19,2027-12-22,540,6,0.69,15.93,OK,DoDA Logistics,Ambient
2026-06-30,BATCH-005367,HOSP-SP-001,MED-044,14,vial,450.0,2026-04-06,2027-06-27,362,6,0.69,20.28,OK,Kanti Central Store,Ambient
2026-06-30,BATCH-005368,HOSP-SP-001,MED-045,28,tablet,15.0,2025-11-24,2027-11-04,492,23,2.333,12.0,OK,DoDA Logistics,Ambient
2026-06-30,BATCH-005369,HOSP-SP-001,MED-045,30,tablet,15.0,2026-06-14,2027-12-03,521,23,2.333,12.86,OK,Local Pharmacy Wholesaler,Ambient
2026-06-30,BATCH-005370,HOSP-SP-001,MED-046,8,prefilled,4500.0,2025-12-15,2026-10-30,122,3,0.369,21.68,OK,Private Distributor - Kathmandu,Cold_Chain
2026-06-30,BATCH-005371,HOSP-SP-001,MED-047,471,sachet,6.0,2024-03-02,2026-07-08,8,325,32.595,14.45,NEAR_EXPIRY,BPKMCH Pharmacy Store,Ambient
2026-06-30,BATCH-005372,HOSP-SP-001,MED-047,221,sachet,6.0,2026-05-26,2028-03-10,619,325,32.595,6.78,LOW_STOCK,DoDA Logistics,Ambient
2026-06-30,BATCH-005373,HOSP-SP-001,MED-047,401,sachet,6.0,2025-02-03,2027-05-07,311,325,32.595,12.3,OK,Kanti Central Store,Ambient
2026-06-30,BATCH-005374,HOSP-SP-001,MED-048,335,bottle,65.0,2025-11-25,2027-03-21,264,99,9.988,33.54,OK,Nepal CMS,Ambient
2026-06-30,BATCH-005375,HOSP-SP-001,MED-049,75,capsule,2.0,2026-06-09,2028-05-12,682,148,14.833,5.06,LOW_STOCK,BPKMCH Pharmacy Store,Ambient
2026-06-30,BATCH-005376,HOSP-SP-001,MED-049,18,capsule,2.0,2025-07-15,2027-05-08,312,148,14.833,1.21,LOW_STOCK,Nepal CMS,Ambient
2026-06-30,BATCH-005377,HOSP-SP-001,MED-049,52,capsule,2.0,2026-01-06,2026-12-30,183,148,14.833,3.51,LOW_STOCK,Private Distributor - Kathmandu,Ambient
2026-06-30,BATCH-005378,HOSP-SP-001,MED-050,32,vial,120.0,2026-05-19,2027-08-03,399,94,9.405,3.4,LOW_STOCK,UNICEF Supply,Cold_Chain
2026-06-30,BATCH-005379,HOSP-SP-001,MED-050,22,vial,120.0,2025-11-12,2027-03-08,251,94,9.405,2.34,LOW_STOCK,Nepal CMS,Cold_Chain
2026-06-30,BATCH-005380,HOSP-SP-001,MED-050,37,vial,120.0,2026-02-23,2027-02-23,238,94,9.405,3.93,LOW_STOCK,Private Distributor - Kathmandu,Cold_Chain
2026-06-30,BATCH-005381,HOSP-SP-001,MED-051,105,vial,80.0,2025-08-14,2027-04-27,301,67,6.702,15.67,OK,BPKMCH Pharmacy Store,Cold_Chain
2026-06-30,BATCH-005382,HOSP-SP-001,MED-051,96,vial,80.0,2026-06-06,2028-06-08,709,67,6.702,14.32,OK,Nepal CMS,Cold_Chain
2026-06-30,BATCH-005383,HOSP-SP-001,MED-052,545,kit,25.0,2025-03-07,2026-07-20,20,167,16.714,32.61,NEAR_EXPIRY,BPKMCH Pharmacy Store,Ambient
2026-06-30,BATCH-005384,HOSP-SP-001,MED-053,110,ampoule,35.0,2025-03-23,2026-10-18,110,120,12.012,9.16,LOW_STOCK,Private Distributor - Kathmandu,Cold_Chain
2026-06-30,BATCH-005385,HOSP-SP-001,MED-053,148,ampoule,35.0,2026-02-16,2027-10-06,463,120,12.012,12.32,OK,Local Pharmacy Wholesaler,Cold_Chain
2026-06-30,BATCH-005386,HOSP-SP-001,MED-053,149,ampoule,35.0,2026-06-29,2028-03-22,631,120,12.012,12.4,OK,Private Distributor - Kathmandu,Cold_Chain
2026-06-30,BATCH-005387,HOSP-SP-001,MED-054,210,tablet,20.0,2025-05-16,2027-03-14,257,95,9.571,21.94,OK,Private Distributor - Kathmandu,Ambient
2026-06-30,BATCH-005388,HOSP-SP-001,MED-055,57,ampoule,18.0,2025-02-20,2026-12-27,180,53,5.381,10.59,OK,Private Distributor - Kathmandu,Ambient
2026-06-30,BATCH-005389,HOSP-SP-001,MED-055,21,ampoule,18.0,2026-06-17,2028-05-25,695,53,5.381,3.9,LOW_STOCK,Nepal CMS,Ambient
2026-06-30,BATCH-005390,HOSP-SP-001,MED-055,27,ampoule,18.0,2025-03-22,2026-09-10,72,53,5.381,5.02,LOW_AND_NEAR_EXPIRY,DoDA Logistics,Ambient
2026-06-30,BATCH-005391,HOSP-SP-001,MED-056,57,ampoule,45.0,2026-06-24,2028-03-01,610,39,3.952,14.42,OK,DoDA Logistics,Ambient
2026-06-30,BATCH-005392,HOSP-SP-001,MED-057,80,bottle,55.0,2026-06-04,2027-10-12,469,27,2.738,29.22,OK,UNICEF Supply,Ambient
2026-06-30,BATCH-005393,HOSP-SP-001,MED-058,22,bottle,90.0,2025-01-22,2026-11-01,124,18,1.869,11.77,OK,Provincial Medical Store,Ambient
2026-06-30,BATCH-005394,HOSP-SP-001,MED-058,18,bottle,90.0,2025-12-20,2027-03-21,264,18,1.869,9.63,LOW_STOCK,Provincial Medical Store,Ambient
2026-06-30,BATCH-005395,HOSP-SP-001,MED-059,68,bottle,70.0,2026-06-29,2028-03-22,631,25,2.56,26.57,OK,Provincial Medical Store,Ambient
2026-06-30,BATCH-005396,HOSP-SP-001,MED-060,11,vial,2500.0,2026-01-13,2027-05-21,325,18,1.821,6.04,LOW_STOCK,UNICEF Supply,Cold_Chain
2026-06-30,BATCH-005397,HOSP-SP-001,MED-060,6,vial,2500.0,2026-05-10,2027-03-20,263,18,1.821,3.29,LOW_STOCK,DoDA Logistics,Cold_Chain
2026-06-30,BATCH-005398,HOSP-SP-001,MED-060,13,vial,2500.0,2024-10-21,2026-09-26,88,18,1.821,7.14,LOW_AND_NEAR_EXPIRY,Kanti Central Store,Cold_Chain
2026-06-30,BATCH-005399,HOSP-SP-001,MED-061,52,ampoule,25.0,2024-12-16,2026-09-30,92,39,3.905,13.32,OK,Provincial Medical Store,Ambient
2026-06-30,BATCH-005400,HOSP-SP-001,MED-062,74,ampoule,12.0,2025-02-06,2027-01-18,202,24,2.429,30.47,OK,Provincial Medical Store,Ambient
2026-06-30,BATCH-005401,HOSP-SP-001,MED-063,26,vial,850.0,2026-01-31,2027-02-03,218,26,2.667,9.75,LOW_STOCK,Provincial Medical Store,Cold_Chain
2026-06-30,BATCH-005402,HOSP-SP-001,MED-063,46,vial,850.0,2026-05-27,2027-03-11,254,26,2.667,17.25,OK,UNICEF Supply,Cold_Chain
2026-06-30,BATCH-005403,HOSP-SP-001,MED-064,291,roll,80.0,2024-06-06,2028-04-21,661,191,19.119,15.22,OK,Nepal CMS,Ambient
2026-06-30,BATCH-005404,HOSP-SP-001,MED-064,105,roll,80.0,2023-11-02,2027-06-29,364,191,19.119,5.49,LOW_STOCK,UNICEF Supply,Ambient
2026-06-30,BATCH-005405,HOSP-SP-001,MED-064,258,roll,80.0,2026-06-25,2030-09-14,1537,191,19.119,13.49,OK,BPKMCH Pharmacy Store,Ambient
2026-06-30,BATCH-005406,HOSP-SP-001,MED-065,62,unit,0.0,2026-06-14,2026-07-12,12,40,4.071,15.23,NEAR_EXPIRY,UNICEF Supply,Cold_Chain
2026-06-30,BATCH-005407,HOSP-SP-001,MED-065,58,unit,0.0,2026-06-26,2026-07-22,22,40,4.071,14.25,NEAR_EXPIRY,DoDA Logistics,Cold_Chain
2026-06-30,BATCH-005408,HOSP-SP-001,MED-066,61,unit,0.0,2026-06-03,2026-07-25,25,31,3.179,19.19,NEAR_EXPIRY,Provincial Medical Store,Cold_Chain
2026-06-30,BATCH-005409,HOSP-SP-001,MED-067,80,vial,40.0,2026-06-12,2029-02-12,958,105,10.536,7.59,LOW_STOCK,DoDA Logistics,Ambient
2026-06-30,BATCH-005410,HOSP-SP-001,MED-067,46,vial,40.0,2025-06-19,2026-10-09,101,105,10.536,4.37,LOW_STOCK,BPKMCH Pharmacy Store,Ambient
2026-06-30,BATCH-005411,HOSP-SP-001,MED-067,95,vial,40.0,2026-05-29,2028-12-27,911,105,10.536,9.02,LOW_STOCK,Local Pharmacy Wholesaler,Ambient
2026-06-30,BATCH-005412,HOSP-SP-001,MED-068,29,vial,180.0,2025-05-05,2026-08-10,41,31,3.107,9.33,LOW_AND_NEAR_EXPIRY,UNICEF Supply,Ambient
2026-06-30,BATCH-005413,HOSP-SP-001,MED-068,32,vial,180.0,2023-12-02,2026-07-15,15,31,3.107,10.3,NEAR_EXPIRY,Provincial Medical Store,Ambient
2026-06-30,BATCH-005414,HOSP-SP-001,MED-069,27,ampoule,95.0,2025-09-30,2028-01-04,553,40,4.06,6.65,LOW_STOCK,Nepal CMS,Ambient
2026-06-30,BATCH-005415,HOSP-SP-001,MED-069,14,ampoule,95.0,2026-06-03,2029-03-04,978,40,4.06,3.45,LOW_STOCK,BPKMCH Pharmacy Store,Ambient
2026-06-30,BATCH-005416,HOSP-SP-001,MED-069,31,ampoule,95.0,2024-12-15,2026-07-26,26,40,4.06,7.64,LOW_AND_NEAR_EXPIRY,Local Pharmacy Wholesaler,Ambient
2026-06-30,BATCH-005417,HOSP-SP-001,MED-070,88,sachet,120.0,2026-01-29,2027-12-03,521,85,8.548,10.3,OK,Nepal CMS,Ambient
2026-06-30,BATCH-005418,HOSP-SP-001,MED-070,151,sachet,120.0,2026-06-14,2028-01-07,556,85,8.548,17.67,OK,Private Distributor - Kathmandu,Ambient
2026-06-30,BATCH-005419,HOSP-SP-001,MED-071,20,ampoule,150.0,2026-06-09,2027-09-30,457,40,4.0,5.0,LOW_STOCK,Kanti Central Store,Ambient
2026-06-30,BATCH-005420,HOSP-SP-001,MED-071,12,ampoule,150.0,2026-06-15,2028-04-11,651,40,4.0,3.0,LOW_STOCK,BPKMCH Pharmacy Store,Ambient
2026-06-30,BATCH-005421,HOSP-SP-001,MED-071,30,ampoule,150.0,2025-11-18,2026-12-08,161,40,4.0,7.5,LOW_STOCK,Provincial Medical Store,Ambient
2026-06-30,BATCH-005422,HOSP-SP-001,MED-072,39,vial,650.0,2026-03-24,2027-04-30,304,76,7.607,5.13,LOW_STOCK,Kanti Central Store,Ambient
2026-06-30,BATCH-005423,HOSP-SP-001,MED-072,75,vial,650.0,2026-05-18,2027-10-17,474,76,7.607,9.86,LOW_STOCK,Provincial Medical Store,Ambient
2026-06-30,BATCH-005424,HOSP-SP-002,MED-001,970,tablet,1.5,2025-10-14,2027-05-10,314,374,37.44,25.91,OK,Nepal CMS,Ambient
2026-06-30,BATCH-005425,HOSP-SP-002,MED-002,36,bottle,45.0,2025-04-11,2027-03-24,267,72,7.202,5.0,LOW_STOCK,UNICEF Supply,Ambient
2026-06-30,BATCH-005426,HOSP-SP-002,MED-002,50,bottle,45.0,2025-12-01,2027-09-10,437,72,7.202,6.94,LOW_STOCK,Provincial Medical Store,Ambient
2026-06-30,BATCH-005427,HOSP-SP-002,MED-003,162,tablet,2.5,2025-06-30,2028-02-02,582,111,11.131,14.55,OK,Kanti Central Store,Ambient
2026-06-30,BATCH-005428,HOSP-SP-002,MED-003,82,tablet,2.5,2025-05-03,2028-01-23,572,111,11.131,7.37,LOW_STOCK,Private Distributor - Kathmandu,Ambient
2026-06-30,BATCH-005429,HOSP-SP-002,MED-003,88,tablet,2.5,2026-06-20,2029-03-31,1005,111,11.131,7.91,LOW_STOCK,Private Distributor - Kathmandu,Ambient
2026-06-30,BATCH-005430,HOSP-SP-002,MED-004,35,ampoule,25.0,2025-09-12,2027-06-17,352,50,5.024,6.97,LOW_STOCK,Local Pharmacy Wholesaler,Ambient
2026-06-30,BATCH-005431,HOSP-SP-002,MED-004,34,ampoule,25.0,2026-06-06,2027-06-15,350,50,5.024,6.77,LOW_STOCK,Provincial Medical Store,Ambient
2026-06-30,BATCH-005432,HOSP-SP-002,MED-005,571,capsule,6.0,2025-06-21,2027-03-10,253,170,17.06,33.47,OK,Provincial Medical Store,Ambient
2026-06-30,BATCH-005433,HOSP-SP-002,MED-006,100,tablet,35.0,2025-11-02,2027-07-03,368,89,8.976,11.14,OK,UNICEF Supply,Ambient
2026-06-30,BATCH-005434,HOSP-SP-002,MED-006,86,tablet,35.0,2024-11-12,2026-07-12,12,89,8.976,9.58,LOW_AND_NEAR_EXPIRY,DoDA Logistics,Ambient
2026-06-30,BATCH-005435,HOSP-SP-002,MED-006,95,tablet,35.0,2026-05-19,2028-02-15,595,89,8.976,10.58,OK,BPKMCH Pharmacy Store,Ambient
2026-06-30,BATCH-005436,HOSP-SP-002,MED-007,175,tablet,40.0,2025-09-23,2027-02-07,222,79,7.976,21.94,OK,Nepal CMS,Ambient
2026-06-30,BATCH-005437,HOSP-SP-002,MED-008,105,tablet,8.0,2025-06-24,2027-06-20,355,111,11.131,9.43,LOW_STOCK,Kanti Central Store,Ambient
2026-06-30,BATCH-005438,HOSP-SP-002,MED-008,104,tablet,8.0,2023-11-11,2026-08-11,42,111,11.131,9.34,LOW_AND_NEAR_EXPIRY,BPKMCH Pharmacy Store,Ambient
2026-06-30,BATCH-005439,HOSP-SP-002,MED-008,134,tablet,8.0,2025-02-26,2026-08-22,53,111,11.131,12.04,NEAR_EXPIRY,Local Pharmacy Wholesaler,Ambient
2026-06-30,BATCH-005440,HOSP-SP-002,MED-009,66,vial,85.0,2025-10-25,2027-04-01,275,73,7.357,8.97,LOW_STOCK,BPKMCH Pharmacy Store,Ambient
2026-06-30,BATCH-005441,HOSP-SP-002,MED-009,136,vial,85.0,2026-03-21,2027-03-24,267,73,7.357,18.49,OK,BPKMCH Pharmacy Store,Ambient
2026-06-30,BATCH-005442,HOSP-SP-002,MED-010,201,tablet,2.0,2025-11-01,2027-03-07,250,111,11.167,18.0,OK,Local Pharmacy Wholesaler,Ambient
2026-06-30,BATCH-005443,HOSP-SP-002,MED-010,178,tablet,2.0,2026-05-28,2027-10-09,466,111,11.167,15.94,OK,Private Distributor - Kathmandu,Ambient
2026-06-30,BATCH-005444,HOSP-SP-002,MED-011,304,sachet,8.0,2026-06-12,2028-05-30,700,310,31.0,9.81,LOW_STOCK,BPKMCH Pharmacy Store,Ambient
2026-06-30,BATCH-005445,HOSP-SP-002,MED-011,229,sachet,8.0,2023-11-01,2026-09-08,70,310,31.0,7.39,LOW_AND_NEAR_EXPIRY,Nepal CMS,Ambient
2026-06-30,BATCH-005446,HOSP-SP-002,MED-011,461,sachet,8.0,2024-09-18,2027-01-30,214,310,31.0,14.87,OK,BPKMCH Pharmacy Store,Ambient
2026-06-30,BATCH-005447,HOSP-SP-002,MED-012,209,tablet,1.2,2026-06-27,2028-09-16,809,198,19.881,10.51,OK,Private Distributor - Kathmandu,Ambient
2026-06-30,BATCH-005448,HOSP-SP-002,MED-012,477,tablet,1.2,2026-06-02,2028-07-09,740,198,19.881,23.99,OK,Provincial Medical Store,Ambient
2026-06-30,BATCH-005449,HOSP-SP-002,MED-013,199,bag,55.0,2025-08-09,2026-10-29,121,86,8.607,23.12,OK,DoDA Logistics,Ambient
2026-06-30,BATCH-005450,HOSP-SP-002,MED-014,542,bag,45.0,2026-01-20,2027-06-01,336,153,15.369,35.27,OK,Kanti Central Store,Ambient
2026-06-30,BATCH-005451,HOSP-SP-002,MED-015,109,bag,48.0,2026-06-18,2028-02-23,603,73,7.321,14.89,OK,Nepal CMS,Ambient
2026-06-30,BATCH-005452,HOSP-SP-002,MED-015,114,bag,48.0,2026-06-09,2028-02-19,599,73,7.321,15.57,OK,UNICEF Supply,Ambient
2026-06-30,BATCH-005453,HOSP-SP-002,MED-016,19,tablet,15.0,2025-11-17,2027-03-10,253,40,4.095,4.64,LOW_STOCK,Kanti Central Store,Ambient
2026-06-30,BATCH-005454,HOSP-SP-002,MED-016,54,tablet,15.0,2026-06-26,2028-04-08,648,40,4.095,13.19,OK,Local Pharmacy Wholesaler,Ambient
2026-06-30,BATCH-005455,HOSP-SP-002,MED-017,18,tablet,1.8,2026-06-29,2029-01-04,919,17,1.714,10.5,OK,UNICEF Supply,Ambient
2026-06-30,BATCH-005456,HOSP-SP-002,MED-017,19,tablet,1.8,2026-06-17,2029-01-17,932,17,1.714,11.08,OK,BPKMCH Pharmacy Store,Ambient
2026-06-30,BATCH-005457,HOSP-SP-002,MED-017,21,tablet,1.8,2024-12-03,2027-05-12,316,17,1.714,12.25,OK,Private Distributor - Kathmandu,Ambient
2026-06-30,BATCH-005458,HOSP-SP-002,MED-018,45,unit,180.0,2025-11-27,2027-09-18,445,30,3.0,15.0,OK,Private Distributor - Kathmandu,Ambient
2026-06-30,BATCH-005459,HOSP-SP-002,MED-019,60,ampoule,30.0,2026-05-23,2028-04-19,659,37,3.738,16.05,OK,Nepal CMS,Ambient
2026-06-30,BATCH-005460,HOSP-SP-002,MED-019,15,ampoule,30.0,2026-06-08,2027-07-27,392,37,3.738,4.01,LOW_STOCK,Kanti Central Store,Ambient
2026-06-30,BATCH-005461,HOSP-SP-002,MED-019,35,ampoule,30.0,2026-06-28,2027-10-24,481,37,3.738,9.36,LOW_STOCK,Local Pharmacy Wholesaler,Ambient
2026-06-30,BATCH-005462,HOSP-SP-002,MED-020,28,bottle,55.0,2026-05-15,2028-03-05,614,34,3.417,8.2,LOW_STOCK,Provincial Medical Store,Ambient
2026-06-30,BATCH-005463,HOSP-SP-002,MED-020,29,bottle,55.0,2026-06-19,2028-06-16,717,34,3.417,8.49,LOW_STOCK,Nepal CMS,Ambient
2026-06-30,BATCH-005464,HOSP-SP-002,MED-020,36,bottle,55.0,2025-08-27,2026-11-10,133,34,3.417,10.54,OK,UNICEF Supply,Ambient
2026-06-30,BATCH-005465,HOSP-SP-002,MED-021,296,tablet,1.0,2026-06-29,2028-06-15,716,127,12.702,23.3,OK,Private Distributor - Kathmandu,Ambient
2026-06-30,BATCH-005466,HOSP-SP-002,MED-022,94,tablet,2.5,2026-06-02,2029-03-29,1003,117,11.786,7.98,LOW_STOCK,Provincial Medical Store,Ambient
2026-06-30,BATCH-005467,HOSP-SP-002,MED-022,43,tablet,2.5,2025-12-30,2028-09-14,807,117,11.786,3.65,LOW_STOCK,DoDA Logistics,Ambient
2026-06-30,BATCH-005468,HOSP-SP-002,MED-022,88,tablet,2.5,2026-05-03,2028-12-23,907,117,11.786,7.47,LOW_STOCK,Private Distributor - Kathmandu,Ambient
2026-06-30,BATCH-005469,HOSP-SP-002,MED-023,158,tablet,1.5,2026-04-10,2027-11-22,510,125,12.524,12.62,OK,UNICEF Supply,Ambient
2026-06-30,BATCH-005470,HOSP-SP-002,MED-023,274,tablet,1.5,2026-03-09,2027-06-08,343,125,12.524,21.88,OK,Provincial Medical Store,Ambient
2026-06-30,BATCH-005471,HOSP-SP-002,MED-024,38,vial,450.0,2025-03-03,2026-12-20,173,18,1.881,20.2,OK,DoDA Logistics,Cold_Chain
2026-06-30,BATCH-005472,HOSP-SP-002,MED-025,271,tablet,3.0,2026-01-18,2028-02-21,601,78,7.857,34.49,OK,UNICEF Supply,Ambient
2026-06-30,BATCH-005473,HOSP-SP-002,MED-026,408,tablet,0.8,2025-04-26,2026-07-28,28,132,13.202,30.9,NEAR_EXPIRY,BPKMCH Pharmacy Store,Ambient
2026-06-30,BATCH-005474,HOSP-SP-002,MED-027,369,capsule,2.0,2024-11-18,2026-11-20,143,135,13.536,27.26,OK,Private Distributor - Kathmandu,Ambient
2026-06-30,BATCH-005475,HOSP-SP-002,MED-028,40,tablet,6.0,2025-06-30,2026-10-24,116,63,6.357,6.29,LOW_STOCK,DoDA Logistics,Ambient
2026-06-30,BATCH-005476,HOSP-SP-002,MED-028,100,tablet,6.0,2024-11-01,2027-06-09,344,63,6.357,15.73,OK,Nepal CMS,Ambient
2026-06-30,BATCH-005477,HOSP-SP-002,MED-029,112,tablet,1.5,2026-05-19,2029-04-12,1017,75,7.524,14.89,OK,BPKMCH Pharmacy Store,Ambient
2026-06-30,BATCH-005478,HOSP-SP-002,MED-029,141,tablet,1.5,2026-01-30,2027-07-20,385,75,7.524,18.74,OK,Provincial Medical Store,Ambient
2026-06-30,BATCH-005479,HOSP-SP-002,MED-030,24,bottle_100ml,85.0,2025-02-19,2027-07-06,371,36,3.667,6.55,LOW_STOCK,UNICEF Supply,Ambient
2026-06-30,BATCH-005480,HOSP-SP-002,MED-030,42,bottle_100ml,85.0,2024-12-12,2027-07-05,370,36,3.667,11.45,OK,Local Pharmacy Wholesaler,Ambient
2026-06-30,BATCH-005481,HOSP-SP-002,MED-031,51,pair,25.0,2023-02-22,2027-06-30,365,145,14.548,3.51,LOW_STOCK,DoDA Logistics,Ambient
2026-06-30,BATCH-005482,HOSP-SP-002,MED-031,35,pair,25.0,2023-09-18,2027-05-05,309,145,14.548,2.41,LOW_STOCK,Private Distributor - Kathmandu,Ambient
2026-06-30,BATCH-005483,HOSP-SP-002,MED-031,59,pair,25.0,2026-06-03,2030-11-11,1595,145,14.548,4.06,LOW_STOCK,Local Pharmacy Wholesaler,Ambient
2026-06-30,BATCH-005484,HOSP-SP-002,MED-032,130,piece,5.0,2026-05-31,2030-10-15,1568,264,26.44,4.92,LOW_STOCK,Kanti Central Store,Ambient
2026-06-30,BATCH-005485,HOSP-SP-002,MED-032,272,piece,5.0,2024-05-31,2028-11-22,876,264,26.44,10.29,OK,Local Pharmacy Wholesaler,Ambient
2026-06-30,BATCH-005486,HOSP-SP-002,MED-033,65,piece,35.0,2026-03-13,2028-10-22,845,87,8.774,7.41,LOW_STOCK,DoDA Logistics,Ambient
2026-06-30,BATCH-005487,HOSP-SP-002,MED-033,97,piece,35.0,2024-01-17,2026-07-09,9,87,8.774,11.06,NEAR_EXPIRY,Local Pharmacy Wholesaler,Ambient
2026-06-30,BATCH-005488,HOSP-SP-002,MED-033,86,piece,35.0,2022-04-02,2026-07-26,26,87,8.774,9.8,LOW_AND_NEAR_EXPIRY,Nepal CMS,Ambient
2026-06-30,BATCH-005489,HOSP-SP-002,MED-034,9,vial,25.0,2026-06-04,2027-11-22,510,15,1.56,5.77,LOW_STOCK,BPKMCH Pharmacy Store,Cold_Chain
2026-06-30,BATCH-005490,HOSP-SP-002,MED-034,6,vial,25.0,2026-06-20,2028-04-04,644,15,1.56,3.85,LOW_STOCK,Local Pharmacy Wholesaler,Cold_Chain
2026-06-30,BATCH-005491,HOSP-SP-002,MED-034,13,vial,25.0,2026-06-17,2027-05-11,315,15,1.56,8.34,LOW_STOCK,Private Distributor - Kathmandu,Cold_Chain
2026-06-30,BATCH-005492,HOSP-SP-002,MED-035,9,vial,350.0,2025-06-21,2026-11-26,149,7,0.738,12.19,OK,Private Distributor - Kathmandu,Cold_Chain
2026-06-30,BATCH-005493,HOSP-SP-002,MED-035,14,vial,350.0,2026-05-29,2028-01-04,553,7,0.738,18.97,OK,BPKMCH Pharmacy Store,Cold_Chain
2026-06-30,BATCH-005494,HOSP-SP-002,MED-036,358,tablet,0.5,2026-06-16,2027-12-08,526,127,12.762,28.05,OK,BPKMCH Pharmacy Store,Ambient
2026-06-30,BATCH-005495,HOSP-SP-002,MED-037,67,tablet,8.0,2025-05-09,2026-10-18,110,23,2.333,28.71,OK,Local Pharmacy Wholesaler,Ambient
2026-06-30,BATCH-005496,HOSP-SP-002,MED-038,24,ampoule,12.0,2025-11-18,2027-05-25,329,28,2.821,8.51,LOW_STOCK,Nepal CMS,Ambient
2026-06-30,BATCH-005497,HOSP-SP-002,MED-038,7,ampoule,12.0,2025-07-21,2027-06-22,357,28,2.821,2.48,LOW_STOCK,Nepal CMS,Ambient
2026-06-30,BATCH-005498,HOSP-SP-002,MED-038,19,ampoule,12.0,2025-01-12,2026-08-04,35,28,2.821,6.73,LOW_AND_NEAR_EXPIRY,DoDA Logistics,Ambient
2026-06-30,BATCH-005499,HOSP-SP-002,MED-039,34,ampoule,10.0,2025-11-05,2027-09-06,433,23,2.369,14.35,OK,Provincial Medical Store,Ambient
2026-06-30,BATCH-005500,HOSP-SP-002,MED-040,52,ampoule,28.0,2026-05-31,2029-01-10,925,16,1.667,31.2,OK,BPKMCH Pharmacy Store,Ambient
2026-06-30,BATCH-005501,HOSP-SP-002,MED-041,8,vial,180.0,2025-09-12,2027-07-25,390,3,0.274,29.22,OK,BPKMCH Pharmacy Store,Ambient
2026-06-30,BATCH-005502,HOSP-SP-002,MED-042,4,vial,1200.0,2026-06-25,2028-04-01,641,3,0.274,14.61,OK,Local Pharmacy Wholesaler,Cold_Chain
2026-06-30,BATCH-005503,HOSP-SP-002,MED-042,4,vial,1200.0,2025-10-27,2027-01-15,199,3,0.274,14.61,OK,Kanti Central Store,Cold_Chain
2026-06-30,BATCH-005504,HOSP-SP-002,MED-043,1,vial,3500.0,2025-07-16,2027-06-12,347,3,0.095,10.5,LOW_STOCK,Provincial Medical Store,Ambient
2026-06-30,BATCH-005505,HOSP-SP-002,MED-043,1,vial,3500.0,2025-04-28,2026-08-03,34,3,0.095,10.5,LOW_AND_NEAR_EXPIRY,Provincial Medical Store,Ambient
2026-06-30,BATCH-005506,HOSP-SP-002,MED-043,1,vial,3500.0,2026-01-30,2027-02-09,224,3,0.095,10.5,LOW_STOCK,Provincial Medical Store,Ambient
2026-06-30,BATCH-005507,HOSP-SP-002,MED-044,1,vial,450.0,2026-06-16,2027-11-09,497,3,0.083,12.0,LOW_STOCK,Provincial Medical Store,Ambient
2026-06-30,BATCH-005508,HOSP-SP-002,MED-044,1,vial,450.0,2026-06-23,2028-03-11,620,3,0.083,12.0,LOW_STOCK,Provincial Medical Store,Ambient
2026-06-30,BATCH-005509,HOSP-SP-002,MED-045,13,tablet,15.0,2026-06-29,2027-11-09,497,6,0.679,19.16,OK,Provincial Medical Store,Ambient
2026-06-30,BATCH-005510,HOSP-SP-002,MED-046,1,prefilled,4500.0,2026-03-22,2027-06-14,349,3,0.048,21.0,LOW_STOCK,Provincial Medical Store,Cold_Chain
2026-06-30,BATCH-005511,HOSP-SP-002,MED-047,113,sachet,6.0,2026-02-12,2027-11-18,506,73,7.333,15.41,OK,Private Distributor - Kathmandu,Ambient
2026-06-30,BATCH-005512,HOSP-SP-002,MED-047,56,sachet,6.0,2025-10-21,2027-04-21,295,73,7.333,7.64,LOW_STOCK,Kanti Central Store,Ambient
2026-06-30,BATCH-005513,HOSP-SP-002,MED-047,54,sachet,6.0,2024-07-12,2027-04-21,295,73,7.333,7.36,LOW_STOCK,Private Distributor - Kathmandu,Ambient
2026-06-30,BATCH-005514,HOSP-SP-002,MED-048,43,bottle,65.0,2025-08-07,2027-02-10,225,27,2.798,15.37,OK,Local Pharmacy Wholesaler,Ambient
2026-06-30,BATCH-005515,HOSP-SP-002,MED-049,50,capsule,2.0,2025-06-01,2026-07-13,13,38,3.845,13.0,NEAR_EXPIRY,BPKMCH Pharmacy Store,Ambient
2026-06-30,BATCH-005516,HOSP-SP-002,MED-049,14,capsule,2.0,2025-08-05,2026-11-18,141,38,3.845,3.64,LOW_STOCK,BPKMCH Pharmacy Store,Ambient
2026-06-30,BATCH-005517,HOSP-SP-002,MED-049,37,capsule,2.0,2026-05-18,2027-12-28,546,38,3.845,9.62,LOW_STOCK,Provincial Medical Store,Ambient
2026-06-30,BATCH-005518,HOSP-SP-002,MED-050,71,vial,120.0,2026-05-25,2027-11-25,513,27,2.786,25.49,OK,Kanti Central Store,Cold_Chain
2026-06-30,BATCH-005519,HOSP-SP-002,MED-051,19,vial,80.0,2026-06-27,2028-04-06,646,27,2.702,7.03,LOW_STOCK,Local Pharmacy Wholesaler,Cold_Chain
2026-06-30,BATCH-005520,HOSP-SP-002,MED-051,14,vial,80.0,2025-11-04,2027-06-01,336,27,2.702,5.18,LOW_STOCK,Private Distributor - Kathmandu,Cold_Chain
2026-06-30,BATCH-005521,HOSP-SP-002,MED-051,36,vial,80.0,2026-03-19,2027-06-07,342,27,2.702,13.32,OK,UNICEF Supply,Cold_Chain
2026-06-30,BATCH-005522,HOSP-SP-002,MED-052,19,kit,25.0,2026-05-18,2028-05-23,693,41,4.119,4.61,LOW_STOCK,Local Pharmacy Wholesaler,Ambient
2026-06-30,BATCH-005523,HOSP-SP-002,MED-052,23,kit,25.0,2025-08-24,2026-10-27,119,41,4.119,5.58,LOW_STOCK,UNICEF Supply,Ambient
2026-06-30,BATCH-005524,HOSP-SP-002,MED-053,41,ampoule,35.0,2025-11-06,2027-08-26,422,38,3.869,10.6,OK,Kanti Central Store,Cold_Chain
2026-06-30,BATCH-005525,HOSP-SP-002,MED-053,66,ampoule,35.0,2025-09-17,2026-09-14,76,38,3.869,17.06,NEAR_EXPIRY,BPKMCH Pharmacy Store,Cold_Chain
2026-06-30,BATCH-005526,HOSP-SP-002,MED-054,19,tablet,20.0,2026-03-05,2027-12-19,537,19,1.929,9.85,LOW_STOCK,BPKMCH Pharmacy Store,Ambient
2026-06-30,BATCH-005527,HOSP-SP-002,MED-054,30,tablet,20.0,2026-06-16,2028-05-22,692,19,1.929,15.56,OK,UNICEF Supply,Ambient
2026-06-30,BATCH-005528,HOSP-SP-002,MED-055,21,ampoule,18.0,2026-04-25,2028-08-22,784,16,1.607,13.07,OK,DoDA Logistics,Ambient
2026-06-30,BATCH-005529,HOSP-SP-002,MED-055,33,ampoule,18.0,2026-01-22,2028-07-08,739,16,1.607,20.53,OK,BPKMCH Pharmacy Store,Ambient
2026-06-30,BATCH-005530,HOSP-SP-002,MED-056,14,ampoule,45.0,2026-05-29,2028-07-10,741,12,1.214,11.53,OK,Private Distributor - Kathmandu,Ambient
2026-06-30,BATCH-005531,HOSP-SP-002,MED-056,21,ampoule,45.0,2026-06-24,2029-05-10,1045,12,1.214,17.29,OK,DoDA Logistics,Ambient
2026-06-30,BATCH-005532,HOSP-SP-002,MED-057,10,bottle,55.0,2025-09-12,2026-09-01,63,7,0.75,13.33,NEAR_EXPIRY,Kanti Central Store,Ambient
2026-06-30,BATCH-005533,HOSP-SP-002,MED-058,11,bottle,90.0,2025-01-08,2026-11-13,136,6,0.607,18.12,OK,BPKMCH Pharmacy Store,Ambient
2026-06-30,BATCH-005534,HOSP-SP-002,MED-059,3,bottle,70.0,2026-05-22,2027-11-10,498,5,0.571,5.25,LOW_STOCK,Provincial Medical Store,Ambient
2026-06-30,BATCH-005535,HOSP-SP-002,MED-059,6,bottle,70.0,2026-06-08,2028-04-17,657,5,0.571,10.5,OK,UNICEF Supply,Ambient
2026-06-30,BATCH-005536,HOSP-SP-002,MED-060,1,vial,2500.0,2026-06-26,2028-04-01,641,4,0.44,2.27,LOW_STOCK,DoDA Logistics,Cold_Chain
2026-06-30,BATCH-005537,HOSP-SP-002,MED-060,2,vial,2500.0,2026-06-21,2028-01-18,567,4,0.44,4.54,LOW_STOCK,Kanti Central Store,Cold_Chain
2026-06-30,BATCH-005538,HOSP-SP-002,MED-060,2,vial,2500.0,2026-05-28,2027-07-25,390,4,0.44,4.54,LOW_STOCK,Provincial Medical Store,Cold_Chain
2026-06-30,BATCH-005539,HOSP-SP-002,MED-061,10,ampoule,25.0,2026-06-29,2028-03-22,631,11,1.119,8.94,LOW_STOCK,Nepal CMS,Ambient
2026-06-30,BATCH-005540,HOSP-SP-002,MED-061,3,ampoule,25.0,2026-04-11,2027-06-16,351,11,1.119,2.68,LOW_STOCK,DoDA Logistics,Ambient
2026-06-30,BATCH-005541,HOSP-SP-002,MED-061,8,ampoule,25.0,2026-05-02,2027-02-20,235,11,1.119,7.15,LOW_STOCK,BPKMCH Pharmacy Store,Ambient
2026-06-30,BATCH-005542,HOSP-SP-002,MED-062,14,ampoule,12.0,2024-02-02,2026-07-24,24,10,1.036,13.52,NEAR_EXPIRY,Local Pharmacy Wholesaler,Ambient
2026-06-30,BATCH-005543,HOSP-SP-002,MED-062,19,ampoule,12.0,2025-02-12,2027-07-05,370,10,1.036,18.34,OK,DoDA Logistics,Ambient
2026-06-30,BATCH-005544,HOSP-SP-002,MED-063,17,vial,850.0,2025-09-08,2027-01-25,209,6,0.619,27.46,OK,Kanti Central Store,Cold_Chain
2026-06-30,BATCH-005545,HOSP-SP-002,MED-064,17,roll,80.0,2023-09-13,2028-04-11,651,42,4.238,4.01,LOW_STOCK,Nepal CMS,Ambient
2026-06-30,BATCH-005546,HOSP-SP-002,MED-064,17,roll,80.0,2026-05-19,2030-05-01,1401,42,4.238,4.01,LOW_STOCK,Kanti Central Store,Ambient
2026-06-30,BATCH-005547,HOSP-SP-002,MED-064,30,roll,80.0,2023-01-18,2027-10-01,458,42,4.238,7.08,LOW_STOCK,DoDA Logistics,Ambient
2026-06-30,BATCH-005548,HOSP-SP-002,MED-065,6,unit,0.0,2026-06-29,2026-08-03,34,13,1.321,4.54,LOW_AND_NEAR_EXPIRY,Private Distributor - Kathmandu,Cold_Chain
2026-06-30,BATCH-005549,HOSP-SP-002,MED-065,6,unit,0.0,2026-06-26,2026-07-24,24,13,1.321,4.54,LOW_AND_NEAR_EXPIRY,DoDA Logistics,Cold_Chain
2026-06-30,BATCH-005550,HOSP-SP-002,MED-065,9,unit,0.0,2026-06-22,2026-07-08,8,13,1.321,6.81,LOW_AND_NEAR_EXPIRY,Nepal CMS,Cold_Chain
2026-06-30,BATCH-005551,HOSP-SP-002,MED-066,16,unit,0.0,2026-06-11,2026-08-01,32,9,0.94,17.01,NEAR_EXPIRY,BPKMCH Pharmacy Store,Cold_Chain
2026-06-30,BATCH-005552,HOSP-SP-002,MED-066,14,unit,0.0,2026-06-27,2026-07-20,20,9,0.94,14.89,NEAR_EXPIRY,UNICEF Supply,Cold_Chain
2026-06-30,BATCH-005553,HOSP-SP-002,MED-067,17,vial,40.0,2025-11-03,2027-11-02,490,31,3.131,5.43,LOW_STOCK,Nepal CMS,Ambient
2026-06-30,BATCH-005554,HOSP-SP-002,MED-067,12,vial,40.0,2024-11-28,2027-05-26,330,31,3.131,3.83,LOW_STOCK,Nepal CMS,Ambient
2026-06-30,BATCH-005555,HOSP-SP-002,MED-067,29,vial,40.0,2025-02-20,2026-07-26,26,31,3.131,9.26,LOW_AND_NEAR_EXPIRY,UNICEF Supply,Ambient
2026-06-30,BATCH-005556,HOSP-SP-002,MED-068,6,vial,180.0,2026-06-23,2028-05-17,687,8,0.893,6.72,LOW_STOCK,BPKMCH Pharmacy Store,Ambient
2026-06-30,BATCH-005557,HOSP-SP-002,MED-068,14,vial,180.0,2025-02-24,2026-09-30,92,8,0.893,15.68,OK,Private Distributor - Kathmandu,Ambient
2026-06-30,BATCH-005558,HOSP-SP-002,MED-069,27,ampoule,95.0,2025-04-12,2026-09-26,88,12,1.274,21.2,NEAR_EXPIRY,Nepal CMS,Ambient
2026-06-30,BATCH-005559,HOSP-SP-002,MED-070,37,sachet,120.0,2024-10-06,2026-08-20,51,28,2.81,13.17,NEAR_EXPIRY,Kanti Central Store,Ambient
2026-06-30,BATCH-005560,HOSP-SP-002,MED-070,18,sachet,120.0,2025-07-10,2026-10-26,118,28,2.81,6.41,LOW_STOCK,Provincial Medical Store,Ambient
2026-06-30,BATCH-005561,HOSP-SP-002,MED-070,22,sachet,120.0,2026-05-20,2028-02-06,586,28,2.81,7.83,LOW_STOCK,Private Distributor - Kathmandu,Ambient
2026-06-30,BATCH-005562,HOSP-SP-002,MED-071,24,ampoule,150.0,2025-07-31,2027-07-15,380,7,0.75,32.0,OK,Private Distributor - Kathmandu,Ambient
2026-06-30,BATCH-005563,HOSP-SP-002,MED-072,33,vial,650.0,2025-09-08,2026-08-10,41,23,2.333,14.14,NEAR_EXPIRY,Local Pharmacy Wholesaler,Ambient
2026-06-30,BATCH-005564,HOSP-SP-003,MED-001,182,tablet,1.5,2026-05-19,2029-06-06,1072,56,5.619,32.39,OK,UNICEF Supply,Ambient
2026-06-30,BATCH-005565,HOSP-SP-003,MED-002,21,bottle,45.0,2025-07-28,2027-05-12,316,9,0.976,21.51,OK,UNICEF Supply,Ambient
2026-06-30,BATCH-005566,HOSP-SP-003,MED-002,8,bottle,45.0,2026-06-26,2028-02-08,588,9,0.976,8.2,LOW_STOCK,Nepal CMS,Ambient
2026-06-30,BATCH-005567,HOSP-SP-003,MED-002,9,bottle,45.0,2025-08-29,2027-08-02,398,9,0.976,9.22,LOW_STOCK,Local Pharmacy Wholesaler,Ambient
2026-06-30,BATCH-005568,HOSP-SP-003,MED-003,42,tablet,2.5,2025-08-24,2028-02-29,609,18,1.869,22.47,OK,Local Pharmacy Wholesaler,Ambient
2026-06-30,BATCH-005569,HOSP-SP-003,MED-003,31,tablet,2.5,2024-09-14,2026-07-16,16,18,1.869,16.59,NEAR_EXPIRY,Nepal CMS,Ambient
2026-06-30,BATCH-005570,HOSP-SP-003,MED-003,47,tablet,2.5,2026-03-16,2028-11-15,869,18,1.869,25.15,OK,DoDA Logistics,Ambient
2026-06-30,BATCH-005571,HOSP-SP-003,MED-004,19,ampoule,25.0,2025-11-01,2026-10-15,107,6,0.667,28.5,OK,BPKMCH Pharmacy Store,Ambient
2026-06-30,BATCH-005572,HOSP-SP-003,MED-004,16,ampoule,25.0,2025-10-31,2027-09-21,448,6,0.667,24.0,OK,Local Pharmacy Wholesaler,Ambient
2026-06-30,BATCH-005573,HOSP-SP-003,MED-005,99,capsule,6.0,2026-02-01,2027-04-27,301,28,2.869,34.51,OK,Nepal CMS,Ambient
2026-06-30,BATCH-005574,HOSP-SP-003,MED-006,75,tablet,35.0,2026-03-12,2028-02-18,598,10,1.036,72.41,OK,Local Pharmacy Wholesaler,Ambient
2026-06-30,BATCH-005575,HOSP-SP-003,MED-007,62,tablet,40.0,2026-06-15,2028-04-13,653,9,0.952,65.1,OK,Private Distributor - Kathmandu,Ambient
2026-06-30,BATCH-005576,HOSP-SP-003,MED-008,23,tablet,8.0,2025-05-14,2026-12-30,183,13,1.369,16.8,OK,Local Pharmacy Wholesaler,Ambient
2026-06-30,BATCH-005577,HOSP-SP-003,MED-008,44,tablet,8.0,2025-05-24,2026-09-18,80,13,1.369,32.14,NEAR_EXPIRY,Private Distributor - Kathmandu,Ambient
2026-06-30,BATCH-005578,HOSP-SP-003,MED-009,29,vial,85.0,2025-04-10,2026-08-31,62,10,1.048,27.68,NEAR_EXPIRY,Private Distributor - Kathmandu,Ambient
2026-06-30,BATCH-005579,HOSP-SP-003,MED-009,37,vial,85.0,2024-11-28,2026-09-30,92,10,1.048,35.32,OK,DoDA Logistics,Ambient
2026-06-30,BATCH-005580,HOSP-SP-003,MED-010,43,tablet,2.0,2026-05-31,2028-09-29,822,14,1.476,29.13,OK,Kanti Central Store,Ambient
2026-06-30,BATCH-005581,HOSP-SP-003,MED-010,44,tablet,2.0,2026-05-17,2028-12-17,901,14,1.476,29.81,OK,Provincial Medical Store,Ambient
2026-06-30,BATCH-005582,HOSP-SP-003,MED-011,90,sachet,8.0,2025-06-05,2027-09-23,450,33,3.369,26.71,OK,Local Pharmacy Wholesaler,Ambient
2026-06-30,BATCH-005583,HOSP-SP-003,MED-012,24,tablet,1.2,2026-05-24,2029-01-15,930,17,1.75,13.71,OK,BPKMCH Pharmacy Store,Ambient
2026-06-30,BATCH-005584,HOSP-SP-003,MED-012,17,tablet,1.2,2025-07-29,2027-03-27,270,17,1.75,9.71,LOW_STOCK,DoDA Logistics,Ambient
2026-06-30,BATCH-005585,HOSP-SP-003,MED-012,33,tablet,1.2,2026-01-31,2028-02-19,599,17,1.75,18.86,OK,BPKMCH Pharmacy Store,Ambient
2026-06-30,BATCH-005586,HOSP-SP-003,MED-013,14,bag,55.0,2026-05-26,2028-06-14,715,14,1.464,9.56,LOW_STOCK,Private Distributor - Kathmandu,Ambient
2026-06-30,BATCH-005587,HOSP-SP-003,MED-013,7,bag,55.0,2026-06-28,2028-03-20,629,14,1.464,4.78,LOW_STOCK,BPKMCH Pharmacy Store,Ambient
2026-06-30,BATCH-005588,HOSP-SP-003,MED-013,21,bag,55.0,2026-01-20,2027-10-17,474,14,1.464,14.34,OK,Kanti Central Store,Ambient
2026-06-30,BATCH-005589,HOSP-SP-003,MED-014,17,bag,45.0,2026-03-31,2028-03-08,617,18,1.81,9.39,LOW_STOCK,Provincial Medical Store,Ambient
2026-06-30,BATCH-005590,HOSP-SP-003,MED-014,30,bag,45.0,2025-05-26,2026-08-29,60,18,1.81,16.58,NEAR_EXPIRY,DoDA Logistics,Ambient
2026-06-30,BATCH-005591,HOSP-SP-003,MED-015,16,bag,48.0,2026-06-26,2028-02-06,586,12,1.262,12.68,OK,UNICEF Supply,Ambient
2026-06-30,BATCH-005592,HOSP-SP-003,MED-015,31,bag,48.0,2026-01-04,2027-01-28,212,12,1.262,24.57,OK,UNICEF Supply,Ambient
2026-06-30,BATCH-005593,HOSP-SP-003,MED-016,5,tablet,15.0,2026-04-17,2027-07-30,395,3,0.06,84.0,OK,DoDA Logistics,Ambient
2026-06-30,BATCH-005595,HOSP-SP-003,MED-017,1,tablet,1.8,2025-08-30,2027-09-24,451,3,0.036,28.0,LOW_STOCK,Kanti Central Store,Ambient
2026-06-30,BATCH-005596,HOSP-SP-003,MED-017,1,tablet,1.8,2026-02-09,2027-08-27,423,3,0.036,28.0,LOW_STOCK,DoDA Logistics,Ambient
2026-06-30,BATCH-005597,HOSP-SP-003,MED-018,6,unit,180.0,2025-11-12,2026-12-01,154,4,0.452,13.26,OK,Nepal CMS,Ambient
2026-06-30,BATCH-005598,HOSP-SP-003,MED-018,1,unit,180.0,2026-02-08,2027-06-02,337,4,0.452,2.21,LOW_STOCK,Local Pharmacy Wholesaler,Ambient
2026-06-30,BATCH-005599,HOSP-SP-003,MED-018,4,unit,180.0,2026-05-27,2028-03-09,618,4,0.452,8.84,LOW_STOCK,DoDA Logistics,Ambient
2026-06-30,BATCH-005600,HOSP-SP-003,MED-019,9,ampoule,30.0,2026-06-22,2028-05-10,680,7,0.726,12.39,OK,Local Pharmacy Wholesaler,Ambient
2026-06-30,BATCH-005601,HOSP-SP-003,MED-019,11,ampoule,30.0,2026-06-15,2028-02-20,600,7,0.726,15.15,OK,Local Pharmacy Wholesaler,Ambient
2026-06-30,BATCH-005602,HOSP-SP-003,MED-019,14,ampoule,30.0,2026-06-15,2027-11-14,502,7,0.726,19.28,OK,UNICEF Supply,Ambient
2026-06-30,BATCH-005603,HOSP-SP-003,MED-020,17,bottle,55.0,2026-05-17,2027-10-31,488,5,0.548,31.04,OK,Kanti Central Store,Ambient
2026-06-30,BATCH-005604,HOSP-SP-003,MED-020,8,bottle,55.0,2025-05-24,2026-11-10,133,5,0.548,14.61,OK,Provincial Medical Store,Ambient
2026-06-30,BATCH-005605,HOSP-SP-003,MED-020,11,bottle,55.0,2026-06-03,2028-03-19,628,5,0.548,20.09,OK,BPKMCH Pharmacy Store,Ambient
2026-06-30,BATCH-005606,HOSP-SP-003,MED-021,97,tablet,1.0,2025-10-18,2027-11-07,495,22,2.238,43.34,OK,Kanti Central Store,Ambient
2026-06-30,BATCH-005607,HOSP-SP-003,MED-022,74,tablet,2.5,2024-06-18,2027-02-20,235,13,1.345,55.01,OK,BPKMCH Pharmacy Store,Ambient
2026-06-30,BATCH-005608,HOSP-SP-003,MED-023,49,tablet,1.5,2023-12-20,2026-07-27,27,21,2.179,22.49,NEAR_EXPIRY,Private Distributor - Kathmandu,Ambient
2026-06-30,BATCH-005609,HOSP-SP-003,MED-024,3,vial,450.0,2025-08-13,2027-03-14,257,3,0.167,18.0,LOW_STOCK,BPKMCH Pharmacy Store,Cold_Chain
2026-06-30,BATCH-005610,HOSP-SP-003,MED-024,3,vial,450.0,2025-10-15,2027-07-10,375,3,0.167,18.0,LOW_STOCK,BPKMCH Pharmacy Store,Cold_Chain
2026-06-30,BATCH-005611,HOSP-SP-003,MED-024,6,vial,450.0,2026-01-15,2027-07-08,373,3,0.167,36.0,OK,Private Distributor - Kathmandu,Cold_Chain
2026-06-30,BATCH-005612,HOSP-SP-003,MED-025,43,tablet,3.0,2024-05-26,2027-01-02,186,9,0.988,43.52,OK,Nepal CMS,Ambient
2026-06-30,BATCH-005613,HOSP-SP-003,MED-026,61,tablet,0.8,2024-07-01,2026-08-02,33,18,1.833,33.27,NEAR_EXPIRY,BPKMCH Pharmacy Store,Ambient
2026-06-30,BATCH-005614,HOSP-SP-003,MED-026,22,tablet,0.8,2026-06-21,2028-05-19,689,18,1.833,12.0,OK,Provincial Medical Store,Ambient
2026-06-30,BATCH-005615,HOSP-SP-003,MED-026,30,tablet,0.8,2026-05-18,2027-10-27,484,18,1.833,16.36,OK,Local Pharmacy Wholesaler,Ambient
2026-06-30,BATCH-005616,HOSP-SP-003,MED-027,57,capsule,2.0,2024-07-28,2027-06-15,350,15,1.571,36.27,OK,BPKMCH Pharmacy Store,Ambient
2026-06-30,BATCH-005617,HOSP-SP-003,MED-028,8,tablet,6.0,2025-06-28,2027-09-23,450,7,0.762,10.5,OK,DoDA Logistics,Ambient
2026-06-30,BATCH-005618,HOSP-SP-003,MED-028,12,tablet,6.0,2026-06-11,2029-05-16,1051,7,0.762,15.75,OK,Provincial Medical Store,Ambient
2026-06-30,BATCH-005619,HOSP-SP-003,MED-029,61,tablet,1.5,2026-04-01,2027-06-29,364,8,0.869,70.19,OK,Provincial Medical Store,Ambient
2026-06-30,BATCH-005620,HOSP-SP-003,MED-030,10,bottle_100ml,85.0,2026-05-26,2029-03-14,988,4,0.464,21.54,OK,Nepal CMS,Ambient
2026-06-30,BATCH-005621,HOSP-SP-003,MED-030,12,bottle_100ml,85.0,2026-05-31,2029-01-29,944,4,0.464,25.85,OK,Local Pharmacy Wholesaler,Ambient
2026-06-30,BATCH-005622,HOSP-SP-003,MED-031,139,pair,25.0,2025-03-17,2028-11-22,876,29,2.905,47.85,OK,UNICEF Supply,Ambient
2026-06-30,BATCH-005623,HOSP-SP-003,MED-032,55,piece,5.0,2022-12-03,2026-08-06,37,46,4.607,11.94,NEAR_EXPIRY,DoDA Logistics,Ambient
2026-06-30,BATCH-005624,HOSP-SP-003,MED-032,59,piece,5.0,2024-04-08,2027-09-07,434,46,4.607,12.81,OK,BPKMCH Pharmacy Store,Ambient
2026-06-30,BATCH-005625,HOSP-SP-003,MED-032,77,piece,5.0,2026-05-29,2030-05-05,1405,46,4.607,16.71,OK,Nepal CMS,Ambient
2026-06-30,BATCH-005626,HOSP-SP-003,MED-033,115,piece,35.0,2024-03-08,2028-03-20,629,15,1.548,74.31,OK,DoDA Logistics,Ambient
2026-06-30,BATCH-005627,HOSP-SP-003,MED-034,10,vial,25.0,2026-06-29,2027-11-28,516,3,0.214,46.67,OK,Kanti Central Store,Cold_Chain
2026-06-30,BATCH-005628,HOSP-SP-003,MED-035,1,vial,350.0,2025-01-25,2027-01-08,192,3,0.131,7.64,LOW_STOCK,UNICEF Supply,Cold_Chain
2026-06-30,BATCH-005629,HOSP-SP-003,MED-035,2,vial,350.0,2024-09-08,2026-08-05,36,3,0.131,15.27,LOW_AND_NEAR_EXPIRY,Provincial Medical Store,Cold_Chain
2026-06-30,BATCH-005630,HOSP-SP-003,MED-036,41,tablet,0.5,2025-05-22,2026-11-28,151,22,2.214,18.52,OK,Local Pharmacy Wholesaler,Ambient
2026-06-30,BATCH-005631,HOSP-SP-003,MED-036,47,tablet,0.5,2025-08-26,2027-08-06,402,22,2.214,21.23,OK,UNICEF Supply,Ambient
2026-06-30,BATCH-005632,HOSP-SP-003,MED-036,42,tablet,0.5,2026-06-26,2028-06-18,719,22,2.214,18.97,OK,Local Pharmacy Wholesaler,Ambient
2026-06-30,BATCH-005633,HOSP-SP-003,MED-037,8,tablet,8.0,2025-09-13,2027-05-13,317,3,0.393,20.36,OK,Nepal CMS,Ambient
2026-06-30,BATCH-005634,HOSP-SP-003,MED-037,4,tablet,8.0,2024-10-08,2027-07-26,391,3,0.393,10.18,OK,Local Pharmacy Wholesaler,Ambient
2026-06-30,BATCH-005635,HOSP-SP-003,MED-037,5,tablet,8.0,2025-05-06,2027-05-23,327,3,0.393,12.73,OK,Nepal CMS,Ambient
2026-06-30,BATCH-005636,HOSP-SP-003,MED-038,12,ampoule,12.0,2026-06-05,2028-05-30,700,4,0.44,27.24,OK,Provincial Medical Store,Ambient
2026-06-30,BATCH-005637,HOSP-SP-003,MED-038,11,ampoule,12.0,2025-02-12,2026-11-02,125,4,0.44,24.97,OK,DoDA Logistics,Ambient
2026-06-30,BATCH-005638,HOSP-SP-003,MED-039,4,ampoule,10.0,2025-01-30,2026-11-25,148,5,0.536,7.47,LOW_STOCK,Private Distributor - Kathmandu,Ambient
2026-06-30,BATCH-005639,HOSP-SP-003,MED-039,9,ampoule,10.0,2025-06-18,2027-04-20,294,5,0.536,16.8,OK,BPKMCH Pharmacy Store,Ambient
2026-06-30,BATCH-005640,HOSP-SP-003,MED-040,8,ampoule,28.0,2024-06-21,2026-09-18,80,3,0.214,37.33,NEAR_EXPIRY,Nepal CMS,Ambient
2026-06-30,BATCH-005641,HOSP-SP-003,MED-041,1,vial,180.0,2025-11-28,2027-03-03,246,3,0.048,21.0,LOW_STOCK,Local Pharmacy Wholesaler,Ambient
2026-06-30,BATCH-005643,HOSP-SP-003,MED-041,1,vial,180.0,2025-07-01,2026-08-14,45,3,0.048,21.0,LOW_AND_NEAR_EXPIRY,Provincial Medical Store,Ambient
2026-06-30,BATCH-005644,HOSP-SP-003,MED-042,1,vial,1200.0,2026-03-18,2027-09-14,441,3,0.012,84.0,LOW_STOCK,Local Pharmacy Wholesaler,Cold_Chain
2026-06-30,BATCH-005645,HOSP-SP-003,MED-043,1,vial,3500.0,2025-11-11,2026-12-15,168,3,0.024,42.0,LOW_STOCK,UNICEF Supply,Ambient
2026-06-30,BATCH-005646,HOSP-SP-003,MED-043,1,vial,3500.0,2025-06-22,2027-01-13,197,3,0.024,42.0,LOW_STOCK,UNICEF Supply,Ambient
2026-06-30,BATCH-005647,HOSP-SP-003,MED-044,1,vial,450.0,2025-04-02,2026-10-03,95,3,0.024,42.0,LOW_STOCK,Kanti Central Store,Ambient
2026-06-30,BATCH-005648,HOSP-SP-003,MED-044,1,vial,450.0,2026-06-24,2028-02-08,588,3,0.024,42.0,LOW_STOCK,Private Distributor - Kathmandu,Ambient
2026-06-30,BATCH-005654,HOSP-SP-003,MED-047,65,sachet,6.0,2026-01-01,2028-07-31,762,12,1.202,54.06,OK,Nepal CMS,Ambient
2026-06-30,BATCH-005655,HOSP-SP-003,MED-048,8,bottle,65.0,2025-07-10,2027-06-24,359,6,0.631,12.68,OK,DoDA Logistics,Ambient
2026-06-30,BATCH-005656,HOSP-SP-003,MED-048,9,bottle,65.0,2025-01-01,2026-08-02,33,6,0.631,14.26,NEAR_EXPIRY,Local Pharmacy Wholesaler,Ambient
2026-06-30,BATCH-005657,HOSP-SP-003,MED-048,8,bottle,65.0,2025-10-24,2026-12-30,183,6,0.631,12.68,OK,DoDA Logistics,Ambient
2026-06-30,BATCH-005658,HOSP-SP-003,MED-049,33,capsule,2.0,2025-09-12,2026-09-25,87,6,0.643,51.33,NEAR_EXPIRY,DoDA Logistics,Ambient
2026-06-30,BATCH-005659,HOSP-SP-003,MED-050,16,vial,120.0,2026-05-17,2027-07-09,374,3,0.214,74.67,OK,Private Distributor - Kathmandu,Cold_Chain
2026-06-30,BATCH-005660,HOSP-SP-003,MED-051,6,vial,80.0,2025-12-23,2027-10-21,478,3,0.274,21.91,OK,Private Distributor - Kathmandu,Cold_Chain
2026-06-30,BATCH-005661,HOSP-SP-003,MED-051,4,vial,80.0,2026-01-22,2027-03-26,269,3,0.274,14.61,OK,BPKMCH Pharmacy Store,Cold_Chain
2026-06-30,BATCH-005662,HOSP-SP-003,MED-051,3,vial,80.0,2025-04-14,2027-03-04,247,3,0.274,10.96,LOW_STOCK,Private Distributor - Kathmandu,Cold_Chain
2026-06-30,BATCH-005663,HOSP-SP-003,MED-052,39,kit,25.0,2024-10-24,2026-10-09,101,6,0.69,56.48,OK,UNICEF Supply,Ambient
2026-06-30,BATCH-005664,HOSP-SP-003,MED-053,6,ampoule,35.0,2025-08-20,2026-11-25,148,3,0.19,31.5,OK,Nepal CMS,Cold_Chain
2026-06-30,BATCH-005665,HOSP-SP-003,MED-053,8,ampoule,35.0,2026-05-21,2028-02-04,584,3,0.19,42.0,OK,UNICEF Supply,Cold_Chain
2026-06-30,BATCH-005666,HOSP-SP-003,MED-054,5,tablet,20.0,2025-02-27,2026-09-29,91,3,0.226,22.11,OK,BPKMCH Pharmacy Store,Ambient
2026-06-30,BATCH-005667,HOSP-SP-003,MED-054,12,tablet,20.0,2026-06-02,2028-02-17,597,3,0.226,53.05,OK,UNICEF Supply,Ambient
2026-06-30,BATCH-005668,HOSP-SP-003,MED-055,7,ampoule,18.0,2026-05-24,2028-02-13,593,3,0.214,32.67,OK,Nepal CMS,Ambient
2026-06-30,BATCH-005669,HOSP-SP-003,MED-055,4,ampoule,18.0,2024-03-02,2026-10-17,109,3,0.214,18.67,OK,BPKMCH Pharmacy Store,Ambient
2026-06-30,BATCH-005670,HOSP-SP-003,MED-055,4,ampoule,18.0,2026-06-21,2027-11-27,515,3,0.214,18.67,OK,Private Distributor - Kathmandu,Ambient
2026-06-30,BATCH-005671,HOSP-SP-003,MED-056,5,ampoule,45.0,2026-06-04,2029-05-06,1041,3,0.167,30.0,OK,Provincial Medical Store,Ambient
2026-06-30,BATCH-005672,HOSP-SP-003,MED-056,2,ampoule,45.0,2025-08-14,2027-06-19,354,3,0.167,12.0,LOW_STOCK,Nepal CMS,Ambient
2026-06-30,BATCH-005673,HOSP-SP-003,MED-056,4,ampoule,45.0,2026-06-21,2028-04-01,641,3,0.167,24.0,OK,BPKMCH Pharmacy Store,Ambient
2026-06-30,BATCH-005674,HOSP-SP-003,MED-057,10,bottle,55.0,2025-09-14,2027-06-01,336,3,0.167,60.0,OK,Local Pharmacy Wholesaler,Ambient
2026-06-30,BATCH-005675,HOSP-SP-003,MED-058,2,bottle,90.0,2024-11-16,2026-09-04,66,3,0.19,10.5,LOW_AND_NEAR_EXPIRY,Nepal CMS,Ambient
2026-06-30,BATCH-005676,HOSP-SP-003,MED-058,2,bottle,90.0,2025-07-28,2026-08-07,38,3,0.19,10.5,LOW_AND_NEAR_EXPIRY,Provincial Medical Store,Ambient
2026-06-30,BATCH-005677,HOSP-SP-003,MED-058,4,bottle,90.0,2026-05-19,2027-08-21,417,3,0.19,21.0,OK,Nepal CMS,Ambient
2026-06-30,BATCH-005681,HOSP-SP-003,MED-060,1,vial,2500.0,2026-06-04,2027-05-09,313,3,0.036,28.0,LOW_STOCK,Nepal CMS,Cold_Chain
2026-06-30,BATCH-005682,HOSP-SP-003,MED-060,1,vial,2500.0,2026-06-02,2027-08-02,398,3,0.036,28.0,LOW_STOCK,Kanti Central Store,Cold_Chain
2026-06-30,BATCH-005683,HOSP-SP-003,MED-061,2,ampoule,25.0,2026-05-23,2028-01-21,570,3,0.167,12.0,LOW_STOCK,Private Distributor - Kathmandu,Ambient
2026-06-30,BATCH-005684,HOSP-SP-003,MED-061,4,ampoule,25.0,2025-11-07,2027-10-20,477,3,0.167,24.0,OK,BPKMCH Pharmacy Store,Ambient
2026-06-30,BATCH-005685,HOSP-SP-003,MED-062,2,ampoule,12.0,2026-06-01,2028-01-25,574,3,0.167,12.0,LOW_STOCK,Local Pharmacy Wholesaler,Ambient
2026-06-30,BATCH-005686,HOSP-SP-003,MED-062,1,ampoule,12.0,2026-06-12,2029-04-28,1033,3,0.167,6.0,LOW_STOCK,Provincial Medical Store,Ambient
2026-06-30,BATCH-005687,HOSP-SP-003,MED-062,2,ampoule,12.0,2025-02-01,2027-04-01,275,3,0.167,12.0,LOW_STOCK,Provincial Medical Store,Ambient
2026-06-30,BATCH-005688,HOSP-SP-003,MED-063,7,vial,850.0,2026-06-24,2028-03-02,611,3,0.107,65.33,OK,BPKMCH Pharmacy Store,Cold_Chain
2026-06-30,BATCH-005689,HOSP-SP-003,MED-064,5,roll,80.0,2026-06-24,2031-01-30,1675,4,0.488,10.24,OK,BPKMCH Pharmacy Store,Ambient
2026-06-30,BATCH-005690,HOSP-SP-003,MED-064,7,roll,80.0,2024-09-09,2026-10-06,98,4,0.488,14.34,OK,BPKMCH Pharmacy Store,Ambient
2026-06-30,BATCH-005691,HOSP-SP-003,MED-064,7,roll,80.0,2023-01-08,2026-12-18,171,4,0.488,14.34,OK,Private Distributor - Kathmandu,Ambient
2026-06-30,BATCH-005692,HOSP-SP-003,MED-065,3,unit,0.0,2026-06-15,2026-07-25,25,3,0.131,22.91,LOW_AND_NEAR_EXPIRY,Provincial Medical Store,Cold_Chain
2026-06-30,BATCH-005693,HOSP-SP-003,MED-065,2,unit,0.0,2026-06-20,2026-07-15,15,3,0.131,15.27,LOW_AND_NEAR_EXPIRY,Kanti Central Store,Cold_Chain
2026-06-30,BATCH-005694,HOSP-SP-003,MED-065,4,unit,0.0,2026-06-28,2026-07-21,21,3,0.131,30.55,NEAR_EXPIRY,DoDA Logistics,Cold_Chain
2026-06-30,BATCH-005695,HOSP-SP-003,MED-066,2,unit,0.0,2026-06-05,2026-07-31,31,3,0.083,24.0,LOW_AND_NEAR_EXPIRY,Provincial Medical Store,Cold_Chain
2026-06-30,BATCH-005696,HOSP-SP-003,MED-066,3,unit,0.0,2026-06-12,2026-07-06,6,3,0.083,36.0,LOW_AND_NEAR_EXPIRY,Kanti Central Store,Cold_Chain
2026-06-30,BATCH-005697,HOSP-SP-003,MED-067,20,vial,40.0,2023-10-02,2026-07-16,16,4,0.417,48.0,NEAR_EXPIRY,DoDA Logistics,Ambient
2026-06-30,BATCH-005698,HOSP-SP-003,MED-068,1,vial,180.0,2025-05-18,2028-01-19,568,3,0.107,9.33,LOW_STOCK,Nepal CMS,Ambient
2026-06-30,BATCH-005699,HOSP-SP-003,MED-068,2,vial,180.0,2026-02-27,2029-01-18,933,3,0.107,18.67,LOW_STOCK,DoDA Logistics,Ambient
2026-06-30,BATCH-005700,HOSP-SP-003,MED-069,2,ampoule,95.0,2024-02-03,2026-09-27,89,3,0.143,14.0,LOW_AND_NEAR_EXPIRY,Kanti Central Store,Ambient
2026-06-30,BATCH-005701,HOSP-SP-003,MED-069,2,ampoule,95.0,2026-05-18,2027-12-28,546,3,0.143,14.0,LOW_STOCK,UNICEF Supply,Ambient
2026-06-30,BATCH-005702,HOSP-SP-003,MED-069,3,ampoule,95.0,2026-06-14,2029-01-01,916,3,0.143,21.0,LOW_STOCK,Local Pharmacy Wholesaler,Ambient
2026-06-30,BATCH-005703,HOSP-SP-003,MED-070,11,sachet,120.0,2024-11-02,2026-10-01,93,4,0.417,26.4,OK,BPKMCH Pharmacy Store,Ambient
2026-06-30,BATCH-005704,HOSP-SP-003,MED-070,4,sachet,120.0,2026-05-22,2028-02-09,589,4,0.417,9.6,LOW_STOCK,UNICEF Supply,Ambient
2026-06-30,BATCH-005705,HOSP-SP-003,MED-070,9,sachet,120.0,2025-07-18,2027-02-25,240,4,0.417,21.6,OK,Kanti Central Store,Ambient
2026-06-30,BATCH-005706,HOSP-SP-003,MED-071,2,ampoule,150.0,2025-08-02,2027-06-24,359,3,0.107,18.67,LOW_STOCK,Private Distributor - Kathmandu,Ambient
2026-06-30,BATCH-005707,HOSP-SP-003,MED-071,3,ampoule,150.0,2026-06-15,2028-05-15,685,3,0.107,28.0,LOW_STOCK,DoDA Logistics,Ambient
2026-06-30,BATCH-005708,HOSP-SP-003,MED-072,7,vial,650.0,2026-05-19,2027-12-15,533,3,0.167,42.0,OK,Provincial Medical Store,Ambient
2026-06-30,BATCH-005709,HOSP-SP-004,MED-001,274,tablet,1.5,2026-05-27,2028-09-17,810,85,8.595,31.88,OK,Nepal CMS,Ambient
2026-06-30,BATCH-005710,HOSP-SP-004,MED-002,14,bottle,45.0,2025-07-15,2027-03-19,262,12,1.262,11.09,OK,UNICEF Supply,Ambient
2026-06-30,BATCH-005711,HOSP-SP-004,MED-002,17,bottle,45.0,2026-06-03,2028-01-22,571,12,1.262,13.47,OK,Local Pharmacy Wholesaler,Ambient
2026-06-30,BATCH-005712,HOSP-SP-004,MED-003,25,tablet,2.5,2025-08-07,2027-07-28,393,24,2.429,10.29,OK,Local Pharmacy Wholesaler,Ambient
2026-06-30,BATCH-005713,HOSP-SP-004,MED-003,55,tablet,2.5,2025-04-06,2027-05-31,335,24,2.429,22.65,OK,Provincial Medical Store,Ambient
2026-06-30,BATCH-005714,HOSP-SP-004,MED-004,19,ampoule,25.0,2026-06-17,2027-09-28,455,7,0.774,24.55,OK,Local Pharmacy Wholesaler,Ambient
2026-06-30,BATCH-005715,HOSP-SP-004,MED-005,82,capsule,6.0,2025-11-11,2027-01-28,212,42,4.298,19.08,OK,Kanti Central Store,Ambient
2026-06-30,BATCH-005716,HOSP-SP-004,MED-005,43,capsule,6.0,2025-06-21,2026-09-23,85,42,4.298,10.01,NEAR_EXPIRY,Private Distributor - Kathmandu,Ambient
2026-06-30,BATCH-005717,HOSP-SP-004,MED-005,74,capsule,6.0,2025-11-21,2027-02-19,234,42,4.298,17.22,OK,UNICEF Supply,Ambient
2026-06-30,BATCH-005718,HOSP-SP-004,MED-006,52,tablet,35.0,2026-01-11,2027-08-30,426,18,1.833,28.36,OK,BPKMCH Pharmacy Store,Ambient
2026-06-30,BATCH-005719,HOSP-SP-004,MED-007,31,tablet,40.0,2026-03-26,2027-01-25,209,15,1.595,19.43,OK,Local Pharmacy Wholesaler,Ambient
2026-06-30,BATCH-005720,HOSP-SP-004,MED-007,28,tablet,40.0,2026-06-02,2028-02-15,595,15,1.595,17.55,OK,Provincial Medical Store,Ambient
2026-06-30,BATCH-005721,HOSP-SP-004,MED-008,48,tablet,8.0,2026-06-03,2029-06-11,1077,19,1.94,24.74,OK,Local Pharmacy Wholesaler,Ambient
2026-06-30,BATCH-005722,HOSP-SP-004,MED-009,13,vial,85.0,2025-04-17,2027-02-14,229,13,1.393,9.33,LOW_STOCK,UNICEF Supply,Ambient
2026-06-30,BATCH-005723,HOSP-SP-004,MED-009,12,vial,85.0,2026-01-07,2027-04-14,288,13,1.393,8.62,LOW_STOCK,BPKMCH Pharmacy Store,Ambient
2026-06-30,BATCH-005724,HOSP-SP-004,MED-009,13,vial,85.0,2025-06-26,2027-04-28,302,13,1.393,9.33,LOW_STOCK,DoDA Logistics,Ambient
2026-06-30,BATCH-005725,HOSP-SP-004,MED-010,35,tablet,2.0,2026-06-12,2029-05-10,1045,24,2.405,14.55,OK,DoDA Logistics,Ambient
2026-06-30,BATCH-005726,HOSP-SP-004,MED-010,27,tablet,2.0,2026-06-13,2029-06-08,1074,24,2.405,11.23,OK,Provincial Medical Store,Ambient
2026-06-30,BATCH-005727,HOSP-SP-004,MED-010,26,tablet,2.0,2026-06-28,2029-05-10,1045,24,2.405,10.81,OK,BPKMCH Pharmacy Store,Ambient
2026-06-30,BATCH-005728,HOSP-SP-004,MED-011,123,sachet,8.0,2026-05-19,2028-09-21,814,65,6.512,18.89,OK,BPKMCH Pharmacy Store,Ambient
2026-06-30,BATCH-005729,HOSP-SP-004,MED-012,39,tablet,1.2,2024-07-12,2026-09-05,67,37,3.75,10.4,NEAR_EXPIRY,Kanti Central Store,Ambient
2026-06-30,BATCH-005730,HOSP-SP-004,MED-012,15,tablet,1.2,2026-06-20,2028-10-10,833,37,3.75,4.0,LOW_STOCK,Kanti Central Store,Ambient
2026-06-30,BATCH-005731,HOSP-SP-004,MED-012,24,tablet,1.2,2026-02-13,2028-11-05,859,37,3.75,6.4,LOW_STOCK,Private Distributor - Kathmandu,Ambient
2026-06-30,BATCH-005732,HOSP-SP-004,MED-013,97,bag,55.0,2025-03-10,2026-10-22,114,24,2.417,40.14,OK,Nepal CMS,Ambient
2026-06-30,BATCH-005733,HOSP-SP-004,MED-014,54,bag,45.0,2025-11-03,2027-09-24,451,29,2.929,18.44,OK,BPKMCH Pharmacy Store,Ambient
2026-06-30,BATCH-005734,HOSP-SP-004,MED-014,33,bag,45.0,2025-02-12,2026-08-10,41,29,2.929,11.27,NEAR_EXPIRY,UNICEF Supply,Ambient
2026-06-30,BATCH-005735,HOSP-SP-004,MED-014,43,bag,45.0,2025-12-22,2027-06-13,348,29,2.929,14.68,OK,UNICEF Supply,Ambient
2026-06-30,BATCH-005736,HOSP-SP-004,MED-015,33,bag,48.0,2024-11-28,2026-08-15,46,12,1.286,25.67,NEAR_EXPIRY,Private Distributor - Kathmandu,Ambient
2026-06-30,BATCH-005737,HOSP-SP-004,MED-016,6,tablet,15.0,2026-06-04,2027-09-06,433,3,0.31,19.38,OK,Provincial Medical Store,Ambient
2026-06-30,BATCH-005738,HOSP-SP-004,MED-017,4,tablet,1.8,2025-11-10,2028-07-05,736,3,0.238,16.8,OK,Nepal CMS,Ambient
2026-06-30,BATCH-005739,HOSP-SP-004,MED-017,4,tablet,1.8,2026-04-19,2029-01-03,918,3,0.238,16.8,OK,Nepal CMS,Ambient
2026-06-30,BATCH-005740,HOSP-SP-004,MED-018,11,unit,180.0,2026-06-24,2027-12-14,532,6,0.631,17.43,OK,Private Distributor - Kathmandu,Ambient
2026-06-30,BATCH-005741,HOSP-SP-004,MED-018,7,unit,180.0,2026-01-04,2027-08-30,426,6,0.631,11.09,OK,Nepal CMS,Ambient
2026-06-30,BATCH-005742,HOSP-SP-004,MED-018,6,unit,180.0,2026-05-29,2027-07-15,380,6,0.631,9.51,LOW_STOCK,UNICEF Supply,Ambient
2026-06-30,BATCH-005743,HOSP-SP-004,MED-019,6,ampoule,30.0,2025-10-12,2026-08-13,44,8,0.833,7.2,LOW_AND_NEAR_EXPIRY,Nepal CMS,Ambient
2026-06-30,BATCH-005744,HOSP-SP-004,MED-019,3,ampoule,30.0,2026-06-24,2027-11-18,506,8,0.833,3.6,LOW_STOCK,UNICEF Supply,Ambient
2026-06-30,BATCH-005745,HOSP-SP-004,MED-019,7,ampoule,30.0,2025-03-15,2027-02-18,233,8,0.833,8.4,LOW_STOCK,Local Pharmacy Wholesaler,Ambient
2026-06-30,BATCH-005746,HOSP-SP-004,MED-020,29,bottle,55.0,2025-11-22,2027-10-13,470,12,1.214,23.88,OK,DoDA Logistics,Ambient
2026-06-30,BATCH-005747,HOSP-SP-004,MED-020,7,bottle,55.0,2026-06-26,2028-05-20,690,12,1.214,5.76,LOW_STOCK,Nepal CMS,Ambient
2026-06-30,BATCH-005748,HOSP-SP-004,MED-020,19,bottle,55.0,2025-06-28,2027-03-19,262,12,1.214,15.65,OK,Provincial Medical Store,Ambient
2026-06-30,BATCH-005749,HOSP-SP-004,MED-021,122,tablet,1.0,2026-05-25,2028-01-06,555,32,3.274,37.27,OK,Private Distributor - Kathmandu,Ambient
2026-06-30,BATCH-005750,HOSP-SP-004,MED-022,67,tablet,2.5,2025-10-04,2027-05-10,314,28,2.81,23.85,OK,Kanti Central Store,Ambient
2026-06-30,BATCH-005751,HOSP-SP-004,MED-022,67,tablet,2.5,2024-07-23,2027-05-07,311,28,2.81,23.85,OK,UNICEF Supply,Ambient
2026-06-30,BATCH-005752,HOSP-SP-004,MED-023,56,tablet,1.5,2026-03-18,2028-09-07,800,33,3.369,16.62,OK,Nepal CMS,Ambient
2026-06-30,BATCH-005753,HOSP-SP-004,MED-023,54,tablet,1.5,2026-05-19,2028-12-06,890,33,3.369,16.03,OK,BPKMCH Pharmacy Store,Ambient
2026-06-30,BATCH-005754,HOSP-SP-004,MED-023,58,tablet,1.5,2026-06-01,2028-06-21,722,33,3.369,17.22,OK,Local Pharmacy Wholesaler,Ambient
2026-06-30,BATCH-005755,HOSP-SP-004,MED-024,18,vial,450.0,2025-02-28,2026-11-22,145,5,0.512,35.16,OK,DoDA Logistics,Cold_Chain
2026-06-30,BATCH-005756,HOSP-SP-004,MED-025,24,tablet,3.0,2026-06-04,2029-02-10,956,21,2.107,11.39,OK,UNICEF Supply,Ambient
2026-06-30,BATCH-005757,HOSP-SP-004,MED-025,29,tablet,3.0,2024-03-04,2026-08-03,34,21,2.107,13.76,NEAR_EXPIRY,Kanti Central Store,Ambient
2026-06-30,BATCH-005758,HOSP-SP-004,MED-026,18,tablet,0.8,2024-05-11,2026-10-20,112,33,3.345,5.38,LOW_STOCK,BPKMCH Pharmacy Store,Ambient
2026-06-30,BATCH-005759,HOSP-SP-004,MED-026,38,tablet,0.8,2026-06-24,2029-01-03,918,33,3.345,11.36,OK,Private Distributor - Kathmandu,Ambient
2026-06-30,BATCH-005760,HOSP-SP-004,MED-027,40,capsule,2.0,2024-05-24,2027-01-24,208,39,3.988,10.03,OK,BPKMCH Pharmacy Store,Ambient
2026-06-30,BATCH-005761,HOSP-SP-004,MED-027,39,capsule,2.0,2025-12-02,2028-07-31,762,39,3.988,9.78,LOW_STOCK,Private Distributor - Kathmandu,Ambient
2026-06-30,BATCH-005762,HOSP-SP-004,MED-028,71,tablet,6.0,2026-06-01,2028-09-23,816,17,1.798,39.5,OK,DoDA Logistics,Ambient
2026-06-30,BATCH-005763,HOSP-SP-004,MED-029,16,tablet,1.5,2025-05-09,2027-02-28,243,17,1.75,9.14,LOW_STOCK,Private Distributor - Kathmandu,Ambient
2026-06-30,BATCH-005764,HOSP-SP-004,MED-029,14,tablet,1.5,2024-06-24,2027-01-03,187,17,1.75,8.0,LOW_STOCK,UNICEF Supply,Ambient
2026-06-30,BATCH-005765,HOSP-SP-004,MED-029,22,tablet,1.5,2025-12-27,2028-12-09,893,17,1.75,12.57,OK,UNICEF Supply,Ambient
2026-06-30,BATCH-005766,HOSP-SP-004,MED-030,40,bottle_100ml,85.0,2026-05-01,2027-12-08,526,8,0.833,48.0,OK,UNICEF Supply,Ambient
2026-06-30,BATCH-005767,HOSP-SP-004,MED-031,46,pair,25.0,2025-01-10,2027-05-26,330,43,4.31,10.67,OK,Nepal CMS,Ambient
2026-06-30,BATCH-005768,HOSP-SP-004,MED-031,53,pair,25.0,2026-06-08,2031-04-29,1764,43,4.31,12.3,OK,DoDA Logistics,Ambient
2026-06-30,BATCH-005769,HOSP-SP-004,MED-032,62,piece,5.0,2022-03-12,2026-10-19,111,55,5.571,11.13,OK,Private Distributor - Kathmandu,Ambient
2026-06-30,BATCH-005770,HOSP-SP-004,MED-032,56,piece,5.0,2026-06-11,2029-12-15,1264,55,5.571,10.05,OK,Provincial Medical Store,Ambient
2026-06-30,BATCH-005771,HOSP-SP-004,MED-033,34,piece,35.0,2026-05-21,2030-11-02,1586,15,1.595,21.31,OK,Private Distributor - Kathmandu,Ambient
2026-06-30,BATCH-005772,HOSP-SP-004,MED-034,9,vial,25.0,2026-01-09,2027-03-01,244,3,0.19,47.25,OK,Private Distributor - Kathmandu,Cold_Chain
2026-06-30,BATCH-005773,HOSP-SP-004,MED-035,8,vial,350.0,2026-06-18,2027-10-30,487,3,0.298,26.88,OK,Private Distributor - Kathmandu,Cold_Chain
2026-06-30,BATCH-005774,HOSP-SP-004,MED-036,30,tablet,0.5,2026-05-20,2028-06-05,706,34,3.429,8.75,LOW_STOCK,Kanti Central Store,Ambient
2026-06-30,BATCH-005775,HOSP-SP-004,MED-036,20,tablet,0.5,2025-12-04,2027-02-14,229,34,3.429,5.83,LOW_STOCK,Local Pharmacy Wholesaler,Ambient
2026-06-30,BATCH-005776,HOSP-SP-004,MED-036,28,tablet,0.5,2026-05-28,2028-06-04,705,34,3.429,8.17,LOW_STOCK,Kanti Central Store,Ambient
2026-06-30,BATCH-005777,HOSP-SP-004,MED-037,8,tablet,8.0,2026-05-20,2029-05-25,1060,7,0.774,10.34,OK,Kanti Central Store,Ambient
2026-06-30,BATCH-005778,HOSP-SP-004,MED-037,2,tablet,8.0,2026-06-12,2029-03-24,998,7,0.774,2.58,LOW_STOCK,BPKMCH Pharmacy Store,Ambient
2026-06-30,BATCH-005779,HOSP-SP-004,MED-037,5,tablet,8.0,2025-02-21,2026-12-20,173,7,0.774,6.46,LOW_STOCK,Provincial Medical Store,Ambient
2026-06-30,BATCH-005780,HOSP-SP-004,MED-038,14,ampoule,12.0,2025-09-16,2027-03-23,266,8,0.857,16.33,OK,Provincial Medical Store,Ambient
2026-06-30,BATCH-005781,HOSP-SP-004,MED-038,23,ampoule,12.0,2025-09-26,2026-09-18,80,8,0.857,26.83,NEAR_EXPIRY,Private Distributor - Kathmandu,Ambient
2026-06-30,BATCH-005782,HOSP-SP-004,MED-039,4,ampoule,10.0,2024-08-23,2026-07-11,11,6,0.69,5.79,LOW_AND_NEAR_EXPIRY,Kanti Central Store,Ambient
2026-06-30,BATCH-005783,HOSP-SP-004,MED-039,3,ampoule,10.0,2026-06-16,2029-06-03,1069,6,0.69,4.34,LOW_STOCK,Private Distributor - Kathmandu,Ambient
2026-06-30,BATCH-005784,HOSP-SP-004,MED-039,7,ampoule,10.0,2026-06-09,2029-05-10,1045,6,0.69,10.14,OK,Nepal CMS,Ambient
2026-06-30,BATCH-005785,HOSP-SP-004,MED-040,10,ampoule,28.0,2025-09-05,2028-03-07,616,3,0.381,26.25,OK,Provincial Medical Store,Ambient
2026-06-30,BATCH-005786,HOSP-SP-004,MED-041,2,vial,180.0,2025-06-03,2026-12-31,184,3,0.095,21.0,LOW_STOCK,Provincial Medical Store,Ambient
2026-06-30,BATCH-005787,HOSP-SP-004,MED-041,2,vial,180.0,2025-08-16,2027-04-04,278,3,0.095,21.0,LOW_STOCK,BPKMCH Pharmacy Store,Ambient
2026-06-30,BATCH-005788,HOSP-SP-004,MED-042,1,vial,1200.0,2025-11-07,2027-01-06,190,3,0.131,7.64,LOW_STOCK,DoDA Logistics,Cold_Chain
2026-06-30,BATCH-005789,HOSP-SP-004,MED-042,1,vial,1200.0,2026-05-31,2027-11-24,512,3,0.131,7.64,LOW_STOCK,DoDA Logistics,Cold_Chain
2026-06-30,BATCH-005790,HOSP-SP-004,MED-043,1,vial,3500.0,2026-05-18,2028-06-17,718,3,0.024,42.0,LOW_STOCK,DoDA Logistics,Ambient
2026-06-30,BATCH-005791,HOSP-SP-004,MED-044,1,vial,450.0,2026-02-13,2027-03-15,258,3,0.024,42.0,LOW_STOCK,Nepal CMS,Ambient
2026-06-30,BATCH-005793,HOSP-SP-004,MED-045,3,tablet,15.0,2026-05-21,2027-04-13,287,3,0.083,36.0,LOW_STOCK,Kanti Central Store,Ambient
2026-06-30,BATCH-005794,HOSP-SP-004,MED-046,1,prefilled,4500.0,2026-06-13,2027-11-09,497,3,0.048,21.0,LOW_STOCK,Provincial Medical Store,Cold_Chain
2026-06-30,BATCH-005795,HOSP-SP-004,MED-046,1,prefilled,4500.0,2026-06-21,2027-07-10,375,3,0.048,21.0,LOW_STOCK,UNICEF Supply,Cold_Chain
2026-06-30,BATCH-005796,HOSP-SP-004,MED-046,1,prefilled,4500.0,2025-06-01,2026-07-24,24,3,0.048,21.0,LOW_AND_NEAR_EXPIRY,Provincial Medical Store,Cold_Chain
2026-06-30,BATCH-005797,HOSP-SP-004,MED-047,47,sachet,6.0,2025-06-27,2028-01-24,573,22,2.202,21.34,OK,DoDA Logistics,Ambient
2026-06-30,BATCH-005798,HOSP-SP-004,MED-048,16,bottle,65.0,2026-05-31,2028-02-25,605,8,0.869,18.41,OK,Kanti Central Store,Ambient
2026-06-30,BATCH-005799,HOSP-SP-004,MED-048,6,bottle,65.0,2026-06-28,2027-12-19,537,8,0.869,6.9,LOW_STOCK,Private Distributor - Kathmandu,Ambient
2026-06-30,BATCH-005800,HOSP-SP-004,MED-048,10,bottle,65.0,2026-06-08,2028-03-01,610,8,0.869,11.51,OK,UNICEF Supply,Ambient
2026-06-30,BATCH-005801,HOSP-SP-004,MED-049,19,capsule,2.0,2025-12-12,2027-02-01,216,8,0.857,22.17,OK,BPKMCH Pharmacy Store,Ambient
2026-06-30,BATCH-005802,HOSP-SP-004,MED-049,17,capsule,2.0,2026-03-16,2028-01-04,553,8,0.857,19.83,OK,Provincial Medical Store,Ambient
2026-06-30,BATCH-005803,HOSP-SP-004,MED-050,6,vial,120.0,2026-03-18,2027-04-19,293,6,0.631,9.51,LOW_STOCK,Local Pharmacy Wholesaler,Cold_Chain
2026-06-30,BATCH-005804,HOSP-SP-004,MED-050,5,vial,120.0,2025-12-02,2027-01-07,191,6,0.631,7.92,LOW_STOCK,Nepal CMS,Cold_Chain
2026-06-30,BATCH-005805,HOSP-SP-004,MED-050,14,vial,120.0,2026-06-03,2028-06-09,710,6,0.631,22.19,OK,Provincial Medical Store,Cold_Chain
2026-06-30,BATCH-005806,HOSP-SP-004,MED-051,12,vial,80.0,2026-04-30,2027-03-11,254,6,0.643,18.67,OK,Provincial Medical Store,Cold_Chain
2026-06-30,BATCH-005807,HOSP-SP-004,MED-051,19,vial,80.0,2025-11-13,2026-12-27,180,6,0.643,29.56,OK,UNICEF Supply,Cold_Chain
2026-06-30,BATCH-005808,HOSP-SP-004,MED-052,23,kit,25.0,2026-06-08,2027-09-30,457,11,1.131,20.34,OK,BPKMCH Pharmacy Store,Ambient
2026-06-30,BATCH-005809,HOSP-SP-004,MED-052,29,kit,25.0,2026-05-28,2027-04-19,293,11,1.131,25.64,OK,Private Distributor - Kathmandu,Ambient
2026-06-30,BATCH-005810,HOSP-SP-004,MED-053,18,ampoule,35.0,2025-04-30,2026-10-17,109,7,0.738,24.39,OK,Provincial Medical Store,Cold_Chain
2026-06-30,BATCH-005811,HOSP-SP-004,MED-054,3,tablet,20.0,2026-01-28,2027-09-03,430,3,0.274,10.96,LOW_STOCK,Provincial Medical Store,Ambient
2026-06-30,BATCH-005812,HOSP-SP-004,MED-054,2,tablet,20.0,2026-04-25,2027-12-13,531,3,0.274,7.3,LOW_STOCK,BPKMCH Pharmacy Store,Ambient
2026-06-30,BATCH-005813,HOSP-SP-004,MED-054,3,tablet,20.0,2025-10-29,2026-08-25,56,3,0.274,10.96,LOW_AND_NEAR_EXPIRY,Local Pharmacy Wholesaler,Ambient
2026-06-30,BATCH-005814,HOSP-SP-004,MED-055,7,ampoule,18.0,2024-01-08,2026-07-14,14,3,0.333,21.0,NEAR_EXPIRY,Kanti Central Store,Ambient
2026-06-30,BATCH-005815,HOSP-SP-004,MED-056,3,ampoule,45.0,2026-06-12,2029-03-08,982,3,0.179,16.8,LOW_STOCK,BPKMCH Pharmacy Store,Ambient
2026-06-30,BATCH-005816,HOSP-SP-004,MED-057,14,bottle,55.0,2025-02-28,2026-10-01,93,3,0.298,47.04,OK,Private Distributor - Kathmandu,Ambient
2026-06-30,BATCH-005817,HOSP-SP-004,MED-058,1,bottle,90.0,2025-04-19,2026-09-04,66,3,0.131,7.64,LOW_AND_NEAR_EXPIRY,Private Distributor - Kathmandu,Ambient
2026-06-30,BATCH-005818,HOSP-SP-004,MED-058,3,bottle,90.0,2025-12-22,2027-11-25,513,3,0.131,22.91,LOW_STOCK,Private Distributor - Kathmandu,Ambient
2026-06-30,BATCH-005819,HOSP-SP-004,MED-059,4,bottle,70.0,2025-09-07,2027-07-27,392,3,0.155,25.85,OK,Private Distributor - Kathmandu,Ambient
2026-06-30,BATCH-005820,HOSP-SP-004,MED-059,4,bottle,70.0,2025-09-24,2027-02-28,243,3,0.155,25.85,OK,DoDA Logistics,Ambient
2026-06-30,BATCH-005821,HOSP-SP-004,MED-060,1,vial,2500.0,2025-01-16,2026-07-31,31,3,0.155,6.46,LOW_AND_NEAR_EXPIRY,Provincial Medical Store,Cold_Chain
2026-06-30,BATCH-005822,HOSP-SP-004,MED-060,1,vial,2500.0,2025-09-19,2027-07-26,391,3,0.155,6.46,LOW_STOCK,Kanti Central Store,Cold_Chain
2026-06-30,BATCH-005823,HOSP-SP-004,MED-061,13,ampoule,25.0,2026-01-14,2027-07-25,390,3,0.357,36.4,OK,Provincial Medical Store,Ambient
2026-06-30,BATCH-005824,HOSP-SP-004,MED-062,3,ampoule,12.0,2025-08-06,2028-05-20,690,3,0.214,14.0,LOW_STOCK,DoDA Logistics,Ambient
2026-06-30,BATCH-005825,HOSP-SP-004,MED-062,2,ampoule,12.0,2024-10-04,2027-07-23,388,3,0.214,9.33,LOW_STOCK,Private Distributor - Kathmandu,Ambient
2026-06-30,BATCH-005826,HOSP-SP-004,MED-063,2,vial,850.0,2026-06-07,2027-12-11,529,3,0.119,16.8,LOW_STOCK,Provincial Medical Store,Cold_Chain
2026-06-30,BATCH-005827,HOSP-SP-004,MED-063,1,vial,850.0,2026-06-11,2028-01-31,580,3,0.119,8.4,LOW_STOCK,UNICEF Supply,Cold_Chain
2026-06-30,BATCH-005828,HOSP-SP-004,MED-063,2,vial,850.0,2025-03-20,2026-11-15,138,3,0.119,16.8,LOW_STOCK,Local Pharmacy Wholesaler,Cold_Chain
2026-06-30,BATCH-005829,HOSP-SP-004,MED-064,14,roll,80.0,2023-07-21,2027-02-11,226,8,0.881,15.89,OK,Local Pharmacy Wholesaler,Ambient
2026-06-30,BATCH-005830,HOSP-SP-004,MED-064,12,roll,80.0,2022-05-13,2027-02-03,218,8,0.881,13.62,OK,Provincial Medical Store,Ambient
2026-06-30,BATCH-005831,HOSP-SP-004,MED-065,7,unit,0.0,2026-06-26,2026-07-23,23,3,0.226,30.95,NEAR_EXPIRY,Kanti Central Store,Cold_Chain
2026-06-30,BATCH-005832,HOSP-SP-004,MED-066,3,unit,0.0,2026-06-04,2026-07-30,30,3,0.226,13.26,LOW_AND_NEAR_EXPIRY,Kanti Central Store,Cold_Chain
2026-06-30,BATCH-005833,HOSP-SP-004,MED-066,6,unit,0.0,2026-06-16,2026-07-04,4,3,0.226,26.53,NEAR_EXPIRY,UNICEF Supply,Cold_Chain
2026-06-30,BATCH-005834,HOSP-SP-004,MED-067,21,vial,40.0,2026-06-25,2028-03-26,635,8,0.833,25.2,OK,Nepal CMS,Ambient
2026-06-30,BATCH-005835,HOSP-SP-004,MED-067,17,vial,40.0,2025-01-15,2026-09-28,90,8,0.833,20.4,NEAR_EXPIRY,Local Pharmacy Wholesaler,Ambient
2026-06-30,BATCH-005837,HOSP-SP-004,MED-068,1,vial,180.0,2025-06-27,2027-01-01,185,3,0.071,14.0,LOW_STOCK,Nepal CMS,Ambient
2026-06-30,BATCH-005838,HOSP-SP-004,MED-069,3,ampoule,95.0,2026-05-14,2028-01-21,570,3,0.202,14.82,LOW_STOCK,Provincial Medical Store,Ambient
2026-06-30,BATCH-005839,HOSP-SP-004,MED-069,1,ampoule,95.0,2025-01-23,2027-05-29,333,3,0.202,4.94,LOW_STOCK,Local Pharmacy Wholesaler,Ambient
2026-06-30,BATCH-005840,HOSP-SP-004,MED-069,3,ampoule,95.0,2025-01-16,2027-04-15,289,3,0.202,14.82,LOW_STOCK,Local Pharmacy Wholesaler,Ambient
2026-06-30,BATCH-005841,HOSP-SP-004,MED-070,10,sachet,120.0,2025-03-17,2026-10-02,94,7,0.738,13.55,OK,Private Distributor - Kathmandu,Ambient
2026-06-30,BATCH-005842,HOSP-SP-004,MED-070,13,sachet,120.0,2026-05-13,2027-07-26,391,7,0.738,17.61,OK,Provincial Medical Store,Ambient
2026-06-30,BATCH-005843,HOSP-SP-004,MED-071,5,ampoule,150.0,2026-04-26,2027-05-04,308,3,0.167,30.0,OK,DoDA Logistics,Ambient
2026-06-30,BATCH-005844,HOSP-SP-004,MED-072,8,vial,650.0,2025-04-12,2027-02-20,235,4,0.488,16.39,OK,Private Distributor - Kathmandu,Ambient
2026-06-30,BATCH-005845,HOSP-SP-004,MED-072,5,vial,650.0,2026-06-01,2027-09-23,450,4,0.488,10.24,OK,BPKMCH Pharmacy Store,Ambient
2026-06-30,BATCH-005846,HOSP-SP-004,MED-072,6,vial,650.0,2026-03-19,2027-09-05,432,4,0.488,12.29,OK,Local Pharmacy Wholesaler,Ambient
